Dependents,tenure,MultipleLines,OnlineSecurity,TechSupport,StreamingTV,PaperlessBilling,MonthlyCharges,Churn,ChargesPerTenure,TenureGroup,NumAddons,HasStreaming,IsLongTermContract,IsAutoPayment,InternetService_DSL,InternetService_Fiber optic,InternetService_No,Contract_Month-to-month,Contract_One year,Contract_Two year,PaymentMethod_Credit card (automatic),PaymentMethod_Electronic check
0,-1.2802480369298874,0,0,0,0,1,-1.1616939352451685,0,1.0750910021375255,0,1,0,0,0,1,0,0,1,0,0,0,1
0,0.06430268518835193,0,1,0,0,0,-0.2608779199297493,0,-0.4771591330301165,2,2,0,1,0,1,0,0,0,1,0,0,0
0,-1.2395040756535771,0,1,0,0,1,-0.3639232943754246,1,1.4281972664354767,0,2,0,0,0,1,0,0,1,0,0,0,0
0,0.512486259227765,0,1,1,0,0,-0.747850415293989,0,-0.5597542064428215,2,3,0,1,1,1,0,0,0,1,0,0,0
0,-1.2395040756535771,0,0,0,0,1,0.19617817640187488,1,2.0838270794845655,0,0,0,0,0,0,1,0,1,0,0,0,1
0,-0.9950403079957154,1,0,0,1,1,1.1584890119510036,1,0.625358781218096,0,3,1,0,0,0,1,0,1,0,0,0,1
1,-0.42462485012737144,1,0,0,1,1,0.8078023344020117,0,-0.21489512402750272,1,2,1,0,1,0,1,0,1,0,0,1,0
0,-0.9135523854430948,0,1,0,0,0,-1.1650179795821258,0,-0.3513946350751608,0,1,0,0,0,1,0,0,1,0,0,0,0
0,-0.18016108246950976,1,0,1,1,1,1.3296772953043026,1,-0.2452587538765589,2,4,1,0,0,0,1,0,1,0,0,0,1
1,1.2051336009250397,0,1,0,0,0,-0.28747027462540753,0,-0.563057107123534,3,2,0,1,1,1,0,0,0,1,0,0,0
1,-0.791320501614164,0,1,0,0,1,-0.4935610235167579,0,-0.2506208284025995,1,1,0,0,0,1,0,0,1,0,0,0,0
0,-0.6690886177852331,0,0,0,0,0,-1.5240147679735105,0,-0.53697556471812,1,0,0,1,1,0,0,1,0,0,1,1,0
0,1.0421577558197987,1,0,0,1,0,1.181757322309704,0,-0.46855564339753114,3,3,1,1,1,0,1,0,0,1,0,1,0
0,0.6754621043330061,1,0,0,1,1,1.2931128075977727,1,-0.4249977920750283,3,4,1,0,1,0,1,0,1,0,0,0,0
0,-0.3023929662984406,0,1,1,1,1,1.3529456056630036,0,-0.1934426911540983,2,5,1,0,0,0,1,0,1,0,0,0,1
1,1.4903413298592119,1,1,1,1,0,1.6105590417771916,0,-0.4782430483632625,3,6,1,1,1,0,1,0,0,0,1,1,0
0,0.797693988161937,0,0,0,0,0,-1.4675060142452372,0,-0.6216140554550796,3,0,0,1,0,0,0,1,0,1,0,0,0
1,1.5718292524118322,1,1,0,1,0,1.3928341377064908,0,-0.4941080484317458,3,4,1,1,1,0,1,0,0,0,1,0,0
1,-0.9135523854430948,0,0,1,0,0,-0.3190486958265014,1,-0.08132538108919933,0,2,0,0,1,1,0,0,1,0,0,1,0
0,-0.46536881140368175,0,0,0,0,1,0.8393807556031058,0,-0.18930002389105235,1,3,1,0,0,0,1,0,1,0,0,0,1
0,-1.2802480369298874,0,0,0,0,1,-0.8359375902233565,1,1.647064785628422,0,2,1,0,0,1,0,0,1,0,0,0,1
0,-0.8320644628904743,0,0,0,0,0,-1.495760391109374,0,-0.4893066812015872,0,0,0,1,1,0,0,1,0,1,0,0,0
0,-1.2802480369298874,0,0,0,0,0,-1.4841262359300234,1,0.5089536858251071,0,0,0,0,0,0,0,1,1,0,0,0,0
0,1.0421577558197987,1,0,1,0,1,-0.16281861198951006,0,-0.5485844899634488,3,2,0,1,1,1,0,0,0,0,1,1,0
1,0.6754621043330061,0,1,1,0,0,-0.17279074500038175,0,-0.5279530731033897,3,3,0,0,1,1,0,0,1,0,0,1,0
0,-0.09867315991688919,0,1,0,0,1,-0.3157246514895444,0,-0.45886436356098703,2,2,0,0,1,1,0,0,1,0,0,0,0
1,0.5939741817803856,1,0,0,1,1,1.1485168789401314,1,-0.42548902806255023,2,3,1,0,0,0,1,0,1,0,0,0,1
1,-1.2802480369298874,0,0,0,0,0,-1.150059780065818,1,1.0955186372622001,0,1,0,0,0,1,0,0,1,0,0,0,1
0,1.6125732136881425,1,1,1,1,1,0.8460288442770204,0,-0.5227818032800473,3,6,1,1,1,1,0,0,0,0,1,1,0
1,-0.6283446565089229,0,0,0,1,1,-0.0032644838155611237,1,-0.24751731014102762,1,2,1,0,0,1,0,0,1,0,0,0,0
0,1.5718292524118322,1,1,1,0,1,1.0487955488314133,0,-0.5108878915698716,3,4,0,1,1,0,1,0,0,0,1,1,0
0,-1.2395040756535771,0,0,0,1,1,1.0205411719672768,0,3.048789652993017,0,3,1,0,1,0,1,0,1,0,0,1,0
1,-0.22090504374582004,0,1,1,0,0,0.044934159070319335,0,-0.3913213764552071,2,4,0,1,0,1,0,0,0,1,0,0,0
0,-1.2802480369298874,0,0,0,0,0,-1.4824642137615447,0,0.5118719194143465,0,0,0,0,1,0,0,1,1,0,0,0,0
0,-1.2802480369298874,0,0,0,0,0,-0.6497911073537496,0,1.9739069476232203,0,0,0,0,1,1,0,0,1,0,0,0,0
1,1.6125732136881425,1,1,1,1,0,1.1667991227933967,0,-0.5073511434794122,3,4,1,1,1,0,1,0,0,0,1,0,0
0,-1.1172721918246462,0,0,0,0,1,0.1629377330323022,1,0.6889114238281955,0,0,0,0,0,0,1,0,1,0,0,0,1
0,0.5532302205040753,0,0,0,0,1,0.3324639942171226,0,-0.4813209421488736,2,1,0,0,1,0,1,0,1,0,0,1,0
0,0.06430268518835193,1,0,0,1,1,1.3811999825271402,1,-0.3124040023919224,2,4,1,0,0,0,1,0,1,0,0,0,1
0,-0.8728084241667845,1,0,0,1,1,1.0986562138857725,1,0.2847360717185568,0,3,1,0,1,0,1,0,1,0,0,0,0
1,-0.9135523854430948,0,0,0,0,0,-0.5068572008645872,0,-0.1412818166499335,0,1,0,1,0,1,0,0,0,1,0,0,0
1,1.5310852911355222,1,1,0,1,1,0.14631751134751586,0,-0.5533244425395252,3,3,1,1,1,1,0,0,0,0,1,1,0
1,-0.6283446565089229,0,0,0,0,0,-1.4641819699082799,0,-0.5325314573567296,1,0,0,1,0,0,0,1,0,1,0,0,0
0,1.24587756220135,1,1,1,1,1,0.5003282332334644,0,-0.5214563555753458,3,5,1,1,1,1,0,0,0,0,1,1,0
0,-0.791320501614164,1,1,1,1,1,0.3790006149345245,0,-0.03175330920965437,1,4,1,0,0,1,0,0,1,0,0,0,1
0,0.6754621043330061,1,0,0,0,1,0.6548962949019775,0,-0.46982186000574355,3,1,1,0,0,0,1,0,1,0,0,0,1
0,-1.2395040756535771,0,0,0,0,0,-0.5168293338754589,0,1.249212272962135,0,1,0,0,0,1,0,0,1,0,0,0,0
0,-1.2395040756535771,0,0,0,1,1,0.526920587929123,1,2.470979402323642,0,1,1,0,0,0,1,0,1,0,0,0,1
0,0.797693988161937,1,1,1,1,1,0.4970041888965074,0,-0.49144982517278474,3,4,1,1,1,1,0,0,0,0,1,1,0
1,1.4903413298592119,1,1,1,0,1,-0.021546727668825993,0,-0.5601203450670613,3,3,0,1,1,1,0,0,0,0,1,1,0
0,0.4309983366751445,1,0,0,1,1,0.8460288442770204,0,-0.42766664933936893,2,2,1,0,0,0,1,0,1,0,0,0,1
0,-0.7098325790615434,0,1,0,1,1,1.1402067680977384,1,0.05589792109571074,1,4,1,0,1,0,1,0,1,0,0,1,0
0,-0.3023929662984406,1,1,1,1,1,0.15628964435838757,0,-0.3550679360965809,2,3,1,0,1,1,0,0,1,0,0,1,0
0,-0.9950403079957154,1,0,0,0,1,0.526920587929123,1,0.37893016701566884,0,1,0,0,1,0,1,0,1,0,0,1,0
1,1.1236456783724194,0,1,1,0,1,0.33412601638560113,0,-0.5238618052910661,3,5,1,1,1,1,0,0,0,1,0,1,0
0,-0.5876006952326126,1,0,0,1,1,1.0188791497987983,1,-0.08068309044276395,1,2,1,0,0,0,1,0,1,0,0,0,1
1,1.24587756220135,1,1,0,1,1,1.1584890119510036,0,-0.48534321490850985,3,3,1,1,1,0,1,0,0,1,0,1,0
1,1.368109446030281,1,0,1,1,1,1.451004913603243,0,-0.4781497146663785,3,5,1,1,0,0,1,0,0,1,0,0,1
1,0.06430268518835193,1,0,0,0,0,-1.3245721077560746,0,-0.583883104293724,2,0,0,1,1,0,0,1,0,0,1,1,0
0,1.6125732136881425,1,0,1,1,1,1.419426492402149,0,-0.4951984994913474,3,4,1,1,1,0,1,0,0,0,1,1,0
0,0.5939741817803856,1,0,0,1,1,1.1867433888151402,0,-0.42269238753952926,2,3,1,0,0,0,1,0,1,0,0,0,1
0,1.1236456783724194,1,0,0,1,1,0.8343946890976701,0,-0.49506218855791784,3,2,1,0,1,0,1,0,1,0,0,0,0
0,1.6125732136881425,0,1,0,0,0,-0.7544985039679034,0,-0.5997751990728533,3,3,0,1,1,1,0,0,0,0,1,0,0
1,-0.5876006952326126,0,0,1,0,1,-0.3456410505221597,0,-0.3328799090496523,1,2,0,1,1,1,0,0,0,1,0,1,0
0,-0.9542963467194051,1,0,0,1,0,0.9839766842607471,1,0.43483055265842996,0,2,1,0,0,0,1,0,1,0,0,0,1
0,-1.1987601143772668,0,0,1,1,1,0.3490842159019089,0,1.5303354420588513,0,4,1,0,0,1,0,0,1,0,0,0,1
0,0.5939741817803856,1,0,0,0,1,0.4687498120323708,0,-0.4752205921458361,2,1,0,1,0,0,1,0,0,1,0,0,1
0,-0.05792919864057891,0,0,1,1,0,0.4787219450432425,0,-0.3781893253036304,2,5,1,1,0,1,0,0,0,0,1,0,0
1,0.7162060656093164,0,0,0,0,0,-1.4841262359300234,0,-0.6209749158750464,3,0,0,1,1,0,0,1,0,0,1,0,0
0,-0.9135523854430948,0,1,0,0,1,0.5003282332334644,0,0.18025446609170231,0,2,0,0,0,0,1,0,1,0,0,0,0
0,-1.2802480369298874,0,0,1,0,0,-0.5234774225493735,0,2.1956927004054045,0,1,0,0,0,1,0,0,1,0,0,0,0
1,0.797693988161937,0,0,0,0,1,-1.4758161250876303,0,-0.6221646655662568,3,0,0,1,0,0,0,1,0,1,0,0,1
1,1.2866215234776603,1,1,1,1,1,1.5557123102173966,0,-0.4666791469096397,3,5,1,1,1,0,1,0,0,0,1,0,0
1,1.2051336009250397,1,0,0,0,1,-1.3478404181147754,0,-0.6221629175976499,3,0,0,1,1,0,0,1,0,0,1,0,0
1,-1.1987601143772668,0,1,1,0,1,-0.009912572489475751,0,1.2151662144210102,0,3,1,0,1,1,0,0,1,0,0,0,0
0,0.9606698332671781,1,1,0,1,0,1.5191478225108668,0,-0.4408033547709923,3,5,1,1,0,0,1,0,0,1,0,0,1
0,0.5532302205040753,0,0,0,0,0,-0.30409049631019386,0,-0.5288819406458369,2,1,1,1,1,1,0,0,0,1,0,1,0
1,-0.9950403079957154,0,1,0,0,0,-0.3373309396797665,0,0.04171206337024209,0,2,0,0,0,1,0,0,1,0,0,0,0
0,-0.09867315991688919,0,1,0,1,1,0.33080197204864403,0,-0.38562611412782083,2,4,1,0,0,1,0,0,1,0,0,0,1
1,0.512486259227765,1,0,0,0,1,-1.2929936865549807,0,-0.6013707550197989,2,0,0,1,1,0,0,1,0,1,0,1,0
1,-1.2802480369298874,0,0,0,1,1,0.48370801154867815,1,3.964142255484401,0,1,1,0,0,0,1,0,1,0,0,0,1
1,-0.8728084241667845,0,1,0,1,0,-0.47361675749501453,0,-0.17537209085150132,0,3,1,0,0,1,0,0,1,0,0,0,1
0,-1.0357842692720256,0,0,0,0,1,0.3440981493964733,1,0.4294318205183373,0,1,0,0,1,0,1,0,1,0,0,0,0
0,0.3902543753988342,0,0,1,1,1,1.2964368519347298,0,-0.38531524453316823,2,5,1,0,1,0,1,0,1,0,0,0,0
0,0.6754621043330061,0,0,0,0,1,-1.4841262359300234,0,-0.620052525179781,3,0,0,1,1,0,0,1,0,0,1,0,0
0,-0.9542963467194051,1,0,0,1,1,1.1468548567716528,0,0.49202793100751946,0,3,1,0,1,0,1,0,1,0,0,1,0
0,0.10504664646466222,0,1,0,1,1,-0.08802761440797156,0,-0.46557420889251744,2,2,1,1,1,1,0,0,0,1,0,0,0
1,0.6347181430566958,0,0,0,0,0,-1.4675060142452372,0,-0.6179013701339989,2,0,0,1,1,0,0,1,0,0,1,0,0
1,0.5532302205040753,0,0,0,0,1,-1.4907743246039378,0,-0.6175465696976172,2,0,0,1,0,0,0,1,0,0,1,0,0
0,-0.13941712119319946,0,0,0,1,0,-1.0320562061038352,0,-0.5357739391225509,2,1,1,0,0,1,0,0,1,0,0,0,0
1,-0.09867315991688919,0,0,0,0,0,0.5734572086465244,0,-0.3581382364485348,2,2,0,0,1,0,1,0,1,0,0,0,0
0,-1.2802480369298874,0,0,1,0,0,0.32913994988016554,0,3.6927465316851498,0,1,0,0,0,0,1,0,1,0,0,0,1
1,1.368109446030281,1,1,1,1,1,0.6382760732171912,0,-0.5207472139242293,3,5,1,1,0,1,0,0,0,0,1,0,0
0,1.3273654847539706,1,1,0,1,1,1.5374300663641316,0,-0.47068848695042664,3,5,1,0,1,0,1,0,1,0,0,1,0
0,1.6125732136881425,1,0,0,1,1,1.2000395661629695,0,-0.5057521113757195,3,4,1,1,1,0,1,0,0,0,1,0,0
0,-0.8320644628904743,1,1,0,0,1,0.47041183420084937,1,0.04181183203995977,0,1,0,0,0,0,1,0,1,0,0,0,1
1,1.5718292524118322,1,1,1,0,1,0.06820246942901982,0,-0.5587144976157374,3,3,0,1,1,1,0,0,0,1,0,1,0
0,-1.1172721918246462,0,0,0,0,0,-1.4542098368974081,1,-0.257569003615074,0,0,0,0,0,0,0,1,1,0,0,0,0
0,0.797693988161937,0,0,0,0,0,-1.4558718590658866,0,-0.6208432012994315,3,0,0,1,1,0,0,1,0,0,1,0,0
0,-0.3023929662984406,0,0,0,1,1,1.1202625020759949,1,-0.22486982211513656,2,4,1,0,0,0,1,0,1,0,0,0,1
0,-1.2802480369298874,0,0,0,0,0,-1.4824642137615447,0,0.5118719194143465,0,0,0,0,0,0,0,1,1,0,0,0,0
1,-1.2802480369298874,0,0,0,0,0,-1.5073945462887242,0,0.46809841557575743,0,0,0,0,0,0,0,1,1,0,0,0,1
0,0.22727853029359305,1,0,1,1,0,1.0039209502824906,0,-0.3827537419432098,2,3,1,1,1,0,1,0,0,1,0,0,0
0,1.368109446030281,0,0,0,1,0,-0.6398189743428778,0,-0.5877359193010949,3,3,1,1,1,1,0,0,0,1,0,0,0
0,1.4495973685829016,1,0,1,1,1,1.5025276008260804,1,-0.481004192773785,3,5,1,1,1,0,1,0,0,0,1,0,0
0,-1.1172721918246462,0,0,0,0,0,-1.346178395946297,0,-0.19434060918155652,0,0,0,0,0,1,0,0,1,0,0,0,0
1,1.6125732136881425,1,1,0,1,1,1.3080710071140806,0,-0.5005552570387182,3,4,1,1,0,0,1,0,0,1,0,0,1
0,-0.01718523736426863,0,1,0,0,0,-1.1517218022342968,0,-0.5604462776497556,2,1,0,1,0,1,0,0,0,1,0,0,0
0,0.4309983366751445,1,0,0,1,0,0.9823146620922681,0,-0.41678959687038625,2,2,1,1,0,0,1,0,0,1,0,0,0
1,1.6125732136881425,0,0,0,0,0,-1.509056568457203,0,-0.6360732278266787,3,0,0,1,1,0,0,1,0,0,1,1,0
0,0.9199258719908678,1,1,0,1,1,1.0620917261792426,1,-0.46542366509624716,3,3,1,0,0,0,1,0,1,0,0,0,1
0,0.797693988161937,0,1,1,0,0,-0.2276374765601766,0,-0.5394630268674383,3,3,0,1,1,1,0,0,0,1,0,1,0
0,0.4309983366751445,0,0,0,1,1,0.8925654649944222,0,-0.4239525338621553,2,3,1,0,0,0,1,0,1,0,0,0,1
0,0.18653456901728277,1,0,0,0,1,0.3889727479453962,1,-0.43209985108378746,2,0,0,0,0,0,1,0,1,0,0,0,1
1,1.2866215234776603,0,0,1,1,1,-0.33899296184824507,0,-0.5690418020398786,3,4,1,1,0,1,0,0,0,0,1,0,1
1,-1.1987601143772668,0,1,0,1,0,0.8327326669291911,0,1.9549384292931649,0,3,1,0,0,0,1,0,1,0,0,0,1
0,0.1457906077409725,0,1,0,0,0,-1.1218054032016815,0,-0.5691364474535837,2,1,0,1,1,1,0,0,0,0,1,0,0
1,-0.9135523854430948,1,1,0,1,1,1.178433277972747,1,0.3967343396207244,0,3,1,0,0,0,1,0,1,0,0,0,1
0,0.3495104141225239,0,0,0,0,0,-1.4675060142452372,0,-0.6097025233832791,2,0,0,1,0,0,0,1,0,0,1,0,0
1,-0.22090504374582004,1,0,1,0,1,0.6781646052606785,0,-0.31190373377662417,2,2,0,0,1,0,1,0,1,0,0,1,0
1,0.9606698332671781,1,0,0,1,1,1.1634750784564392,0,-0.46271570523054334,3,3,1,1,1,0,1,0,0,1,0,1,0
0,-1.076528230548336,0,0,0,0,0,-1.4658439920767583,0,-0.32190910608258744,0,0,0,0,0,0,0,1,1,0,0,0,0
0,-1.1987601143772668,1,0,0,0,1,0.3191678168692938,1,1.504071339755698,0,0,0,0,0,0,1,0,1,0,0,0,1
1,-1.0357842692720256,0,1,0,0,0,-0.46863069098957844,0,0.07267776423383662,0,1,0,0,0,1,0,0,1,0,0,0,0
1,-1.1580161531009565,0,0,0,0,0,-1.4608579255713225,0,-0.18033308795320802,0,0,0,0,0,0,0,1,1,0,0,0,0
0,0.02355872391204165,0,1,1,1,1,0.802816267896576,0,-0.3617098885643969,2,3,1,1,0,0,1,0,0,0,1,0,1
0,-0.22090504374582004,1,0,0,0,1,0.44049543516823375,1,-0.34171140543813955,2,1,0,0,0,0,1,0,1,0,0,0,1
0,1.6125732136881425,1,0,0,0,1,-1.3711087284734764,0,-0.6294372445963538,3,0,0,1,1,0,0,1,0,0,1,0,0
0,-1.2802480369298874,0,0,0,0,0,-1.4974224132778524,0,0.4856078171111931,0,0,0,0,0,0,0,1,1,0,0,0,0
0,1.5718292524118322,0,1,0,1,1,-0.2774981416145356,0,-0.5755754027980087,3,4,1,1,0,1,0,0,0,1,0,0,1
0,-0.791320501614164,1,0,0,0,1,0.703094937787858,0,0.049540340776296654,1,1,1,0,0,0,1,0,1,0,0,0,1
1,-0.3023929662984406,0,1,0,1,1,-0.20603118836995443,1,-0.4040044685930547,2,5,1,0,1,1,0,0,1,0,0,1,0
0,1.4088534073065913,0,0,1,0,0,-0.47361675749501453,0,-0.5803199165582915,3,1,0,1,1,1,0,0,0,0,1,0,0
0,-1.2802480369298874,0,0,0,0,1,-0.9755474523755615,1,1.4019331641323236,0,1,1,0,0,1,0,0,1,0,0,0,1
0,-1.2395040756535771,0,0,0,0,0,-0.6797075063863649,1,1.0585543451318362,0,0,0,0,0,1,0,0,1,0,0,0,1
0,0.4309983366751445,1,0,0,0,1,-1.2996417752288951,0,-0.5989139022351824,2,0,0,1,1,0,0,1,0,0,1,1,0
0,-0.38388088885106114,0,1,0,0,1,0.3391120828910372,0,-0.30231525198340947,1,1,0,0,1,0,1,0,1,0,0,0,0
1,1.2866215234776603,0,0,0,0,0,-1.4824642137615447,0,-0.6308185623290052,3,0,0,1,0,0,0,1,0,0,1,0,0
1,1.0014137945434884,0,0,0,0,1,-1.5024084797832884,0,-0.6276479828113596,3,0,0,1,0,0,0,1,0,0,1,0,0
0,-1.2802480369298874,0,0,0,0,1,0.18786806555948168,1,3.4446966765998117,0,0,0,0,0,0,1,0,1,0,0,0,0
1,1.6125732136881425,1,1,1,1,1,0.7728998688639604,0,-0.5262996739081713,3,6,1,1,1,1,0,0,0,0,1,1,0
0,-0.9950403079957154,1,1,1,0,0,0.21113637591818266,1,0.25571585991445517,0,3,1,0,0,1,0,0,1,0,0,0,1
0,1.1643896396487294,1,0,0,1,1,1.205025632668405,0,-0.4768444479333967,3,3,1,1,1,0,1,0,0,0,1,0,0
0,1.2866215234776603,1,1,0,0,1,0.6482482062280629,0,-0.5157054712088593,3,2,0,1,1,0,1,0,0,1,0,1,0
0,1.5718292524118322,1,0,0,0,0,-1.3578125511256471,0,-0.6282657314926067,3,0,0,1,1,0,0,1,0,0,1,0,0
1,1.3273654847539706,1,1,1,1,1,1.1385447459292597,0,-0.49191200396307583,3,4,1,1,1,0,1,0,0,0,1,1,0
0,-1.1987601143772668,0,0,0,0,0,-1.5024084797832884,0,-0.09512066714742133,0,0,0,1,0,0,0,1,0,1,0,0,0
0,-1.2802480369298874,0,0,0,0,1,-0.6364949300059205,1,1.997252816337134,0,0,0,0,0,1,0,0,1,0,0,0,1
1,-0.09867315991688919,0,0,0,1,0,-0.009912572489475751,0,-0.424222106759695,2,3,1,1,1,1,0,0,0,1,0,1,0
1,-0.7098325790615434,0,0,1,0,1,0.15628964435838757,0,-0.1600513645079951,1,4,1,0,0,1,0,0,1,0,0,0,0
1,-0.9950403079957154,0,0,1,1,1,0.12471122315729345,0,0.22199404954991245,0,3,1,0,0,1,0,0,1,0,0,0,1
0,-1.0357842692720256,1,0,0,1,0,1.0039209502824906,1,0.7190665042503346,0,2,1,0,0,0,1,0,1,0,0,0,0
1,1.5310852911355222,1,1,0,1,1,1.4410327805923713,0,-0.48928771110241553,3,5,1,1,1,0,1,0,0,1,0,1,0
1,1.2051336009250397,0,1,1,1,0,0.7080810042932936,0,-0.5075643477599048,3,6,1,1,0,1,0,0,0,0,1,0,1
1,-1.076528230548336,0,0,0,0,0,-1.499084435446331,0,-0.3385847265925261,0,0,0,0,0,0,0,1,1,0,0,0,0
1,-0.7505765403378537,0,0,0,0,1,0.5352306987715161,0,-0.03753419098643311,1,1,1,0,1,0,1,0,1,0,0,0,0
0,-0.42462485012737144,1,0,0,1,1,0.6432621397226272,0,-0.2400173088392146,1,1,1,0,1,0,1,0,1,0,0,0,0
1,-0.42462485012737144,0,0,0,0,0,-1.4841262359300234,0,-0.5648293952936724,1,0,0,1,0,0,0,1,0,1,0,0,0
1,-0.6690886177852331,0,1,0,1,0,-0.018222683331868918,0,-0.22592619626508742,1,3,1,1,0,1,0,0,0,0,1,0,0
0,-0.9135523854430948,1,0,0,0,0,-1.2996417752288951,0,-0.39437225702577544,0,0,0,1,1,0,0,1,0,0,1,0,0
1,-0.791320501614164,0,1,0,0,1,-0.2924563411308434,0,-0.20017707636003504,1,2,0,0,0,1,0,0,1,0,0,0,1
0,-0.506112772679992,1,1,0,0,0,0.5850913638258751,1,-0.20907074063200232,1,1,0,0,0,0,1,0,1,0,0,0,1
0,-1.2395040756535771,0,0,0,0,1,0.1629377330323022,0,2.0449172982947093,0,0,0,0,0,0,1,0,1,0,0,0,1
0,0.8384379494382472,1,0,1,0,1,0.30254759518450747,0,-0.5073481823088499,3,4,1,1,1,1,0,0,0,0,1,0,0
1,-0.8728084241667845,0,0,0,0,0,-1.4691680364137156,0,-0.4667090775105549,0,0,0,1,0,0,0,1,0,1,0,0,0
0,1.4903413298592119,0,0,0,0,0,-1.4924363467724167,0,-0.6339099658235401,3,0,0,1,0,0,0,1,0,0,1,0,0
0,-1.1580161531009565,0,0,0,0,1,0.2028262650757895,1,0.9881276411781953,0,0,0,0,1,0,1,0,1,0,0,0,0
0,1.6125732136881425,1,1,1,1,1,0.8061403122335331,0,-0.5247006418044787,3,6,1,1,1,1,0,0,0,0,1,0,0
0,1.0421577558197987,0,0,0,0,1,-0.648129085185271,1,-0.5774700563382916,3,3,1,0,0,1,0,0,1,0,0,0,1
1,-0.6690886177852331,0,0,0,0,0,-1.4758161250876303,0,-0.5270192383548331,1,0,0,0,0,0,0,1,1,0,0,0,1
0,0.4309983366751445,0,1,1,0,1,0.6465861840595843,0,-0.44358428709885583,2,3,0,1,1,0,1,0,0,1,0,0,0
0,-1.2395040756535771,1,0,1,1,1,1.3163811179564737,1,3.3950867055827447,0,4,1,0,0,0,1,0,1,0,0,0,1
0,-0.7505765403378537,0,0,1,1,0,0.5701331643095673,0,-0.029363136936563127,1,5,1,1,0,1,0,0,0,0,1,0,0
0,0.8384379494382472,0,0,0,1,1,0.9989348837770544,1,-0.46206152031287756,3,3,1,1,1,0,1,0,0,1,0,0,0
0,-0.01718523736426863,0,0,0,0,0,-1.4708300585821945,0,-0.5944039048699944,2,0,0,1,1,0,0,1,0,1,0,0,0
0,0.06430268518835193,1,0,0,0,0,-1.3328822185984677,0,-0.584716885319221,2,0,0,0,0,0,0,1,1,0,0,0,1
0,-0.7098325790615434,1,0,0,0,1,0.32082983903777235,1,-0.12393822384115913,1,0,0,0,0,0,1,0,1,0,0,0,0
0,-1.0357842692720256,0,1,0,0,0,0.38731072577691766,1,0.4484003388483925,0,1,0,0,1,0,1,0,1,0,0,0,0
1,-0.7098325790615434,1,0,0,1,1,1.3479595391575674,0,0.10149532092757431,1,4,1,0,1,0,1,0,1,0,0,0,0
0,1.1643896396487294,0,0,0,0,1,-1.4708300585821945,0,-0.628404321439049,3,0,0,1,1,0,0,1,0,1,0,1,0
0,-1.2802480369298874,0,0,0,0,0,-1.1583698909082112,1,1.0809274693160038,0,1,0,0,1,1,0,0,1,0,0,0,0
0,-1.2802480369298874,0,0,0,0,0,-0.648129085185271,0,1.9768251812124595,0,0,0,0,0,1,0,0,1,0,0,0,0
0,-0.9950403079957154,1,0,0,0,0,0.6548962949019775,1,0.4288643862093185,0,1,1,0,1,0,1,0,1,0,0,0,0
1,0.02355872391204165,0,1,0,1,0,0.33080197204864403,0,-0.4104615555846294,2,4,1,1,1,1,0,0,0,1,0,1,0
0,-0.791320501614164,0,0,0,0,1,0.48038396721172105,1,-0.006322987931997926,1,2,0,0,0,0,1,0,1,0,0,0,1
0,-1.2802480369298874,0,0,0,0,1,-1.3295581742615106,1,0.7803494096243593,0,0,0,0,0,1,0,0,1,0,0,0,1
0,-0.506112772679992,0,0,0,0,1,-0.4320662032830487,0,-0.3791620698333769,1,1,0,0,0,1,0,0,1,0,0,0,0
0,-1.1987601143772668,0,0,1,0,0,-1.1434116913919037,0,0.2200485604904196,0,1,0,0,0,1,0,0,1,0,0,0,1
0,-0.791320501614164,0,0,0,0,0,-1.5007464576148097,0,-0.5032564791281705,1,0,0,1,0,0,0,1,0,1,0,0,1
0,0.3087664528462136,1,0,0,0,0,-0.27251207510909975,0,-0.5059510153691057,2,1,0,0,1,1,0,0,1,0,0,1,0
1,0.4309983366751445,1,1,1,0,1,0.23606670844536215,0,-0.47634809148713303,2,3,1,1,1,1,0,0,0,1,0,1,0
0,-1.076528230548336,0,0,0,0,1,0.8709591768041999,1,0.8503870157661017,0,3,1,0,0,0,1,0,1,0,0,0,1
1,1.4903413298592119,0,0,0,0,0,-1.4974224132778524,0,-0.6341601001311891,3,0,0,1,1,0,0,1,0,0,1,0,0
1,1.6125732136881425,1,1,0,1,0,1.4925554678152089,0,-0.49168062886322333,3,5,1,1,1,0,1,0,0,0,1,1,0
1,1.082901717096109,0,0,0,0,0,-1.5123806127941604,0,-0.6295465117901061,3,0,0,1,1,0,0,1,0,0,1,1,0
0,-0.506112772679992,0,1,1,1,1,1.055443637505328,0,-0.1304173972267916,1,4,1,0,0,0,1,0,1,0,0,0,1
1,-0.3431369275747509,1,0,0,0,1,-1.3528264846202114,0,-0.5545673634372518,1,0,0,1,1,0,0,1,0,0,1,0,0
0,1.082901717096109,1,0,1,1,1,1.5474021993750033,0,-0.4504642438637897,3,5,1,0,0,0,1,0,1,0,0,0,1
1,1.6125732136881425,1,0,1,1,1,1.577318598407619,0,-0.4876030969988069,3,5,1,1,1,0,1,0,0,0,1,0,0
1,-1.2802480369298874,0,0,0,0,0,-1.4641819699082799,0,0.5439724888959785,0,0,0,0,0,0,0,1,1,0,0,0,0
0,-0.22090504374582004,0,1,1,1,1,1.233280009532542,0,-0.24228301814763017,2,4,1,1,1,0,1,0,0,1,0,1,0
0,-0.7505765403378537,0,0,1,0,1,0.5069763219073791,0,-0.04414885378870879,1,2,0,0,1,0,1,0,1,0,0,1,0
1,1.5718292524118322,1,1,0,1,0,1.354607627831482,0,-0.49597247544709316,3,4,1,1,0,0,1,0,0,0,1,0,1
1,-0.791320501614164,0,0,0,1,1,0.44880554601062694,0,-0.014243907674218821,1,1,1,0,1,0,1,0,1,0,0,1,0
0,0.4717422979514547,0,0,0,0,0,0.13468335616816515,0,-0.4884985549768749,2,0,0,0,1,0,1,0,1,0,0,1,0
0,0.02355872391204165,0,0,1,0,1,0.503652277570422,0,-0.39260883245045974,2,2,0,1,1,0,1,0,0,1,0,0,0
1,1.6125732136881425,0,1,1,0,1,-0.3107385849841083,0,-0.5784281204885551,3,5,1,1,1,1,0,0,0,0,1,1,0
0,-1.2802480369298874,0,0,0,0,0,0.5019902554019434,1,3.996242824966034,0,1,1,0,0,0,1,0,1,0,0,0,1
0,-0.5468567339563023,0,1,1,1,1,1.3895100933695332,1,-0.04492704941250594,1,5,1,0,0,0,1,0,1,0,0,0,1
0,1.2866215234776603,0,0,1,1,1,1.251562253385807,0,-0.48311104681212536,3,5,1,1,1,0,1,0,0,1,0,1,0
0,-1.2395040756535771,0,0,0,0,1,-0.62486077482657,1,1.1227554840951002,0,0,0,0,1,1,0,0,1,0,0,1,0
0,-1.2802480369298874,0,0,0,0,0,-1.3145999747452028,0,0.8066135119275126,0,0,0,0,0,1,0,0,1,0,0,0,1
1,1.1643896396487294,0,0,0,0,0,-1.4974224132778524,0,-0.6299105065173661,3,0,0,1,0,0,0,1,0,0,1,0,0
1,-0.13941712119319946,0,0,0,0,0,-1.4891123024354593,0,-0.5892748882586042,2,0,0,1,0,0,0,1,0,1,0,0,1
0,-0.38388088885106114,1,0,0,0,0,0.7313493146519946,0,-0.2449233247283705,1,1,1,0,0,0,1,0,1,0,0,0,1
0,1.0014137945434884,0,1,0,1,1,-0.20104512186451856,0,-0.5488556759018993,3,5,1,0,1,1,0,0,1,0,0,0,0
1,1.6125732136881425,0,1,1,0,0,-0.6497911073537496,0,-0.5947382479462211,3,4,0,1,1,1,0,0,0,0,1,1,0
0,1.368109446030281,0,1,1,1,1,-0.27251207510909975,0,-0.5684842887571583,3,5,1,1,1,1,0,0,0,0,1,0,0
1,1.3273654847539706,1,0,1,1,1,0.6449241618911058,0,-0.5181761062662293,3,5,1,1,1,1,0,0,0,0,1,0,0
0,-0.9950403079957154,0,0,0,1,1,0.5053142997389005,0,0.3704997144245331,0,1,1,0,1,0,1,0,1,0,0,0,0
0,-1.1580161531009565,0,0,0,0,1,0.17789593254861,1,0.9706182396427597,0,0,0,0,0,0,1,0,1,0,0,0,1
0,1.5718292524118322,1,0,0,0,0,-1.3312201964299892,0,-0.6269687387862781,3,0,0,1,1,0,0,1,0,0,1,0,0
1,-1.2802480369298874,0,0,0,0,1,-1.4824642137615447,0,0.5118719194143465,0,0,0,1,0,0,0,1,0,1,0,0,1
0,-1.1580161531009565,0,0,1,0,0,-0.49023697917980086,1,0.5013662784930851,0,1,0,0,0,1,0,0,1,0,0,0,0
0,-0.8320644628904743,0,0,0,0,1,-1.5107185906256815,0,-0.4933473123251493,0,0,0,1,1,0,0,1,0,1,0,0,0
0,-0.3431369275747509,0,1,0,1,1,-0.47195473532653576,0,-0.4308342592535068,1,3,1,1,0,1,0,0,0,1,0,0,0
1,-0.05792919864057891,0,1,1,1,1,0.5435408096139093,0,-0.3710761309298597,2,5,1,1,0,1,0,0,0,1,0,0,0
0,-1.2802480369298874,0,0,0,1,0,-0.3190486958265014,1,2.554635431881835,0,1,1,0,0,1,0,0,1,0,0,0,0
0,-0.09867315991688919,1,0,1,0,1,0.8343946890976701,0,-0.3285793542865628,2,2,1,0,1,0,1,0,1,0,0,1,0
1,0.5939741817803856,1,1,1,1,1,0.6814886495976356,0,-0.4596566796698933,2,5,1,1,1,1,0,0,0,0,1,1,0
0,0.8791819107145575,1,1,1,1,1,1.436046714086935,0,-0.43788046690170634,3,5,1,1,1,0,1,0,0,0,1,1,0
0,0.7162060656093164,0,1,1,0,1,0.9540602852281315,0,-0.45309065409410504,3,4,1,0,1,0,1,0,1,0,0,1,0
0,-1.2802480369298874,0,1,0,0,1,0.6582203392389346,1,4.270556782354524,0,2,1,0,0,0,1,0,1,0,0,0,0
0,1.6125732136881425,0,0,0,0,0,-1.4808021915930663,0,-0.6347140505385398,3,0,0,1,1,0,0,1,0,0,1,1,0
0,-0.13941712119319946,1,0,0,0,0,-1.3179240190821602,0,-0.5692363509458279,2,0,0,0,0,0,0,1,1,0,0,0,1
0,-1.2395040756535771,1,0,0,0,1,-0.3456410505221597,1,1.449597646089898,0,1,0,0,0,1,0,0,1,0,0,0,0
0,-0.9135523854430948,0,0,1,0,1,-1.1700040460875616,0,-0.3529863988511095,0,1,0,1,0,1,0,0,0,0,1,0,0
0,-0.5876006952326126,1,0,0,0,1,0.277617262657328,0,-0.21768647789547066,1,0,0,0,0,0,1,0,1,0,0,0,1
0,-0.8728084241667845,0,0,0,1,1,1.0039209502824906,1,0.25701285262078377,0,3,1,0,0,0,1,0,1,0,0,0,1
0,-0.6690886177852331,0,0,0,0,0,-1.4974224132778524,0,-0.5314824191383755,1,0,0,1,0,0,0,1,0,0,1,0,0
0,1.6125732136881425,1,0,1,1,0,0.72470122597808,0,-0.5286182704585259,3,5,1,1,1,1,0,0,0,0,1,0,0
0,1.6125732136881425,1,0,1,1,0,1.4759352461304225,0,-0.4924801449150697,3,5,1,1,1,0,1,0,0,0,1,0,0
1,0.3495104141225239,0,1,1,1,1,0.32913994988016554,0,-0.4594829752895815,2,4,1,1,1,1,0,0,0,1,0,1,0
0,1.3273654847539706,0,1,0,0,0,0.9839766842607471,0,-0.5001361168054774,3,4,1,0,0,0,1,0,1,0,0,0,1
0,-0.791320501614164,0,0,0,0,1,-0.3323448731743307,0,-0.21018244866599828,1,2,0,0,0,1,0,0,1,0,0,0,1
0,-1.1580161531009565,0,1,0,0,0,0.35074623807038746,0,1.092016756955113,0,1,0,0,0,0,1,0,1,0,0,0,1
0,0.3495104141225239,1,0,0,0,0,0.0067076491953105815,0,-0.4864418951139824,2,2,1,1,0,1,0,0,0,1,0,0,0
0,-0.7098325790615434,0,0,0,0,1,0.3191678168692938,1,-0.12430300303981402,1,1,0,0,0,0,1,0,1,0,0,0,1
0,-1.2802480369298874,0,1,0,0,1,-0.5400976442341598,1,2.166510364513012,0,1,0,0,0,1,0,0,1,0,0,0,0
0,0.3902543753988342,1,1,0,0,1,1.1368827237607813,0,-0.39834549683860865,2,4,1,1,0,0,1,0,0,1,0,0,1
0,0.7569500268856267,0,1,0,1,1,0.9540602852281315,0,-0.45720611171995523,3,4,1,1,0,0,1,0,0,1,0,0,1
1,-1.2395040756535771,0,0,0,0,0,0.18620604339100316,1,2.0721541451276093,0,0,0,0,0,0,1,0,1,0,0,0,1
0,-1.2802480369298874,0,0,0,1,0,-0.8176553463700914,1,1.679165355110054,0,2,1,0,0,1,0,0,1,0,0,0,1
1,-0.01718523736426863,1,0,1,1,0,0.6283039402063195,0,-0.3710263883118613,2,5,1,1,1,1,0,0,0,1,0,1,0
0,-0.9135523854430948,0,0,0,0,1,-1.494098368940895,0,-0.45645104428777444,0,0,0,0,0,0,0,1,1,0,0,0,0
1,1.4088534073065913,0,0,1,1,1,-0.17445276716886055,0,-0.5648704446152601,3,5,1,1,0,1,0,0,0,0,1,0,1
1,1.1643896396487294,1,1,1,1,0,1.672053862010901,0,-0.45039207249545365,3,6,1,1,1,0,1,0,0,0,1,1,0
0,0.7162060656093164,1,1,1,1,0,1.6471235294837214,0,-0.4053689518700746,3,6,1,1,1,0,1,0,0,1,0,1,0
0,-1.2395040756535771,0,0,0,0,1,-0.6713973955439717,1,1.0682817904293005,0,0,0,0,1,1,0,0,1,0,0,1,0
0,-0.13941712119319946,0,1,0,0,1,-0.6581012181961428,0,-0.4920004352839619,2,3,1,0,0,1,0,0,1,0,0,0,1
0,-1.1987601143772668,0,0,0,0,1,-0.7860769251689975,1,0.533758671333641,0,2,1,0,0,1,0,0,1,0,0,0,1
0,-0.791320501614164,1,0,0,1,1,1.3994822263804054,1,0.22421746561790437,1,4,1,0,0,0,1,0,1,0,0,0,1
0,1.0014137945434884,1,0,0,0,1,0.8327326669291911,0,-0.48626459684993995,3,2,1,0,0,0,1,0,1,0,0,0,1
0,-0.05792919864057891,0,1,1,0,1,-0.4968850678537152,0,-0.4852520201088461,2,4,1,1,1,1,0,0,0,0,1,0,0
0,0.512486259227765,1,1,1,1,0,1.6122210639456702,0,-0.37958500223761443,2,6,1,1,0,0,1,0,0,1,0,0,0
1,1.1643896396487294,1,1,1,1,0,0.7745618910324389,0,-0.5012258188886538,3,6,1,1,0,1,0,0,0,0,1,0,0
0,0.7162060656093164,1,0,0,0,0,-1.3262341299245533,0,-0.6101030652484688,3,0,0,1,1,0,0,1,0,0,1,0,0
0,-0.5468567339563023,0,1,1,1,1,1.3363253839782172,0,-0.05426539689807161,1,5,1,0,0,0,1,0,1,0,0,0,0
0,1.082901717096109,0,0,0,0,0,-1.5107185906256815,1,-0.6294492373371315,3,0,0,1,0,0,0,1,0,0,1,0,0
0,1.5718292524118322,1,0,0,0,1,-1.3478404181147754,0,-0.6277793592277334,3,0,0,1,1,0,0,1,0,0,1,1,0
0,-0.6690886177852331,0,0,1,1,1,0.9856387064292257,1,-0.01855995062973235,1,3,1,0,0,0,1,0,1,0,0,0,1
0,1.0014137945434884,0,1,1,0,1,-0.1678046784949459,0,-0.5468431010127689,3,3,0,1,0,1,0,0,0,0,1,0,1
0,-1.2802480369298874,0,0,0,0,0,-1.3295581742615106,1,0.7803494096243593,0,0,0,0,1,1,0,0,1,0,0,0,0
0,-0.506112772679992,1,0,1,1,0,1.404468292885841,0,-0.07205272544200624,1,4,1,0,0,0,1,0,1,0,0,0,1
0,-1.2802480369298874,0,0,0,0,0,0.1928541320649173,1,3.453451377367529,0,0,0,0,0,0,1,0,1,0,0,0,0
0,-1.1172721918246462,1,0,1,0,1,0.6848126939345931,1,0.9943532061685724,0,2,0,0,0,0,1,0,1,0,0,0,1
0,0.797693988161937,1,0,0,1,1,1.3379874061466956,1,-0.43572808192165,3,4,1,0,0,0,1,0,1,0,0,0,1
0,-0.46536881140368175,0,1,0,0,1,0.005045627026832042,0,-0.3224775931454262,1,3,1,0,1,1,0,0,1,0,0,0,0
0,-0.7505765403378537,0,0,1,1,1,-0.32569678450041606,0,-0.23908685754989198,1,4,1,0,0,1,0,0,1,0,0,0,1
0,-1.1172721918246462,0,0,0,0,0,-0.47361675749501453,0,0.31635026893531537,0,1,0,0,1,1,0,0,1,0,0,0,0
0,-1.076528230548336,0,1,0,0,0,-0.3207107179949802,0,0.25256602048480004,0,2,0,0,0,1,0,0,1,0,0,0,0
0,-0.9135523854430948,0,0,0,0,0,-0.4520104693047921,0,-0.12377241511449776,0,1,0,0,0,1,0,0,1,0,0,0,1
1,-1.2802480369298874,1,0,0,0,0,-1.3096139082397669,0,0.8153682126952304,0,0,0,0,0,0,0,1,1,0,0,0,0
0,1.4495973685829016,1,1,0,0,0,-0.34397902835368094,0,-0.5749797729953742,3,1,0,0,0,1,0,0,1,0,0,0,0
1,-0.5876006952326126,0,0,0,1,0,1.0089070167879266,1,-0.08252618534123078,1,3,1,0,0,0,1,0,1,0,0,0,0
0,-0.42462485012737144,1,0,0,0,1,0.3723525262606099,0,-0.2813800979736495,1,0,0,1,1,0,1,0,0,1,0,1,0
0,-0.506112772679992,0,0,0,0,1,-0.6797075063863649,0,-0.42057319409972455,1,0,0,0,0,1,0,0,1,0,0,0,1
0,-1.2802480369298874,0,0,0,0,0,0.1729098660431739,1,3.4184325742966584,0,0,0,0,0,0,1,0,1,0,0,0,1
0,-0.9950403079957154,0,0,0,0,1,0.3224918612062509,1,0.29916511557646214,0,1,0,0,0,0,1,0,1,0,0,0,1
0,-0.9135523854430948,0,0,0,0,1,-0.6630872847015785,1,-0.19115708162965914,0,0,0,0,1,1,0,0,1,0,0,1,0
0,-0.3431369275747509,1,0,0,0,1,0.375676570597567,1,-0.31177032881254474,1,0,0,0,0,0,1,0,1,0,0,0,1
0,0.10504664646466222,0,1,0,0,0,-0.11960603560906545,0,-0.4686545665700477,2,3,0,1,0,1,0,0,0,1,0,0,0
1,-0.38388088885106114,0,0,1,0,0,0.7313493146519946,0,-0.2449233247283705,1,3,0,1,0,0,1,0,0,1,0,0,0
0,-1.076528230548336,0,0,0,1,1,0.8161124452444047,0,0.8228722419247029,0,2,1,0,0,0,1,0,1,0,0,0,1
0,-0.8320644628904743,0,0,0,0,0,-1.499084435446331,0,-0.49020459922904547,0,0,0,0,0,0,0,1,1,0,0,0,0
0,-1.2802480369298874,0,0,0,0,0,-1.4808021915930663,0,0.5147901530035858,0,0,0,0,0,0,0,1,1,0,0,0,0
1,1.5718292524118322,0,0,0,0,0,0.37401454842908843,0,-0.5437990814929589,3,1,0,1,0,0,1,0,0,0,1,0,1
0,0.10504664646466222,1,0,0,1,1,1.196715521826012,0,-0.34025228864352,2,3,1,0,0,0,1,0,1,0,0,0,1
1,0.3087664528462136,1,0,0,1,1,0.32415388337472945,0,-0.45484633934291563,2,3,1,0,0,1,0,0,1,0,0,0,1
1,-1.2802480369298874,0,1,0,0,1,0.2925754621736353,1,3.628545392721885,0,1,0,0,0,0,1,0,1,0,0,0,0
0,-0.38388088885106114,0,0,0,1,1,0.003383604858353504,0,-0.35143885073560377,1,2,1,1,1,1,0,0,0,1,0,0,0
0,-1.1580161531009565,1,0,0,1,1,1.0188791497987983,1,1.5612687181047875,0,2,1,0,0,0,1,0,1,0,0,0,1
0,-1.1580161531009565,0,0,1,0,1,0.8510149107824564,0,1.4433720810995212,0,3,1,0,0,0,1,0,1,0,0,0,1
1,1.4495973685829016,0,0,1,1,0,-0.14952243464168102,0,-0.5650831547362148,3,5,1,1,1,1,0,0,0,0,1,1,0
1,0.22727853029359305,1,0,0,0,1,0.5668091199726097,0,-0.42211248214679586,2,1,0,0,0,0,1,0,1,0,0,0,0
1,0.797693988161937,1,0,0,0,0,-1.3295581742615106,0,-0.6124739276095378,3,0,0,1,0,0,0,1,0,0,1,0,0
0,-0.01718523736426863,1,0,0,0,1,0.3357880385540801,1,-0.40215421326374684,2,0,0,0,0,0,1,0,1,0,0,0,1
1,-0.13941712119319946,0,0,1,1,0,0.3573943267443021,0,-0.37313105374894906,2,4,1,1,0,1,0,0,0,0,1,0,0
1,0.22727853029359305,1,0,0,1,0,1.2083496770053626,0,-0.36434642238031595,2,3,1,0,0,0,1,0,1,0,0,0,1
1,0.6347181430566958,1,1,0,1,1,0.4637637455269347,0,-0.47949371990150785,2,4,1,1,1,1,0,0,0,1,0,1,0
0,-1.2802480369298874,0,0,0,0,1,-1.5140426349626388,0,0.4564254812188004,0,0,0,0,1,0,0,1,1,0,0,0,0
0,-0.42462485012737144,0,1,1,0,1,0.8061403122335331,0,-0.21514888347004524,1,3,1,0,0,0,1,0,1,0,0,0,1
0,0.4309983366751445,1,1,1,1,0,1.6703918398424222,0,-0.36187374660015637,2,6,1,1,1,0,1,0,0,0,1,1,0
0,-1.1172721918246462,0,0,0,0,1,0.15130357785295148,0,0.6821022121199704,0,0,0,0,0,0,1,0,1,0,0,0,1
0,-1.1172721918246462,0,0,0,1,1,0.525258565760644,1,0.9009697313129155,0,1,1,0,0,0,1,0,1,0,0,0,1
1,0.7569500268856267,1,1,1,1,0,1.504189622994559,0,-0.4200547533338707,3,5,1,1,1,0,1,0,0,1,0,1,0
0,1.5718292524118322,0,0,0,0,1,-1.4924363467724167,0,-0.634831757068395,3,0,0,1,1,0,0,1,0,0,1,1,0
1,0.22727853029359305,0,1,1,1,0,0.5152864327497723,1,-0.4267517252886634,2,5,1,1,1,1,0,0,0,1,0,1,0
0,-0.3431369275747509,0,0,0,1,1,0.9424261300487813,1,-0.2321609164980974,1,3,1,0,0,0,1,0,1,0,0,0,1
0,0.10504664646466222,1,0,1,1,1,0.8875793984889861,0,-0.3704073690656591,2,2,1,0,1,0,1,0,1,0,0,1,0
0,0.8791819107145575,1,1,1,1,0,0.5867533859943537,1,-0.49210655286902516,3,5,1,1,1,1,0,0,0,1,0,0,0
1,1.6125732136881425,0,0,1,1,1,-0.15949456765255274,0,-0.571152524416753,3,5,1,1,0,1,0,0,0,0,1,0,1
0,-1.2802480369298874,0,0,0,0,1,-0.6647493068700573,0,1.9476428453200667,0,0,0,0,0,1,0,0,1,0,0,0,1
1,-0.9542963467194051,0,1,0,0,0,-0.5384356220656811,0,-0.09978984089020417,0,1,0,1,0,1,0,0,0,1,0,0,0
0,1.4903413298592119,0,1,1,1,1,-0.1578325454840742,0,-0.5669573494761363,3,5,1,1,1,1,0,0,0,0,1,0,0
0,0.797693988161937,1,0,1,1,1,1.2598723642282001,0,-0.4409038169667159,3,4,1,0,1,0,1,0,1,0,0,1,0
0,-0.8728084241667845,0,0,1,1,1,0.6017115855106615,0,0.13931076452146662,0,2,1,0,0,0,1,0,1,0,0,0,1
0,-1.2395040756535771,0,0,0,0,1,0.18454402122252414,1,2.070208656068116,0,0,0,0,0,0,1,0,1,0,0,0,1
1,-0.18016108246950976,0,0,0,1,1,-0.960589252859254,0,-0.522591573598746,2,1,1,0,0,1,0,0,1,0,0,0,1
0,-0.6283446565089229,1,0,0,0,1,0.5934014746682683,0,-0.131112214748039,1,1,0,0,1,0,1,0,1,0,0,1,0
1,0.10504664646466222,0,0,0,0,1,-1.494098368940895,0,-0.602731187586763,2,0,0,1,0,0,0,1,0,0,1,0,0
0,-0.9950403079957154,0,0,0,0,1,-1.5157046571311175,0,-0.4180718510232338,0,0,0,1,0,0,0,1,0,1,0,0,0
0,0.5532302205040753,1,0,0,1,1,1.0005969059455335,0,-0.431400520749972,2,3,1,1,1,0,1,0,0,1,0,1,0
0,-1.0357842692720256,1,0,0,0,1,0.3008855730160285,1,0.41046330218828186,0,0,0,0,0,0,1,0,1,0,0,0,1
0,-1.2395040756535771,1,0,0,0,0,0.525258565760644,1,2.469033913264149,0,1,0,0,0,0,1,0,1,0,0,0,0
1,1.4495973685829016,1,0,1,0,1,0.36570443758669524,1,-0.5388613456734853,3,4,1,1,1,1,0,0,0,1,0,0,0
0,0.4309983366751445,1,0,0,1,1,1.323029206630388,1,-0.38959696569792945,2,4,1,1,0,0,1,0,0,0,1,0,1
0,1.4495973685829016,1,1,1,1,1,0.776223913200918,0,-0.517968484904149,3,6,1,1,0,1,0,0,0,0,1,0,1
0,0.1457906077409725,0,0,0,1,1,0.9972728616085759,0,-0.36801494333033674,2,3,1,0,1,0,1,0,1,0,0,1,0
0,1.24587756220135,1,0,0,1,1,1.2831406745869012,1,-0.47850360493373034,3,4,1,0,0,0,1,0,1,0,0,0,1
0,-0.01718523736426863,0,0,1,0,0,-0.3373309396797665,0,-0.473783583181438,2,2,0,0,1,1,0,0,1,0,0,0,0
0,1.5718292524118322,1,1,1,1,0,0.6964468491139434,0,-0.5280730449287251,3,6,1,1,1,1,0,0,0,0,1,1,0
1,1.368109446030281,1,1,0,0,1,0.08814673545076371,0,-0.5495811040149219,3,3,0,0,1,1,0,0,1,0,0,0,0
0,1.24587756220135,0,0,0,0,0,-1.472492080750673,0,-0.6297045827761899,3,0,0,1,0,0,0,1,0,1,0,0,0
1,0.3495104141225239,0,0,0,0,1,-1.4808021915930663,0,-0.6108142314172751,2,0,0,1,1,0,0,1,0,1,0,1,0
0,-1.2802480369298874,1,0,0,0,1,0.24271479711927632,0,3.5409983850447073,0,0,0,0,0,0,1,0,1,0,0,0,1
0,-1.2395040756535771,0,0,0,1,1,0.8510149107824564,1,2.8503497689247475,0,2,1,0,0,0,1,0,1,0,0,0,1
0,1.5310852911355222,0,0,0,0,0,-1.5073945462887242,0,-0.6351171868013018,3,0,0,1,1,0,0,1,0,0,1,0,0
0,-0.38388088885106114,0,0,0,1,1,-0.6597632403646212,0,-0.44847011757780947,1,2,1,0,0,1,0,0,1,0,0,0,1
0,1.2866215234776603,0,1,0,0,0,1.070401837021636,0,-0.4928983533114201,3,4,1,1,1,0,1,0,0,1,0,0,0
1,0.18653456901728277,1,1,1,0,1,-0.06642132621774938,0,-0.47418385126544843,2,3,0,1,1,1,0,0,0,0,1,1,0
1,-0.6283446565089229,0,0,0,0,0,-0.6713973955439717,0,-0.3778650771270483,1,0,0,1,0,1,0,0,0,1,0,0,0
0,-1.0357842692720256,0,0,0,1,1,0.8094643565704907,0,0.6337081717650861,0,2,1,0,0,0,1,0,1,0,0,0,1
1,-1.1580161531009565,1,0,0,0,1,0.6648684279128493,1,1.312635216301602,0,2,0,0,1,0,1,0,1,0,0,0,0
0,-0.46536881140368175,0,1,0,1,1,-0.761146592641818,1,-0.4447781099308174,1,2,1,0,0,1,0,0,1,0,0,0,1
0,-0.9135523854430948,0,0,0,0,1,0.5136244105812937,1,0.18449916949423223,0,1,1,0,1,0,1,0,1,0,0,0,0
0,-0.6690886177852331,1,1,0,0,1,-0.3556131835330314,0,-0.29562048080809583,1,1,0,0,0,1,0,0,1,0,0,0,1
0,1.2866215234776603,1,0,1,1,1,1.3446354948206103,0,-0.4780827058583592,3,4,1,1,0,0,1,0,0,0,1,0,1
0,-0.22090504374582004,0,1,0,0,0,-1.1317775362125533,1,-0.5389006179681645,2,1,0,0,1,1,0,0,1,0,0,1,0
1,0.3902543753988342,1,1,0,1,0,1.0737258813585928,0,-0.4035033050428455,2,3,1,1,0,0,1,0,0,1,0,0,1
1,-1.1172721918246462,0,0,0,0,0,-1.4824642137615447,0,-0.2741056606207632,0,0,0,0,0,0,0,1,1,0,0,0,0
0,0.3495104141225239,0,0,1,1,1,1.1302346350868666,0,-0.3925025662413278,2,4,1,1,1,0,1,0,0,0,1,0,0
0,1.0421577558197987,0,0,0,0,0,-0.48192686833740767,0,-0.5675777390866331,3,1,0,1,1,1,0,0,0,1,0,1,0
0,0.5939741817803856,0,0,0,0,1,-1.4708300585821945,0,-0.6171197004225956,2,0,0,1,0,0,0,1,0,0,1,0,0
0,-0.5876006952326126,0,0,1,0,1,0.3690284819236528,0,-0.20079144132619065,1,1,0,0,1,0,1,0,1,0,0,0,0
0,-1.1172721918246462,0,0,0,1,0,1.0537816153368496,1,1.210302491772278,0,3,1,0,1,0,1,0,1,0,0,0,0
0,-0.38388088885106114,0,1,0,0,1,-0.1611565898210313,0,-0.3755142778468278,1,2,1,0,1,1,0,0,1,0,0,0,0
0,-1.2802480369298874,0,0,0,0,0,-1.5173666792995961,0,0.4505890140403218,0,0,0,0,0,0,0,1,1,0,0,0,0
0,1.5718292524118322,1,0,0,1,1,1.1252485685814309,0,-0.507159037539177,3,3,1,1,1,0,1,0,0,1,0,1,0
1,1.6125732136881425,1,1,1,1,1,1.5889527535869692,0,-0.48704343576251435,3,6,1,1,1,0,1,0,0,0,1,1,0
1,0.02355872391204165,0,0,0,0,0,-1.4691680364137156,0,-0.5963702012991076,2,0,0,1,0,0,0,1,0,1,0,0,0
0,-1.2395040756535771,1,0,0,1,1,0.6931228047769863,1,2.665528308272927,0,1,1,0,0,0,1,0,1,0,0,0,1
1,-0.3431369275747509,0,1,1,0,0,-0.9655753193646899,0,-0.5001714893338319,1,2,0,1,0,1,0,0,0,0,1,0,0
1,0.9606698332671781,1,0,1,0,1,1.1618130562879607,0,-0.4628180993915692,3,4,1,1,1,0,1,0,0,1,0,1,0
0,0.18653456901728277,0,0,0,1,1,1.0404854379890203,0,-0.37189208440053517,2,3,1,0,1,0,1,0,1,0,0,1,0
0,0.4309983366751445,1,0,1,1,0,0.6748405609237209,0,-0.44132928841626196,2,5,1,1,1,1,0,0,0,1,0,1,0
0,-1.2802480369298874,0,0,0,0,0,-1.3112759304082455,0,0.8124499791059913,0,0,0,0,0,1,0,0,1,0,0,0,0
0,-0.3023929662984406,1,0,1,1,1,1.3346633618097385,1,-0.1959119657296084,2,4,1,0,1,0,1,0,1,0,0,0,0
0,1.1643896396487294,1,1,1,1,0,0.8260845782552769,0,-0.4983075852994145,3,6,1,1,0,1,0,0,0,0,1,0,1
0,-0.6283446565089229,1,0,1,0,0,0.729687292483516,0,-0.10452386426830344,1,2,0,1,0,0,1,0,0,1,0,0,1
0,0.3495104141225239,0,0,1,0,1,0.7114050486302511,0,-0.427521369312199,2,3,0,1,1,0,1,0,0,1,0,0,0
0,-1.2802480369298874,0,0,0,0,0,-0.4702927131580572,1,2.289076175261061,0,1,0,0,0,1,0,0,1,0,0,0,0
1,1.6125732136881425,0,1,1,1,1,5.9560521395953924e-05,0,-0.5634771703190278,3,6,1,1,1,1,0,0,0,0,1,0,0
0,-1.2802480369298874,1,0,0,0,1,0.8659731102987638,1,4.635335981009433,0,2,1,0,1,0,1,0,1,0,0,1,0
0,0.6347181430566958,1,0,0,1,1,1.4393707584238922,0,-0.4095752253348364,2,4,1,1,1,0,1,0,0,0,1,0,0
0,-0.8728084241667845,0,0,0,0,0,-1.4907743246039378,1,-0.47303191695390673,0,0,0,0,0,0,0,1,1,0,0,0,0
0,0.9199258719908678,1,0,0,0,1,0.6864747161030716,1,-0.48897797906653556,3,2,0,0,0,0,1,0,1,0,0,0,1
0,0.3902543753988342,0,1,1,0,1,-0.33400689534280925,0,-0.5184681352793878,2,5,1,1,0,1,0,0,0,1,0,0,1
0,0.4717422979514547,1,0,0,0,1,0.8510149107824564,0,-0.43259816933411366,2,2,1,0,0,0,1,0,1,0,0,0,0
1,-1.2802480369298874,0,0,0,0,0,-0.6913416615657154,0,1.9009511078922385,0,0,0,0,0,1,0,0,1,0,0,0,1
0,-0.22090504374582004,1,0,0,1,1,1.0238652163042339,0,-0.26854712045078366,2,2,1,0,1,0,1,0,1,0,0,0,0
0,-0.22090504374582004,1,0,1,1,1,0.6648684279128493,0,-0.31357129582761806,2,5,1,0,1,1,0,0,1,0,0,0,0
0,-1.2395040756535771,0,0,0,0,1,-0.6813695285548437,0,1.0566088560723432,0,0,0,0,0,1,0,0,1,0,0,0,1
0,-0.5468567339563023,0,0,0,0,0,-1.4924363467724167,0,-0.5509487537865951,1,0,0,0,0,0,0,1,1,0,0,0,0
0,0.3902543753988342,1,0,0,1,1,1.005582972450969,0,-0.40906830863162735,2,2,1,0,0,0,1,0,1,0,0,0,1
0,1.368109446030281,1,1,1,1,1,0.8393807556031058,0,-0.5102067284227979,3,6,1,1,1,1,0,0,0,0,1,1,0
0,0.02355872391204165,1,1,1,1,1,1.4992035564891233,0,-0.2897840136296173,2,5,1,0,1,0,1,0,1,0,0,0,0
0,0.06430268518835193,0,0,0,0,1,0.304209617352986,1,-0.420462023296325,2,1,0,0,1,0,1,0,1,0,0,1,0
0,0.02355872391204165,0,0,1,1,1,-0.33899296184824507,0,-0.4796408577295368,2,4,1,0,0,1,0,0,1,0,0,0,1
1,-0.38388088885106114,0,0,0,0,0,-1.4874502802669807,0,-0.5695768115312391,1,0,0,1,0,0,0,1,0,1,0,0,0
0,-0.01718523736426863,0,0,0,0,0,-1.4974224132778524,0,-0.5972337071383477,2,0,0,1,1,0,0,1,0,1,0,0,0
0,-0.8728084241667845,0,0,0,0,0,-1.4874502802669807,0,-0.47205917242416023,0,0,0,1,1,0,0,1,0,1,0,1,0
1,1.4903413298592119,1,0,0,1,1,1.151840923277089,1,-0.5012554046669778,3,3,1,0,1,0,1,0,1,0,0,1,0
0,1.4495973685829016,0,1,1,0,0,-0.2957803854678007,0,-0.5725267650507962,3,2,0,1,1,1,0,0,0,1,0,0,0
0,-0.506112772679992,0,0,0,0,1,-1.499084435446331,0,-0.5575912092897207,1,0,0,1,0,0,0,1,0,0,1,0,0
0,1.6125732136881425,0,0,0,0,1,-1.495760391109374,0,-0.6354336149852016,3,0,0,1,1,0,0,1,0,0,1,1,0
1,1.1236456783724194,1,1,0,1,1,1.0172171276303197,0,-0.48453741167869424,3,3,1,1,1,0,1,0,0,1,0,0,0
1,-0.01718523736426863,0,0,0,1,1,0.9690184847444393,0,-0.33476954674858556,2,3,1,0,0,0,1,0,1,0,0,0,0
0,-1.2802480369298874,0,0,0,0,1,-1.4924363467724167,1,0.49436251787891083,0,0,0,0,0,0,0,1,1,0,0,0,0
0,-1.2802480369298874,0,0,0,0,1,-1.5024084797832884,1,0.4768531163434754,0,0,0,0,0,0,0,1,1,0,0,0,0
0,-1.1987601143772668,1,0,0,0,1,0.5501888982878235,1,1.7068885742078268,0,1,0,0,0,0,1,0,1,0,0,0,1
0,0.5532302205040753,1,0,0,0,1,-1.3411923294408608,0,-0.6063703559515945,2,0,0,1,1,0,0,1,0,1,0,0,0
0,-0.13941712119319946,1,0,0,0,1,0.3374500607225587,0,-0.37546564062034044,2,0,0,0,0,0,1,0,1,0,0,0,1
0,0.7569500268856267,1,0,1,0,1,0.7496315585052594,0,-0.4710116013921256,3,3,0,0,0,0,1,0,1,0,0,0,1
0,0.6347181430566958,0,0,0,0,1,0.19451615423339633,0,-0.49878979506300836,2,0,0,0,1,0,1,0,1,0,0,0,0
1,-0.6690886177852331,0,0,0,0,0,0.28094130699428504,0,-0.16412830849296176,1,1,0,0,1,0,1,0,1,0,0,0,0
0,1.5310852911355222,1,0,1,0,1,1.1269105907499095,0,-0.5048242223239991,3,4,1,1,1,0,1,0,0,0,1,0,0
1,0.3087664528462136,1,0,0,0,1,-1.3295581742615106,0,-0.5964874330645289,2,0,0,1,0,0,0,1,0,0,1,0,0
1,-0.42462485012737144,0,0,0,0,0,0.6150077628584902,1,-0.24433121936243793,1,2,1,0,0,0,1,0,1,0,0,0,1
0,-1.2802480369298874,0,0,0,0,1,0.3490842159019089,1,3.7277653347560205,0,1,0,0,1,0,1,0,1,0,0,0,0
1,-1.1172721918246462,1,0,0,0,1,-1.346178395946297,0,-0.19434060918155652,0,0,0,0,0,0,0,1,1,0,0,0,0
0,-1.0357842692720256,0,0,0,0,1,0.1679237995377378,0,0.3520986304034965,0,0,0,0,1,0,1,0,1,0,0,0,0
1,-0.13941712119319946,1,0,1,0,0,1.1884054109836186,0,-0.27585660077430674,2,4,1,1,1,0,1,0,0,1,0,1,0
1,0.4717422979514547,1,0,0,0,0,-1.2996417752288951,0,-0.6004290255330298,2,0,0,1,0,0,0,1,0,1,0,0,0
0,-0.9135523854430948,0,1,0,0,0,-0.801035124685305,0,-0.23519587943090625,0,3,0,0,1,1,0,0,1,0,0,0,0
0,0.9199258719908678,1,0,0,0,0,-0.43705226978848455,0,-0.5594324757210265,3,0,0,0,1,1,0,0,1,0,0,0,0
0,0.797693988161937,1,0,0,1,1,1.3396494283151743,0,-0.43561795989941454,3,4,1,1,1,0,1,0,0,1,0,0,0
1,-0.9135523854430948,1,0,0,0,0,0.703094937787858,0,0.24498619298028246,0,1,1,0,0,0,1,0,1,0,0,0,1
0,-0.5876006952326126,1,0,0,0,1,0.35905634891278065,0,-0.20263453622465766,1,0,0,0,1,0,1,0,1,0,0,0,0
0,1.4495973685829016,1,1,1,0,0,-0.2176653435493049,0,-0.568551200450963,3,2,0,1,1,1,0,0,0,1,0,0,0
1,1.1643896396487294,0,0,0,0,1,-1.509056568457203,1,-0.6305694624891298,3,0,0,0,0,0,0,1,1,0,0,0,0
1,1.6125732136881425,0,1,1,1,1,0.013355737869225209,0,-0.5628375574775508,3,6,1,1,1,1,0,0,0,0,1,1,0
0,-1.2395040756535771,0,1,0,0,0,-0.3772194717232536,0,1.4126333539595342,0,2,0,0,0,1,0,0,1,0,0,0,1
0,-0.8320644628904743,0,0,0,0,1,-0.6448050408483137,1,-0.25943966617227865,0,0,0,0,1,1,0,0,1,0,0,0,0
0,0.3495104141225239,0,0,0,0,1,-1.4974224132778524,0,-0.6122038664597699,2,0,0,1,0,0,0,1,0,0,1,0,1
0,-0.26164900502213034,0,0,1,1,1,-0.6763834620494076,0,-0.47492336465063584,2,3,1,0,1,1,0,0,1,0,0,1,0
0,0.1457906077409725,0,0,0,0,0,-1.4608579255713225,0,-0.6013158881133032,2,0,0,1,1,0,0,1,0,1,0,0,0
1,1.6125732136881425,1,1,1,1,1,1.6371513964728497,0,-0.4847248392121599,3,6,1,1,1,0,1,0,0,0,1,1,0
0,0.10504664646466222,1,0,1,0,1,0.8327326669291911,0,-0.3757574639792644,2,2,1,0,1,0,1,0,1,0,0,0,0
0,-1.2802480369298874,0,0,1,0,0,-0.3240347623319375,0,2.5458807311141167,0,2,0,0,0,1,0,0,1,0,0,0,0
1,-0.6690886177852331,1,1,1,1,1,1.60058690876632,0,0.10846904090185941,1,5,1,0,0,0,1,0,1,0,0,0,1
0,0.6754621043330061,1,1,0,1,0,1.2216458543531914,0,-0.43001715384851985,3,3,1,0,1,0,1,0,1,0,0,1,0
0,0.8791819107145575,1,1,1,1,1,1.6570956624945936,0,-0.42376682808829463,3,6,1,1,0,0,1,0,0,1,0,0,0
1,-0.5876006952326126,1,1,0,0,0,5.9560521395953924e-05,0,-0.2689859525694662,1,2,1,0,0,1,0,0,1,0,0,0,1
0,0.1457906077409725,0,0,0,0,0,0.5186104770867298,0,-0.4134447419087643,2,1,1,0,0,0,1,0,1,0,0,0,1
0,1.1236456783724194,1,0,0,1,1,1.3662417830108327,1,-0.4644446558183583,3,4,1,0,0,0,1,0,1,0,0,0,1
0,-1.2802480369298874,0,0,0,0,0,0.1579516665268661,1,3.3921684719935046,0,0,0,0,0,0,1,0,1,0,0,0,0
1,0.797693988161937,1,0,0,0,1,-1.3212480634191175,0,-0.6119233174983606,3,0,0,1,1,0,0,1,0,0,1,0,0
1,-0.9950403079957154,0,0,0,1,1,0.9956108394400973,0,0.5618061386079963,0,3,1,0,0,0,1,0,1,0,0,0,1
1,1.6125732136881425,0,1,1,1,0,1.3529456056630036,0,-0.4983965636987329,3,5,1,1,1,0,1,0,0,0,1,0,0
0,1.2866215234776603,1,0,0,0,0,-1.3328822185984677,0,-0.6227373000818812,3,0,0,1,0,0,0,1,0,1,0,0,0
0,-0.42462485012737144,0,1,1,0,1,0.16459975520078074,0,-0.3131000282914676,1,4,1,0,0,1,0,0,1,0,0,0,0
0,1.1236456783724194,0,0,1,1,1,-0.15284647897863812,0,-0.5518959837057252,3,5,1,0,1,1,0,0,1,0,0,0,0
1,-0.18016108246950976,0,0,0,0,1,0.5402167652769517,1,-0.3408560611102591,2,1,1,0,0,0,1,0,1,0,0,0,1
0,1.1643896396487294,1,0,0,0,0,-1.3428543516093396,0,-0.6211558057496482,3,0,0,1,0,0,0,1,0,0,1,0,0
0,-0.3431369275747509,1,0,0,1,1,1.3080710071140806,0,-0.18080000532748625,1,4,1,0,0,0,1,0,1,0,0,0,1
1,-0.18016108246950976,0,0,1,1,0,0.9341160192063881,0,-0.2931580362378655,2,4,1,1,1,0,1,0,0,1,0,0,0
1,-0.09867315991688919,0,0,1,1,0,0.5319066544345585,0,-0.36284506481827555,2,5,1,1,1,1,0,0,0,0,1,0,0
0,-1.2395040756535771,0,0,0,0,0,-1.4891123024354593,0,0.11110117315882032,0,0,0,0,0,0,0,1,1,0,0,0,0
0,-1.2802480369298874,1,0,0,0,1,0.3424361272279943,0,3.7160924003990634,0,0,0,0,0,0,1,0,1,0,0,0,1
1,-1.076528230548336,0,0,0,0,0,-1.5007464576148097,0,-0.33941850761802306,0,0,0,0,0,0,0,1,1,0,0,0,0
0,-0.3431369275747509,0,0,0,1,1,0.15462762218990903,0,-0.3428203342020505,1,3,1,0,1,1,0,0,1,0,0,0,0
1,-1.1580161531009565,1,0,0,1,0,1.2083496770053626,1,1.6943401697740983,0,3,1,0,0,0,1,0,1,0,0,0,1
0,-1.0357842692720256,1,0,0,1,1,1.1634750784564392,1,0.789104110392077,0,3,1,0,0,0,1,0,1,0,0,0,1
0,1.6125732136881425,1,1,1,1,1,1.703632283211995,0,-0.4815267750047744,3,6,1,1,1,0,1,0,0,0,1,0,0
0,1.5310852911355222,0,0,1,0,1,-0.8226414128755275,0,-0.6012492364135108,3,2,1,1,0,1,0,0,0,0,1,0,0
0,1.2866215234776603,1,0,1,1,0,1.2399280982064562,0,-0.48373958943134615,3,4,1,1,0,0,1,0,0,0,1,0,1
1,1.6125732136881425,1,0,0,1,1,0.8277466004237555,0,-0.5236612709370784,3,2,1,1,0,0,1,0,0,1,0,0,1
1,0.4717422979514547,0,0,0,0,0,-1.4924363467724167,0,-0.6154741409264413,2,0,0,1,0,0,0,1,0,0,1,0,0
1,-0.791320501614164,0,0,0,0,0,-0.29411836329932195,1,-0.20059396687278352,1,1,1,0,0,1,0,0,1,0,0,0,1
0,-0.6283446565089229,0,0,0,0,0,-1.4675060142452372,0,-0.5331799537098938,1,0,0,1,0,0,0,1,0,1,0,0,0
0,-1.2802480369298874,0,0,0,0,1,-0.32569678450041606,1,2.542962497524878,0,1,1,0,0,1,0,0,1,0,0,0,1
0,-0.9542963467194051,0,0,0,1,1,0.17457188821165245,0,0.15059460106652503,0,3,1,0,0,1,0,0,1,0,0,0,0
0,-0.3431369275747509,0,1,1,0,0,-0.3722334052178177,0,-0.41682673802515835,1,2,0,0,0,1,0,0,1,0,0,0,0
1,-1.2802480369298874,0,0,0,0,1,0.32913994988016554,1,3.6927465316851498,0,1,0,0,0,0,1,0,1,0,0,0,1
0,-0.3431369275747509,1,0,0,0,1,0.5136244105812937,1,-0.2923932577799959,1,1,0,0,0,0,1,0,1,0,0,0,1
1,0.10504664646466222,0,0,1,1,1,0.37401454842908843,0,-0.42050371234759987,2,4,1,0,0,1,0,0,1,0,0,0,1
1,-1.0357842692720256,0,1,1,1,1,0.3623803932497382,0,0.4374569628887452,0,5,1,0,0,1,0,0,1,0,0,0,1
0,-1.1172721918246462,0,0,1,1,1,1.0404854379890203,1,1.2025205355343067,0,3,1,0,0,0,1,0,1,0,0,0,1
1,-0.7098325790615434,0,0,0,0,0,0.13966942267360125,1,-0.1636991564945442,1,0,0,0,1,0,1,0,1,0,0,0,0
1,-0.8728084241667845,0,0,0,0,0,-1.5007464576148097,0,-0.47595015054314593,0,0,0,1,0,0,0,1,0,0,1,0,0
0,0.6347181430566958,0,1,0,0,1,-0.648129085185271,1,-0.5591793636240007,2,3,1,0,1,1,0,0,1,0,0,0,0
0,-0.506112772679992,0,0,0,0,1,0.553512942624781,0,-0.2143513537934829,1,1,1,0,0,0,1,0,1,0,0,0,1
0,1.6125732136881425,1,0,1,1,1,1.4526669357717215,0,-0.49359946738765464,3,5,1,1,1,0,1,0,0,1,0,0,0
1,-0.9950403079957154,0,0,0,1,1,0.6233178737008834,1,0.41654295549919707,0,2,1,0,0,0,1,0,1,0,0,0,1
1,1.6125732136881425,1,0,0,0,1,0.6548962949019775,0,-0.5319762378762807,3,1,1,1,1,0,1,0,0,0,1,1,0
0,-0.7098325790615434,1,0,0,1,1,1.17510923363579,0,0.0635582842674639,1,3,1,0,0,0,1,0,1,0,0,0,1
0,1.6125732136881425,1,0,1,1,1,0.7911821127172253,0,-0.5254202062511404,3,5,1,1,1,1,0,0,0,0,1,0,0
1,-1.2802480369298874,1,0,0,0,1,0.3175057947008148,1,3.6723188965604745,0,0,0,0,0,0,1,0,1,0,0,0,1
1,1.24587756220135,1,0,0,1,1,1.3296772953043026,0,-0.47595015054314593,3,4,1,1,1,0,1,0,0,0,1,0,0
0,-1.2395040756535771,0,0,0,1,1,-0.1927350110221254,0,1.6285826395632401,0,2,1,0,0,1,0,0,1,0,0,0,1
0,-1.2395040756535771,0,1,0,0,1,0.3191678168692938,1,2.2277932698870364,0,1,0,0,0,0,1,0,1,0,0,0,1
0,1.1643896396487294,1,0,0,0,0,-0.024870772005783543,0,-0.5465055078055598,3,2,1,1,1,1,0,0,0,1,0,0,0
0,-1.2802480369298874,0,0,0,0,0,-1.4758161250876303,0,0.5235448537713036,0,0,0,0,0,0,0,1,1,0,0,0,0
0,-0.42462485012737144,0,0,0,0,1,-0.6996517724081085,1,-0.44505493841359106,1,3,1,1,1,1,0,0,0,1,0,0,0
0,-0.18016108246950976,0,1,1,0,0,-0.1295781686199374,0,-0.42196282914221944,2,3,0,0,0,1,0,0,1,0,0,0,0
0,1.5310852911355222,0,0,0,0,0,-1.495760391109374,0,-0.6345417604597616,3,0,0,1,1,0,0,1,0,0,1,0,0
0,-1.1172721918246462,0,0,0,0,0,-1.2082305559625701,1,-0.11360281321260346,0,1,0,0,0,1,0,0,1,0,0,0,1
0,-0.8320644628904743,1,1,0,0,1,1.160151034119482,1,0.2281298227375438,0,4,1,0,1,0,1,0,1,0,0,0,0
0,0.06430268518835193,1,1,1,1,0,1.7102803718859096,0,-0.27938627378224373,2,6,1,1,1,0,1,0,0,1,0,1,0
0,1.5718292524118322,1,1,0,0,1,0.5285826100976015,0,-0.5362603113874241,3,1,0,1,1,0,1,0,0,0,1,1,0
1,1.5310852911355222,1,1,0,0,0,0.013355737869225209,0,-0.5599007435856982,3,2,1,1,1,1,0,0,0,1,0,0,0
1,0.797693988161937,0,1,1,0,1,0.6399380953856697,0,-0.4819793312605365,3,3,0,0,1,0,1,0,1,0,0,0,0
1,1.4903413298592119,1,1,1,1,1,0.4870320558856357,0,-0.5346066456868552,3,5,1,1,1,1,0,0,0,0,1,1,0
0,-0.506112772679992,1,0,0,0,1,0.974004551249875,1,-0.1440358206432415,1,3,1,0,0,0,1,0,1,0,0,0,1
1,-0.8728084241667845,1,0,0,0,1,0.4388334129997552,0,0.09164628256389182,0,1,0,0,0,0,1,0,1,0,0,0,0
0,-1.2395040756535771,0,0,1,1,1,0.9773285955868325,1,2.9982069374462035,0,3,1,0,0,0,1,0,1,0,0,0,1
1,-1.076528230548336,1,0,1,0,1,0.5219345214236869,1,0.6752930004117456,0,1,0,0,0,0,1,0,1,0,0,0,1
0,-1.2802480369298874,0,0,0,0,0,-1.494098368940895,0,0.49144428428967174,0,0,0,0,0,0,0,1,1,0,0,0,0
1,-0.506112772679992,0,1,1,0,0,0.9806526399237896,0,-0.1429241126092456,1,4,1,1,1,0,1,0,0,1,0,1,0
0,1.1643896396487294,1,1,0,1,1,1.3845240268640977,0,-0.46667769865475667,3,4,1,0,0,0,1,0,1,0,0,0,1
0,-1.1172721918246462,1,0,0,0,1,0.3175057947008148,1,0.7793766650946127,0,0,0,0,0,0,1,0,1,0,0,0,1
0,0.9606698332671781,1,0,1,1,1,1.351283583494525,0,-0.45114516503461216,3,4,1,0,1,0,1,0,1,0,0,0,0
0,-0.09867315991688919,1,1,1,0,1,1.0039209502824906,0,-0.3093754945380206,2,4,0,0,1,0,1,0,1,0,0,1,0
0,0.3087664528462136,1,0,1,1,0,1.3296772953043026,1,-0.36872286024585427,2,4,1,0,1,0,1,0,1,0,0,0,0
0,-0.18016108246950976,0,1,1,0,0,-0.34896509485911703,0,-0.4485288176787425,2,2,0,1,0,1,0,0,0,1,0,0,0
0,-1.1172721918246462,0,0,0,0,0,0.17457188821165245,0,0.6957206355364203,0,0,0,0,0,0,1,0,1,0,0,0,1
0,-0.22090504374582004,0,1,0,0,1,0.34576017156495187,1,-0.35359278505147085,2,1,0,0,1,0,1,0,1,0,0,0,0
0,-0.8320644628904743,0,0,0,0,0,-1.4874502802669807,0,-0.48706188613294166,0,0,0,0,1,0,0,1,1,0,0,1,0
1,1.4088534073065913,1,0,0,1,1,1.3496215613260465,0,-0.4861639681054834,3,4,1,1,0,0,1,0,0,1,0,0,1
0,-0.13941712119319946,1,0,0,0,1,-0.4387142919569631,0,-0.46631997969865635,2,0,0,0,0,1,0,0,1,0,0,0,1
1,0.9199258719908678,1,0,0,0,0,0.6881367382715502,0,-0.4888737564383484,3,1,1,0,1,0,1,0,1,0,0,0,0
0,-0.38388088885106114,1,0,0,0,0,0.35905634891278065,1,-0.2993970183941702,1,0,0,0,1,0,1,0,1,0,0,0,0
0,0.06430268518835193,1,0,0,1,1,1.1717851892988325,1,-0.3334152842344451,2,3,1,0,0,0,1,0,1,0,0,0,1
0,0.797693988161937,0,1,0,1,0,0.8792692876465931,0,-0.46612176005863254,3,3,1,1,0,0,1,0,0,1,0,0,1
1,1.6125732136881425,1,1,1,1,1,1.6936601502011233,0,-0.4820064846358822,3,6,1,1,1,0,1,0,0,0,1,1,0
1,1.0421577558197987,1,0,1,1,1,0.9939488172716188,0,-0.4797339618919053,3,3,1,1,1,0,1,0,0,1,0,1,0
1,0.10504664646466222,0,0,0,0,0,-1.5024084797832884,0,-0.6035418080282184,2,0,0,1,0,0,0,1,0,0,1,0,0
0,0.9606698332671781,1,0,1,1,1,1.1667991227933967,0,-0.46251091690849144,3,4,1,1,1,0,1,0,0,0,1,0,0
1,-0.3431369275747509,0,0,0,0,1,-1.4525478147289292,0,-0.5685748846656002,1,0,0,1,1,0,0,1,0,0,1,1,0
1,1.5310852911355222,0,0,0,0,0,-1.4874502802669807,0,-0.6341307416443759,3,0,0,1,1,0,0,1,0,0,1,1,0
0,-1.2395040756535771,0,0,0,1,1,0.503652277570422,0,2.4437425554907426,0,1,1,0,0,0,1,0,1,0,0,0,1
1,1.4495973685829016,1,0,1,1,1,1.4077923372227985,0,-0.48582562218209324,3,4,1,1,1,0,1,0,0,1,0,1,0
0,-1.2802480369298874,1,0,0,0,1,0.6715165165867639,1,4.293902651068439,0,1,1,0,0,0,1,0,1,0,0,0,1
0,-0.8320644628904743,1,0,0,1,1,0.8227605339183194,0,0.13699114295053272,0,2,1,0,0,0,1,0,1,0,0,0,1
0,1.24587756220135,1,0,0,0,1,0.5568369869617381,0,-0.518355732386779,3,1,0,0,1,0,1,0,1,0,0,0,0
1,0.02355872391204165,0,1,0,0,1,-0.21101725487539028,0,-0.46642297617827655,2,3,0,1,0,1,0,0,0,1,0,0,0
0,1.4903413298592119,0,0,0,1,1,1.025527238472713,0,-0.5075921404607546,3,3,1,1,1,0,1,0,0,1,0,1,0
1,1.1236456783724194,0,0,1,1,1,0.525258565760644,0,-0.5128586294627869,3,5,1,1,1,1,0,0,0,0,1,0,0
1,1.6125732136881425,1,1,1,1,1,1.6055729752717556,0,-0.486243919710668,3,6,1,1,1,0,1,0,0,0,1,0,0
0,-0.8728084241667845,1,0,0,0,1,-0.19439703319060395,0,-0.09366155035280167,0,1,1,0,0,1,0,0,1,0,0,0,0
0,-1.2802480369298874,0,0,0,0,0,-1.504070501951767,0,0.47393488275423606,0,0,0,0,0,0,0,1,1,0,0,0,0
0,-0.9135523854430948,1,0,0,1,1,0.706418982124815,1,0.2460473688309149,0,1,1,0,1,0,1,0,1,0,0,0,0
0,-0.791320501614164,0,1,1,1,1,-0.6398189743428778,1,-0.28730719352446465,1,3,1,0,1,1,0,0,1,0,0,1,0
1,0.06430268518835193,0,0,0,0,1,0.47041183420084937,0,-0.4037864027863863,2,1,1,1,1,0,1,0,0,1,0,0,0
1,0.2680224915699033,0,0,0,1,1,0.7147290929672082,1,-0.4152508918869692,2,2,1,0,0,0,1,0,1,0,0,0,0
0,1.3273654847539706,1,0,1,1,1,1.3379874061466956,0,-0.48130024545675126,3,4,1,1,1,0,1,0,0,1,0,0,0
0,0.7162060656093164,1,1,0,1,1,1.233280009532542,0,-0.43386464456499924,3,4,1,1,1,0,1,0,0,1,0,0,0
0,-0.7098325790615434,0,0,0,0,0,-1.4974224132778524,0,-0.5230066671696292,1,0,0,0,0,0,0,1,1,0,0,0,0
1,1.6125732136881425,1,1,0,1,1,1.5124997338369521,0,-0.4907212096010077,3,5,1,1,1,0,1,0,0,0,1,0,0
1,1.6125732136881425,1,1,1,1,1,1.6886740836956873,0,-0.48224633945143613,3,6,1,1,1,0,1,0,0,0,1,0,0
1,0.9199258719908678,0,0,0,0,0,-1.5107185906256815,0,-0.6267602935299039,3,0,0,1,1,0,0,1,0,0,1,0,0
1,-0.38388088885106114,1,0,0,0,1,-1.3029658195658524,0,-0.5425831508307759,1,0,0,1,1,0,0,1,0,0,1,1,0
0,-0.01718523736426863,1,0,0,0,1,0.5169484549182508,1,-0.3828761853105905,2,1,0,0,1,0,1,0,1,0,0,0,0
1,0.9606698332671781,1,1,0,0,1,0.13135931183120808,0,-0.5263024792276515,3,3,1,1,1,1,0,0,0,1,0,0,0
0,-1.2802480369298874,0,0,0,0,0,-1.4924363467724167,0,0.49436251787891083,0,0,0,0,1,0,0,1,1,0,0,0,0
0,0.22727853029359305,0,1,1,1,0,0.1928541320649173,0,-0.45578440817647975,2,4,1,1,0,1,0,0,0,1,0,0,0
0,-0.8728084241667845,0,0,0,0,0,0.17955795471708852,0,0.0157722092436709,0,0,0,0,0,0,1,0,1,0,0,0,1
0,-1.2802480369298874,0,0,1,0,1,-0.5151673117069804,0,2.210283868351601,0,1,0,0,0,1,0,0,1,0,0,0,1
0,0.9606698332671781,1,0,1,1,1,1.4111163815597556,0,-0.4474589752376783,3,4,1,1,0,0,1,0,0,1,0,0,1
0,-1.1987601143772668,1,0,0,0,1,-1.3694467063049978,0,0.021608676422149416,0,0,0,0,0,0,0,1,1,0,0,0,0
1,-1.0357842692720256,0,1,0,1,0,0.1629377330323022,0,0.34990995521156715,0,3,1,0,1,1,0,0,1,0,0,1,0
1,1.082901717096109,1,0,0,1,1,1.1535029454455674,0,-0.4735182892187799,3,3,1,1,1,0,1,0,0,0,1,1,0
0,-1.0357842692720256,0,0,1,1,0,-0.01656066116339038,0,0.27111764830210683,0,3,1,0,1,1,0,0,1,0,0,0,0
1,1.5718292524118322,0,1,1,0,1,0.20116424290731047,0,-0.5522295340840946,3,4,1,1,1,1,0,0,0,0,1,1,0
1,-0.7098325790615434,0,1,1,1,0,1.233280009532542,0,0.0763255562203857,1,4,1,1,0,0,1,0,0,1,0,0,1
0,1.5718292524118322,1,1,1,1,0,0.28925141783667824,0,-0.5479332457443813,3,4,1,1,1,1,0,0,0,0,1,1,0
0,0.10504664646466222,1,0,0,1,1,1.178433277972747,1,-0.3420356536147217,2,3,1,0,0,0,1,0,1,0,0,0,1
0,-0.8728084241667845,0,0,1,0,1,-0.811007257696177,0,-0.2741056606207632,0,3,0,1,1,1,0,0,0,1,0,1,0
1,1.1236456783724194,0,0,0,0,1,-1.5140426349626388,0,-0.6302577315610355,3,0,0,1,1,0,0,1,0,0,1,1,0
0,0.5939741817803856,1,0,1,0,0,-0.17279074500038175,0,-0.522155515706101,2,2,0,1,1,1,0,0,0,0,1,0,0
0,-0.8728084241667845,0,0,1,0,0,0.003383604858353504,0,-0.03578325083288949,0,3,1,1,1,1,0,0,0,1,0,1,0
0,0.9606698332671781,1,0,0,1,0,1.1800953001412255,1,-0.4616917636202839,3,3,1,1,1,0,1,0,0,1,0,1,0
0,-0.18016108246950976,1,0,1,1,1,1.530781977690217,0,-0.22090659771807955,2,5,1,0,0,0,1,0,1,0,0,0,1
0,1.1643896396487294,0,1,1,1,1,0.5402167652769517,0,-0.5144990748913227,3,5,1,1,0,1,0,0,0,0,1,0,0
1,-0.05792919864057891,1,1,0,1,0,1.1053043025596871,0,-0.3094284463571802,2,3,1,1,1,0,1,0,0,1,0,0,0
0,-0.9542963467194051,0,0,0,0,1,0.18953008772796023,0,0.15584742152715572,0,0,0,0,0,0,1,0,1,0,0,0,1
0,0.10504664646466222,1,1,0,0,1,0.9889627507661827,0,-0.36051779967990377,2,3,1,0,0,0,1,0,1,0,0,0,1
0,-1.2395040756535771,0,0,0,0,1,-1.5007464576148097,0,0.09748274974237034,0,0,0,0,0,0,0,1,1,0,0,0,0
1,-0.8320644628904743,0,0,0,0,0,-1.5223527458050319,1,-0.4964900254212531,0,0,0,0,0,0,0,1,1,0,0,0,0
0,-1.2802480369298874,0,1,0,0,0,0.3490842159019089,1,3.7277653347560205,0,1,0,0,0,0,1,0,1,0,0,0,0
0,-1.1580161531009565,1,0,0,1,1,0.8111263787389692,1,1.415357038642824,0,2,1,0,0,0,1,0,1,0,0,0,1
1,-1.2802480369298874,0,0,0,0,1,-1.5223527458050319,0,0.4418343132726041,0,0,0,0,0,0,0,1,1,0,0,0,0
0,-1.1987601143772668,0,0,0,0,1,-1.4891123024354593,0,-0.0834477327904643,0,0,0,0,0,0,0,1,1,0,0,0,0
0,-1.2802480369298874,1,0,0,1,1,0.6947848269454648,1,4.334757921317789,0,1,1,0,0,0,1,0,1,0,0,0,1
0,0.797693988161937,0,1,0,1,1,-0.05146312670144158,0,-0.5277900925104813,3,3,1,1,1,1,0,0,0,0,1,1,0
1,-1.1172721918246462,0,0,0,0,0,-1.485788258098502,0,-0.276051149680256,0,0,0,1,0,0,0,1,0,1,0,0,0
0,1.6125732136881425,1,1,0,0,1,1.1418687902662172,0,-0.5085504175571819,3,4,1,1,0,0,1,0,0,0,1,0,1
1,1.5718292524118322,1,1,1,1,0,0.8510149107824564,0,-0.5205342748231904,3,6,1,1,0,1,0,0,0,0,1,0,1
0,1.6125732136881425,1,1,1,1,1,1.5656844432282688,0,-0.4881627582350993,3,5,1,1,1,0,1,0,0,0,1,1,0
1,0.5532302205040753,1,0,0,0,0,-1.3262341299245533,0,-0.6052527345769922,2,0,0,1,0,0,0,1,0,1,0,0,1
1,1.24587756220135,1,1,0,1,0,0.6216558515324049,0,-0.5147991351998937,3,5,1,1,1,1,0,0,0,0,1,1,0
0,-0.09867315991688919,0,1,0,0,1,0.6482482062280629,0,-0.34966594538300144,2,3,0,0,1,0,1,0,1,0,0,1,0
0,-1.2802480369298874,0,0,0,0,0,-0.638156952174399,0,1.9943345827478949,0,0,0,0,0,1,0,0,1,0,0,0,0
0,-0.8320644628904743,1,1,1,0,1,-0.10464783609275789,1,-0.11352798671031522,0,3,0,0,0,1,0,0,1,0,0,0,0
0,-0.6690886177852331,0,1,1,1,0,-0.33068285100585193,0,-0.29047065682708534,1,5,1,1,0,1,0,0,0,0,1,0,0
0,-1.1580161531009565,1,0,1,0,0,0.024989893048575452,0,0.8632272435587544,0,2,1,0,0,1,0,0,1,0,0,0,0
0,0.7569500268856267,1,0,0,0,1,0.8493528886139774,0,-0.4642772161861889,3,2,1,1,1,0,1,0,0,1,0,1,0
0,1.3273654847539706,0,0,0,0,1,-1.4758161250876303,0,-0.6310144717168144,3,0,0,1,1,0,0,1,0,0,1,1,0
0,-0.6690886177852331,0,0,1,0,1,0.32415388337472945,0,-0.15520194692587697,1,1,0,0,1,0,1,0,1,0,0,1,0
0,-1.2395040756535771,0,0,0,0,0,-1.4907743246039378,0,0.10915568409932737,0,0,0,1,0,0,0,1,0,1,0,0,0
1,1.368109446030281,1,0,0,0,1,0.3141817503638577,0,-0.5377339467571146,3,0,0,1,1,0,1,0,0,1,0,0,0
0,0.5532302205040753,1,0,1,1,0,1.4576530022771577,0,-0.3972509787482359,2,5,1,1,0,0,1,0,0,0,1,0,1
0,-0.01718523736426863,1,1,1,1,1,1.4875694013097727,0,-0.27958840251569755,2,5,1,1,1,0,1,0,0,1,0,0,0
0,1.6125732136881425,1,1,1,1,0,0.726363248146559,0,-0.5285383188533412,3,5,1,1,1,1,0,0,0,0,1,1,0
1,0.22727853029359305,0,1,1,1,0,0.5385547431084732,0,-0.42465658322459415,2,5,1,1,1,1,0,0,0,0,1,1,0
1,0.7569500268856267,0,0,1,0,0,-0.5633659545928605,0,-0.5596810066036265,3,1,0,1,1,1,0,0,0,1,0,1,0
1,1.6125732136881425,1,1,1,1,0,1.653771618157636,0,-0.48392532316031356,3,6,1,1,1,0,1,0,0,0,1,0,0
0,1.3273654847539706,1,1,0,1,0,1.3446354948206103,1,-0.4809465201732071,3,4,1,0,1,0,1,0,1,0,0,0,0
1,-0.9542963467194051,0,0,0,0,1,-1.1583698909082112,1,-0.31749006664745366,0,1,0,0,0,1,0,0,1,0,0,0,1
1,-0.9542963467194051,0,1,1,0,0,0.0067076491953105815,1,0.09164628256389182,0,4,0,0,0,1,0,0,1,0,0,0,0
1,1.368109446030281,0,0,0,0,0,-1.4708300585821945,0,-0.6312916445136214,3,0,0,1,0,0,0,1,0,0,1,0,0
0,0.4717422979514547,1,1,0,1,1,1.4958795121521657,0,-0.3822748523285654,2,5,1,1,1,0,1,0,0,1,0,1,0
0,0.7162060656093164,1,0,1,0,0,0.15628964435838757,0,-0.5080221098915499,3,3,1,1,1,1,0,0,0,0,1,0,0
0,-0.7098325790615434,1,0,0,0,0,-0.5301255112232879,0,-0.31070517355247235,1,0,0,0,0,1,0,0,1,0,0,0,0
0,-0.9950403079957154,0,0,0,0,1,-1.3145999747452028,0,-0.3396037922903557,0,0,0,0,1,1,0,0,1,0,0,1,0
0,1.368109446030281,1,0,1,1,1,1.2648584307336357,0,-0.48790619711398436,3,4,1,1,1,0,1,0,0,1,0,1,0
0,1.0014137945434884,1,1,1,0,1,0.7562796471791741,0,-0.49089351909494006,3,3,0,0,1,0,1,0,1,0,0,0,0
0,-1.0357842692720256,1,0,0,0,1,0.4571156568530201,0,0.4790417915354047,0,1,0,0,1,0,1,0,1,0,0,0,0
1,-0.9135523854430948,0,0,0,0,1,-1.005463851408177,0,-0.3004581942448027,0,1,1,0,1,1,0,0,1,0,0,0,0
0,1.2051336009250397,1,1,0,0,1,0.9058616423422511,0,-0.4965399097561119,3,3,0,1,0,0,1,0,0,1,0,0,1
1,0.3087664528462136,0,0,0,1,1,0.6731785387552424,0,-0.4249522391604646,2,2,1,1,0,0,1,0,0,1,0,0,1
0,-0.506112772679992,0,0,0,0,0,-1.499084435446331,0,-0.5575912092897207,1,0,0,1,0,0,0,1,0,0,1,0,0
0,-1.0357842692720256,0,0,0,0,0,-1.4891123024354593,1,-0.37527109171439116,0,0,0,0,1,0,0,1,1,0,0,0,0
0,-0.3023929662984406,0,0,1,1,1,1.0089070167879266,0,-0.23990994907506197,2,3,1,0,0,0,1,0,1,0,0,0,1
0,-0.38388088885106114,1,0,0,0,0,0.6465861840595843,0,-0.2573258174826374,1,2,0,0,0,0,1,0,1,0,0,0,1
0,1.368109446030281,1,0,0,1,0,1.323029206630388,0,-0.48485729634910757,3,4,1,1,1,0,1,0,0,1,0,1,0
0,1.6125732136881425,1,0,1,1,0,1.5573743323858755,0,-0.48856251626102243,3,5,1,1,0,0,1,0,0,0,1,0,1
0,0.6754621043330061,1,0,0,0,0,0.8393807556031058,1,-0.4568649028695211,3,2,1,0,1,0,1,0,1,0,0,1,0
1,0.4309983366751445,1,0,1,1,1,1.52745793335326,1,-0.3732813869944553,2,5,1,0,1,0,1,0,1,0,0,0,0
0,0.5532302205040753,1,1,0,0,0,-0.32569678450041606,0,-0.5304962826313735,2,1,0,0,1,1,0,0,1,0,0,0,0
1,1.6125732136881425,1,1,1,1,0,0.8327326669291911,0,-0.5234214161215244,3,6,1,1,1,1,0,0,0,0,1,1,0
0,-0.9135523854430948,0,0,0,0,0,-1.477478147256109,0,-0.45114516503461216,0,0,0,1,0,0,0,1,0,1,0,0,0
0,0.3087664528462136,0,1,1,1,1,-0.34065498401672384,0,-0.5117874825475843,2,4,1,1,1,1,0,0,0,1,0,0,0
1,1.3273654847539706,1,0,0,1,1,1.3529456056630036,1,-0.4805043635687769,3,4,1,0,0,0,1,0,1,0,0,0,1
0,-0.05792919864057891,0,0,1,1,0,1.151840923277089,0,-0.30432153757601144,2,4,1,1,1,0,1,0,0,0,1,0,0
0,1.4495973685829016,1,1,1,0,0,0.2028262650757895,0,-0.5471508207965416,3,4,0,1,1,1,0,0,0,0,1,1,0
1,0.9606698332671781,1,1,0,1,1,1.3213671844619093,1,-0.452988259933079,3,4,1,1,1,0,1,0,0,1,0,0,0
0,-0.9135523854430948,1,0,0,0,1,0.679826627429157,1,0.23755796202585525,0,1,1,0,0,0,1,0,1,0,0,0,1
1,1.4495973685829016,1,0,0,0,0,-1.3096139082397669,0,-0.6241245183677804,3,0,0,1,1,0,0,1,0,0,1,0,0
1,0.4309983366751445,0,0,0,1,0,-0.28747027462540753,1,-0.5181318906057862,2,1,1,0,0,1,0,0,1,0,0,0,1
0,-1.2802480369298874,0,0,0,1,1,0.8227605339183194,1,4.5594619076892124,0,2,1,0,0,0,1,0,1,0,0,0,1
0,0.6754621043330061,0,0,0,0,1,0.8327326669291911,0,-0.4573318202437994,3,3,1,1,1,0,1,0,0,1,0,0,0
1,-0.7098325790615434,1,0,0,0,1,-1.3145999747452028,0,-0.4828809553175892,1,0,0,0,0,0,0,1,1,0,0,0,1
0,-0.506112772679992,1,0,0,1,1,0.9889627507661827,1,-0.1415344775667507,1,2,1,0,0,0,1,0,1,0,0,0,1
0,-1.2802480369298874,0,0,0,0,1,-0.6348329078374417,1,2.000171049926374,0,0,0,0,0,1,0,0,1,0,0,0,0
1,0.7162060656093164,1,0,1,1,1,0.16127571086382367,0,-0.5076787882928161,3,3,1,1,0,1,0,0,0,1,0,0,1
0,-1.2395040756535771,1,0,0,0,0,0.8210985117498408,1,2.8153309658538754,0,2,1,0,0,0,1,0,1,0,0,0,1
0,-0.3431369275747509,0,0,0,0,0,0.1729098660431739,0,-0.34025228864352,1,0,0,0,1,0,1,0,1,0,0,1,0
0,-1.1987601143772668,0,0,0,0,1,0.1579516665268661,1,1.3625370106775931,0,0,0,0,1,0,1,0,1,0,0,0,0
0,-1.2802480369298874,0,0,0,0,1,0.325815905543208,1,3.686910064506671,0,1,0,0,0,0,1,0,1,0,0,0,0
1,0.10504664646466222,0,0,0,0,0,-1.485788258098502,0,-0.6019205671453077,2,0,0,1,0,0,0,1,0,0,1,0,0
0,-0.6283446565089229,1,0,0,0,0,-1.3295581742615106,0,-0.5062673550535761,1,0,0,0,0,0,0,1,1,0,0,0,0
0,-0.9950403079957154,0,0,0,0,0,-1.5007464576148097,1,-0.4122353838447553,0,0,0,0,0,0,0,1,1,0,0,0,1
0,-0.9135523854430948,0,0,1,1,1,1.0072449946194475,0,0.3420837833131526,0,3,1,0,1,0,1,0,1,0,0,1,0
1,1.4495973685829016,1,1,1,1,1,0.7994922235596185,0,-0.5167842741722839,3,6,1,1,1,1,0,0,0,0,1,1,0
0,0.512486259227765,0,1,0,1,0,0.4654257676954133,0,-0.4671320099147925,2,5,1,1,1,1,0,0,0,1,0,0,0
1,-1.2395040756535771,0,0,0,0,0,-1.494098368940895,1,0.1052647059803418,0,0,0,1,0,0,0,1,0,1,0,0,0
0,0.18653456901728277,0,0,0,0,0,-1.477478147256109,0,-0.6045828153319821,2,0,0,0,1,0,0,1,1,0,0,0,0
0,-1.1580161531009565,0,0,0,0,1,-1.3478404181147754,1,-0.10095713432589995,0,0,0,0,0,1,0,0,1,0,0,0,0
0,-0.9135523854430948,0,0,0,0,0,-0.6497911073537496,0,-0.1869123782271293,0,0,0,0,0,1,0,0,1,0,0,0,0
0,-1.2802480369298874,0,0,0,0,0,-1.4874502802669807,0,0.5031172186466287,0,0,0,0,0,0,0,1,1,0,0,0,0
1,1.3273654847539706,1,1,0,0,1,0.1579516665268661,0,-0.5440864832858385,3,3,1,1,0,1,0,0,0,0,1,0,0
1,1.0014137945434884,0,0,0,0,0,-1.5057325241202457,0,-0.6278492403002727,3,0,0,1,1,0,0,1,0,0,1,0,0
0,-1.1987601143772668,0,0,0,0,1,0.33080197204864403,0,1.5142851573180354,0,1,0,0,0,0,1,0,1,0,0,0,0
0,-1.2395040756535771,0,0,0,0,0,0.16127571086382367,1,2.0429718092352167,0,0,0,0,0,0,1,0,1,0,0,0,1
0,0.6754621043330061,0,0,0,0,1,-1.150059780065818,0,-0.5965899271222973,3,1,0,0,1,1,0,0,1,0,0,0,0
0,-1.1580161531009565,0,0,0,0,0,-0.6364949300059205,1,0.3986444561518628,0,0,0,0,0,1,0,0,1,0,0,0,0
0,1.5310852911355222,0,0,1,1,0,-0.2326235430656127,0,-0.5720669005211182,3,5,1,1,1,1,0,0,0,0,1,0,0
1,0.8384379494382472,0,0,0,0,1,-1.494098368940895,0,-0.624185608603948,3,0,0,1,1,0,0,1,0,1,0,0,0
1,0.8384379494382472,1,0,0,0,0,-1.304627841734331,0,-0.6118641778938267,3,0,0,1,1,0,0,1,0,0,1,1,0
0,-1.2802480369298874,1,0,0,0,1,0.3407741050595158,1,3.713174166809824,0,0,0,0,0,0,1,0,1,0,0,0,0
0,-0.42462485012737144,1,0,0,0,1,-1.327896152093032,0,-0.5409760076946731,1,0,0,0,1,0,0,1,1,0,0,1,0
0,0.797693988161937,0,0,0,1,1,-0.5201533782124163,1,-0.5588445027808765,3,3,1,0,0,1,0,0,1,0,0,0,1
0,1.3273654847539706,1,1,1,1,1,1.5141617560054308,0,-0.4719265254428312,3,5,1,1,0,0,1,0,0,0,1,0,1
0,0.6347181430566958,1,0,0,0,0,-1.3378682851039039,0,-0.6086106672784617,2,0,0,1,1,0,0,1,0,1,0,0,0
0,-1.2395040756535771,0,0,0,0,1,-1.000477784902741,1,0.6830749566497171,0,1,1,0,0,1,0,0,1,0,0,0,1
0,-1.1987601143772668,1,0,0,1,0,1.4343846919184566,0,2.4831387089454724,0,4,1,0,0,0,1,0,1,0,0,0,0
0,0.512486259227765,1,0,0,0,0,0.5518509204563025,0,-0.4605342644086863,2,1,0,0,1,0,1,0,1,0,0,0,0
1,-1.2802480369298874,0,0,0,0,0,0.5053142997389005,1,4.002079292144512,0,1,1,0,0,0,1,0,1,0,0,0,1
1,1.1643896396487294,0,0,1,1,1,0.2992235508475499,0,-0.528148877163571,3,4,1,1,1,1,0,0,0,0,1,0,0
0,-1.1987601143772668,0,1,1,1,1,-0.013236616826432828,0,1.2122479808317712,0,3,1,0,1,1,0,0,1,0,0,1,0
0,0.3087664528462136,1,0,1,1,1,1.2947748297662514,0,-0.3717122702640994,2,4,1,1,1,0,1,0,0,1,0,1,0
0,-1.2802480369298874,0,0,0,0,0,0.20947435374970363,0,3.482633713259922,0,0,0,0,0,0,1,0,1,0,0,0,0
0,-1.2802480369298874,0,0,1,0,1,-0.4952230456852367,0,2.245302671422472,0,1,0,0,0,1,0,0,1,0,0,0,1
0,0.7569500268856267,1,0,0,0,1,-1.336206262935425,0,-0.6118724919496364,3,0,0,1,1,0,0,1,0,1,0,0,0
0,-1.2395040756535771,0,1,0,0,1,-0.5168293338754589,1,1.249212272962135,0,1,0,0,0,1,0,0,1,0,0,0,1
0,0.797693988161937,0,0,0,0,0,-1.1533838244027754,0,-0.6008009932525806,3,1,0,1,0,1,0,0,0,1,0,0,0
0,0.7569500268856267,1,0,0,0,0,0.6183318071954478,0,-0.47987854191327567,3,1,1,0,1,0,1,0,1,0,0,0,0
0,-1.2802480369298874,0,0,0,0,1,-1.4741541029191516,0,0.5264630873605428,0,0,0,0,0,0,0,1,1,0,0,0,0
1,-0.05792919864057891,1,1,1,0,1,0.3474221937334304,0,-0.3925981036504993,2,4,1,1,1,1,0,0,0,1,0,0,0
1,0.5939741817803856,0,0,0,0,0,-1.4708300585821945,0,-0.6171197004225956,2,0,0,1,1,0,0,1,0,1,0,1,0
0,-1.1987601143772668,1,0,0,0,1,0.3424361272279943,1,1.5244989748803726,0,0,0,0,1,0,1,0,1,0,0,1,0
0,-0.42462485012737144,0,0,0,0,1,-1.4874502802669807,0,-0.5653369141787574,1,0,0,1,0,0,0,1,0,1,0,0,0
0,-1.2802480369298874,0,0,0,0,1,-1.4675060142452372,0,0.5381360217174999,0,0,0,0,0,0,0,1,1,0,0,0,0
0,1.6125732136881425,1,0,1,1,1,0.6765025830921999,0,-0.5309368670088803,3,5,1,1,1,1,0,0,0,0,1,0,0
1,-1.1987601143772668,0,0,0,0,1,-0.48691293484284354,1,0.7963996943651752,0,1,0,0,0,1,0,0,1,0,0,0,1
1,0.5939741817803856,0,0,0,1,1,0.6698544944182854,0,-0.4605078311334215,2,2,1,1,1,0,1,0,0,1,0,0,0
1,1.6125732136881425,1,1,1,0,1,0.05656831424966958,0,-0.5607588157427502,3,3,0,1,1,1,0,0,0,0,1,1,0
1,1.368109446030281,1,0,0,1,1,-0.04980110453296304,0,-0.5568113544002011,3,2,1,1,1,1,0,0,0,0,1,0,0
0,0.10504664646466222,1,0,0,1,0,0.6100216963530546,0,-0.39748209181026783,2,1,1,0,0,0,1,0,1,0,0,0,1
0,-0.13941712119319946,1,0,0,0,1,0.6681924722498068,0,-0.3367504083364328,2,1,1,0,0,0,1,0,1,0,0,0,1
0,-1.2395040756535771,0,0,0,0,1,-1.4708300585821945,0,0.13250155281324164,0,0,0,0,0,0,0,1,1,0,0,0,0
0,-1.1580161531009565,0,0,0,0,0,-0.5168293338754589,0,0.4826895835219538,0,1,0,0,0,1,0,0,1,0,0,0,0
0,-0.3023929662984406,0,1,0,0,1,0.5003282332334644,1,-0.30860067817561715,2,2,0,0,1,0,1,0,1,0,0,0,0
0,1.3273654847539706,0,1,1,0,1,-0.17279074500038175,0,-0.5616843161421602,3,3,0,1,0,1,0,0,0,0,1,0,0
0,-0.22090504374582004,1,0,1,1,1,1.3246912287988668,0,-0.23081852904704733,2,4,1,1,1,0,1,0,0,1,0,0,0
0,-0.13941712119319946,0,0,0,0,1,0.3490842159019089,0,-0.3741037982786955,2,1,0,0,1,0,1,0,1,0,0,1,0
1,-0.13941712119319946,1,0,0,1,0,0.5086383440758576,0,-0.35542710330756416,2,4,1,0,1,1,0,0,1,0,0,1,0
0,-1.2802480369298874,0,0,0,0,0,-1.504070501951767,1,0.47393488275423606,0,0,0,0,0,0,0,1,1,0,0,0,0
0,-0.506112772679992,0,0,1,0,1,0.5385547431084732,0,-0.21685269686997372,1,2,0,0,0,0,1,0,1,0,0,0,0
0,1.0421577558197987,1,0,0,0,1,-1.3328822185984677,0,-0.6182264034151248,3,0,0,1,1,0,0,1,0,0,1,1,0
1,-0.7505765403378537,1,1,1,0,1,0.7047569599563366,0,0.0021537858272209233,1,2,0,0,0,0,1,0,1,0,0,0,0
0,1.6125732136881425,1,0,0,0,0,-1.3096139082397669,0,-0.6264790352045222,3,0,0,1,0,0,0,1,0,0,1,0,0
0,0.5532302205040753,1,1,0,1,1,0.8094643565704907,0,-0.44568123831433437,2,2,1,0,1,0,1,0,1,0,0,1,0
0,1.5718292524118322,0,0,1,1,0,-0.2176653435493049,0,-0.5726571692087695,3,5,1,1,1,1,0,0,0,0,1,0,0
0,-0.01718523736426863,1,0,0,0,1,0.6931228047769863,0,-0.3641287452827503,2,1,1,0,1,0,1,0,1,0,0,0,0
0,-0.26164900502213034,0,0,0,1,1,-0.4802648461689289,0,-0.4494158414261741,2,3,1,0,1,1,0,0,1,0,0,1,0
0,1.4495973685829016,1,0,0,0,1,0.5169484549182508,0,-0.5311639759163614,3,1,0,0,1,0,1,0,1,0,0,1,0
1,-1.2395040756535771,0,0,0,0,0,-1.4824642137615447,0,0.11888312939679167,0,0,0,1,0,0,0,1,0,1,0,0,0
1,1.1643896396487294,0,0,0,0,0,-1.4708300585821945,0,-0.628404321439049,3,0,0,1,1,0,0,1,0,0,1,1,0
1,-1.1580161531009565,1,0,0,0,1,0.703094937787858,1,1.3394829653226032,0,1,1,0,0,0,1,0,1,0,0,0,1
0,-1.1987601143772668,0,0,0,0,1,-0.6464670630167922,1,0.6563244820816904,0,0,0,0,0,1,0,0,1,0,0,0,1
0,0.02355872391204165,1,0,0,1,1,0.9873007285977041,1,-0.3426555398346582,2,2,1,0,0,0,1,0,1,0,0,0,1
0,-0.9542963467194051,0,0,0,0,1,-1.4475617482234935,0,-0.4190445955529802,0,0,0,0,0,0,0,1,1,0,0,0,0
0,-0.42462485012737144,1,0,0,0,0,-1.28135953137563,0,-0.5338707433034818,1,0,0,1,0,0,0,1,0,0,1,0,0
1,-1.1172721918246462,0,0,0,1,1,0.5335686766030371,0,0.9058334539616477,0,1,1,0,0,0,1,0,1,0,0,0,1
0,-0.09867315991688919,1,1,0,0,0,0.8942274871629008,1,-0.3218015214341362,2,3,0,0,1,0,1,0,1,0,0,1,0
0,1.3273654847539706,1,0,1,0,1,0.3125197281953792,0,-0.535862370443437,3,4,1,1,1,1,0,0,0,0,1,1,0
0,0.512486259227765,1,0,1,0,1,0.7463075141683023,1,-0.4456893370199474,2,2,0,0,0,0,1,0,1,0,0,0,1
0,-1.1172721918246462,0,0,0,0,0,-1.477478147256109,0,-0.2711874270315239,0,0,0,0,0,0,0,1,1,0,0,0,0
1,-0.3023929662984406,0,0,0,0,1,0.35573230457582355,0,-0.3281303952728338,2,1,0,0,0,0,1,0,1,0,0,0,1
1,1.6125732136881425,1,1,0,0,0,0.4737358785378064,0,-0.5406909628414062,3,1,0,1,1,0,1,0,0,0,1,0,0
0,-0.22090504374582004,1,0,0,0,0,0.8427047999400633,0,-0.29126765339557503,2,2,1,0,1,0,1,0,1,0,0,0,0
1,-0.01718523736426863,0,0,0,1,0,-0.47195473532653576,0,-0.4881094571649762,2,3,1,0,1,1,0,0,1,0,0,1,0
0,-0.09867315991688919,1,0,1,1,0,1.5174858003423883,0,-0.2511990958880248,2,5,1,1,1,0,1,0,0,1,0,1,0
0,1.5310852911355222,0,1,1,0,0,1.2033636104999266,0,-0.5010428492224498,3,5,1,1,1,0,1,0,0,0,1,1,0
0,0.3902543753988342,1,0,0,0,1,0.48370801154867815,0,-0.4516880922140055,2,1,0,0,1,0,1,0,1,0,0,0,0
0,1.6125732136881425,1,1,1,1,1,0.8327326669291911,0,-0.5234214161215244,3,6,1,1,1,1,0,0,0,0,1,0,0
0,0.5939741817803856,1,1,1,0,1,0.0067076491953105815,0,-0.5090234645545243,2,3,0,1,0,1,0,0,0,0,1,0,0
0,-1.2395040756535771,0,1,0,0,1,0.5202724992552084,0,2.4631974460856707,0,2,0,0,0,0,1,0,1,0,0,0,1
0,-0.9135523854430948,1,1,0,1,0,1.1219245242444733,1,0.3786943501599726,0,3,1,0,0,0,1,0,1,0,0,0,1
1,1.1643896396487294,1,0,0,0,1,-1.3528264846202114,0,-0.6217206251540172,3,0,0,1,0,0,0,1,0,0,1,0,0
0,-1.1172721918246462,0,0,0,0,1,-0.6896796393972369,0,0.18989348006828044,0,0,0,0,1,1,0,0,1,0,0,1,0
0,1.6125732136881425,1,0,1,1,1,1.5291199555217385,0,-0.4899216935491613,3,5,1,1,1,0,1,0,0,0,1,1,0
1,1.6125732136881425,1,1,1,1,1,1.6670677955054654,0,-0.48328571031883644,3,6,1,1,1,0,1,0,0,0,1,0,0
0,-1.1987601143772668,0,0,0,0,0,0.3407741050595158,0,1.523039858085753,0,1,0,0,0,0,1,0,1,0,0,0,0
0,0.6347181430566958,0,0,0,0,0,-1.5140426349626388,0,-0.6212364942359866,2,0,0,1,0,0,0,1,0,0,1,0,0
0,1.24587756220135,0,0,1,1,1,0.8393807556031058,0,-0.5028526164439454,3,3,1,1,1,0,1,0,0,1,0,1,0
0,-0.22090504374582004,0,1,0,0,1,-0.26918803077214243,0,-0.4307175299099373,2,2,0,0,0,1,0,0,1,0,0,0,0
1,1.5310852911355222,0,1,0,1,1,0.5103003662443366,0,-0.5353218184256264,3,5,1,1,1,1,0,0,0,0,1,1,0
1,-1.0357842692720256,0,1,1,0,1,0.2177844645920968,0,0.373985382322791,0,4,1,0,1,1,0,0,1,0,0,1,0
0,-1.2395040756535771,0,1,0,1,0,0.8493528886139774,0,2.8484042798652536,0,3,1,0,0,0,1,0,1,0,0,0,1
0,-0.506112772679992,1,0,0,1,1,1.1219245242444733,1,-0.11930031688683243,1,3,1,0,0,0,1,0,1,0,0,0,1
0,1.368109446030281,0,0,0,0,0,-1.499084435446331,0,-0.6327725391708473,3,0,0,1,1,0,0,1,0,0,1,0,0
0,-1.1987601143772668,0,0,0,0,0,-1.494098368940895,0,-0.08782508317432317,0,0,0,0,0,0,0,1,1,0,0,0,0
1,-0.7098325790615434,0,0,0,0,1,0.7014329156193795,1,-0.040403787349185045,1,2,1,0,1,0,1,0,1,0,0,0,0
1,1.6125732136881425,1,1,1,0,1,0.8493528886139774,0,-0.5226219000696781,3,3,0,1,1,0,1,0,0,0,1,0,0
0,-1.2802480369298874,0,0,0,0,0,-1.4625199477398012,0,0.5468907224852178,0,0,0,0,0,0,0,1,1,0,0,0,0
0,-0.42462485012737144,0,0,0,1,0,0.8127884009074476,1,-0.214133845699875,1,2,1,0,0,0,1,0,1,0,0,0,1
0,-1.1987601143772668,0,0,0,0,1,0.18288199905404562,1,1.3844237625968878,0,0,0,0,0,0,1,0,1,0,0,0,1
1,1.6125732136881425,1,1,1,0,0,0.06820246942901982,0,-0.5601991545064576,3,3,0,1,1,1,0,0,0,0,1,0,0
1,1.3273654847539706,0,0,0,0,0,-1.4924363467724167,0,-0.6318987849256748,3,0,0,1,0,0,0,1,0,0,1,0,0
0,-0.8728084241667845,0,0,0,1,1,-0.9639132971962113,0,-0.3188519089890987,0,1,1,0,0,1,0,0,1,0,0,0,0
0,-0.42462485012737144,1,0,0,0,1,0.46708778986389177,0,-0.2669158097487245,1,1,0,0,0,0,1,0,1,0,0,0,0
0,-0.7505765403378537,0,0,0,0,0,-1.4758161250876303,0,-0.5083425433837019,1,0,0,1,1,0,0,1,0,1,0,0,0
0,0.3495104141225239,0,0,1,0,1,0.3141817503638577,0,-0.4607336468278269,2,1,0,0,0,0,1,0,1,0,0,0,1
0,-0.6283446565089229,0,1,0,0,0,5.9560521395953924e-05,0,-0.24686881378786338,1,3,1,1,0,1,0,0,0,1,0,0,0
0,-0.8728084241667845,0,0,0,0,1,-1.4741541029191516,0,-0.46816819430517453,0,0,0,0,1,0,0,1,1,0,0,1,0
0,-0.7098325790615434,1,0,0,1,1,0.9490742187226954,1,0.013948313250396253,1,2,1,0,0,0,1,0,1,0,0,0,1
0,-1.2802480369298874,0,0,0,0,0,-1.4924363467724167,1,0.49436251787891083,0,0,0,0,0,0,0,1,1,0,0,0,0
0,-1.1172721918246462,0,1,0,0,1,0.8011542457280975,1,1.062445323250822,0,3,1,0,0,0,1,0,1,0,0,0,0
0,0.02355872391204165,0,0,0,1,1,1.0305133049781485,1,-0.3381923590511158,2,3,1,1,0,0,1,0,0,1,0,0,1
0,1.6125732136881425,1,1,0,1,1,1.524133889016303,0,-0.49016154836471526,3,5,1,1,1,0,1,0,0,0,1,1,0
1,-1.1987601143772668,0,0,0,0,0,-0.8143313020331343,0,0.5089536858251071,0,2,1,0,0,1,0,0,1,0,0,0,0
0,-1.2395040756535771,1,0,0,0,1,0.5717951864780458,1,2.523507606929949,0,1,0,0,0,0,1,0,1,0,0,0,1
0,1.082901717096109,1,1,1,0,1,1.4028062707173625,0,-0.45892712127258356,3,5,1,1,1,0,1,0,0,1,0,1,0
0,-1.2395040756535771,0,0,0,0,0,-0.6464670630167922,1,1.097464126321693,0,0,0,0,0,1,0,0,1,0,0,0,1
1,1.5718292524118322,0,0,1,1,1,0.28426535133124214,0,-0.5481764318768179,3,4,1,1,1,1,0,0,0,0,1,1,0
1,-1.1172721918246462,0,0,0,0,0,-0.6647493068700573,0,0.2044846480144768,0,0,0,0,0,1,0,0,1,0,0,0,0
1,-0.22090504374582004,0,1,0,0,1,-0.33400689534280925,0,-0.4388468949085324,2,2,0,0,1,1,0,0,1,0,0,1,0
0,-1.2802480369298874,0,0,1,0,1,-0.41877002593521945,1,2.379541416527479,0,1,0,0,0,1,0,0,1,0,0,0,1
1,1.24587756220135,0,1,1,0,1,-0.8043591690222623,0,-0.5930442733113716,3,3,0,1,1,1,0,0,0,1,0,0,0
0,0.5532302205040753,1,1,0,1,1,1.5025276008260804,1,-0.39389811462442903,2,5,1,1,0,0,1,0,0,1,0,0,1
1,1.6125732136881425,1,1,0,0,0,-0.3157246514895444,0,-0.578667975304109,3,1,0,1,1,1,0,0,0,0,1,0,0
0,0.06430268518835193,1,1,1,0,1,-0.13124019078841592,0,-0.46415214903236435,2,2,0,0,1,1,0,0,1,0,0,0,0
1,-0.3431369275747509,1,1,0,1,0,0.4521295903475845,0,-0.30103122920414416,1,4,1,1,0,1,0,0,0,1,0,0,1
0,1.6125732136881425,1,1,1,0,0,0.16127571086382367,0,-0.555721864616118,3,4,0,1,1,1,0,0,0,0,1,0,0
1,1.1236456783724194,0,1,1,1,0,-0.16448063415798858,0,-0.5525657422344031,3,5,1,1,1,1,0,0,0,0,1,1,0
0,1.4495973685829016,1,1,0,0,1,0.4022689252932255,0,-0.5370004430948399,3,4,1,1,1,1,0,0,0,1,0,1,0
1,-0.9950403079957154,0,0,0,0,1,-1.494098368940895,0,-0.40964139843209807,0,0,0,1,0,0,0,1,0,0,1,0,0
1,0.06430268518835193,0,1,1,1,0,0.09479482412467834,0,-0.4414733051388477,2,4,1,1,1,1,0,0,0,0,1,1,0
0,-1.076528230548336,0,0,0,1,0,-0.6581012181961428,0,0.08330847230892251,0,2,1,0,1,1,0,0,1,0,0,1,0
0,-1.2395040756535771,0,0,1,0,1,-0.019884705500347457,0,1.8309135017504963,0,3,1,0,0,1,0,0,1,0,0,0,0
0,-0.05792919864057891,1,0,1,0,0,0.5618230534671742,0,-0.36906984533725773,2,1,0,1,1,0,1,0,0,1,0,1,0
1,-0.506112772679992,1,0,0,0,1,-1.304627841734331,0,-0.5250737492953402,1,0,0,0,1,0,0,1,1,0,0,0,0
1,-1.2802480369298874,0,0,0,0,0,-1.4891123024354593,0,0.5001989850573895,0,0,0,0,0,0,0,1,1,0,0,0,1
0,1.2051336009250397,1,0,0,1,1,1.0620917261792426,1,-0.48783153015647723,3,3,1,1,0,0,1,0,0,1,0,0,1
0,1.5310852911355222,1,0,0,0,1,0.36071837108125965,0,-0.5427201571025713,3,0,0,1,1,0,1,0,0,0,1,1,0
0,-0.9135523854430948,1,0,1,1,1,1.1202625020759949,1,0.3781637622346564,0,3,1,0,0,0,1,0,1,0,0,0,1
1,0.2680224915699033,1,0,0,0,1,-1.3627986176310833,0,-0.5976404912144234,2,0,0,1,0,0,0,1,0,0,1,0,0
0,0.5532302205040753,0,0,1,1,1,-0.019884705500347457,0,-0.5076471345283937,2,3,1,1,1,1,0,0,0,0,1,1,0
0,-1.076528230548336,0,0,0,1,1,0.6831506717661141,1,0.756169759884948,0,2,1,0,0,0,1,0,1,0,0,0,1
1,1.6125732136881425,1,0,0,1,1,0.3989448809562679,0,-0.5442887850747148,3,3,1,1,1,1,0,0,0,0,1,0,0
0,-0.5876006952326126,0,0,1,0,0,-0.3190486958265014,0,-0.32796498932040724,1,2,0,0,1,1,0,0,1,0,0,1,0
0,1.5718292524118322,1,1,1,1,1,1.4543289579402001,0,-0.491108752798361,3,5,1,1,1,0,1,0,0,0,1,1,0
0,0.3087664528462136,1,0,0,1,1,1.213335743510798,1,-0.3786875603066713,2,3,1,0,0,0,1,0,1,0,0,0,1
0,-1.2802480369298874,0,0,0,0,1,0.1579516665268661,1,3.3921684719935046,0,0,0,0,0,0,1,0,1,0,0,0,1
0,1.0421577558197987,1,0,0,1,1,1.278154608081465,1,-0.4628180993915692,3,4,1,1,1,0,1,0,0,1,0,0,0
0,1.5310852911355222,1,1,1,1,1,1.3030849406086444,1,-0.4961106234378201,3,4,1,1,1,0,1,0,0,0,1,1,0
0,0.3902543753988342,1,0,0,0,0,-1.3145999747452028,0,-0.5985498942399073,2,0,0,1,0,0,0,1,0,0,1,0,1
1,0.06430268518835193,0,1,0,0,0,-1.1434116913919037,0,-0.5657066779378909,2,1,0,1,1,1,0,0,0,1,0,0,0
0,-1.1172721918246462,0,0,0,0,0,-1.4874502802669807,0,-0.27702389421000245,0,0,0,0,1,0,0,1,1,0,0,0,0
0,-0.3023929662984406,1,0,0,1,1,0.6582203392389346,0,-0.287275125023484,2,1,1,0,0,0,1,0,1,0,0,0,0
0,-1.2395040756535771,0,0,0,0,1,0.7114050486302511,1,2.6869286879273484,0,2,1,0,0,0,1,0,1,0,0,0,0
1,0.9199258719908678,0,0,1,1,1,1.2931128075977727,0,-0.4509367197782379,3,5,1,1,1,0,1,0,0,1,0,0,0
0,-0.46536881140368175,1,0,1,1,1,1.5424161328695678,1,-0.07708067768666951,1,5,1,0,0,0,1,0,1,0,0,0,1
0,1.5310852911355222,1,1,1,0,1,0.7712378466954819,0,-0.522415827622512,3,3,0,1,1,0,1,0,0,0,1,1,0
0,1.1643896396487294,1,0,1,1,1,1.3811999825271402,0,-0.46686597178954625,3,4,1,0,0,0,1,0,1,0,0,0,1
1,0.4309983366751445,0,1,1,1,1,0.47705992287476395,0,-0.45711427919441977,2,5,1,1,1,1,0,0,0,0,1,1,0
0,0.5939741817803856,1,0,0,1,1,1.273168541576029,0,-0.41636954809617754,2,4,1,1,0,0,1,0,0,1,0,0,1
0,-1.1172721918246462,0,0,1,1,1,-0.02819481634274062,0,0.5770458029073569,0,3,1,0,1,1,0,0,1,0,0,1,0
0,1.2051336009250397,1,0,0,0,1,-1.296317730891938,0,-0.6192910051764938,3,0,0,1,1,0,0,1,0,0,1,1,0
1,-0.6690886177852331,0,0,0,1,1,0.8194364895813623,1,-0.05289211050313549,1,3,1,0,1,0,1,0,1,0,0,1,0
0,-1.0357842692720256,1,0,0,1,1,1.0238652163042339,1,0.7278212050180524,0,2,1,0,1,0,1,0,1,0,0,0,0
1,-0.7505765403378537,1,0,0,0,0,-1.304627841734331,0,-0.46826546875814923,1,0,0,0,0,0,0,1,1,0,0,0,0
1,1.1236456783724194,0,0,0,1,0,0.8692971546357213,1,-0.4930529129718843,3,3,1,1,0,0,1,0,0,1,0,0,1
1,0.06430268518835193,0,0,1,1,1,-0.6630872847015785,0,-0.5175141346641682,2,3,1,0,0,1,0,0,1,0,0,0,1
0,0.7162060656093164,1,1,1,1,0,1.4543289579402001,1,-0.4186440536877905,3,5,1,1,0,0,1,0,0,1,0,0,1
1,0.22727853029359305,1,0,0,0,0,-1.3212480634191175,0,-0.5921182953455553,2,0,0,1,1,0,0,1,0,0,1,1,0
1,1.5310852911355222,0,1,1,0,0,0.3091956838584216,0,-0.5452684737579633,3,5,1,1,1,1,0,0,0,1,0,1,0
1,0.18653456901728277,1,0,0,1,1,0.7978302013911399,0,-0.3943164056652159,2,2,1,0,0,0,1,0,1,0,0,0,1
0,-1.1580161531009565,0,0,0,1,1,0.46708778986389177,1,1.1737272974538127,0,1,1,0,0,0,1,0,1,0,0,0,1
1,1.1236456783724194,1,1,0,0,1,0.9457501743857384,0,-0.4886516426405726,3,3,1,0,0,0,1,0,1,0,0,0,1
1,1.2051336009250397,0,1,1,0,0,0.21944648676057582,0,-0.5348011945928045,3,4,1,1,1,1,0,0,0,1,0,1,0
0,-1.2802480369298874,0,0,0,0,0,-0.6780454842178864,1,1.9242969766061522,0,0,0,0,0,1,0,0,1,0,0,0,0
0,0.1457906077409725,0,1,1,1,1,0.4787219450432425,0,-0.4172305584569666,2,5,1,0,1,1,0,0,1,0,0,1,0
0,0.4717422979514547,0,0,0,0,0,-1.4758161250876303,0,-0.6141771482201126,2,0,0,1,1,0,0,1,0,0,1,1,0
0,0.9199258719908678,1,0,0,1,1,1.1701231671303538,1,-0.45864919426408457,3,3,1,1,0,0,1,0,0,1,0,0,1
0,1.6125732136881425,1,1,0,1,1,1.3363253839782172,0,-0.4991960797505793,3,4,1,1,1,0,1,0,0,0,1,1,0
1,-0.8320644628904743,0,0,0,0,0,-1.495760391109374,1,-0.4893066812015872,0,0,0,1,1,0,0,1,0,1,0,0,0
0,-0.791320501614164,0,1,0,0,1,-1.128453491875596,0,-0.4098730042725139,1,1,0,0,1,1,0,0,1,0,0,0,0
0,-1.2802480369298874,0,0,0,1,1,0.8343946890976701,1,4.579889542813888,0,2,1,0,0,0,1,0,1,0,0,0,1
1,-0.7098325790615434,0,0,0,0,0,-1.4708300585821945,0,-0.5171701999911507,1,0,0,1,0,0,0,1,0,1,0,0,0
0,1.3273654847539706,0,1,1,1,1,0.6665304500813278,0,-0.5170264990947109,3,6,1,1,1,1,0,0,0,0,1,0,0
1,-0.8320644628904743,0,1,1,0,0,-1.052000472125579,0,-0.36943462453591264,0,2,0,1,1,1,0,0,0,1,0,1,0
0,1.6125732136881425,1,1,1,1,1,0.9041996201737725,0,-0.519983497098585,3,6,1,1,1,1,0,0,0,0,1,1,0
1,1.6125732136881425,1,1,1,1,0,0.8310706447607126,0,-0.5235013677267092,3,6,1,1,1,1,0,0,0,0,1,1,0
1,1.6125732136881425,1,1,1,1,1,1.695322172369602,0,-0.4819265330306976,3,6,1,1,1,0,1,0,0,0,1,0,0
1,0.797693988161937,1,1,1,1,1,0.6765025830921999,0,-0.4795566467713567,3,5,1,1,0,1,0,0,0,0,1,0,0
0,-1.2395040756535771,1,0,0,0,0,-1.327896152093032,0,0.2998136119296263,0,0,0,0,0,0,0,1,1,0,0,0,0
0,-1.1172721918246462,0,1,1,1,1,-0.01489863899491184,0,0.5848277591453281,0,3,1,0,0,1,0,0,1,0,0,0,1
0,1.4495973685829016,0,0,0,0,0,-1.472492080750673,0,-0.6324139934908368,3,0,0,1,1,0,0,1,0,0,1,1,0
1,1.2051336009250397,1,0,0,1,1,1.17510923363579,1,-0.481531851297167,3,3,1,1,0,0,1,0,0,1,0,0,1
0,1.6125732136881425,1,1,1,1,0,0.706418982124815,0,-0.5294977381155569,3,5,1,1,1,1,0,0,0,0,1,1,0
0,-1.2802480369298874,0,0,0,0,0,-0.46530664665262134,1,2.297830876028779,0,1,0,0,0,1,0,0,1,0,0,0,1
0,1.368109446030281,1,1,1,0,0,0.8044782900650546,0,-0.512036068881724,3,3,0,1,0,0,1,0,0,1,0,0,1
1,1.6125732136881425,0,1,1,1,1,5.9560521395953924e-05,0,-0.5634771703190278,3,6,1,1,1,1,0,0,0,0,1,1,0
0,-0.26164900502213034,0,0,0,0,0,-1.495760391109374,0,-0.5814929320206328,2,0,0,1,1,0,0,1,0,1,0,1,0
1,1.2866215234776603,1,1,0,0,0,0.9507362408911745,0,-0.49936336310911944,3,3,1,1,1,0,1,0,0,0,1,0,0
0,-0.506112772679992,0,0,0,0,1,0.29423748434211433,1,-0.2577079671193234,1,1,0,0,0,0,1,0,1,0,0,0,1
0,-1.1987601143772668,0,0,0,1,1,1.0072449946194475,1,2.1081456927282267,0,3,1,0,0,0,1,0,1,0,0,0,1
0,-0.42462485012737144,1,0,0,1,1,0.9922867951031402,1,-0.1867278259052801,1,2,1,0,1,0,1,0,1,0,0,1,0
0,-1.1580161531009565,0,0,1,0,1,0.525258565760644,1,1.214582567703162,0,2,0,0,0,0,1,0,1,0,0,0,0
0,1.2051336009250397,0,0,1,1,1,-0.8575438784135787,0,-0.5948334284285838,3,2,1,1,1,1,0,0,0,0,1,0,0
0,-1.1172721918246462,0,0,0,0,1,-1.472492080750673,0,-0.26826919344228467,0,0,0,0,0,0,0,1,1,0,0,0,0
0,1.082901717096109,1,0,0,0,0,0.6897987604400287,1,-0.5006578615987051,3,1,1,1,0,0,1,0,0,1,0,0,1
1,-1.1987601143772668,1,0,0,0,1,-1.2763734648701943,0,0.10331921692084886,0,0,0,1,0,0,0,1,0,0,1,0,0
0,1.6125732136881425,1,1,1,1,1,1.1102903690651231,0,-0.51006949805569,3,4,1,1,1,0,1,0,0,0,1,0,0
1,1.0014137945434884,0,0,0,1,1,1.0886840808749008,0,-0.47076777020363475,3,4,1,1,1,0,1,0,0,1,0,1,0
1,1.368109446030281,0,0,0,0,0,-1.4907743246039378,0,-0.632336981918722,3,0,0,1,1,0,0,1,0,0,1,1,0
0,1.1236456783724194,0,0,0,1,1,-0.46530664665262134,1,-0.5698837841902165,3,3,1,0,0,1,0,0,1,0,0,0,1
1,0.512486259227765,1,0,0,1,0,1.160151034119482,0,-0.4140962864234005,2,3,1,1,1,0,1,0,0,0,1,0,0
0,-1.1987601143772668,0,0,0,1,1,-0.997153740565784,0,0.3484508384169474,0,1,1,0,1,1,0,0,1,0,0,1,0
0,-0.7098325790615434,0,1,1,1,0,1.3396494283151743,1,0.09967142493429977,1,5,1,0,0,0,1,0,1,0,0,0,1
1,0.7569500268856267,0,1,1,1,0,-0.1545085011471169,0,-0.5320700272592858,3,5,1,1,1,1,0,0,0,1,0,0,0
0,1.1236456783724194,1,1,1,0,0,-0.001602461647082585,0,-0.5431891228329131,3,3,0,1,0,1,0,0,0,1,0,0,1
0,0.02355872391204165,1,0,0,0,1,-0.3373309396797665,0,-0.47946919693016976,2,1,0,0,1,1,0,0,1,0,0,0,0
0,-0.9135523854430948,0,1,1,1,1,1.5058516451630375,1,0.5012601609080217,0,6,1,0,0,0,1,0,1,0,0,0,1
0,-0.26164900502213034,0,0,0,0,0,-1.5123806127941604,0,-0.5836545865311804,2,0,0,1,1,0,0,1,0,1,0,1,0
0,-1.076528230548336,0,0,0,0,0,0.6349520288802342,1,0.731990110145537,0,2,1,0,0,0,1,0,1,0,0,0,1
0,1.4088534073065913,1,1,1,1,1,1.5440781550380462,0,-0.47612181134251297,3,5,1,1,0,0,1,0,0,1,0,0,1
1,0.6754621043330061,0,1,1,0,1,-0.9639132971962113,0,-0.5835162406425054,3,2,0,1,1,1,0,0,0,1,0,1,0
0,-1.2802480369298874,0,0,0,0,1,-1.4874502802669807,0,0.5031172186466287,0,0,0,0,0,0,0,1,1,0,0,0,0
0,-1.0357842692720256,0,0,0,1,1,0.6499102283965414,0,0.5636705656233435,0,2,1,0,0,0,1,0,1,0,0,0,1
0,-0.22090504374582004,1,1,0,1,1,1.5191478225108668,0,-0.20643043405126202,2,5,1,1,1,0,1,0,0,1,0,0,0
1,0.18653456901728277,0,0,0,1,0,0.8776072654781145,0,-0.38694402607134826,2,2,1,1,1,0,1,0,0,1,0,1,0
1,1.24587756220135,1,1,0,1,1,1.1884054109836186,1,-0.48370170851456273,3,4,1,0,0,0,1,0,1,0,0,0,1
1,-0.05792919864057891,1,1,1,0,0,0.8144504230759262,0,-0.3413466262394847,2,3,0,0,0,0,1,0,1,0,0,0,1
1,0.7162060656093164,1,0,0,1,1,1.2980988741032085,1,-0.4294014637814568,3,4,1,0,1,0,1,0,1,0,0,0,0
0,-0.01718523736426863,1,0,0,0,1,0.5418787874454303,0,-0.38022324568400934,2,1,0,0,1,0,1,0,1,0,0,1,0
0,-1.2802480369298874,0,0,0,0,0,-1.336206262935425,1,0.7686764752674022,0,0,0,0,0,1,0,0,1,0,0,0,1
0,1.24587756220135,1,0,1,0,1,0.5452028317823878,0,-0.5189940959844251,3,1,0,1,1,0,1,0,0,1,0,1,0
0,-0.09867315991688919,1,1,0,0,1,0.9806526399237896,0,-0.3120113184250754,2,3,1,0,1,0,1,0,1,0,0,1,0
0,1.5718292524118322,1,1,1,1,1,1.7052943053804734,0,-0.47886838413238525,3,6,1,1,1,0,1,0,0,0,1,0,0
0,0.8384379494382472,1,0,0,1,0,1.354607627831482,0,-0.4389318170500182,3,4,1,1,0,0,1,0,0,0,1,0,1
0,-0.8320644628904743,0,1,1,1,1,1.1335586794238242,1,0.22094647851787794,0,4,1,0,1,0,1,0,1,0,0,0,0
0,0.7162060656093164,1,1,0,0,1,0.9839766842607471,0,-0.4510307245017008,3,3,1,0,1,0,1,0,1,0,0,1,0
0,-1.2395040756535771,0,0,0,0,0,-1.5057325241202457,0,0.09164628256389182,0,0,0,0,0,0,0,1,1,0,0,0,0
0,-0.9542963467194051,1,0,0,1,0,1.1136144134020802,1,0.4803549966505624,0,3,1,0,1,0,1,0,1,0,0,1,0
0,-0.6283446565089229,0,1,0,1,0,0.9656944404074818,1,-0.05848062319363948,1,3,1,0,0,0,1,0,1,0,0,0,1
0,0.9606698332671781,0,1,0,1,1,1.3562696499999605,0,-0.45083798255153434,3,5,1,1,1,0,1,0,0,1,0,1,0
1,1.4088534073065913,0,1,0,1,0,0.5501888982878235,0,-0.5274483903532506,3,5,1,1,1,1,0,0,0,0,1,1,0
0,-0.9542963467194051,1,0,0,1,1,1.1867433888151402,1,0.5060354522358681,0,3,1,0,0,0,1,0,1,0,0,0,1
0,-1.1580161531009565,0,0,0,1,1,-0.2791601637830144,0,0.6496125448264399,0,1,1,0,0,1,0,0,1,0,0,0,1
0,-0.5468567339563023,0,0,1,0,1,0.018341804374660826,0,-0.28568132052474565,1,3,1,1,1,1,0,0,0,1,0,0,0
1,-0.9950403079957154,0,0,0,0,0,-1.4907743246039378,0,-0.4083444057257695,0,0,0,0,0,0,0,1,1,0,0,0,0
0,1.5718292524118322,1,0,1,1,1,1.5440781550380462,0,-0.4867314024145021,3,5,1,1,0,0,1,0,0,0,1,0,1
0,-0.9135523854430948,0,0,0,0,1,0.2676451296464558,1,0.10597215654742997,0,1,0,0,0,0,1,0,1,0,0,0,1
0,-0.7098325790615434,1,0,0,1,0,0.8044782900650546,0,-0.017787477032580754,1,2,1,0,1,0,1,0,1,0,0,1,0
1,1.6125732136881425,1,1,0,1,1,1.3728898716847469,0,-0.49743714443651726,3,4,1,1,1,0,1,0,0,1,0,0,0
0,-0.8320644628904743,0,0,0,0,0,-1.4874502802669807,0,-0.48706188613294166,0,0,0,1,1,0,0,1,0,1,0,1,0
1,1.6125732136881425,1,0,0,0,1,-1.3162619969136813,0,-0.6267988416252607,3,0,0,1,1,0,0,1,0,0,1,0,0
0,-1.2802480369298874,1,0,0,0,1,0.2909134400051568,1,3.6256271591326463,0,0,0,0,0,0,1,0,1,0,0,0,1
0,-0.38388088885106114,0,1,0,0,1,0.35240826023886646,0,-0.30036976292391654,1,1,0,0,1,0,1,0,1,0,0,0,0
0,1.6125732136881425,0,1,1,1,1,0.024989893048575452,0,-0.5622778962412582,3,6,1,1,1,1,0,0,0,0,1,0,0
0,-0.26164900502213034,1,0,0,0,1,0.5285826100976015,0,-0.3182034126359343,2,1,0,0,0,0,1,0,1,0,0,0,1
0,-0.46536881140368175,0,0,1,1,1,1.3213671844619093,0,-0.1123647747201989,1,5,1,1,0,0,1,0,0,1,0,0,0
0,1.1236456783724194,1,0,0,0,0,-1.3511644624517327,0,-0.6208811121595453,3,0,0,1,1,0,0,1,0,1,0,0,0
0,-0.8320644628904743,0,0,0,0,0,-1.4741541029191516,0,-0.4834702140231087,0,0,0,0,0,0,0,1,1,0,0,0,0
0,-0.6690886177852331,1,0,0,0,1,0.35240826023886646,0,-0.14936547974739833,1,0,0,0,0,0,1,0,1,0,0,0,1
0,1.24587756220135,1,1,0,1,1,0.49534216672802883,0,-0.521729939974337,3,4,1,1,1,1,0,0,0,1,0,1,0
0,-0.42462485012737144,0,1,0,0,0,0.5618230534671742,0,-0.2524515215237993,1,2,0,0,0,0,1,0,1,0,0,0,1
1,-0.01718523736426863,0,1,1,0,0,0.38232465927148157,0,-0.3972020592941287,2,5,1,0,1,1,0,0,1,0,0,0,0
0,-1.1987601143772668,1,0,0,0,1,0.48537003371715715,1,1.6499830192176614,0,1,0,0,0,0,1,0,1,0,0,0,1
0,-0.791320501614164,0,0,0,0,1,0.5435408096139093,1,0.009518851552443865,1,2,0,0,0,0,1,0,1,0,0,0,1
1,1.4495973685829016,1,0,1,1,1,1.2947748297662514,0,-0.49157750287972435,3,4,1,1,1,0,1,0,0,0,1,1,0
1,-0.09867315991688919,0,0,0,0,0,0.7197151594726443,0,-0.34157020058704735,2,2,1,1,0,0,1,0,0,1,0,0,1
0,-0.6690886177852331,0,0,0,0,0,0.3424361272279943,0,-0.1514254093398026,1,1,0,0,1,0,1,0,1,0,0,0,0
0,0.02355872391204165,0,0,1,0,0,0.525258565760644,0,-0.39037724205868857,2,2,0,1,1,0,1,0,0,0,1,0,0
0,1.6125732136881425,0,0,0,0,0,-1.5123806127941604,0,-0.6362331310370479,3,0,0,1,1,0,0,1,0,0,1,1,0
0,-1.1580161531009565,1,0,0,0,1,0.6582203392389346,1,1.3079660425588189,0,1,1,0,0,0,1,0,1,0,0,0,1
0,-0.8320644628904743,0,1,1,0,1,-1.037042272609271,0,-0.36539399341235057,0,2,0,1,0,1,0,0,0,1,0,0,0
0,-1.1580161531009565,1,0,0,1,1,0.6133457406900117,0,1.2764491197950347,0,1,1,0,0,0,1,0,1,0,0,0,1
0,-1.076528230548336,1,1,0,0,1,0.4737358785378064,1,0.6511133506723344,0,1,0,0,0,0,1,0,1,0,0,0,1
0,1.3273654847539706,1,0,1,1,1,1.4377087362554137,0,-0.475994366203589,3,5,1,1,1,0,1,0,0,1,0,1,0
0,-0.7098325790615434,0,0,0,0,0,-1.4924363467724167,0,-0.5219123295736644,1,0,0,0,0,0,0,1,1,0,0,0,0
1,-0.3431369275747509,0,0,0,0,0,-1.4542098368974081,0,-0.5688083433527394,1,0,0,1,1,0,0,1,0,1,0,0,0
1,-0.791320501614164,0,0,0,0,0,-1.1517218022342968,0,-0.41570947145099246,1,1,0,0,0,1,0,0,1,0,0,0,1
0,-0.3431369275747509,0,0,0,0,1,0.5003282332334644,0,-0.29426092727710906,1,1,1,0,1,0,1,0,1,0,0,1,0
0,1.6125732136881425,0,1,1,1,0,0.023327870880096913,0,-0.5623578478464428,3,6,1,1,1,1,0,0,0,0,1,0,0
1,0.8791819107145575,1,1,0,1,1,1.3064089849456015,0,-0.4461576385366396,3,4,1,0,1,0,1,0,1,0,0,0,0
0,-1.1987601143772668,1,0,0,0,0,0.3191678168692938,1,1.504071339755698,0,0,0,0,1,0,1,0,1,0,0,0,0
1,-1.1580161531009565,0,0,0,0,1,-1.472492080750673,0,-0.18850414200307802,0,0,0,0,0,0,0,1,1,0,0,0,0
1,-0.01718523736426863,1,0,0,1,1,0.8825933319835501,0,-0.3439664041207336,2,2,1,0,0,0,1,0,1,0,0,0,0
0,0.10504664646466222,1,0,0,1,1,1.1385447459292597,1,-0.3459266317337074,2,3,1,0,0,0,1,0,1,0,0,0,1
1,0.10504664646466222,0,0,0,0,0,-1.472492080750673,0,-0.6006235744389791,2,0,0,1,1,0,0,1,0,0,1,0,0
0,-1.2395040756535771,0,0,0,0,0,-0.6597632403646212,1,1.0819002138457505,0,0,0,0,0,1,0,0,1,0,0,0,0
0,-0.9950403079957154,0,0,0,0,0,0.35905634891278065,0,0.31343203534607605,0,1,0,0,0,0,1,0,1,0,0,0,1
0,-0.42462485012737144,0,1,1,0,0,-0.32237274016345874,0,-0.3874515449564333,1,2,0,0,0,1,0,0,1,0,0,0,0
0,-0.7098325790615434,0,1,1,0,0,-0.19439703319060395,0,-0.2370197754241808,1,3,0,0,0,1,0,0,1,0,0,0,1
0,-0.42462485012737144,1,0,0,1,1,1.0072449946194475,0,-0.18444399092239733,1,2,1,0,0,0,1,0,1,0,0,0,1
0,-1.2802480369298874,0,0,0,0,0,-0.6680733512070144,1,1.9418063781415886,0,0,0,0,1,1,0,0,1,0,0,1,0
1,1.5718292524118322,1,0,0,0,0,-1.3079518860712882,0,-0.6258338701682407,3,0,0,1,1,0,0,1,0,0,1,0,0
0,-1.1580161531009565,0,1,0,0,0,-0.2675260086036639,0,0.6577835988763099,0,2,0,0,0,1,0,0,1,0,0,0,1
0,-0.3023929662984406,1,1,1,0,0,0.5634850756356528,0,-0.30007045691476386,2,5,1,0,1,1,0,0,1,0,0,0,0
1,-0.01718523736426863,0,0,0,1,1,0.7080810042932936,0,-0.36253698150680164,2,2,1,0,0,0,1,0,1,0,0,0,1
0,-1.0357842692720256,0,1,0,0,0,-1.1633559574136474,0,-0.232277645841667,0,1,0,0,1,1,0,0,1,0,0,0,0
0,-0.6283446565089229,0,0,0,0,1,-1.472492080750673,0,-0.5341526982396402,1,0,0,1,0,0,0,1,0,1,0,0,0
0,-0.9950403079957154,0,1,0,1,0,-0.1295781686199374,0,0.12277410751577734,0,2,1,0,1,1,0,0,1,0,0,0,0
0,0.9606698332671781,1,1,1,0,0,0.28094130699428504,0,-0.517087004735317,3,4,1,1,1,1,0,0,0,0,1,0,0
0,-1.2802480369298874,0,0,0,0,1,-0.6348329078374417,1,2.000171049926374,0,0,0,0,0,1,0,0,1,0,0,0,0
0,-0.9950403079957154,0,1,1,1,0,1.1800953001412255,1,0.6337892338092315,0,4,1,0,1,0,1,0,1,0,0,1,0
0,-1.0357842692720256,0,0,0,0,0,-1.5140426349626388,1,-0.38621446767403844,0,0,0,0,0,0,0,1,1,0,0,0,1
1,-1.1987601143772668,0,0,0,0,0,-1.4608579255713225,0,-0.058642747281930474,0,0,0,0,0,0,0,1,1,0,0,0,0
0,1.5718292524118322,0,1,1,1,0,0.4172271248095328,0,-0.541691468345175,3,5,1,1,1,1,0,0,0,0,1,1,0
0,-1.2395040756535771,1,0,0,1,1,1.0371613936520632,1,3.068244543587946,0,2,1,0,0,0,1,0,1,0,0,0,1
0,-1.2802480369298874,0,0,0,1,0,0.856000977287892,1,4.617826579473998,0,2,1,0,0,0,1,0,1,0,0,0,1
0,0.6754621043330061,1,1,0,1,1,0.9656944404074818,0,-0.44799347275823376,3,3,1,0,1,0,1,0,1,0,0,0,0
0,1.0421577558197987,0,0,1,1,0,0.17623391038013098,0,-0.5284041627700654,3,4,1,1,1,1,0,0,0,0,1,0,0
0,0.4717422979514547,0,0,0,0,1,-1.1450737135603821,1,-0.5883669933641742,2,1,0,0,0,1,0,0,1,0,0,0,1
1,1.082901717096109,0,0,1,1,1,0.37069050409213133,0,-0.5193345565698364,3,4,1,1,1,1,0,0,0,0,1,1,0
0,1.5718292524118322,1,1,1,1,1,1.4377087362554137,1,-0.49191937323981644,3,5,1,1,0,0,1,0,0,0,1,0,1
0,-1.2802480369298874,0,0,0,0,1,0.16958582170621683,1,3.4125961071181803,0,0,0,0,0,0,1,0,1,0,0,0,1
0,-0.8728084241667845,1,0,0,0,0,0.3474221937334304,0,0.06489580799586515,0,0,0,0,0,0,1,0,1,0,0,0,1
0,1.2051336009250397,1,0,0,1,1,1.2947748297662514,1,-0.4748616030931916,3,4,1,1,0,0,1,0,0,1,0,0,1
1,0.10504664646466222,0,1,1,0,1,-0.3273588066688946,0,-0.48892007760643164,2,2,0,1,1,1,0,0,0,1,0,0,0
0,-0.506112772679992,0,0,0,0,1,-1.5057325241202457,0,-0.5587029173237166,1,0,0,0,1,0,0,1,1,0,0,0,0
1,0.3087664528462136,0,0,0,0,0,-1.5024084797832884,0,-0.6112921302977427,2,0,0,1,0,0,0,1,0,0,1,0,0
0,0.2680224915699033,0,1,0,0,1,-0.5633659545928605,0,-0.5274569733932191,2,1,0,1,0,1,0,0,0,1,0,0,1
0,-1.2802480369298874,1,0,0,0,1,0.72470122597808,1,4.387286125924096,0,1,1,0,0,0,1,0,1,0,0,0,1
1,1.6125732136881425,1,0,0,0,0,-1.3644606397995618,0,-0.6291174381756153,3,0,0,1,1,0,0,1,0,0,1,0,0
0,0.02355872391204165,1,0,0,0,1,0.525258565760644,1,-0.39037724205868857,2,1,0,0,1,0,1,0,1,0,0,0,0
0,-0.8320644628904743,0,0,0,0,0,-0.69798975023963,0,-0.2738063546116105,0,0,0,0,1,1,0,0,1,0,0,0,0
0,-1.2802480369298874,0,0,0,0,0,-1.4974224132778524,0,0.4856078171111931,0,0,0,0,1,0,0,1,1,0,0,0,0
1,-0.22090504374582004,0,0,0,0,0,-1.5173666792995961,0,-0.5872599174469867,2,0,0,0,0,0,0,1,1,0,0,0,0
1,0.06430268518835193,0,0,0,0,0,-1.5024084797832884,0,-0.6017260182393583,2,0,0,1,1,0,0,1,0,1,0,1,0
0,0.9606698332671781,0,1,0,0,0,0.5152864327497723,0,-0.5026494280306596,3,2,0,1,1,0,1,0,0,0,1,0,0
0,1.0421577558197987,1,0,0,0,0,-1.344516373777818,0,-0.6189188656227409,3,0,0,1,1,0,0,1,0,0,1,1,0
1,-0.42462485012737144,1,0,0,0,0,-1.3145999747452028,0,-0.5389459321543327,1,0,0,1,1,0,0,1,0,0,1,1,0
1,-0.9135523854430948,1,0,0,0,0,-1.286345597881066,0,-0.3901275536232456,0,0,0,1,1,0,0,1,0,0,1,1,0
0,-0.791320501614164,0,0,0,0,0,-1.4891123024354593,0,-0.5003382455389312,1,0,0,1,1,0,0,1,0,0,1,1,0
0,0.10504664646466222,1,0,1,0,0,0.6814886495976356,1,-0.3905107560137518,2,2,0,0,1,0,1,0,1,0,0,1,0
0,0.06430268518835193,0,0,0,0,1,0.1729098660431739,1,-0.43363576349917654,2,0,0,0,1,0,1,0,1,0,0,1,0
0,-1.1580161531009565,1,0,0,1,1,0.9806526399237896,1,1.5344209690837862,0,2,1,0,0,0,1,0,1,0,0,0,1
0,1.6125732136881425,0,0,0,0,0,-1.4658439920767583,0,-0.6339944860918781,3,0,0,1,1,0,0,1,0,0,1,0,0
0,-1.2395040756535771,0,0,1,1,0,0.18288199905404562,0,2.068263167008623,0,3,1,0,0,1,0,0,1,0,0,0,1
0,-1.0357842692720256,0,0,0,1,1,1.0155551054618408,1,0.7241734130315032,0,3,1,0,0,0,1,0,1,0,0,0,1
0,-0.22090504374582004,1,0,0,0,1,0.35573230457582355,1,-0.3523421135132255,2,0,0,0,0,0,1,0,1,0,0,0,1
1,-1.1580161531009565,0,0,0,0,1,0.1579516665268661,0,0.956610718414411,0,0,0,0,0,0,1,0,1,0,0,0,0
0,0.18653456901728277,0,0,0,0,0,-1.494098368940895,0,-0.6061187277473713,2,0,0,1,0,0,0,1,0,0,1,0,0
0,-0.46536881140368175,0,0,0,0,0,-1.4891123024354593,0,-0.5609768655750719,1,0,0,0,0,0,0,1,1,0,0,0,0
0,0.8384379494382472,1,0,0,1,1,1.0321753271466272,0,-0.45989986580232994,3,2,1,1,1,0,1,0,0,1,0,1,0
0,-0.5876006952326126,1,0,1,0,1,0.8410427777715843,1,-0.1135516161320905,1,2,1,0,0,0,1,0,1,0,0,0,1
0,-1.2395040756535771,0,0,0,0,0,0.1380074005051227,1,2.0157349624023166,0,0,0,0,0,0,1,0,1,0,0,0,1
1,-0.01718523736426863,1,1,0,1,1,1.155164967614046,1,-0.31496093087011295,2,3,1,0,1,0,1,0,1,0,0,1,0
0,-0.38388088885106114,0,0,0,0,1,-1.4641819699082799,0,-0.5661722056771267,1,0,0,1,0,0,0,1,0,1,0,0,1
0,-1.1987601143772668,0,1,0,0,1,-0.48691293484284354,0,0.7963996943651752,0,1,0,0,0,1,0,0,1,0,0,0,0
1,1.5718292524118322,0,1,1,1,0,-0.20436916620147588,0,-0.5720086728556052,3,5,1,1,0,1,0,0,0,0,1,0,0
0,-0.9542963467194051,0,0,1,1,1,1.033837349315106,0,0.4523399541938654,0,3,1,0,1,0,1,0,1,0,0,0,0
0,-1.2802480369298874,0,0,0,0,0,-0.5085192230330657,0,2.2219568027085583,0,1,0,0,0,1,0,0,1,0,0,0,1
1,-0.5876006952326126,0,0,0,0,0,-0.24425769824496293,1,-0.3141417775819054,1,2,1,0,0,1,0,0,1,0,0,0,1
1,-0.8320644628904743,0,0,0,0,0,-0.37057138304933923,1,-0.18536142890697418,0,1,1,1,1,1,0,0,0,1,0,1,0
0,1.5718292524118322,1,1,1,0,1,0.5086383440758576,0,-0.5372330559171706,3,5,1,1,0,1,0,0,0,0,1,0,0
0,1.2866215234776603,1,0,0,0,1,-1.3428543516093396,0,-0.623276050898356,3,0,0,1,1,0,0,1,0,1,0,0,0
0,-1.1580161531009565,0,0,1,0,1,-0.8226414128755275,0,0.26790759135394365,0,2,1,0,0,1,0,0,1,0,0,0,1
0,-0.38388088885106114,0,0,0,0,1,-1.5057325241202457,0,-0.5722518589880418,1,0,0,0,0,0,0,1,1,0,0,0,0
1,0.2680224915699033,0,1,0,0,0,-0.4569965358102282,0,-0.5181186259076533,2,1,0,0,1,1,0,0,1,0,0,1,0
0,-0.18016108246950976,0,1,1,0,0,-0.34730307269063826,0,-0.44832756018982944,2,2,0,1,0,1,0,0,0,1,0,0,0
0,-1.1172721918246462,0,0,0,1,1,0.6615443835758922,0,0.9807347827521224,0,2,1,0,0,0,1,0,1,0,0,0,1
0,0.512486259227765,0,0,0,0,1,0.7080810042932936,0,-0.44860757060918666,2,2,1,0,0,0,1,0,1,0,0,0,1
0,0.18653456901728277,0,0,0,0,1,0.18454402122252414,0,-0.45099157379307325,2,0,0,0,0,0,1,0,1,0,0,0,0
0,1.1236456783724194,0,1,1,1,1,1.5025276008260804,0,-0.4565989130538462,3,6,1,1,1,0,1,0,0,0,1,0,0
0,-0.9950403079957154,1,0,0,1,1,1.1900674331520973,1,0.6376802119282171,0,3,1,0,0,0,1,0,1,0,0,0,1
0,0.5939741817803856,1,1,0,1,0,1.0005969059455335,0,-0.4363108109559792,2,3,1,1,1,0,1,0,0,1,0,1,0
1,-0.26164900502213034,1,0,0,1,1,0.6299659623747981,1,-0.305017320121594,2,1,1,0,0,0,1,0,1,0,0,0,1
1,-1.1987601143772668,0,1,1,1,1,0.7812099797063535,1,1.9097058086599559,0,3,1,0,0,0,1,0,1,0,0,0,0
1,0.7162060656093164,0,0,0,0,1,0.16459975520078074,0,-0.5074499072269933,3,0,0,0,1,0,1,0,1,0,0,0,0
1,-0.22090504374582004,1,0,1,1,0,0.22609457543448996,0,-0.3686008435104157,2,3,1,0,1,1,0,0,1,0,0,0,0
0,-0.9950403079957154,0,0,0,1,1,0.9075236645107296,1,0.5274358318902892,0,3,1,0,0,0,1,0,1,0,0,0,1
0,1.2051336009250397,1,0,0,0,0,-1.367784684136519,0,-0.6232746256316459,3,0,0,1,1,0,0,1,0,0,1,0,0
0,1.5718292524118322,0,1,1,1,0,0.5668091199726097,0,-0.5343958843720769,3,5,1,1,1,1,0,0,0,0,1,0,0
0,1.368109446030281,1,0,0,0,0,-1.3195860412506386,0,-0.6233645025249415,3,0,0,1,0,0,0,1,0,0,1,0,0
1,1.4495973685829016,1,1,1,1,1,1.658757684663072,0,-0.4730530635741186,3,6,1,1,1,0,1,0,0,0,1,0,0
0,-0.791320501614164,0,0,0,1,0,-0.5201533782124163,0,-0.257291076606575,1,3,1,0,0,1,0,0,1,0,0,0,1
0,0.9606698332671781,0,0,0,0,1,0.5352306987715161,0,-0.5014206980983483,3,1,1,1,0,0,1,0,0,1,0,0,1
0,0.22727853029359305,0,1,0,0,1,0.4870320558856357,1,-0.42929582636646174,2,2,0,0,0,0,1,0,1,0,0,0,1
0,-0.7505765403378537,0,0,0,1,0,0.8526769329509349,1,0.0367834910861936,1,2,1,0,1,0,1,0,1,0,0,1,0
1,-0.6690886177852331,0,0,0,0,1,-1.5123806127941604,0,-0.5345723135269819,1,0,0,1,1,0,0,1,0,1,0,0,0
1,-0.7505765403378537,0,0,0,0,0,0.17955795471708852,0,-0.12080112273272686,1,0,0,0,0,0,1,0,1,0,0,0,1
1,-0.01718523736426863,0,0,0,0,1,0.16459975520078074,1,-0.4203710653662708,2,0,0,0,1,0,1,0,1,0,0,0,0
0,-0.9950403079957154,0,1,1,0,0,-0.3506271170275956,0,0.03652409254492785,0,2,0,1,1,1,0,0,0,1,0,0,0
1,0.4309983366751445,1,0,0,1,1,1.1468548567716528,0,-0.4036575457188095,2,3,1,0,1,0,1,0,1,0,0,0,0
0,0.797693988161937,1,1,1,1,0,0.30587163952146457,0,-0.5041138577298607,3,4,1,1,1,1,0,0,0,1,0,1,0
0,-1.1987601143772668,0,0,1,0,1,-0.4835888905058862,0,0.7993179279544145,0,1,0,0,0,1,0,0,1,0,0,0,0
0,-0.13941712119319946,0,0,0,0,1,-1.495760391109374,0,-0.5900530838824013,2,0,0,1,0,0,0,1,0,1,0,0,0
0,-1.2802480369298874,0,0,0,0,0,-1.5007464576148097,1,0.4797713499327145,0,0,0,0,0,0,0,1,1,0,0,0,0
0,-0.8320644628904743,0,0,1,0,1,-0.7029758167450658,1,-0.2751532316527978,0,3,1,0,0,1,0,0,1,0,0,0,1
1,-0.6690886177852331,0,0,0,0,1,-0.9738854302070831,0,-0.42333611553715556,1,1,1,0,1,1,0,0,1,0,0,1,0
0,0.3087664528462136,1,0,1,1,1,0.5302446322660801,0,-0.43719458494946833,2,4,1,1,0,1,0,0,0,1,0,0,0
0,-1.1172721918246462,0,0,0,0,0,-0.8409236567287923,1,0.10137372786135601,0,2,1,0,0,1,0,0,1,0,0,0,1
0,0.3087664528462136,1,0,0,1,1,1.0737258813585928,1,-0.3906452003796517,2,2,1,0,1,0,1,0,1,0,0,0,0
0,0.1457906077409725,0,0,0,0,0,-1.504070501951767,0,-0.6054171893738557,2,0,0,1,0,0,0,1,0,1,0,0,0
0,-1.1172721918246462,0,0,0,0,1,0.5053142997389005,1,0.8892967969559586,0,1,1,0,0,0,1,0,1,0,0,0,1
0,-0.9135523854430948,0,1,0,1,1,0.6615443835758922,1,0.23172149484737675,0,2,1,0,0,0,1,0,1,0,0,0,0
1,-1.2395040756535771,0,0,0,1,1,0.8227605339183194,1,2.8172764549133684,0,2,1,0,1,0,1,0,1,0,0,0,0
0,-0.38388088885106114,1,0,1,1,1,0.8576629994563706,1,-0.22644117866318847,1,2,1,0,0,0,1,0,1,0,0,0,1
1,-0.26164900502213034,0,0,0,0,1,-1.4874502802669807,0,-0.580412104765359,2,0,0,1,1,0,0,1,0,1,0,0,0
0,1.6125732136881425,1,1,0,1,1,1.582304664913055,0,-0.48736324218325294,3,5,1,1,0,0,1,0,0,0,1,0,1
0,0.06430268518835193,0,0,1,0,0,-0.48525091267436476,0,-0.4996712207185337,2,1,0,0,1,1,0,0,1,0,0,0,0
0,-0.9135523854430948,0,1,1,1,0,-0.08470357007101424,0,-0.006512483619610842,0,3,1,0,1,1,0,0,1,0,0,0,0
0,-0.7505765403378537,0,1,1,0,0,-0.3024284741417151,0,-0.23363948818331198,1,2,0,1,0,1,0,0,0,1,0,0,0
0,-0.38388088885106114,1,1,0,1,1,0.8393807556031058,1,-0.22911622611999113,1,2,1,0,1,0,1,0,1,0,0,0,0
0,0.5939741817803856,0,0,0,0,0,-1.5007464576148097,0,-0.619308375614525,2,0,0,1,0,0,0,1,0,0,1,0,0
0,-0.3431369275747509,0,1,1,0,1,0.8127884009074476,0,-0.2503706940949505,1,3,1,0,0,0,1,0,1,0,0,0,1
0,0.6754621043330061,1,0,0,1,1,1.1385447459292597,1,-0.4358536210269984,3,3,1,0,1,0,1,0,1,0,0,0,0
0,-0.506112772679992,0,1,1,0,0,-0.3589372278699887,0,-0.3669332814594218,1,2,0,1,0,1,0,0,0,1,0,0,0
0,-1.2395040756535771,0,0,0,0,0,0.16459975520078074,1,2.0468627873542022,0,0,0,0,1,0,1,0,1,0,0,0,0
0,-1.2395040756535771,0,0,0,0,1,-0.5234774225493735,1,1.2414303167241634,0,1,0,0,1,1,0,0,1,0,0,1,0
0,-0.42462485012737144,0,0,1,1,0,-0.2675260086036639,0,-0.37907748335252933,1,4,1,1,1,1,0,0,0,0,1,0,0
0,-1.0357842692720256,1,0,0,1,1,1.1053043025596871,1,0.7635695664862334,0,3,1,0,1,0,1,0,1,0,0,0,0
0,-1.2802480369298874,0,0,0,0,0,-1.4525478147289292,0,0.5644001240206534,0,0,0,0,0,0,0,1,1,0,0,0,0
1,1.082901717096109,1,0,1,0,1,1.0587676818422855,0,-0.4790629330383344,3,3,1,0,1,0,1,0,1,0,0,0,0
1,1.0421577558197987,1,0,0,0,1,-1.3395303072723823,0,-0.6186220961051911,3,0,0,1,1,0,0,1,0,1,0,1,0
0,0.3495104141225239,1,1,1,1,1,1.6521095959891574,1,-0.34886802590698823,2,6,1,0,1,0,1,0,1,0,0,0,0
0,1.082901717096109,1,0,0,0,1,0.4787219450432425,0,-0.5130117171264846,3,1,0,1,1,0,1,0,0,0,1,1,0
1,-1.1987601143772668,0,0,0,0,1,0.1579516665268661,0,1.3625370106775931,0,0,0,0,0,0,1,0,1,0,0,0,1
0,-0.01718523736426863,0,0,0,0,1,-1.4874502802669807,0,-0.5961725312877152,2,0,0,1,1,0,0,1,0,0,1,0,0
0,0.5532302205040753,1,0,0,1,1,1.131896657255345,0,-0.4215902886840187,2,3,1,0,0,0,1,0,1,0,0,0,1
0,-1.2395040756535771,0,0,0,0,1,0.5368927209399946,1,2.4826523366805997,0,1,1,0,0,0,1,0,1,0,0,0,1
1,0.797693988161937,0,0,0,0,0,-1.5024084797832884,0,-0.6239266179220239,3,0,0,1,1,0,0,1,0,1,0,1,0
0,-0.791320501614164,0,0,0,0,1,0.31584377253233625,1,-0.047595148694096166,1,1,0,0,0,0,1,0,1,0,0,0,1
0,-0.8728084241667845,0,0,0,1,0,0.8277466004237555,1,0.20545739254422335,0,2,1,0,1,0,1,0,1,0,0,0,0
0,-0.01718523736426863,1,1,1,0,0,0.7596036915161316,0,-0.3570542396118672,2,2,0,0,1,0,1,0,1,0,0,0,0
0,-0.6283446565089229,1,0,0,1,1,1.1850813666466615,1,-0.015679863884796818,1,3,1,0,1,0,1,0,1,0,0,1,0
0,-0.6690886177852331,1,0,0,0,1,0.33080197204864403,0,-0.15382866053094074,1,0,0,0,1,0,1,0,1,0,0,1,0
0,0.7569500268856267,1,1,0,1,0,1.4177644702336702,0,-0.42589122051234923,3,5,1,1,1,0,1,0,0,1,0,0,0
0,-0.13941712119319946,0,0,1,1,1,0.35074623807038746,0,-0.3739092493727462,2,4,1,1,1,1,0,0,0,1,0,0,0
0,1.5310852911355222,0,1,1,0,0,0.005045627026832042,0,-0.5603117624010839,3,4,0,1,1,1,0,0,0,0,1,1,0
1,1.5718292524118322,1,1,1,0,0,1.1850813666466615,0,-0.5042408039499378,3,4,1,1,0,0,1,0,0,0,1,0,1
1,0.3495104141225239,1,0,0,1,0,0.1230492009888149,0,-0.47671444981651806,2,3,1,1,1,1,0,0,0,1,0,0,0
0,-1.2802480369298874,0,0,0,1,1,0.5235965435921655,0,4.034179861626144,0,1,1,0,0,0,1,0,1,0,0,0,1
0,-1.0357842692720256,0,1,1,1,0,0.5468648539508664,0,0.5184379449901348,0,5,1,0,1,1,0,0,1,0,0,0,0
1,-0.3023929662984406,0,0,0,1,1,0.8510149107824564,1,-0.2612355022271951,2,2,1,1,0,0,1,0,0,1,0,0,1
1,1.4088534073065913,1,1,1,0,0,0.8227605339183194,0,-0.5133722048051554,3,3,0,1,0,0,1,0,0,1,0,0,1
1,-1.1172721918246462,1,0,1,0,1,-0.3024284741417151,0,0.41654295549919707,0,1,0,0,0,1,0,0,1,0,0,0,0
1,-0.7098325790615434,1,0,0,0,1,-1.3295581742615106,0,-0.4861639681054834,1,0,0,0,0,0,0,1,1,0,0,0,1
1,-0.506112772679992,0,0,0,0,0,-1.4891123024354593,0,-0.5559236472387268,1,0,0,0,0,0,0,1,1,0,0,0,1
1,-1.1987601143772668,0,0,0,0,1,-0.28747027462540753,1,0.9714937097195313,0,2,0,0,0,1,0,0,1,0,0,0,0
1,0.8791819107145575,1,0,1,1,1,1.3429734726521318,0,-0.4438230516652481,3,4,1,1,0,0,1,0,0,1,0,0,1
0,0.3902543753988342,0,0,0,0,1,-1.504070501951767,0,-0.6140233188526178,2,0,0,1,0,0,0,1,0,1,0,0,0
0,-0.9542963467194051,0,0,0,0,1,0.4970041888965074,0,0.2638220643290086,0,1,1,0,0,0,1,0,1,0,0,0,1
0,1.24587756220135,1,0,0,1,0,1.0853600365379437,0,-0.48935578609371383,3,3,1,1,1,0,1,0,0,0,1,0,0
0,1.4903413298592119,1,0,0,0,0,-1.3478404181147754,0,-0.6266560709017167,3,0,0,1,1,0,0,1,0,0,1,0,0
0,1.4903413298592119,1,0,0,0,0,-1.336206262935425,0,-0.6260724241838689,3,0,0,1,1,0,0,1,0,0,1,1,0
0,0.3087664528462136,0,0,0,0,1,-0.48691293484284354,0,-0.5243145340526114,2,1,0,0,0,1,0,0,1,0,0,0,0
0,1.1236456783724194,0,1,0,0,0,-0.837599612391835,0,-0.5913160571079081,3,3,0,1,1,1,0,0,0,0,1,0,0
0,-1.1580161531009565,0,1,1,0,1,0.9839766842607471,1,1.536755555955178,0,4,1,0,1,0,1,0,1,0,0,0,0
0,1.5718292524118322,1,1,1,1,0,0.8327326669291911,0,-0.5214259573087912,3,6,1,1,0,1,0,0,0,0,1,0,0
0,0.18653456901728277,1,0,0,0,1,0.47041183420084937,1,-0.4245738802483809,2,1,0,0,1,0,1,0,1,0,0,1,0
0,-0.01718523736426863,1,0,0,1,1,1.131896657255345,0,-0.31743700785492207,2,3,1,0,1,0,1,0,1,0,0,1,0
0,0.2680224915699033,1,0,1,0,1,-0.3639232943754246,0,-0.5099475718577835,2,1,0,1,1,1,0,0,0,0,1,1,0
0,0.22727853029359305,1,0,0,0,1,-1.3478404181147754,0,-0.5945127434187772,2,0,0,1,0,0,0,1,0,1,0,0,1
0,0.797693988161937,1,0,0,0,1,0.8194364895813623,0,-0.47008615285910854,3,2,1,1,1,0,1,0,0,0,1,1,0
1,0.6347181430566958,1,1,0,1,1,1.3446354948206103,0,-0.4163645851138829,2,4,1,0,1,0,1,0,1,0,0,1,0
1,1.5310852911355222,0,1,1,1,0,-0.17611478933733907,0,-0.5692719725764948,3,5,1,1,1,1,0,0,0,0,1,0,0
0,-0.506112772679992,0,0,0,0,0,0.19119210989643878,0,-0.2749394416462601,1,0,0,0,1,0,1,0,1,0,0,1,0
0,0.7162060656093164,1,1,1,1,1,0.5884154081628322,0,-0.4782675713346007,3,5,1,1,1,1,0,0,0,1,0,1,0
0,-0.5468567339563023,0,0,0,1,1,-0.6630872847015785,1,-0.4053288976835556,1,2,1,1,1,1,0,0,0,1,0,1,0
1,-0.3023929662984406,0,1,0,0,1,-0.10630985826123643,0,-0.39053569818118117,2,3,0,1,1,1,0,0,0,1,0,0,0
0,-0.8320644628904743,0,0,0,0,1,-0.5234774225493735,0,-0.22666565817005302,0,1,0,0,1,1,0,0,1,0,0,0,0
0,0.2680224915699033,1,0,0,1,1,1.3579316721684396,1,-0.35878307193518927,2,4,1,0,0,0,1,0,1,0,0,0,1
0,-1.0357842692720256,0,0,0,0,0,0.327477927711687,1,0.4221362365452391,0,1,0,0,0,0,1,0,1,0,0,0,0
1,-0.38388088885106114,0,1,1,0,1,0.048258203407276413,0,-0.3448728251598155,1,4,0,1,0,1,0,0,0,1,0,0,0
0,-0.22090504374582004,0,0,0,0,1,-1.509056568457203,0,-0.5862176911651155,2,0,0,0,0,0,0,1,1,0,0,0,1
0,0.5939741817803856,1,0,0,1,1,0.706418982124815,0,-0.4578327836766188,2,1,1,0,1,0,1,0,1,0,0,1,0
1,-0.26164900502213034,0,0,0,0,1,-1.5173666792995961,0,-0.5843030828843447,2,0,0,1,1,0,0,1,0,0,1,1,0
0,-0.7505765403378537,1,1,0,1,1,-0.0032644838155611237,1,-0.16360188204156953,1,2,1,0,1,1,0,0,1,0,0,0,0
0,-0.8728084241667845,1,0,1,1,1,1.304746962777123,1,0.3450462325628349,0,4,1,0,1,0,1,0,1,0,0,0,0
1,-1.2395040756535771,0,0,0,0,0,-1.5140426349626388,0,0.08191883726642762,0,0,0,0,0,0,0,1,1,0,0,0,0
1,-0.26164900502213034,0,1,0,0,0,0.5701331643095673,0,-0.31279927635956534,2,2,0,0,0,0,1,0,1,0,0,0,1
0,1.6125732136881425,1,1,1,1,1,1.6570956624945936,0,-0.4837654199499442,3,6,1,1,1,0,1,0,0,0,1,0,0
1,1.24587756220135,0,0,0,0,0,-1.4891123024354593,0,-0.6306165307728272,3,0,0,1,1,0,0,1,0,0,1,1,0
1,1.5718292524118322,0,0,0,0,0,-1.495760391109374,0,-0.6349938811566861,3,0,0,1,0,0,0,1,0,0,1,0,0
1,-0.8728084241667845,1,1,0,1,1,0.01169371570074667,0,-0.03335138950852346,0,2,1,0,1,1,0,0,1,0,0,0,0
0,-0.7505765403378537,0,0,0,0,0,-1.5007464576148097,0,-0.5141790105621804,1,0,0,1,0,0,0,1,0,1,0,0,0
1,-0.791320501614164,1,1,1,1,0,0.802816267896576,0,0.07455377154120468,1,6,1,1,1,1,0,0,0,0,1,1,0
1,-1.076528230548336,0,0,0,0,1,-1.4824642137615447,0,-0.33024691633755676,0,0,0,0,0,0,0,1,1,0,0,0,0
1,-0.8728084241667845,1,0,0,0,1,0.34576017156495187,0,0.06440943573099198,0,0,0,0,1,0,1,0,1,0,0,1,0
0,-0.5876006952326126,1,0,0,0,0,-0.2658639864351854,0,-0.31813514986191704,1,1,0,0,1,1,0,0,1,0,0,1,0
0,-1.2802480369298874,0,0,0,0,1,-0.9722234080386045,1,1.407769631310802,0,1,1,0,0,1,0,0,1,0,0,0,1
0,-0.01718523736426863,0,1,0,0,1,0.35573230457582355,0,-0.4000318615624819,2,1,0,0,1,0,1,0,1,0,0,0,0
0,-0.13941712119319946,0,1,1,0,0,-0.9705613858701257,0,-0.5285756296024274,2,2,0,1,0,1,0,0,0,1,0,0,0
0,-1.1987601143772668,1,0,0,1,1,-0.15118445681015957,0,1.0911412868783414,0,1,1,0,0,1,0,0,1,0,0,0,1
0,-1.2395040756535771,1,0,0,1,1,1.0089070167879266,1,3.035171229576568,0,2,1,0,0,0,1,0,1,0,0,0,1
1,-0.791320501614164,0,0,0,1,1,1.0587676818422855,1,0.13875491050446867,1,3,1,0,0,0,1,0,1,0,0,0,0
0,0.3495104141225239,0,0,0,0,1,-0.8126692798646555,0,-0.5549509027089805,2,2,1,0,0,1,0,0,1,0,0,0,1
0,-1.2802480369298874,0,0,0,0,0,-1.5273388123104679,0,0.43307961250488636,0,0,0,0,0,0,0,1,1,0,0,0,1
0,-1.0357842692720256,0,0,0,1,0,-0.33068285100585193,0,0.13323111121055142,0,1,1,0,0,1,0,0,1,0,0,0,0
0,0.797693988161937,0,1,0,1,1,-0.01656066116339038,0,-0.5254775300435369,3,3,1,1,0,1,0,0,0,1,0,0,0
1,0.512486259227765,1,0,0,0,1,-1.3345442407669466,0,-0.6045427480515807,2,0,0,1,1,0,0,1,0,0,1,0,0
0,1.5310852911355222,1,0,1,1,0,0.375676570597567,0,-0.5419803232348768,3,4,1,1,1,1,0,0,0,0,1,1,0
0,0.8384379494382472,0,0,0,0,0,-1.5323248788159036,0,-0.6266715112910778,3,0,0,1,0,0,0,1,0,0,1,0,0
0,1.2051336009250397,1,0,0,1,1,1.10198025822273,0,-0.4856081140884854,3,3,1,1,1,0,1,0,0,1,0,1,0
0,1.1236456783724194,1,1,0,0,1,0.974004551249875,0,-0.48702508621378354,3,3,1,0,1,0,1,0,1,0,0,1,0
0,-1.1987601143772668,0,0,0,1,1,0.5186104770867298,1,1.679165355110054,0,1,1,0,0,0,1,0,1,0,0,0,1
0,-0.38388088885106114,0,1,0,1,1,1.0072449946194475,0,-0.20455442674389396,1,3,1,0,0,0,1,0,1,0,0,0,1
1,-1.2802480369298874,0,0,0,0,1,-1.1118332701908096,1,1.1626380098147036,0,1,0,0,0,1,0,0,1,0,0,0,0
0,1.4088534073065913,0,1,1,0,1,0.2510249079616695,0,-0.542897862296282,3,4,1,1,1,1,0,0,0,1,0,0,0
0,-0.8320644628904743,1,0,0,1,1,0.829408622592234,1,0.13878697900544928,0,2,1,0,1,0,1,0,1,0,0,0,0
0,1.5718292524118322,1,1,1,0,1,0.5950634968367469,0,-0.5330178296216027,3,5,1,1,1,1,0,0,0,0,1,0,0
0,-0.3023929662984406,0,0,0,0,0,-1.4924363467724167,0,-0.5777516069062235,2,0,0,1,1,0,0,1,0,1,0,1,0
0,-1.1172721918246462,1,1,0,0,1,-0.36558531654390336,0,0.379578663368833,0,1,0,0,0,1,0,0,1,0,0,0,1
0,-0.26164900502213034,1,0,0,0,1,-0.44037631412544187,0,-0.44422787060085983,2,0,0,1,1,1,0,0,0,1,0,1,0
1,-1.2802480369298874,0,0,0,0,0,-1.5007464576148097,0,0.4797713499327145,0,0,0,1,0,0,0,1,0,1,0,0,0
0,1.5310852911355222,0,0,0,1,1,-0.6896796393972369,0,-0.5946729353673379,3,3,1,1,1,1,0,0,0,1,0,1,0
1,1.6125732136881425,1,1,1,1,1,1.635489374304371,0,-0.4848047908173445,3,6,1,1,0,0,1,0,0,0,1,0,1
0,1.1236456783724194,0,0,0,1,1,0.9839766842607471,1,-0.4864510074749167,3,3,1,1,0,0,1,0,0,1,0,0,1
1,-0.01718523736426863,1,0,0,1,1,1.183419344478183,0,-0.31195426595998765,2,3,1,0,0,0,1,0,1,0,0,0,1
0,-1.2802480369298874,0,0,0,0,1,-1.494098368940895,1,0.49144428428967174,0,0,0,0,0,0,0,1,1,0,0,0,1
0,-0.7505765403378537,1,0,0,0,1,-0.3506271170275956,0,-0.2449233247283705,1,1,0,1,0,1,0,0,0,1,0,0,0
0,-0.791320501614164,1,1,0,0,1,0.5053142997389005,0,-6.963024077089252e-05,1,1,0,0,1,0,1,0,1,0,0,1,0
0,-1.076528230548336,1,0,1,1,1,1.4992035564891233,1,1.1655562434039428,0,5,1,0,1,0,1,0,1,0,0,1,0
0,0.5532302205040753,1,1,0,1,0,0.4787219450432425,0,-0.4703930887083179,2,4,1,1,0,1,0,0,0,0,1,0,0
0,-0.7098325790615434,0,0,1,1,1,1.2149977656792768,1,0.07231298503518163,1,4,1,0,0,0,1,0,1,0,0,0,1
0,0.4309983366751445,1,0,1,1,1,0.9806526399237896,0,-0.4169222438517153,2,3,1,0,0,0,1,0,1,0,0,0,1
0,0.2680224915699033,0,0,1,0,1,-0.498547090022194,0,-0.5217664178942024,2,1,0,1,1,1,0,0,0,0,1,0,0
0,-0.46536881140368175,0,0,0,1,1,-0.1578325454840742,1,-0.3484764014859215,1,2,1,0,1,1,0,0,1,0,0,0,0
0,1.0014137945434884,0,1,0,1,1,-0.3672473387123819,0,-0.558918550347552,3,4,1,0,0,1,0,0,1,0,0,0,1
0,0.8384379494382472,0,0,1,1,1,0.952398263059653,0,-0.4650878366276442,3,3,1,1,0,0,1,0,0,1,0,0,1
1,-0.5876006952326126,0,1,0,1,1,0.7679138023585248,0,-0.12706764538751436,1,3,1,0,0,0,1,0,1,0,0,0,0
0,-1.2802480369298874,1,0,0,0,1,-0.1545085011471169,1,2.8435405572165218,0,1,1,0,0,1,0,0,1,0,0,0,1
0,1.0421577558197987,1,1,1,0,1,-0.12459210211450154,0,-0.5463092569955673,3,2,0,1,1,1,0,0,0,1,0,0,0
0,1.5718292524118322,1,0,0,1,0,1.304746962777123,0,-0.49840433677145923,3,3,1,1,1,0,1,0,0,0,1,0,0
0,0.10504664646466222,0,0,1,1,1,1.1451928346031743,0,-0.3452781353805431,2,4,1,1,0,0,1,0,0,1,0,0,1
0,-1.1987601143772668,0,0,0,0,0,0.6947848269454648,0,1.8338317353397353,0,2,1,0,1,0,1,0,1,0,0,1,0
0,0.22727853029359305,1,1,0,1,1,1.331339317472781,0,-0.35327210004166437,2,4,1,1,0,0,1,0,0,1,0,0,1
1,0.10504664646466222,1,1,1,0,1,0.14465548917903734,0,-0.44287683653176757,2,4,0,1,1,1,0,0,0,0,1,1,0
0,-1.0357842692720256,1,0,0,1,1,0.8526769329509349,1,0.6526766900951413,0,2,1,0,0,0,1,0,1,0,0,0,1
0,0.5939741817803856,0,0,1,1,0,0.32082983903777235,0,-0.4860423750392651,2,4,1,1,0,1,0,0,0,0,1,0,0
0,-0.7505765403378537,0,0,0,0,0,-0.4769408018319716,0,-0.2744947584326617,1,1,0,0,0,1,0,0,1,0,0,0,1
0,-0.506112772679992,0,0,0,0,1,-0.15949456765255274,0,-0.3335820404395445,1,2,1,0,0,1,0,0,1,0,0,0,1
0,1.368109446030281,1,1,1,1,0,0.679826627429157,0,-0.5185694276636029,3,5,1,1,0,1,0,0,0,0,1,0,1
0,-0.7098325790615434,0,0,0,0,1,-1.5073945462887242,0,-0.5251953423615586,1,0,0,0,1,0,0,1,1,0,0,1,0
0,0.3902543753988342,0,0,0,0,1,-1.4641819699082799,0,-0.6107657557762577,2,0,0,1,1,0,0,1,0,0,1,0,0
0,-0.6283446565089229,1,1,0,0,0,0.4687498120323708,0,-0.15543082799169955,1,1,0,0,0,0,1,0,1,0,0,0,1
0,0.18653456901728277,1,0,1,1,1,1.3197051622934308,0,-0.3460887558219985,2,4,1,1,1,0,1,0,0,1,0,1,0
0,-0.8320644628904743,0,0,0,0,1,-0.5118432673700231,0,-0.2235229450739492,0,1,0,0,0,1,0,0,1,0,0,0,1
0,0.8384379494382472,0,0,0,1,1,0.978990617755311,1,-0.46335851301920616,3,3,1,1,1,0,1,0,0,1,0,0,0
0,1.1236456783724194,1,0,0,0,0,-1.322910085587596,0,-0.6192545557327562,3,0,0,1,0,0,0,1,0,0,1,0,0
1,-0.5876006952326126,0,0,0,0,0,-1.304627841734331,0,-0.5101242017855532,1,0,0,0,1,1,0,0,1,0,0,1,0
0,-1.2802480369298874,1,0,0,0,1,0.3357880385540801,1,3.704419466042107,0,0,0,0,0,0,1,0,1,0,0,0,1
0,-1.1987601143772668,0,0,0,0,1,0.17789593254861,0,1.3800464122130291,0,0,0,0,0,0,1,0,1,0,0,0,1
1,-0.9542963467194051,0,0,1,1,1,0.1529656000214305,0,0.143007193734503,0,3,1,0,1,1,0,0,1,0,0,1,0
0,-1.2802480369298874,0,0,0,1,1,0.5136244105812937,1,4.016670460090708,0,1,1,0,0,0,1,0,1,0,0,0,1
0,0.9606698332671781,1,1,0,0,1,0.9424261300487813,0,-0.4763341286469932,3,3,0,1,0,0,1,0,0,1,0,0,1
1,-0.6283446565089229,0,0,0,0,1,0.13966942267360125,1,-0.21963196695496348,1,0,0,0,0,0,1,0,1,0,0,0,1
1,-0.8728084241667845,1,0,1,0,1,0.05158224774423349,1,-0.021678455151566533,0,2,1,0,0,1,0,0,1,0,0,0,1
0,-1.0357842692720256,0,0,0,0,1,0.1579516665268661,0,0.3477212800196376,0,0,0,0,0,0,1,0,1,0,0,0,1
1,1.4903413298592119,0,0,0,0,0,-1.4824642137615447,0,-0.6334096972082419,3,0,0,1,1,0,0,1,0,0,1,0,0
0,-0.5468567339563023,1,0,0,0,1,0.7047569599563366,1,-0.16515827328916385,1,1,1,0,1,0,1,0,1,0,0,0,0
1,-1.1987601143772668,0,0,0,0,1,0.5152864327497723,1,1.6762471215208146,0,1,1,0,0,0,1,0,1,0,0,0,1
1,0.8791819107145575,0,0,0,0,0,-1.4758161250876303,0,-0.6237984759325136,3,0,0,1,1,0,0,1,0,0,1,1,0
0,1.2051336009250397,1,0,0,0,1,-1.3644606397995618,0,-0.6230893409593132,3,0,0,1,1,0,0,1,0,1,0,1,0
0,-0.3431369275747509,1,0,0,1,1,0.856000977287892,1,-0.2443007682293328,1,2,1,0,1,0,1,0,1,0,0,1,0
1,1.2051336009250397,1,0,0,1,1,0.18786806555948168,0,-0.5365613989799647,3,2,1,0,1,1,0,0,1,0,0,1,0
0,-0.6283446565089229,1,1,0,0,0,0.03163798172249008,0,-0.24070809843280266,1,2,1,0,1,1,0,0,1,0,0,0,0
0,-0.9542963467194051,0,0,0,0,1,-1.336206262935425,0,-0.379940265457174,0,0,0,0,0,1,0,0,1,0,0,0,0
1,1.2866215234776603,0,1,1,1,0,0.1479795335159944,0,-0.5427328038353523,3,4,1,1,0,1,0,0,0,0,1,0,0
0,-1.2395040756535771,1,0,0,0,1,0.3690284819236528,1,2.2861579416718216,0,0,0,0,0,0,1,0,1,0,0,0,1
1,-1.2802480369298874,0,0,0,0,1,-0.6298468413320059,1,2.0089257506940914,0,0,0,0,0,1,0,0,1,0,0,0,0
0,-0.6690886177852331,0,0,1,1,1,-0.4935610235167579,1,-0.3241161735030204,1,3,1,0,0,1,0,0,1,0,0,0,1
0,1.6125732136881425,1,0,0,0,0,-1.3345442407669466,0,-0.6276783092822917,3,0,0,1,1,0,0,1,0,0,1,0,0
0,-0.09867315991688919,1,1,0,0,0,0.8510149107824564,0,-0.3266966229386665,2,3,0,1,1,0,1,0,0,1,0,0,0
0,0.6754621043330061,1,1,0,1,1,1.1983775439944904,0,-0.43165136465849385,3,3,1,0,0,0,1,0,1,0,0,0,0
0,1.1643896396487294,1,1,1,0,0,0.35074623807038746,0,-0.5252306435743317,3,4,1,1,1,1,0,0,0,0,1,1,0
1,0.5939741817803856,1,0,0,1,0,0.7446454919998238,0,-0.45503614315359786,2,2,1,0,0,0,1,0,1,0,0,0,1
0,-0.506112772679992,0,1,0,0,0,-0.013236616826432828,0,-0.3091244636916344,1,3,1,0,1,1,0,0,1,0,0,1,0
1,0.06430268518835193,0,0,0,1,0,0.44880554601062694,1,-0.40595423345267834,2,1,1,0,0,0,1,0,1,0,0,0,1
1,1.5310852911355222,1,0,0,0,0,-1.3328822185984677,0,-0.6264857916781997,3,0,0,1,1,0,0,1,0,0,1,0,0
1,0.8791819107145575,0,1,1,1,1,1.3645797608423538,0,-0.44244352305942597,3,5,1,1,0,0,1,0,0,1,0,0,1
0,1.1643896396487294,1,0,1,1,1,1.1136144134020802,0,-0.4820219591401115,3,4,1,1,0,0,1,0,0,1,0,0,0
0,-1.1987601143772668,1,0,0,0,1,0.403930947461704,1,1.5784862962812993,0,0,0,0,0,0,1,0,1,0,0,0,1
0,-0.791320501614164,0,0,0,0,0,-1.5073945462887242,0,-0.5049240411791643,1,0,0,1,0,0,0,1,0,1,0,0,0
0,-0.6690886177852331,1,0,0,1,1,1.0421474601574994,1,-0.0068870162727752105,1,2,1,0,0,0,1,0,1,0,0,0,1
1,-1.1987601143772668,0,0,0,1,1,-0.2027071440329971,0,1.0459086662451327,0,2,1,0,1,1,0,0,1,0,0,1,0
0,-0.3023929662984406,0,0,0,0,1,-1.4841262359300234,0,-0.5766292093719007,2,0,0,0,0,0,0,1,1,0,0,0,0
0,-0.09867315991688919,1,1,0,0,1,-0.009912572489475751,0,-0.424222106759695,2,2,1,0,0,1,0,0,1,0,0,0,0
0,-0.46536881140368175,0,1,0,0,0,-1.2065685337940917,0,-0.5158768919231923,1,1,0,0,0,1,0,0,1,0,0,0,1
0,-1.2802480369298874,0,0,0,0,0,-0.648129085185271,1,1.9768251812124595,0,0,0,0,0,1,0,0,1,0,0,0,1
0,-0.7098325790615434,0,0,0,0,0,-1.509056568457203,1,-0.5255601215602135,1,0,0,0,1,0,0,1,1,0,0,0,0
0,-0.38388088885106114,0,0,0,1,1,0.8526769329509349,0,-0.22717073706049826,1,2,1,0,0,0,1,0,1,0,0,0,1
1,0.512486259227765,1,1,0,1,1,1.3413114504836532,0,-0.40026639680483184,2,4,1,0,0,0,1,0,1,0,0,0,1
1,-0.3431369275747509,1,0,0,0,0,0.6100216963530546,0,-0.27885265392592573,1,2,0,1,1,0,1,0,0,1,0,0,0
0,-0.8728084241667845,1,0,1,1,0,0.8427047999400633,1,0.2098347429280822,0,2,1,0,0,0,1,0,1,0,0,0,1
0,-1.2802480369298874,0,0,0,0,0,-0.6564391960276642,1,1.962234013266263,0,0,0,0,0,1,0,0,1,0,0,0,0
0,0.9606698332671781,1,0,1,1,0,1.2764925859129865,0,-0.45575290228077936,3,4,1,1,1,0,1,0,0,0,1,0,0
0,-1.2802480369298874,0,0,0,0,0,0.36570443758669524,1,3.7569476706484135,0,1,0,0,0,0,1,0,1,0,0,0,1
0,-1.2802480369298874,0,0,0,0,0,-1.5073945462887242,0,0.46809841557575743,0,0,0,0,0,0,0,1,1,0,0,0,1
0,-1.0357842692720256,0,0,0,0,1,0.4820459893801996,1,0.48998516749505194,0,1,1,0,0,0,1,0,1,0,0,0,1
0,0.9199258719908678,0,0,1,1,0,0.7978302013911399,0,-0.48199506297799877,3,3,1,1,1,0,1,0,0,0,1,1,0
0,-1.2395040756535771,0,0,1,0,1,-1.1267914697071173,1,0.5352177881282605,0,1,0,0,0,1,0,0,1,0,0,0,1
1,1.6125732136881425,1,1,1,1,1,0.7014329156193795,0,-0.5297375929311109,3,5,1,1,1,1,0,0,0,0,1,1,0
0,0.512486259227765,0,0,0,0,0,-1.0170980065875275,0,-0.5803087212887675,2,1,1,1,0,1,0,0,0,1,0,0,1
0,0.5939741817803856,0,0,0,0,0,-1.4841262359300234,0,-0.618092444952342,2,0,0,1,0,0,0,1,0,0,1,0,0
0,0.5532302205040753,0,0,0,1,0,1.0122310611248837,1,-0.4305312596808369,2,3,1,1,1,0,1,0,0,1,0,1,0
0,-1.2395040756535771,0,0,0,0,1,-0.48192686833740767,0,1.2900675432114848,0,1,0,0,0,1,0,0,1,0,0,0,0
0,-1.2395040756535771,0,1,1,0,1,0.5103003662443366,0,2.451524511728714,0,2,0,0,0,0,1,0,1,0,0,0,1
0,-0.8320644628904743,0,0,0,0,1,-0.45034844713631356,0,-0.2069114615659718,0,1,0,0,0,1,0,0,1,0,0,0,1
0,1.4495973685829016,1,0,0,0,1,0.8244225560867979,1,-0.5155154769595711,3,2,1,0,1,0,1,0,1,0,0,0,0
1,1.4903413298592119,0,0,1,1,1,1.010569038956405,0,-0.5083425433837018,3,3,1,1,1,0,1,0,0,0,1,1,0
1,0.9606698332671781,0,1,0,1,0,0.9972728616085759,0,-0.4729551213331372,3,3,1,1,1,0,1,0,0,1,0,1,0
0,-1.1580161531009565,1,1,0,0,1,0.5136244105812937,0,1.2064115136532925,0,1,0,0,0,0,1,0,1,0,0,0,1
0,1.2866215234776603,1,0,1,1,1,0.375676570597567,0,-0.5304313268591744,3,4,1,1,1,1,0,0,0,0,1,0,0
0,1.082901717096109,1,1,0,1,1,1.5075136673315166,1,-0.45279883073518107,3,5,1,1,0,0,1,0,0,1,0,0,1
1,1.2051336009250397,1,1,1,1,0,1.6870120615272086,0,-0.4529980117579387,3,6,1,1,1,0,1,0,0,0,1,0,0
1,1.24587756220135,1,0,0,0,0,-1.3345442407669466,0,-0.6221354144041006,3,0,0,1,1,0,0,1,0,0,1,1,0
0,0.8384379494382472,0,1,1,1,1,-0.3722334052178177,0,-0.5512297688729663,3,5,1,1,0,1,0,0,0,1,0,0,1
1,-1.1172721918246462,0,0,0,0,0,-1.5073945462887242,0,-0.28869682856695955,0,0,0,0,0,0,0,1,1,0,0,0,0
0,0.6754621043330061,1,1,0,0,1,0.7778859353693965,0,-0.4611838885815952,3,3,0,0,0,0,1,0,1,0,0,0,1
1,1.2051336009250397,1,1,0,1,1,1.2083496770053626,0,-0.4796790045738405,3,3,1,1,1,0,1,0,0,0,1,0,0
0,0.9199258719908678,0,1,1,0,0,-0.2658639864351854,0,-0.5486975450177535,3,3,0,1,0,1,0,0,0,0,1,0,0
0,1.5718292524118322,0,1,1,1,1,1.1501789011086103,0,-0.505943106876994,3,5,1,1,0,0,1,0,0,0,1,0,1
1,1.6125732136881425,0,0,0,0,1,-1.485788258098502,0,-0.6349539053540938,3,0,0,1,1,0,0,1,0,0,1,1,0
1,0.1457906077409725,0,1,1,1,0,-0.1362262572938518,0,-0.47559523024175193,2,5,1,1,1,1,0,0,0,1,0,1,0
0,-0.3023929662984406,0,0,0,0,1,-1.4575338812343652,0,-0.5730375372620677,2,0,0,1,1,0,0,1,0,1,0,0,0
0,1.6125732136881425,1,1,1,1,1,1.6637437511685078,0,-0.4834456135292057,3,6,1,1,1,0,1,0,0,0,1,0,0
0,0.1457906077409725,0,0,0,0,1,-1.5140426349626388,0,-0.6063636435109062,2,0,0,1,1,0,0,1,0,1,0,0,0
0,-1.2802480369298874,0,0,0,1,1,-0.06642132621774938,0,2.9982069374462035,0,2,1,0,0,1,0,0,1,0,0,0,0
0,1.6125732136881425,1,1,0,1,1,1.3529456056630036,0,-0.4983965636987329,3,4,1,1,0,0,1,0,0,0,1,0,1
1,1.082901717096109,0,0,0,0,0,-1.494098368940895,0,-0.628476492807385,3,0,0,1,0,0,0,1,0,0,1,0,0
0,-1.0357842692720256,0,0,0,1,1,0.8210985117498408,1,0.6388150805462547,0,2,1,0,0,0,1,0,1,0,0,0,1
0,-1.2802480369298874,0,0,1,1,0,0.3091956838584216,0,3.657727728614278,0,4,1,1,1,1,0,0,0,1,0,1,0
1,-0.09867315991688919,1,0,1,1,1,1.419426492402149,0,-0.26230721084061304,2,5,1,0,0,0,1,0,1,0,0,0,1
0,1.2866215234776603,0,0,0,0,0,-1.504070501951767,0,-0.6319858557647009,3,0,0,1,0,0,0,1,0,0,1,0,0
0,1.24587756220135,1,1,1,0,0,0.1330213339996866,0,-0.5416104063010294,3,4,0,1,1,1,0,0,0,1,0,0,0
0,1.6125732136881425,1,1,0,1,0,0.653234272733499,0,-0.5320561894814653,3,5,1,1,1,1,0,0,0,0,1,1,0
0,-0.9950403079957154,0,1,0,0,0,0.3391120828910372,1,0.30565007910810493,0,1,0,0,0,0,1,0,1,0,0,0,1
0,1.2051336009250397,1,0,1,1,0,0.6548962949019775,0,-0.5105289025172272,3,5,1,1,1,1,0,0,0,0,1,0,0
1,1.4088534073065913,1,0,1,1,1,1.5424161328695678,0,-0.47620764174219654,3,5,1,1,1,0,1,0,0,0,1,0,0
0,-1.076528230548336,0,0,0,0,0,-0.6664113290385358,1,0.07913956718143786,0,0,0,0,0,1,0,0,1,0,0,0,1
1,1.5310852911355222,1,1,1,1,1,0.525258565760644,0,-0.5345819845579322,3,4,1,1,1,1,0,0,0,0,1,0,0
0,-0.506112772679992,0,0,0,1,0,0.5285826100976015,0,-0.21852025892096757,1,1,1,0,1,0,1,0,1,0,0,0,0
0,-1.1172721918246462,1,0,0,0,0,0.35905634891278065,0,0.8036952783382734,0,0,0,0,0,0,1,0,1,0,0,0,1
1,-0.3431369275747509,0,1,0,1,0,-0.2392716317395271,0,-0.398150043054027,1,5,1,1,0,1,0,0,0,1,0,0,1
0,-0.8728084241667845,0,0,0,0,1,-0.6896796393972369,1,-0.2386004852850188,0,0,0,0,0,1,0,0,1,0,0,0,1
0,1.6125732136881425,1,0,1,1,1,1.5224718668478239,0,-0.49024149996989985,3,5,1,1,1,0,1,0,0,0,1,1,0
1,1.368109446030281,0,1,1,0,1,-0.21932736571778344,0,-0.5656967223435566,3,3,0,1,1,1,0,0,0,0,1,1,0
1,0.512486259227765,0,1,1,1,1,0.5385547431084732,0,-0.4615493021788565,2,5,1,1,0,1,0,0,0,0,1,0,0
1,1.4903413298592119,0,0,0,0,0,-1.499084435446331,0,-0.6342434782337388,3,0,0,1,1,0,0,1,0,0,1,0,0
0,-0.7098325790615434,1,0,0,0,1,0.6914607826085073,1,-0.04259246254111458,1,1,1,0,1,0,1,0,1,0,0,0,0
0,-0.18016108246950976,0,0,0,1,1,-0.17445276716886055,0,-0.42739678134287196,2,2,1,0,1,1,0,0,1,0,0,0,0
0,1.5310852911355222,1,1,1,1,0,1.6870120615272086,1,-0.4771215541669955,3,6,1,1,1,0,1,0,0,1,0,1,0
0,0.1457906077409725,0,1,1,0,1,0.3573943267443021,0,-0.42874575045774854,2,5,1,1,0,1,0,0,0,1,0,0,0
0,-0.6690886177852331,1,0,0,1,1,0.72470122597808,1,-0.07246144163097533,1,1,1,0,0,0,1,0,1,0,0,0,1
0,-0.5876006952326126,1,0,0,1,1,0.6781646052606785,1,-0.1436554994737166,1,1,1,0,0,0,1,0,1,0,0,0,1
0,0.06430268518835193,1,0,0,1,1,1.0920081252118583,1,-0.34141958207921563,2,2,1,0,0,0,1,0,1,0,0,0,1
1,0.3902543753988342,0,0,0,0,1,-0.6547771738591854,0,-0.544664371685117,2,3,1,1,1,1,0,0,0,1,0,1,0
0,0.6347181430566958,1,1,1,0,1,0.20448828724426804,0,-0.49807512561258244,2,3,1,1,1,1,0,0,0,1,0,0,0
0,0.5939741817803856,1,0,1,1,1,1.4875694013097727,1,-0.40068404255401646,2,5,1,0,0,0,1,0,1,0,0,0,1
1,0.2680224915699033,1,0,1,0,1,0.8227605339183194,1,-0.4057666327219415,2,3,0,1,0,0,1,0,0,1,0,0,1
1,-0.8728084241667845,0,0,0,0,0,-1.4591959034028439,0,-0.4637908439213157,0,0,0,1,1,0,0,1,0,0,1,1,0
0,-1.0357842692720256,0,0,0,0,1,-1.4907743246039378,0,-0.376000650111701,0,0,0,0,0,0,0,1,1,0,0,0,0
0,-1.1987601143772668,1,0,0,0,0,-1.336206262935425,0,0.050791012314542104,0,0,0,0,0,0,0,1,1,0,0,0,0
0,-0.9950403079957154,0,1,0,0,1,0.0632164029235842,0,0.1979996844828341,0,3,1,0,0,1,0,0,1,0,0,0,1
1,-1.2802480369298874,0,0,0,0,1,-1.5073945462887242,1,0.46809841557575743,0,0,0,0,0,0,0,1,1,0,0,0,0
1,-0.01718523736426863,0,1,0,0,0,0.9972728616085759,0,-0.33176288183846026,2,4,1,1,0,0,1,0,0,1,0,0,0
1,1.1236456783724194,0,1,1,0,1,0.034962026059447156,0,-0.5410841674570682,3,4,0,1,1,1,0,0,0,1,0,0,0
0,-0.9135523854430948,0,0,0,0,1,-1.4907743246039378,0,-0.455389868437142,0,0,0,0,1,0,0,1,1,0,0,0,0
0,1.5718292524118322,1,0,0,0,1,-1.3345442407669466,0,-0.6271308628745692,3,0,0,1,1,0,0,1,0,0,1,0,0
1,-1.1580161531009565,0,0,0,0,0,-1.477478147256109,1,-0.19200602231016506,0,0,0,0,0,0,0,1,1,0,0,0,0
0,-1.2802480369298874,0,0,0,0,1,0.1479795335159944,1,3.3746590704580695,0,0,0,0,0,0,1,0,1,0,0,0,1
1,0.4309983366751445,0,1,1,1,1,-0.45034844713631356,0,-0.5311312947760339,2,4,1,1,1,1,0,0,0,1,0,0,0
0,1.082901717096109,1,0,0,1,1,1.1535029454455674,1,-0.4735182892187799,3,3,1,1,1,0,1,0,0,1,0,0,0
0,-0.38388088885106114,0,0,1,0,0,-0.3506271170275956,0,-0.4032374969446008,1,2,0,0,0,1,0,0,1,0,0,0,1
0,1.6125732136881425,0,0,0,0,0,-1.509056568457203,0,-0.6360732278266787,3,0,0,1,1,0,0,1,0,0,1,0,0
0,-0.42462485012737144,0,1,1,0,1,-0.2841462302884502,0,-0.3816150777779548,1,2,0,1,1,1,0,0,0,1,0,1,0
0,-1.2802480369298874,0,0,0,0,1,-1.3179240190821602,0,0.800777044749034,0,0,0,0,0,1,0,0,1,0,0,0,0
0,1.4903413298592119,1,0,0,0,0,-1.3578125511256471,0,-0.6271563395170149,3,0,0,1,1,0,0,1,0,0,1,0,0
0,0.7162060656093164,0,1,1,0,1,-0.9772094745440403,0,-0.5860705533370866,3,2,0,1,0,1,0,0,0,1,0,0,0
0,-1.2802480369298874,0,0,0,0,1,-1.3162619969136813,1,0.8036952783382734,0,0,0,0,0,1,0,0,1,0,0,0,1
0,-1.2395040756535771,0,0,0,0,1,-0.6581012181961428,1,1.083845702905243,0,0,0,0,0,1,0,0,1,0,0,0,0
0,-0.7098325790615434,0,0,0,0,0,0.35074623807038746,0,-0.11737219826537083,1,1,0,0,1,0,1,0,1,0,0,0,0
0,-0.05792919864057891,0,0,0,0,0,-1.4758161250876303,0,-0.5926794941127167,2,0,0,1,1,0,0,1,0,0,1,0,0
0,-1.2802480369298874,0,0,0,0,0,-1.4841262359300234,1,0.5089536858251071,0,0,0,0,0,0,0,1,1,0,0,0,0
0,1.368109446030281,1,0,0,1,1,1.3363253839782172,1,-0.48416040474570715,3,4,1,0,1,0,1,0,1,0,0,1,0
1,-1.1987601143772668,0,0,0,1,1,-0.33566891751128775,1,0.929179322675562,0,1,1,0,1,1,0,0,1,0,0,1,0
0,-0.9950403079957154,0,0,0,0,0,-1.4891123024354593,0,-0.40769590937260525,0,0,0,1,0,0,0,1,0,0,1,0,0
1,1.2866215234776603,0,1,0,1,1,0.27429321832037046,0,-0.5359086268266696,3,4,1,1,1,1,0,0,0,1,0,1,0
0,-0.18016108246950976,0,0,0,0,0,-1.472492080750673,0,-0.5845788801839663,2,0,0,0,0,0,0,1,1,0,0,0,0
0,1.0014137945434884,1,0,0,1,1,1.1950534996575333,0,-0.46432753055841713,3,3,1,1,1,0,1,0,0,1,0,1,0
1,-0.7505765403378537,1,0,0,0,1,0.7463075141683023,1,0.011881231124685117,1,2,1,0,0,0,1,0,1,0,0,0,1
0,-0.5468567339563023,0,0,0,0,1,-1.4907743246039378,0,-0.5506569304276713,1,0,0,1,0,0,0,1,0,0,1,0,0
0,-0.9135523854430948,0,0,0,1,1,0.503652277570422,1,0.18131564194233485,0,1,1,0,0,0,1,0,1,0,0,0,1
0,0.7569500268856267,0,0,0,1,1,-0.5035331565276299,0,-0.5556403754800644,3,3,1,0,0,1,0,0,1,0,0,0,1
0,1.4088534073065913,1,1,0,0,0,0.028313937385533002,0,-0.5543991358538721,3,3,0,1,0,1,0,0,0,0,1,0,0
1,-0.8728084241667845,0,0,0,0,1,-1.4741541029191516,0,-0.46816819430517453,0,0,0,0,0,0,0,1,1,0,0,0,1
1,1.6125732136881425,0,1,1,1,0,-0.1279161464514586,0,-0.5696334439182449,3,5,1,1,1,1,0,0,0,0,1,0,0
1,1.368109446030281,0,0,0,0,1,-1.477478147256109,0,-0.6316400903153215,3,0,0,1,0,0,0,1,0,1,0,0,1
0,-0.5876006952326126,1,0,1,1,1,0.7828720018748321,1,-0.12430300303981412,1,2,1,0,0,0,1,0,1,0,0,0,1
0,-0.9542963467194051,0,0,0,0,1,-1.5057325241202457,0,-0.43947223067765506,0,0,0,0,0,0,0,1,1,0,0,0,1
0,-0.9542963467194051,1,0,0,0,1,0.34576017156495187,0,0.21071021300485404,0,0,0,0,1,0,1,0,1,0,0,1,0
0,0.6347181430566958,1,1,0,1,1,1.5507262437119609,0,-0.4015947498050801,2,5,1,0,1,0,1,0,1,0,0,0,0
0,-0.9135523854430948,0,0,0,0,0,0.17789593254861,0,0.07732040858035366,0,0,0,0,0,0,1,0,1,0,0,0,0
0,-0.9542963467194051,1,0,0,1,1,0.9956108394400973,1,0.43891607968336477,0,2,1,0,0,0,1,0,1,0,0,0,1
0,-0.791320501614164,1,0,0,1,1,1.005582972450969,1,0.12541441409651757,1,2,1,0,0,0,1,0,1,0,0,0,1
0,-1.1580161531009565,1,0,0,0,0,0.45379161251606304,1,1.1643889499682472,0,1,0,0,0,0,1,0,1,0,0,0,1
0,-1.1580161531009565,0,0,0,0,1,0.17955795471708852,1,0.9717855330784554,0,0,0,0,0,0,1,0,1,0,0,0,1
0,1.6125732136881425,1,1,1,1,0,0.9041996201737725,0,-0.519983497098585,3,6,1,1,1,1,0,0,0,0,1,0,0
1,0.7569500268856267,0,1,1,1,0,0.6881367382715502,0,-0.47516447226912,3,6,1,1,1,1,0,0,0,0,1,1,0
0,1.082901717096109,0,0,0,0,1,-0.7894009695059548,1,-0.5872321247461367,3,2,1,0,1,1,0,0,1,0,0,0,0
0,-0.9135523854430948,1,0,0,1,1,0.6914607826085073,1,0.2412720775030688,0,1,1,0,0,0,1,0,1,0,0,0,1
0,1.1643896396487294,1,0,0,0,1,0.5767812529834819,0,-0.5124280704086368,3,1,0,0,0,0,1,0,1,0,0,0,1
0,0.8791819107145575,0,1,1,0,0,0.6515722505650204,0,-0.4879679670515585,3,3,0,1,0,0,1,0,0,1,0,0,1
0,0.02355872391204165,1,1,0,0,1,-0.1295781686199374,0,-0.4580115970092928,2,2,0,0,0,1,0,0,1,0,0,0,0
0,-0.22090504374582004,0,0,0,0,1,-1.4808021915930663,0,-0.5826741218067535,2,0,0,1,1,0,0,1,0,0,1,0,0
0,-1.2802480369298874,0,0,0,1,1,0.4787219450432425,1,3.955387554716684,0,1,1,0,0,0,1,0,1,0,0,0,1
0,-0.38388088885106114,0,0,0,1,0,1.0138930832933621,0,-0.20358168221414755,1,3,1,0,0,0,1,0,1,0,0,0,0
1,-1.2802480369298874,0,0,0,0,0,-1.494098368940895,0,0.49144428428967174,0,0,0,0,0,0,0,1,1,0,0,0,0
1,0.512486259227765,0,1,1,1,1,0.6499102283965414,0,-0.4530483608536813,2,6,1,1,0,1,0,0,0,0,1,0,0
1,0.2680224915699033,0,0,0,0,1,-1.494098368940895,0,-0.6091675138919186,2,0,0,1,1,0,0,1,0,0,1,0,0
0,-1.1172721918246462,0,0,0,1,1,0.1729098660431739,1,0.694747891006674,0,3,1,1,0,1,0,0,0,1,0,0,0
1,1.6125732136881425,1,1,1,1,0,0.5817673194889176,0,-0.5354941085044047,3,5,1,1,1,1,0,0,0,0,1,0,0
1,1.0421577558197987,1,0,0,1,1,0.06654044726054129,0,-0.53493309215616,3,2,1,0,1,1,0,0,1,0,0,0,0
0,1.5310852911355222,0,1,1,0,1,-0.6713973955439717,0,-0.5937686939734891,3,4,0,1,1,1,0,0,0,0,1,0,0
1,1.1643896396487294,0,0,1,1,1,1.1186004799075162,0,-0.4817395494379271,3,4,1,1,1,0,1,0,0,1,0,0,0
0,-1.2395040756535771,0,0,0,0,0,0.19617817640187488,0,2.0838270794845655,0,0,0,0,0,0,1,0,1,0,0,0,0
1,0.5532302205040753,1,0,0,0,0,-1.3245721077560746,0,-0.6051285544242587,2,0,0,1,0,0,0,1,0,1,0,0,0
0,-1.2802480369298874,1,0,0,0,1,-0.4935610235167579,1,2.2482209050117117,0,0,0,0,1,1,0,0,1,0,0,0,0
0,-0.42462485012737144,0,0,0,0,1,0.1479795335159944,1,-0.3156376227168931,1,0,0,0,0,0,1,0,1,0,0,0,1
0,0.6347181430566958,0,1,1,1,1,1.2532242755542855,0,-0.4229157217427874,2,5,1,1,1,0,1,0,0,0,1,1,0
0,1.2866215234776603,1,0,1,1,0,0.7230392038096014,0,-0.5116648400852972,3,5,1,1,1,1,0,0,0,0,1,1,0
1,1.6125732136881425,1,0,0,0,0,-1.346178395946297,0,-0.6282379705185842,3,0,0,1,1,0,0,1,0,0,1,0,0
1,-0.8320644628904743,0,0,0,1,1,-0.2143412992123476,0,-0.143159281616437,0,2,1,0,1,1,0,0,1,0,0,1,0
0,0.06430268518835193,1,0,0,0,1,0.978990617755311,1,-0.35275900402597393,2,3,1,0,0,0,1,0,1,0,0,0,1
1,1.6125732136881425,0,1,0,0,0,0.13135931183120808,0,-0.5571609935094415,3,4,1,1,1,1,0,0,0,0,1,1,0
0,-0.13941712119319946,1,0,0,0,1,0.6981088712824219,0,-0.33324852802934574,2,2,0,0,0,0,1,0,1,0,0,0,1
1,0.02355872391204165,0,0,0,0,0,-1.485788258098502,0,-0.5980868092927777,2,0,0,1,1,0,0,1,0,1,0,1,0
0,-1.2802480369298874,0,0,0,0,0,-1.477478147256109,0,0.5206266201820644,0,0,0,0,0,0,0,1,1,0,0,0,0
1,1.2051336009250397,1,0,1,1,1,1.5291199555217385,0,-0.46179903369373965,3,5,1,1,0,0,1,0,0,1,0,0,1
0,0.3495104141225239,1,0,0,1,1,0.2726311961518919,1,-0.4642077344340641,2,3,1,1,0,1,0,0,0,1,0,0,1
0,1.2866215234776603,1,0,0,1,1,1.1717851892988325,1,-0.4874210533439249,3,3,1,1,1,0,1,0,0,1,0,1,0
0,-1.1580161531009565,0,0,0,0,1,0.6000495633421824,0,1.2671107723094692,0,2,1,0,1,0,1,0,1,0,0,1,0
0,-0.3431369275747509,1,1,1,0,1,0.6499102283965414,0,-0.27324964543458635,1,2,0,0,0,0,1,0,1,0,0,0,1
1,-0.7505765403378537,0,0,0,0,0,-1.504070501951767,0,-0.5149572061859774,1,0,0,1,0,0,0,1,0,1,0,0,0
1,-1.1987601143772668,0,0,0,0,0,-1.4907743246039378,0,-0.08490684958508396,0,0,0,0,0,0,0,1,1,0,0,0,0
0,-1.1580161531009565,0,0,0,1,1,1.1634750784564392,1,1.6628232470103141,0,4,1,0,1,0,1,0,1,0,0,1,0
1,-0.5876006952326126,0,0,0,0,1,-0.9905056518918693,1,-0.4520667124838456,1,1,1,0,0,1,0,0,1,0,0,0,1
0,-0.9950403079957154,0,0,0,1,1,0.048258203407276413,0,0.19216321730435548,0,2,1,0,0,1,0,0,1,0,0,0,1
0,0.10504664646466222,1,0,0,0,0,-1.3794188393158697,0,-0.5915446254946792,2,0,0,1,1,0,0,1,0,0,1,0,0
0,-1.2802480369298874,1,0,0,0,0,0.3723525262606099,1,3.7686206050053705,0,0,0,0,0,0,1,0,1,0,0,0,1
1,1.368109446030281,1,0,0,0,1,-1.3129379525767242,0,-0.6230160567232413,3,0,0,1,1,0,0,1,0,0,1,1,0
1,-0.9950403079957154,0,1,1,0,1,-0.6730594177124505,0,-0.08928419996894292,0,3,1,1,0,1,0,0,0,0,1,0,0
0,1.5718292524118322,1,1,0,1,1,1.3064089849456015,0,-0.4983232747273137,3,4,1,1,1,0,1,0,0,1,0,1,0
1,0.4309983366751445,1,0,0,0,1,0.9224818640270374,0,-0.4215648881982323,2,2,1,0,1,0,1,0,1,0,0,0,0
0,-1.2395040756535771,1,0,0,1,1,0.9656944404074818,1,2.9845885140297534,0,2,1,0,0,0,1,0,1,0,0,0,1
0,-0.13941712119319946,0,0,0,1,1,1.2183218100162343,0,-0.2723547204672196,2,4,1,0,1,0,1,0,1,0,0,0,0
0,-0.7098325790615434,0,0,0,1,1,0.6482482062280629,1,-0.05207672170614218,1,2,1,0,0,0,1,0,1,0,0,0,1
1,1.3273654847539706,1,1,1,0,0,0.9889627507661827,0,-0.4998708228428193,3,4,0,1,1,0,1,0,0,0,1,1,0
0,0.10504664646466222,1,0,1,1,0,1.0205411719672768,0,-0.35743744200237343,2,3,1,0,0,0,1,0,1,0,0,0,1
0,1.2866215234776603,0,1,0,1,1,1.1800953001412255,0,-0.48697209433019584,3,4,1,1,1,0,1,0,0,1,0,1,0
1,1.0421577558197987,0,0,1,1,1,-0.30907656281562973,0,-0.5572897291449083,3,4,1,1,1,1,0,0,0,0,1,1,0
0,-0.5876006952326126,0,0,0,0,1,-0.4968850678537152,0,-0.3608335150097337,1,1,0,0,1,1,0,0,1,0,0,1,0
1,1.4088534073065913,1,0,0,0,1,0.8227605339183194,0,-0.5133722048051554,3,2,1,0,1,0,1,0,1,0,0,0,0
1,1.24587756220135,0,0,0,0,1,-1.5173666792995961,0,-0.6321668423671106,3,0,0,1,0,0,0,1,0,0,1,0,0
0,1.1236456783724194,1,0,0,1,1,1.1634750784564392,0,-0.4761175901753154,3,3,1,0,0,0,1,0,1,0,0,0,1
0,-0.9542963467194051,1,0,0,0,1,0.6515722505650204,1,0.3181012090888592,0,1,1,0,1,0,1,0,1,0,0,1,0
1,1.5310852911355222,1,1,1,1,1,1.603910953103277,0,-0.4812317423208536,3,6,1,1,1,0,1,0,0,0,1,1,0
0,-0.7098325790615434,1,0,0,1,1,1.2066876548368837,1,0.07048908904190708,1,3,1,0,0,0,1,0,1,0,0,0,1
1,0.6347181430566958,0,0,0,0,0,-1.4907743246039378,0,-0.6195689321849928,2,0,0,1,0,0,0,1,0,1,0,0,0
0,-0.8320644628904743,0,0,1,1,1,0.31085770602690066,0,-0.0012882332780356377,0,4,1,0,0,1,0,0,1,0,0,0,1
0,1.5718292524118322,1,1,1,0,1,0.9041996201737725,0,-0.5179402894105332,3,4,0,1,0,0,1,0,0,1,0,0,1
0,0.4717422979514547,0,0,0,0,0,0.3008855730160285,0,-0.4755286279135892,2,1,0,0,0,0,1,0,1,0,0,0,1
0,-1.2802480369298874,1,0,0,0,1,-0.4769408018319716,1,2.2774032409041043,0,0,0,0,0,1,0,0,1,0,0,0,1
1,0.512486259227765,1,0,0,0,0,-1.3411923294408608,0,-0.6050502669366657,2,0,0,1,0,0,0,1,0,0,1,0,0
0,-0.38388088885106114,1,0,0,0,0,-1.3295581742615106,0,-0.5464741289497617,1,0,0,1,1,0,0,1,0,1,0,1,0
0,0.4309983366751445,1,0,1,1,1,0.0017215826898744927,0,-0.49505131585453027,2,2,1,1,1,1,0,0,0,1,0,0,0
0,0.10504664646466222,0,0,0,0,0,-1.4641819699082799,0,-0.5998129539975238,2,0,0,0,1,0,0,1,1,0,0,0,0
0,-0.9542963467194051,0,1,1,1,1,0.1380074005051227,0,0.13775437327387233,0,4,1,0,0,1,0,0,1,0,0,0,0
0,-0.8320644628904743,1,0,1,1,1,1.1684611449618754,1,0.2303746178061894,0,3,1,0,0,0,1,0,1,0,0,0,0
0,1.3273654847539706,1,1,0,1,1,1.4825833348043371,0,-0.47360672053966585,3,5,1,0,1,0,1,0,1,0,0,1,0
0,-1.2395040756535771,1,0,0,1,1,0.8842553541520292,1,2.8892595501146046,0,2,1,0,0,0,1,0,1,0,0,0,1
0,-0.22090504374582004,1,0,0,0,0,-0.525139444717852,0,-0.4628180993915692,2,0,0,0,0,1,0,0,1,0,0,0,0
0,0.3087664528462136,0,0,0,0,1,-0.4835888905058862,0,-0.5240298283365881,2,1,0,1,0,1,0,0,0,1,0,0,0
0,-1.1172721918246462,0,0,0,0,1,0.3573943267443021,1,0.802722533808527,0,1,0,0,1,0,1,0,1,0,0,1,0
1,-0.9950403079957154,0,0,0,0,0,-1.4924363467724167,0,-0.40899290207893385,0,0,0,1,1,0,0,1,0,1,0,1,0
0,1.0421577558197987,1,0,0,1,1,1.0969941917172938,0,-0.47360072519587704,3,3,1,1,1,0,1,0,0,1,0,0,0
1,0.797693988161937,0,1,0,1,0,1.1800953001412255,0,-0.44618967403401716,3,4,1,1,0,0,1,0,0,1,0,0,1
0,-1.1987601143772668,0,0,1,0,1,-0.29910442980475804,0,0.9612798921571938,0,2,0,0,0,1,0,0,1,0,0,0,0
1,0.3495104141225239,0,1,1,1,1,1.5407541107010891,0,-0.35817858069170405,2,6,1,1,0,0,1,0,0,0,1,0,1
0,-0.506112772679992,1,0,1,1,1,1.1219245242444733,0,-0.11930031688683243,1,3,1,0,0,0,1,0,1,0,0,0,0
1,-1.2802480369298874,1,0,0,0,1,-0.49023697917980086,0,2.2540573721901898,0,0,0,0,0,1,0,0,1,0,0,0,1
1,-1.1580161531009565,1,0,1,0,0,0.5319066544345585,1,1.2192517414459452,0,1,0,0,1,0,1,0,1,0,0,1,0
0,-0.38388088885106114,0,0,0,0,0,-1.4608579255713225,0,-0.5656858334122534,1,0,0,0,0,0,0,1,1,0,0,0,1
0,-1.076528230548336,0,0,0,0,0,-1.5057325241202457,0,-0.3419198506945138,0,0,0,0,1,0,0,1,1,0,0,0,0
1,-0.9950403079957154,0,0,0,0,1,-1.5107185906256815,0,-0.41612636196374087,0,0,0,0,0,0,0,1,1,0,0,0,0
0,-0.5876006952326126,1,1,0,1,0,0.15628964435838757,0,-0.24011079916015135,1,3,1,0,0,1,0,0,1,0,0,0,0
0,0.797693988161937,0,1,0,1,1,-0.5317875333917667,0,-0.5596153569365246,3,3,1,0,1,1,0,0,1,0,0,1,0
0,-0.05792919864057891,0,0,0,1,1,0.9873007285977041,0,-0.32237810790942945,2,3,1,0,0,0,1,0,1,0,0,0,1
1,-0.13941712119319946,0,0,0,0,1,-1.4675060142452372,0,-0.5867457524812635,2,0,0,0,0,0,0,1,1,0,0,0,0
0,0.1457906077409725,1,1,1,0,1,1.3712278495162684,0,-0.33252291319094024,2,5,1,1,1,0,1,0,0,0,1,1,0
0,-0.6690886177852331,1,0,0,1,1,1.1701231671303538,1,0.019548746829745233,1,3,1,0,0,0,1,0,1,0,0,0,1
0,0.3902543753988342,1,0,1,1,1,1.4460188470978068,0,-0.3730993829968178,2,4,1,1,0,0,1,0,0,1,0,0,1
0,-1.2802480369298874,0,0,0,0,0,-1.4708300585821945,1,0.5322995545390214,0,0,0,0,0,0,0,1,1,0,0,0,1
0,1.1236456783724194,0,0,0,1,1,1.1584890119510036,0,-0.4764046295447487,3,4,1,1,0,0,1,0,0,0,1,0,1
0,-1.1172721918246462,1,0,0,0,1,0.6814886495976356,1,0.9924077171090795,0,2,0,0,0,0,1,0,1,0,0,0,1
0,-0.42462485012737144,1,1,1,1,0,1.033837349315106,0,-0.18038383984171652,1,3,1,0,1,0,1,0,1,0,0,1,0
0,0.1457906077409725,0,0,0,0,0,-1.4891123024354593,0,-0.6039975081682798,2,0,0,1,0,0,0,1,0,1,0,0,0
0,-1.1580161531009565,0,0,0,0,0,0.18620604339100316,1,0.9764547068212382,0,0,0,0,0,0,1,0,1,0,0,0,1
0,-0.9542963467194051,0,1,1,0,0,0.005045627026832042,0,0.09106263584604399,0,3,1,0,0,1,0,0,1,0,0,0,0
1,-1.2802480369298874,0,0,0,0,0,0.325815905543208,0,3.686910064506671,0,1,0,0,1,0,1,0,1,0,0,1,0
1,-0.8320644628904743,0,1,0,0,1,-0.5184913560439374,0,-0.22531878112886564,0,1,0,0,0,1,0,0,1,0,0,0,1
0,-0.38388088885106114,1,0,1,1,1,0.2975615286790714,0,-0.3083949052943246,1,3,1,1,0,1,0,0,0,1,0,0,0
0,1.2051336009250397,1,1,0,0,1,0.9141717531846443,0,-0.49607669807528026,3,3,1,1,1,0,1,0,0,1,0,0,0
0,0.18653456901728277,1,0,1,1,0,1.1302346350868666,1,-0.36359815735743406,2,3,1,0,1,0,1,0,1,0,0,0,0
0,-0.9950403079957154,0,0,0,0,0,-1.5157046571311175,0,-0.4180718510232338,0,0,0,0,0,0,0,1,1,0,0,0,0
0,-0.05792919864057891,1,0,0,1,0,0.7928441348857043,0,-0.34371769103074157,2,2,1,0,1,0,1,0,1,0,0,1,0
1,-0.791320501614164,1,0,0,0,1,0.3191678168692938,1,-0.04676136766859913,1,0,0,0,1,0,1,0,1,0,0,1,0
0,-0.3431369275747509,1,0,0,1,1,1.128572612918388,1,-0.20601354353851356,1,3,1,0,0,0,1,0,1,0,0,0,1
1,0.512486259227765,1,0,0,0,1,1.0354993714835847,0,-0.42361226551874603,2,3,1,0,1,0,1,0,1,0,0,0,0
0,1.4903413298592119,1,0,1,1,0,1.3496215613260465,0,-0.49133341046356444,3,4,1,1,1,0,1,0,0,0,1,1,0
0,-1.2395040756535771,0,0,0,0,0,-1.4808021915930663,0,0.12082861845628451,0,0,0,0,0,0,0,1,1,0,0,0,0
1,1.1643896396487294,1,1,0,1,1,1.3695658273477898,1,-0.46752492776130994,3,4,1,1,0,0,1,0,0,1,0,0,1
0,0.3495104141225239,1,0,0,1,1,1.3263532509673455,1,-0.3761048727398881,2,4,1,0,0,0,1,0,1,0,0,0,1
0,0.4717422979514547,0,0,0,1,1,-0.5234774225493735,0,-0.5398594661474859,2,3,1,1,0,1,0,0,0,1,0,0,1
0,0.2680224915699033,0,0,1,0,0,-0.9722234080386045,0,-0.563351246540862,2,2,0,1,0,1,0,0,0,1,0,0,0
1,1.6125732136881425,0,1,1,1,1,0.010031693532267658,0,-0.56299746068792,3,6,1,1,1,1,0,0,0,0,1,1,0
0,-0.791320501614164,0,0,0,1,1,1.0654157705161997,0,0.14042247255546245,1,3,1,0,0,0,1,0,1,0,0,0,1
1,0.7569500268856267,0,1,1,0,1,0.16459975520078074,0,-0.5105199946002881,3,4,1,1,1,1,0,0,0,1,0,1,0
0,1.5718292524118322,0,0,0,1,1,1.143530812434696,0,-0.5062673550535761,3,4,1,1,0,0,1,0,0,0,1,0,1
0,-0.42462485012737144,1,0,0,1,1,1.0604297040107642,1,-0.17632368876103582,1,2,1,0,0,0,1,0,1,0,0,0,1
0,-1.2395040756535771,0,0,1,0,1,-0.3240347623319375,1,1.474889003863305,0,2,0,0,1,1,0,0,1,0,0,1,0
0,0.9606698332671781,1,0,0,1,1,1.3961581820434479,0,-0.4483805226869118,3,4,1,1,0,0,1,0,0,1,0,0,1
0,-1.2802480369298874,0,1,0,0,0,-0.45034844713631356,0,2.3240949783319325,0,1,0,0,0,1,0,0,1,0,0,0,0
1,-0.38388088885106114,0,1,1,0,1,-0.23428556523409125,0,-0.38621446767403844,1,3,0,1,0,1,0,0,0,1,0,0,0
0,1.368109446030281,1,0,0,1,1,0.20116424290731047,0,-0.5436575253860182,3,3,1,1,1,1,0,0,0,1,0,0,0
0,-1.2802480369298874,0,0,0,0,0,-1.504070501951767,0,0.47393488275423606,0,0,0,0,0,0,0,1,1,0,0,0,0
0,-0.5468567339563023,1,0,0,1,1,0.7778859353693965,1,-0.152318045496511,1,2,1,0,0,0,1,0,1,0,0,0,1
0,-0.8728084241667845,0,1,0,0,1,0.4886940780541142,0,0.10623745051008816,0,2,0,0,1,0,1,0,1,0,0,0,0
1,-0.9950403079957154,0,0,0,0,1,-1.4974224132778524,1,-0.4109383911384267,0,0,0,1,0,0,0,1,0,1,0,0,0
1,0.797693988161937,1,1,0,0,0,1.1086283468966447,0,-0.45092492099014125,3,4,1,0,1,0,1,0,1,0,0,0,0
0,-1.1987601143772668,0,0,0,0,1,-1.4808021915930663,0,-0.07615214881736612,0,0,0,0,0,0,0,1,1,0,0,0,1
1,0.7569500268856267,0,1,0,0,1,0.47705992287476395,0,-0.48941892095501954,3,2,0,0,1,0,1,0,1,0,0,0,0
0,-0.7098325790615434,1,0,0,0,0,0.36071837108125965,1,-0.1151835230734413,1,0,0,0,0,0,1,0,1,0,0,0,1
0,1.2866215234776603,1,0,0,0,1,0.978990617755311,0,-0.49783690246244044,3,3,1,0,0,0,1,0,1,0,0,0,1
0,0.18653456901728277,0,0,0,0,1,-0.8176553463700914,0,-0.5436070924410352,2,2,1,0,1,1,0,0,1,0,0,1,0
0,-0.791320501614164,0,0,0,0,0,-1.4907743246039378,0,-0.5007551360516798,1,0,0,1,0,0,0,1,0,0,1,0,0
0,0.6754621043330061,1,1,0,0,1,-0.3140626293210656,0,-0.5378750673068032,3,1,0,1,0,1,0,0,0,1,0,0,1
0,0.512486259227765,1,0,0,1,1,1.2415901203749353,0,-0.4078791800811082,2,3,1,1,1,0,1,0,0,1,0,0,0
0,-0.5876006952326126,0,0,0,0,1,0.20947435374970363,0,-0.2302809597016612,1,0,0,0,0,0,1,0,1,0,0,0,1
0,-1.2802480369298874,1,0,0,0,1,0.32913994988016554,1,3.6927465316851498,0,0,0,0,0,0,1,0,1,0,0,0,1
0,1.4495973685829016,0,1,0,1,1,-0.3556131835330314,0,-0.5755718783613067,3,4,1,1,1,1,0,0,0,0,1,0,0
0,0.8791819107145575,0,0,0,0,0,-1.5007464576148097,0,-0.6253902397084623,3,0,0,1,1,0,0,1,0,0,1,1,0
1,-0.38388088885106114,0,0,0,0,1,0.7861960462117896,0,-0.2368981823579625,1,3,1,0,1,0,1,0,1,0,0,0,0
0,-0.6283446565089229,0,0,0,0,1,0.3939588144508323,1,-0.17002199593789588,1,1,0,0,0,0,1,0,1,0,0,0,1
0,1.5718292524118322,1,1,1,0,0,0.5186104770867298,0,-0.5367466836522973,3,5,1,1,1,1,0,0,0,0,1,1,0
1,1.4088534073065913,0,0,0,0,1,-1.5140426349626388,0,-0.6340497467601675,3,0,0,1,1,0,0,1,0,0,1,0,0
1,-0.7505765403378537,1,0,0,1,1,0.6648684279128493,0,-0.007184561658344745,1,1,1,0,0,0,1,0,1,0,0,0,1
0,-1.2802480369298874,0,0,0,0,1,-1.296317730891938,1,0.8387140814091446,0,0,0,0,0,1,0,0,1,0,0,0,0
1,1.24587756220135,0,0,0,0,0,-1.5057325241202457,0,-0.6315284787694645,3,0,0,1,1,0,0,1,0,0,1,1,0
0,0.3495104141225239,1,0,1,0,1,0.126373245325772,0,-0.4764365228080192,2,3,1,1,0,1,0,0,0,1,0,0,1
0,-0.6283446565089229,1,0,0,1,0,0.9241438861955159,0,-0.06658682760819302,1,2,1,0,0,0,1,0,1,0,0,0,1
0,0.9606698332671781,1,1,0,1,1,1.1884054109836186,0,-0.4611797928151542,3,3,1,1,0,0,1,0,0,1,0,0,1
0,-1.1172721918246462,0,0,0,0,0,-1.4708300585821945,0,-0.2672964489125382,0,0,0,0,1,0,0,1,1,0,0,1,0
0,-1.2395040756535771,0,1,0,0,1,-0.737878282283117,1,0.9904622280495867,0,3,1,0,0,1,0,0,1,0,0,0,1
0,-1.1987601143772668,0,0,0,0,1,-1.5024084797832884,0,-0.09512066714742133,0,0,0,0,0,0,0,1,1,0,0,0,0
0,0.18653456901728277,1,1,1,0,0,0.08814673545076371,0,-0.45989986580232994,2,4,0,1,0,1,0,0,0,1,0,0,1
0,-0.13941712119319946,0,1,0,0,1,0.13468335616816515,1,-0.3992006071461532,2,4,1,0,1,1,0,0,1,0,0,0,0
0,-0.9950403079957154,0,0,0,0,0,-0.7062998610820231,0,-0.10225412703222851,0,0,0,0,0,1,0,0,1,0,0,0,0
0,1.24587756220135,1,0,1,1,1,1.4975415343206444,0,-0.4667394757771095,3,5,1,0,1,0,1,0,1,0,0,1,0
1,-1.0357842692720256,0,0,0,0,0,-1.4675060142452372,0,-0.36578683254936356,0,0,0,0,0,0,0,1,1,0,0,0,0
0,-1.1987601143772668,0,0,0,1,0,1.0172171276303197,0,2.1169003934959445,0,3,1,0,0,0,1,0,1,0,0,0,1
1,1.6125732136881425,0,0,0,0,0,-1.4558718590658866,0,-0.6335147764607703,3,0,0,1,1,0,0,1,0,0,1,0,0
0,-0.5468567339563023,0,0,0,0,1,-0.28580825245692876,0,-0.3390849952078242,1,1,1,0,0,1,0,0,1,0,0,0,1
0,1.082901717096109,0,0,0,0,0,-1.5422970118267756,0,-0.6312974519436497,3,0,0,1,1,0,0,1,0,0,1,0,0
1,-1.2395040756535771,0,0,1,0,0,0.8377187334346272,1,2.8347858564488044,0,3,1,0,1,0,1,0,1,0,0,1,0
1,0.10504664646466222,1,0,0,0,1,-1.2979797530604165,0,-0.5836005451684168,2,0,0,0,0,0,0,1,1,0,0,0,1
0,-0.7505765403378537,0,0,0,0,0,-1.5024084797832884,0,-0.514568108374079,1,0,0,0,1,0,0,1,1,0,0,1,0
0,-0.7505765403378537,0,0,0,0,0,0.35074623807038746,1,-0.0807240481071744,1,1,0,0,0,0,1,0,1,0,0,0,1
1,1.4903413298592119,0,0,0,0,0,-1.495760391109374,0,-0.6340767220286394,3,0,0,1,1,0,0,1,0,0,1,1,0
0,-1.0357842692720256,1,1,1,0,0,-0.019884705500347457,0,0.26965853150748725,0,3,0,0,0,1,0,0,1,0,0,0,1
1,1.4903413298592119,0,1,1,1,1,0.36404241541821675,0,-0.5407766252755325,3,5,1,1,1,1,0,0,0,0,1,0,0
1,1.6125732136881425,1,0,1,1,1,0.47041183420084937,0,-0.5408508660517753,3,4,1,1,0,1,0,0,0,0,1,0,1
0,-0.9950403079957154,1,0,0,1,0,1.1983775439944904,1,0.6409226936940386,0,3,1,0,0,0,1,0,1,0,0,0,1
1,-1.1580161531009565,0,1,0,0,0,-0.48192686833740767,0,0.5072027456715635,0,1,0,0,0,1,0,0,1,0,0,0,1
1,1.24587756220135,0,0,0,0,1,0.5152864327497723,0,-0.5206356023783723,3,2,0,0,1,0,1,0,1,0,0,1,0
0,1.6125732136881425,0,0,0,0,0,-1.494098368940895,0,-0.635353663380017,3,0,0,1,1,0,0,1,0,0,1,0,0
0,0.5532302205040753,0,0,0,0,1,-1.4525478147289292,0,-0.6146904261847448,2,0,0,1,0,0,0,1,0,0,1,0,1
0,-1.1172721918246462,0,0,0,0,0,0.17124784387469535,1,0.6937751464769276,0,0,0,0,0,0,1,0,1,0,0,0,1
0,-0.09867315991688919,0,0,0,0,1,-0.4918990013482794,0,-0.47882131584868776,2,1,0,0,0,1,0,0,1,0,0,0,0
0,1.24587756220135,1,0,0,1,1,1.328015273135824,0,-0.4760413453428097,3,4,1,1,1,0,1,0,0,0,1,0,0
0,1.1236456783724194,0,0,0,0,0,-1.494098368940895,0,-0.629109574083302,3,0,0,1,1,0,0,1,0,0,1,0,0
0,1.24587756220135,1,0,0,1,1,1.419426492402149,1,-0.47102563136130465,3,4,1,1,0,0,1,0,0,1,0,0,1
1,-0.3023929662984406,0,0,1,1,0,0.7014329156193795,0,-0.28143865784500544,2,2,1,0,0,0,1,0,1,0,0,0,1
0,-1.2802480369298874,0,0,0,0,1,-0.6298468413320059,1,2.0089257506940914,0,0,0,0,0,1,0,0,1,0,0,0,0
0,-1.076528230548336,1,0,0,0,1,0.5319066544345585,0,0.6802956865647272,0,1,0,0,0,0,1,0,1,0,0,0,1
0,-0.42462485012737144,1,0,0,0,0,-1.3145999747452028,0,-0.5389459321543327,1,0,0,1,0,0,0,1,0,0,1,0,0
1,-0.05792919864057891,1,0,1,1,0,0.5235965435921655,0,-0.3732648061217892,2,4,1,1,1,1,0,0,0,0,1,0,0
1,0.2680224915699033,0,0,1,0,1,0.5551749647932596,0,-0.42925841311531765,2,2,0,0,1,0,1,0,1,0,0,0,0
0,-0.26164900502213034,0,0,0,0,0,-1.4591959034028439,0,-0.5767372920974281,2,0,0,0,0,0,0,1,1,0,0,0,0
0,0.8384379494382472,0,1,0,1,1,1.3728898716847469,1,-0.437742907069217,3,5,1,1,1,0,1,0,0,1,0,0,0
0,-1.2802480369298874,0,0,1,1,0,0.8942274871629008,1,4.684945952026501,0,3,1,0,0,0,1,0,1,0,0,0,1
0,-0.8320644628904743,1,1,1,0,1,0.08149864677684908,0,-0.06324457717265394,0,3,0,0,0,1,0,0,1,0,0,0,1
0,-0.6690886177852331,1,0,0,0,1,1.0238652163042339,1,-0.010663553858849649,1,3,1,0,1,0,1,0,1,0,0,1,0
0,-1.2395040756535771,0,0,0,0,0,-1.477478147256109,0,0.12471959657527029,0,0,0,0,0,0,0,1,1,0,0,0,0
1,0.2680224915699033,0,1,1,1,0,-0.6564391960276642,0,-0.535628027443089,2,3,1,1,1,1,0,0,0,1,0,0,0
0,-1.2802480369298874,1,0,0,0,1,0.3374500607225587,1,3.707337699631346,0,0,0,0,0,0,1,0,1,0,0,0,1
1,-1.0357842692720256,0,1,1,0,0,-1.0021398070712197,0,-0.16151048130261475,0,2,0,0,0,1,0,0,1,0,0,0,0
0,-1.1580161531009565,0,0,0,0,0,0.15130357785295148,0,0.9519415446716282,0,0,0,0,0,0,1,0,1,0,0,0,1
0,-0.9135523854430948,1,0,0,1,1,1.0155551054618408,1,0.34473672293973384,0,2,1,0,0,0,1,0,1,0,0,0,1
0,0.9199258719908678,0,0,0,0,1,0.5568369869617381,0,-0.49710734406513063,3,2,0,0,0,0,1,0,1,0,0,0,1
1,1.6125732136881425,0,0,0,1,1,0.35240826023886646,0,-0.5465274300198847,3,4,1,1,1,1,0,0,0,0,1,0,0
0,-0.9135523854430948,0,0,0,1,1,0.09978089063011394,0,0.0523827760904907,0,3,1,0,1,1,0,0,1,0,0,1,0
0,-0.8728084241667845,1,0,1,1,1,1.5490642215434824,0,0.41654295549919707,0,5,1,0,0,0,1,0,1,0,0,0,1
1,-0.7098325790615434,0,0,0,0,0,-0.6148886418156984,0,-0.3293089126838727,1,0,0,0,0,1,0,0,1,0,0,0,1
1,-0.38388088885106114,0,0,0,0,0,-1.4758161250876303,0,-0.567874508604183,1,0,0,1,1,0,0,1,0,0,1,0,0
1,-1.2802480369298874,0,0,0,0,0,-1.4874502802669807,0,0.5031172186466287,0,0,0,0,0,0,0,1,1,0,0,0,0
0,-1.1987601143772668,0,0,0,0,0,-0.6581012181961428,1,0.6461106645193528,0,0,0,0,0,1,0,0,1,0,0,0,1
1,0.5939741817803856,0,1,0,0,1,1.0404854379890203,0,-0.43339257736674,2,4,1,1,0,0,1,0,0,1,0,0,1
1,-0.7098325790615434,0,0,0,0,0,-1.5007464576148097,0,-0.5237362255669389,1,0,0,1,0,0,0,1,0,1,0,0,0
0,1.368109446030281,0,0,0,1,0,1.1535029454455674,1,-0.493742664292463,3,4,1,0,0,0,1,0,1,0,0,0,1
0,1.4495973685829016,0,0,1,0,1,-0.13788827946233057,0,-0.5644910493702823,3,3,0,1,1,1,0,0,0,1,0,0,0
1,-0.6283446565089229,0,0,1,1,0,1.123586546412952,1,-0.027677046418336043,1,4,1,1,1,0,1,0,0,1,0,0,0
0,-1.0357842692720256,0,0,1,1,1,-0.17611478933733907,1,0.2010800421603644,0,2,1,0,0,1,0,0,1,0,0,0,0
0,-0.8320644628904743,0,0,0,0,1,0.5202724992552084,1,0.05528060245183327,0,1,1,0,0,0,1,0,1,0,0,0,1
0,-0.46536881140368175,1,0,0,0,0,0.22941861977144754,0,-0.28666290818658063,1,3,1,1,1,1,0,0,0,1,0,0,0
0,-0.46536881140368175,0,0,1,0,1,-0.9572652085222967,0,-0.47608279752447497,1,2,0,0,0,1,0,0,1,0,0,0,0
1,0.9606698332671781,1,1,0,1,0,0.013355737869225209,0,-0.5335724646604932,3,2,1,1,1,1,0,0,0,1,0,0,0
1,-1.076528230548336,1,0,0,0,1,-0.5268014668863306,0,0.14917717332318026,0,0,0,0,1,1,0,0,1,0,0,1,0
0,1.3273654847539706,0,0,0,1,1,-0.37555744955477505,0,-0.572472937290257,3,4,1,1,1,1,0,0,0,0,1,0,0
0,0.3902543753988342,1,1,1,1,0,0.5202724992552084,0,-0.44870199272734207,2,4,1,1,1,1,0,0,0,1,0,1,0
1,1.4495973685829016,1,1,1,1,1,1.4709491796249863,0,-0.48261133590988775,3,5,1,1,1,0,1,0,0,0,1,0,0
1,0.6347181430566958,1,0,0,0,0,-1.2796975092071516,0,-0.604441762150977,2,0,0,1,1,0,0,1,0,0,1,0,0
0,0.7162060656093164,1,0,1,1,1,1.3961581820434479,0,-0.4226494723396875,3,4,1,1,0,0,1,0,0,1,0,0,1
0,-1.0357842692720256,0,0,0,1,1,0.005045627026832042,0,0.28060190746713454,0,3,1,0,0,1,0,0,1,0,0,0,1
1,1.24587756220135,0,0,0,0,0,-1.5107185906256815,0,-0.6318020631684556,3,0,0,1,0,0,0,1,0,0,1,0,1
0,-0.6283446565089229,0,0,0,0,0,-1.4525478147289292,0,-0.5302617201206545,1,0,0,0,1,0,0,1,1,0,0,1,0
1,0.3902543753988342,0,0,0,1,1,0.43717139083127665,1,-0.455488582469759,2,1,1,0,1,0,1,0,1,0,0,1,0
1,-1.1580161531009565,0,0,0,0,0,-1.5273388123104679,0,-0.22702482538103627,0,0,0,0,0,0,0,1,1,0,0,0,0
1,1.2051336009250397,1,0,0,0,0,-1.2896696422180234,0,-0.6189204358318284,3,0,0,1,1,0,0,1,0,0,1,0,0
0,-1.2395040756535771,0,0,0,0,1,0.32913994988016554,1,2.2394662042439935,0,1,0,0,0,0,1,0,1,0,0,0,1
0,-1.2395040756535771,0,0,0,0,1,0.18454402122252414,0,2.070208656068116,0,0,0,0,0,0,1,0,1,0,0,0,1
0,0.6347181430566958,1,1,0,1,1,1.0670777926846788,0,-0.43625621815073834,2,4,1,1,1,0,1,0,0,0,1,0,0
0,-0.22090504374582004,0,0,0,0,0,-1.504070501951767,0,-0.5855923553959927,2,0,0,1,1,0,0,1,0,0,1,0,0
1,1.5310852911355222,0,0,1,1,1,0.5186104770867298,0,-0.5349107996102407,3,5,1,1,1,1,0,0,0,0,1,0,0
0,-1.2802480369298874,1,0,0,1,1,0.7978302013911399,1,4.515688403850623,0,2,1,0,0,0,1,0,1,0,0,0,1
0,0.5532302205040753,1,0,0,1,1,0.9922867951031402,0,-0.4320214215136399,2,3,1,1,0,0,1,0,0,1,0,0,1
0,-0.09867315991688919,0,0,0,1,1,0.8460288442770204,1,-0.32726144234303545,2,2,1,0,0,0,1,0,1,0,0,0,1
0,-0.7098325790615434,1,1,0,0,1,-0.0049265059840396625,1,-0.19543494677752118,1,2,1,0,1,1,0,0,1,0,0,0,0
1,1.4903413298592119,1,0,0,1,0,1.02885128280967,0,-0.5074253842556552,3,3,1,1,1,0,1,0,0,1,0,1,0
0,1.3273654847539706,0,0,0,0,1,-1.504070501951767,0,-0.6325178041718771,3,0,0,1,1,0,0,1,0,0,1,1,0
1,1.6125732136881425,0,1,1,1,1,1.3064089849456015,0,-0.5006352086439028,3,5,1,1,1,0,1,0,0,0,1,1,0
0,-0.791320501614164,0,0,1,0,1,0.8061403122335331,1,0.07538755256670161,1,3,1,0,1,0,1,0,1,0,0,0,0
0,-0.6283446565089229,0,0,0,0,1,-1.485788258098502,0,-0.5367466836522973,1,0,0,1,0,0,0,1,0,1,0,0,0
0,0.7569500268856267,1,1,1,1,1,1.554050288048918,0,-0.4166875607309023,3,5,1,1,0,0,1,0,0,1,0,0,1
1,0.7569500268856267,0,1,1,0,0,-0.1428743459677664,0,-0.5312843489852598,3,3,0,1,1,1,0,0,0,0,1,1,0
0,1.6125732136881425,1,1,1,1,1,0.8692971546357213,0,-0.5216624808074624,3,6,1,1,1,1,0,0,0,0,1,0,0
1,1.4088534073065913,1,0,0,0,0,0.7512935806737384,1,-0.5170629119915462,3,2,0,1,0,0,1,0,0,1,0,0,1
0,0.06430268518835193,0,0,0,0,0,-1.499084435446331,0,-0.6013925058291596,2,0,0,0,0,0,0,1,1,0,0,0,0
0,1.4088534073065913,0,1,1,0,1,-0.46032058014718524,0,-0.5796332733608235,3,4,1,1,1,1,0,0,0,0,1,0,0
0,0.6754621043330061,0,0,0,0,1,-1.4874502802669807,0,-0.6202859838669202,3,0,0,1,1,0,0,1,0,1,0,0,0
1,0.8384379494382472,0,0,0,0,1,-1.509056568457203,0,-0.6251583531336945,3,0,0,1,0,0,0,1,0,0,1,0,0
0,-0.22090504374582004,1,0,1,0,0,-0.17777681150581762,0,-0.4192530408093544,2,2,0,0,0,1,0,0,1,0,0,0,1
0,-0.38388088885106114,0,0,0,1,1,0.9956108394400973,1,-0.2062567296709502,1,3,1,0,0,0,1,0,1,0,0,0,1
0,1.4903413298592119,1,1,1,0,1,0.5551749647932596,0,-0.5311881434823178,3,5,1,1,1,1,0,0,0,0,1,1,0
1,-1.2395040756535771,0,0,1,0,0,-1.1882862899408269,0,0.4632346929270254,0,1,0,0,1,1,0,0,1,0,0,0,0
0,0.10504664646466222,1,0,0,1,1,0.7197151594726443,1,-0.3867819019830572,2,1,1,0,0,0,1,0,1,0,0,0,1
0,0.5532302205040753,0,1,1,0,0,0.1928541320649173,0,-0.49175207497849477,2,4,1,1,0,1,0,0,0,1,0,0,0
0,0.8791819107145575,1,0,0,1,1,1.0770499256955504,0,-0.46080186527536754,3,3,1,1,1,0,1,0,0,0,1,0,0
0,0.9606698332671781,1,0,0,1,1,1.1119523912336016,1,-0.4658899242223474,3,3,1,1,0,0,1,0,0,1,0,0,1
0,-0.9542963467194051,0,0,0,0,1,0.36404241541821675,1,0.2171303269011804,0,1,0,0,1,0,1,0,1,0,0,0,0
0,-0.506112772679992,1,1,1,0,0,-0.18608692234821078,0,-0.3380288725755281,1,2,0,0,1,1,0,0,1,0,0,0,0
0,-0.8728084241667845,0,0,0,0,1,0.3690284819236528,0,0.07121864743921696,0,1,0,0,0,0,1,0,1,0,0,0,0
0,-0.09867315991688919,1,0,0,1,1,0.8393807556031058,0,-0.328014534882194,2,2,1,0,0,0,1,0,1,0,0,0,1
0,1.4495973685829016,0,1,0,0,0,0.20448828724426804,0,-0.5470662343156942,3,4,1,1,1,1,0,0,0,0,1,0,0
0,0.22727853029359305,1,0,0,1,1,1.2565483198912426,0,-0.36000648524760115,2,4,1,0,0,0,1,0,1,0,0,0,1
0,-0.6283446565089229,1,1,0,0,1,0.6831506717661141,1,-0.11360281321260346,1,2,0,0,1,0,1,0,1,0,0,0,0
0,0.6347181430566958,1,0,0,1,1,1.3728898716847469,1,-0.4143396883376761,2,4,1,1,1,0,1,0,0,1,0,1,0
0,-1.2802480369298874,0,0,0,0,0,-0.69798975023963,0,1.8892781735352813,0,0,0,0,0,1,0,0,1,0,0,0,1
1,1.24587756220135,0,1,0,1,0,-0.1927350110221254,0,-0.55948458703512,3,5,1,1,0,1,0,0,0,0,1,0,1
0,-1.1987601143772668,0,0,0,1,1,0.17124784387469535,0,1.3742099450345504,0,3,1,1,0,1,0,0,0,1,0,0,1
0,0.6347181430566958,1,0,0,0,0,-1.344516373777818,0,-0.6090871135787457,2,0,0,1,1,0,0,1,0,1,0,0,0
0,1.368109446030281,0,0,1,0,0,-1.1749901125929976,0,-0.6157858063379619,3,1,0,1,1,1,0,0,0,1,0,1,0
1,1.4495973685829016,1,0,0,0,1,0.6515722505650204,0,-0.5243124709677127,3,2,0,1,1,0,1,0,0,0,1,1,0
0,-0.6283446565089229,0,0,0,0,1,-0.6564391960276642,1,-0.37494684353780905,1,0,0,0,0,1,0,0,1,0,0,0,1
1,-1.0357842692720256,0,0,0,0,0,-1.4675060142452372,0,-0.36578683254936356,0,0,0,1,0,0,0,1,0,1,0,0,0
0,1.6125732136881425,1,1,1,1,1,0.7413214476628662,0,-0.5278187544066796,3,6,1,1,1,1,0,0,0,0,1,0,0
0,-0.13941712119319946,0,0,0,0,0,-1.494098368940895,0,-0.589858534976452,2,0,0,0,0,0,0,1,1,0,0,0,0
0,0.18653456901728277,0,0,1,0,1,0.8493528886139774,0,-0.3895550771775097,2,3,1,0,0,0,1,0,1,0,0,0,1
0,0.06430268518835193,1,1,0,1,1,1.4958795121521657,1,-0.30089782424006467,2,5,1,0,0,0,1,0,1,0,0,0,0
0,0.3902543753988342,1,0,0,1,1,0.6598823614074136,1,-0.4373005219600817,2,1,1,0,0,0,1,0,1,0,0,0,1
1,1.082901717096109,1,1,1,0,0,0.023327870880096913,0,-0.5396649172415366,3,3,0,1,0,1,0,0,0,1,0,0,0
1,-0.8728084241667845,0,0,0,1,1,0.4886940780541142,1,0.10623745051008816,0,1,1,0,1,0,1,0,1,0,0,0,0
1,1.1236456783724194,1,1,0,0,1,0.5368927209399946,0,-0.512188870934109,3,1,0,0,0,0,1,0,1,0,0,0,1
0,-0.22090504374582004,0,0,1,0,1,-0.28747027462540753,0,-0.4330104277300539,2,2,0,0,0,1,0,0,1,0,0,0,0
0,-1.2802480369298874,1,0,0,0,0,0.6981088712824219,1,4.340594388496267,0,1,1,0,0,0,1,0,1,0,0,0,0
0,-1.2802480369298874,0,0,0,1,1,0.47539790070628496,1,3.9495510875382047,0,1,1,0,0,0,1,0,1,0,0,0,1
0,-0.6283446565089229,0,1,0,0,0,-1.010449917913613,0,-0.4440117051498051,1,2,0,0,0,1,0,0,1,0,0,0,0
0,1.0421577558197987,0,0,0,0,0,-1.4641819699082799,0,-0.6260413340439351,3,0,0,1,0,0,0,1,0,0,1,0,0
1,-1.2802480369298874,0,0,0,0,0,-1.5290008344789465,0,0.43016137891564704,0,0,0,1,0,0,0,1,0,1,0,0,0
1,-1.1987601143772668,0,0,0,0,0,-0.6813695285548437,1,0.6256830293946779,0,0,0,0,0,1,0,0,1,0,0,0,0
0,0.8384379494382472,1,1,0,0,0,0.8643110881302852,0,-0.4708162210805954,3,3,0,0,0,0,1,0,1,0,0,0,1
0,0.10504664646466222,1,0,0,0,1,-1.3029658195658524,0,-0.5840869174332899,2,0,0,0,0,0,0,1,1,0,0,0,1
1,0.7162060656093164,1,1,0,1,0,1.3679038051793113,1,-0.42459496139918035,3,4,1,0,1,0,1,0,1,0,0,1,0
1,1.4495973685829016,1,0,1,0,0,0.19950222073883195,0,-0.5473199937582367,3,3,1,1,1,1,0,0,0,0,1,1,0
0,0.5939741817803856,1,0,0,0,0,-1.3096139082397669,0,-0.6053251729994201,2,0,0,0,0,0,0,1,1,0,0,0,1
0,1.3273654847539706,1,0,0,1,1,1.4626390687825932,0,-0.4746678963902984,3,4,1,0,1,0,1,0,1,0,0,0,0
0,-1.1172721918246462,0,0,0,0,1,0.16459975520078074,1,0.6898841683579419,0,0,0,0,0,0,1,0,1,0,0,0,1
0,0.7569500268856267,1,0,0,1,1,0.9922867951031402,1,-0.4546245973910128,3,2,1,0,0,0,1,0,1,0,0,0,1
0,0.5532302205040753,1,0,0,1,0,1.0388234158205416,1,-0.4285443772370995,2,2,1,0,1,0,1,0,1,0,0,0,0
0,-0.9542963467194051,1,0,0,0,1,0.40060690312474645,0,0.22997055469383312,0,0,0,0,0,0,1,0,1,0,0,0,1
0,-0.9950403079957154,0,0,0,0,0,-1.4808021915930663,0,-0.4044534276067839,0,0,0,1,0,0,0,1,0,0,1,0,0
0,-0.7505765403378537,1,0,0,0,1,-1.3295581742615106,0,-0.47410193593662775,1,0,0,1,1,0,0,1,0,1,0,1,0
0,0.512486259227765,1,1,1,1,1,1.6903361058641662,0,-0.3736216553378646,2,6,1,0,0,0,1,0,1,0,0,0,1
0,-0.9950403079957154,1,0,0,0,1,0.325815905543208,0,0.30046210828279046,0,0,0,0,1,0,1,0,1,0,0,1,0
1,-1.2802480369298874,0,0,0,0,1,-0.48691293484284354,1,2.2598938393686683,0,1,0,0,0,1,0,0,1,0,0,0,0
1,1.368109446030281,0,1,0,1,1,1.2748305637445079,0,-0.4873835284114341,3,5,1,1,1,0,1,0,0,1,0,0,0
1,1.6125732136881425,1,1,1,0,0,0.24271479711927632,0,-0.5518042359620707,3,4,0,1,1,1,0,0,0,0,1,1,0
0,0.3495104141225239,1,1,1,1,1,1.622193196956542,1,-0.3513693689834791,2,6,1,0,1,0,1,0,1,0,0,0,0
1,-0.38388088885106114,1,0,0,0,0,-1.3195860412506386,0,-0.5450150121551419,1,0,0,1,0,0,0,1,0,0,1,0,0
0,-0.13941712119319946,0,0,0,1,1,0.4687498120323708,1,-0.3600962770503469,2,1,1,0,0,0,1,0,1,0,0,0,1
0,-1.1580161531009565,1,1,0,0,1,0.5103003662443366,0,1.2040769267819011,0,1,0,0,0,0,1,0,1,0,0,0,1
1,-1.076528230548336,1,0,0,0,0,-1.3096139082397669,0,-0.2435336896858756,0,0,0,1,0,0,0,1,0,0,1,0,0
0,1.4088534073065913,1,1,1,0,1,1.3496215613260465,0,-0.4861639681054834,3,5,1,1,1,0,1,0,0,1,0,1,0
1,-1.0357842692720256,0,0,0,0,1,-0.6331708856689632,0,0.00045148290016467637,0,0,0,0,0,1,0,0,1,0,0,0,0
1,0.9606698332671781,1,0,0,0,1,-1.3411923294408608,0,-0.6170237058966337,3,0,0,1,0,0,0,1,0,1,0,0,0
0,1.6125732136881425,1,0,0,0,0,-1.322910085587596,0,-0.6271186480459993,3,0,0,1,1,0,0,1,0,0,1,1,0
0,1.6125732136881425,1,1,0,1,1,0.679826627429157,0,-0.5307769637985111,3,5,1,1,0,1,0,0,0,0,1,0,1
1,-0.38388088885106114,0,0,0,0,0,-1.5024084797832884,0,-0.5717654867231686,1,0,0,1,1,0,0,1,0,0,1,1,0
1,0.10504664646466222,1,0,0,0,0,-0.48691293484284354,0,-0.5044839900823743,2,0,0,0,0,1,0,0,1,0,0,0,0
0,-0.22090504374582004,0,0,0,0,1,0.19119210989643878,0,-0.3729781938942746,2,0,0,0,0,0,1,0,1,0,0,0,1
1,-0.26164900502213034,1,0,1,0,1,-0.1578325454840742,1,-0.4074797439215505,2,2,0,0,0,1,0,0,1,0,0,0,1
1,-0.8320644628904743,1,0,0,0,0,-1.2763734648701943,0,-0.43004409138934363,0,0,0,1,0,0,0,1,0,1,0,0,0
0,0.3087664528462136,0,0,0,0,0,-1.4841262359300234,0,-0.6097262488596144,2,0,0,1,0,0,0,1,0,0,1,0,0
1,-1.0357842692720256,0,1,0,1,0,-0.19772107752756127,0,0.1915957829953368,0,5,1,0,0,1,0,0,1,0,0,0,0
1,1.5310852911355222,1,1,0,1,1,1.0886840808749008,0,-0.506714908874774,3,3,1,0,1,0,1,0,1,0,0,1,0
1,1.1236456783724194,0,0,0,0,0,-1.5007464576148097,0,-0.6294922932425465,3,0,0,1,1,0,0,1,0,0,1,1,0
1,0.2680224915699033,0,0,0,0,1,-1.3145999747452028,0,-0.5934090525100265,2,0,0,1,1,1,0,0,0,1,0,1,0
0,1.6125732136881425,1,1,1,1,0,1.650447573820679,0,-0.4840852263706828,3,6,1,1,1,0,1,0,0,0,1,1,0
0,-1.2802480369298874,0,0,0,1,1,-1.000477784902741,1,1.3581596602937347,0,1,1,0,0,1,0,0,1,0,0,0,1
1,0.8791819107145575,1,0,1,1,1,0.19617817640187488,0,-0.5170441853588881,3,3,1,1,0,1,0,0,0,1,0,0,1
0,-1.1987601143772668,1,0,0,0,1,0.6814886495976356,1,1.822158800982778,0,1,1,0,0,0,1,0,1,0,0,0,1
1,1.24587756220135,0,1,1,1,0,0.3573943267443021,0,-0.5292991083464264,3,5,1,1,1,1,0,0,0,0,1,1,0
1,1.5718292524118322,1,0,1,0,1,0.6648684279128493,0,-0.5296132237674902,3,2,0,1,0,0,1,0,0,0,1,0,1
0,0.3902543753988342,0,0,0,0,1,-1.4675060142452372,0,-0.6110372193659545,2,0,0,1,0,0,0,1,0,1,0,0,0
0,0.5939741817803856,0,0,0,0,0,-1.4741541029191516,0,-0.6173628865550322,2,0,0,1,1,0,0,1,0,0,1,0,0
1,1.368109446030281,1,0,0,1,1,1.251562253385807,1,-0.48860308871738484,3,4,1,1,1,0,1,0,0,1,0,1,0
0,-0.46536881140368175,1,1,0,1,1,1.3163811179564737,1,-0.11316065660817315,1,4,1,0,1,0,1,0,1,0,0,0,0
0,-0.8728084241667845,0,0,1,0,1,-0.9688993637016472,0,-0.3203110257837183,0,2,0,0,0,1,0,0,1,0,0,0,1
1,-1.2802480369298874,1,0,0,1,1,1.1618130562879607,1,5.154781559894023,0,3,1,0,0,0,1,0,1,0,0,0,1
0,0.9199258719908678,1,0,1,0,0,0.8526769329509349,0,-0.47855571624782384,3,3,0,0,0,0,1,0,1,0,0,0,1
0,1.4903413298592119,1,0,1,1,1,1.0920081252118583,0,-0.5042570163587669,3,4,1,1,1,0,1,0,0,0,1,1,0
0,-1.1987601143772668,0,0,0,0,0,0.3008855730160285,0,1.4880210550148818,0,1,0,0,0,0,1,0,1,0,0,0,1
0,-1.1580161531009565,0,0,1,1,1,0.3191678168692938,1,1.0698381816768947,0,4,1,0,0,1,0,0,1,0,0,0,1
0,-0.09867315991688919,1,0,1,1,1,0.14299346701055832,0,-0.40690097835904904,2,3,1,1,1,1,0,0,0,0,1,1,0
0,-1.1172721918246462,1,0,1,0,1,0.5967255190052254,0,0.9427977460920118,0,2,0,0,0,0,1,0,1,0,0,0,1
0,1.5718292524118322,1,0,0,0,1,-1.3428543516093396,0,-0.6275361730952969,3,0,0,1,1,0,0,1,0,0,1,1,0
0,-0.13941712119319946,1,0,0,0,1,-0.3173866736580229,0,-0.45211790956435854,2,1,0,1,0,1,0,0,0,1,0,0,1
0,0.797693988161937,1,0,1,0,0,-0.1146199691036296,0,-0.5319747293554281,3,2,0,0,1,1,0,0,1,0,0,0,0
0,1.4495973685829016,1,1,0,0,0,0.3972828587877894,0,-0.5372542025373824,3,4,1,1,1,1,0,0,0,1,0,1,0
1,0.5532302205040753,0,0,0,0,0,-1.509056568457203,0,-0.6189125513776867,2,0,0,1,0,0,0,1,0,0,1,0,0
0,-0.9950403079957154,0,0,0,0,1,-0.33400689534280925,0,0.04300905607657064,0,1,1,0,1,1,0,0,1,0,0,1,0
0,1.6125732136881425,0,0,0,0,0,-1.499084435446331,0,-0.6355935181955709,3,0,0,1,1,0,0,1,0,0,1,1,0
0,-0.6283446565089229,0,0,0,0,0,-1.4924363467724167,0,-0.5380436763586259,1,0,0,1,1,0,0,1,0,1,0,0,0
0,-1.1987601143772668,0,0,1,1,1,1.4343846919184566,0,2.4831387089454724,0,5,1,0,0,0,1,0,1,0,0,0,1
0,-1.2395040756535771,0,0,0,1,1,0.6316279845432766,0,2.593545213071691,0,2,1,0,1,0,1,0,1,0,0,0,0
0,-0.9542963467194051,0,1,0,0,1,0.3141817503638577,1,0.19962092536574474,0,1,0,0,1,0,1,0,1,0,0,1,0
0,0.7569500268856267,0,0,0,1,1,-0.2791601637830144,0,-0.5404880087667068,3,4,1,1,1,1,0,0,0,1,0,1,0
1,-1.076528230548336,0,0,0,0,0,-1.485788258098502,0,-0.3319144783885506,0,0,0,1,0,0,0,1,0,0,1,0,0
0,-1.1987601143772668,1,0,0,1,0,1.0005969059455335,0,2.102309225549748,0,2,1,0,0,0,1,0,1,0,0,0,1
0,-0.6283446565089229,1,0,0,1,1,0.9773285955868325,0,-0.05621088595756445,1,2,1,0,0,0,1,0,1,0,0,0,1
0,-0.09867315991688919,1,0,0,0,0,-0.4952230456852367,0,-0.4791978621182671,2,0,0,0,0,1,0,0,1,0,0,0,1
0,-0.05792919864057891,1,0,1,1,1,0.2078123315812251,0,-0.40791882999400547,2,3,1,0,0,1,0,0,1,0,0,0,1
0,0.512486259227765,0,1,1,1,0,0.5601610312986957,0,-0.45989986580232994,2,5,1,1,1,1,0,0,0,0,1,0,0
0,1.2866215234776603,1,1,0,0,0,0.8194364895813623,0,-0.5064569155260396,3,3,0,1,1,0,1,0,0,1,0,0,0
0,-1.2802480369298874,1,0,0,1,1,-0.16448063415798858,1,2.8260311556810866,0,1,1,0,0,1,0,0,1,0,0,0,1
0,-1.2802480369298874,0,0,0,0,1,0.15961368869534465,1,3.395086705582744,0,0,0,0,0,0,1,0,1,0,0,0,1
1,1.1643896396487294,1,0,0,1,0,1.1368827237607813,0,-0.4807040471965841,3,3,1,1,0,0,1,0,0,1,0,0,1
0,-1.2802480369298874,0,0,0,0,0,-1.5206907236365534,0,0.4447525468618434,0,0,0,0,0,0,0,1,1,0,0,0,0
0,-0.9542963467194051,0,0,0,1,1,-0.6448050408483137,1,-0.13714323083246685,0,2,1,0,0,1,0,0,1,0,0,0,1
1,1.6125732136881425,1,1,1,1,0,1.650447573820679,0,-0.4840852263706828,3,6,1,1,1,0,1,0,0,0,1,0,0
0,-1.2802480369298874,0,0,0,0,0,-1.5057325241202457,1,0.47101664916499675,0,0,0,0,0,0,0,1,1,0,0,0,0
0,-1.0357842692720256,0,0,0,0,1,-0.6830315507233222,0,-0.02143526901912984,0,0,0,0,0,1,0,0,1,0,0,0,0
0,1.368109446030281,1,0,1,0,1,0.856000977287892,0,-0.5093356139185474,3,3,0,1,1,0,1,0,0,1,0,0,0
0,-1.2802480369298874,0,0,0,0,1,0.16958582170621683,1,3.4125961071181803,0,0,0,0,0,0,1,0,1,0,0,0,1
1,0.3087664528462136,0,0,0,0,1,-1.4758161250876303,0,-0.6090144845695561,2,0,0,0,1,0,0,1,1,0,0,0,0
0,-0.6690886177852331,1,0,0,0,1,0.21944648676057582,0,-0.17683120764612087,1,3,1,0,1,1,0,0,1,0,0,0,0
0,-1.2395040756535771,0,0,0,1,1,0.7429834698313453,1,2.723892980057712,0,2,1,0,1,0,1,0,1,0,0,0,0
0,1.4088534073065913,1,0,0,0,0,-1.327896152093032,0,-0.6244367419956146,3,0,0,1,1,0,0,1,0,0,1,1,0
0,0.3495104141225239,0,1,0,1,1,1.3180431401249524,0,-0.3767996902611355,2,5,1,1,1,0,1,0,0,1,0,0,0
1,0.9606698332671781,0,0,0,0,1,-1.495760391109374,0,-0.6265463628720461,3,0,0,1,1,0,0,1,0,0,1,1,0
0,1.6125732136881425,1,1,1,1,1,1.7169284605598243,0,-0.4808871621632973,3,6,1,1,1,0,1,0,0,0,1,0,0
1,-1.1987601143772668,1,0,0,0,1,0.6632064057443707,1,1.8061085162419621,0,1,1,0,1,0,1,0,1,0,0,0,0
0,0.8791819107145575,0,0,0,0,0,-1.4874502802669807,0,-0.6245412990279564,3,0,0,1,1,0,0,1,0,0,1,1,0
0,0.797693988161937,1,0,1,1,1,1.52745793335326,0,-0.42317417138680935,3,5,1,0,0,0,1,0,1,0,0,0,1
0,0.7162060656093164,0,0,1,0,1,0.8277466004237555,0,-0.46178813459536716,3,3,1,1,1,0,1,0,0,0,1,0,0
0,-0.7505765403378537,1,0,1,1,1,0.8360567112661487,1,0.032892512967207924,1,2,1,0,0,0,1,0,1,0,0,0,1
0,-0.22090504374582004,0,1,0,0,0,-0.5351115777287238,0,-0.46406877092981463,2,1,0,1,1,1,0,0,0,1,0,1,0
0,1.6125732136881425,1,1,1,0,1,1.0571056596738067,0,-0.5126279494215984,3,4,0,1,1,0,1,0,0,0,1,0,0
0,1.2051336009250397,0,1,0,1,1,0.31584377253233625,0,-0.5294279390951576,3,4,1,1,1,1,0,0,0,1,0,1,0
0,-0.8320644628904743,0,0,1,0,1,-0.34896509485911703,0,-0.1795249617284957,0,2,0,0,0,1,0,0,1,0,0,0,1
0,0.4717422979514547,0,0,1,1,0,0.33412601638560113,0,-0.47293464250093203,2,4,1,1,1,1,0,0,0,1,0,0,0
1,0.8791819107145575,0,0,1,0,1,0.503652277570422,0,-0.4974124321221875,3,2,0,1,1,0,1,0,0,0,1,0,0
0,1.4495973685829016,0,0,0,0,0,-1.4874502802669807,0,-0.6331752718184644,3,0,0,1,1,0,0,1,0,0,1,0,0
0,-0.506112772679992,0,0,0,0,0,-1.509056568457203,0,-0.5592587713407146,1,0,0,0,0,0,0,1,1,0,0,0,0
1,0.7162060656093164,1,0,0,0,0,-0.3290208288373734,0,-0.5414387455016625,3,1,0,1,1,1,0,0,0,1,0,0,0
0,1.0421577558197987,1,0,0,0,1,-1.3411923294408608,0,-0.6187210192777077,3,0,0,1,1,0,0,1,0,0,1,1,0
1,0.10504664646466222,1,0,0,1,1,0.8260845782552769,0,-0.3764059603324286,2,2,1,0,1,0,1,0,1,0,0,0,0
0,-1.2395040756535771,0,0,0,0,1,-0.6448050408483137,0,1.0994096153811859,0,0,0,0,0,1,0,0,1,0,0,0,1
1,1.24587756220135,1,1,1,0,0,0.3623803932497382,0,-0.5290255239474352,3,4,1,1,0,1,0,0,0,0,1,0,0
0,1.0421577558197987,1,1,0,1,1,1.524133889016303,0,-0.4481774698591146,3,5,1,1,1,0,1,0,0,1,0,1,0
1,-0.22090504374582004,0,0,0,0,1,-1.4708300585821945,0,-0.5814234502685081,2,0,0,1,0,0,0,1,0,1,0,0,0
0,1.5718292524118322,1,1,1,1,1,1.67371588417938,0,-0.48040856297115037,3,6,1,1,1,0,1,0,0,0,1,1,0
0,1.24587756220135,0,0,0,0,0,-0.2076932105384332,0,-0.5603053402320936,3,2,1,1,1,1,0,0,0,1,0,1,0
0,1.5718292524118322,1,0,0,0,1,0.9457501743857384,0,-0.5159137383068948,3,3,1,0,1,0,1,0,1,0,0,0,0
0,0.3495104141225239,1,1,0,1,1,1.6088970196087131,1,-0.35248107701747494,2,5,1,0,0,0,1,0,1,0,0,0,1
0,-0.791320501614164,0,0,0,1,1,0.8543389551194135,1,0.08747737743640717,1,2,1,0,0,0,1,0,1,0,0,0,1
0,-1.2395040756535771,0,0,0,1,0,0.47207385636932786,1,2.406778263360378,0,1,1,0,0,0,1,0,1,0,0,0,1
1,1.4495973685829016,0,0,0,0,1,-1.5107185906256815,0,-0.6343594825503297,3,0,0,1,1,0,0,1,0,0,1,0,0
1,-1.2802480369298874,0,1,0,0,1,-0.5334495555602452,0,2.178183298869969,0,1,0,0,0,1,0,0,1,0,0,0,0
0,1.3273654847539706,1,1,1,1,1,1.4709491796249863,0,-0.4742257397858682,3,5,1,1,0,0,1,0,0,0,1,0,1
0,1.6125732136881425,1,0,0,0,1,-1.322910085587596,0,-0.6271186480459993,3,0,0,1,1,0,0,1,0,0,1,0,0
0,-0.18016108246950976,1,0,1,0,1,-0.3290208288373734,0,-0.4461137278117859,2,1,0,0,1,1,0,0,1,0,0,1,0
1,1.6125732136881425,1,0,0,0,0,-1.3312201964299892,0,-0.6275184060719224,3,0,0,1,1,0,0,1,0,0,1,1,0
0,-1.2395040756535771,0,1,0,1,1,0.875945243309636,0,2.87953210481714,0,3,1,0,0,0,1,0,1,0,0,0,1
1,-0.5876006952326126,0,0,0,0,0,-1.4841262359300234,1,-0.5432999099579574,1,0,0,1,1,0,0,1,0,1,0,0,0
0,1.1236456783724194,1,0,0,1,1,1.3147190957879948,0,-0.4674107293025032,3,4,1,1,0,0,1,0,0,1,0,0,1
0,-0.26164900502213034,1,0,1,0,1,0.041610114733361785,0,-0.3815398897949792,2,2,1,0,0,1,0,0,1,0,0,0,1
1,-1.2802480369298874,0,0,0,0,1,0.22775659760296899,1,3.5147342827415544,0,0,0,0,0,0,1,0,1,0,0,0,1
0,-1.1580161531009565,0,0,0,0,0,-1.477478147256109,1,-0.19200602231016506,0,0,0,0,0,0,0,1,1,0,0,0,0
1,1.4495973685829016,1,1,1,1,1,0.9108477088476872,0,-0.5111169799555002,3,6,1,1,1,1,0,0,0,0,1,1,0
0,0.22727853029359305,0,0,1,0,1,0.6465861840595843,1,-0.41492913792713,2,3,0,0,1,0,1,0,1,0,0,1,0
0,0.3902543753988342,1,1,0,1,1,1.3429734726521318,0,-0.3815147542774147,2,4,1,1,1,0,1,0,0,1,0,0,0
0,1.0014137945434884,0,0,0,0,1,-1.5024084797832884,0,-0.6276479828113596,3,0,0,1,1,0,0,1,0,0,1,0,0
0,0.8791819107145575,0,0,0,0,0,-1.1434116913919037,0,-0.6025749589198643,3,1,0,0,0,1,0,0,1,0,0,0,1
0,-0.8320644628904743,0,0,0,0,0,0.4421574573367123,1,0.034179528806564684,0,1,1,0,1,0,1,0,1,0,0,0,0
0,0.4717422979514547,0,1,0,0,1,-0.10963390259819375,0,-0.5075643477599047,2,3,0,1,0,1,0,0,0,1,0,0,0
1,0.3902543753988342,1,1,0,1,1,0.1529656000214305,0,-0.47869871938882474,2,3,1,0,1,1,0,0,1,0,0,0,0
1,1.6125732136881425,1,0,0,0,0,-1.3312201964299892,0,-0.6275184060719224,3,0,0,1,1,0,0,1,0,0,1,0,0
1,1.5718292524118322,1,1,1,1,0,0.8726211989726784,0,-0.5194804682492984,3,6,1,1,0,1,0,0,0,0,1,0,0
0,-0.5468567339563023,1,0,0,0,0,0.8260845782552769,1,-0.14385516808771717,1,2,1,0,0,0,1,0,1,0,0,0,0
0,-0.38388088885106114,1,0,1,1,1,0.29423748434211433,0,-0.3088812775591978,1,3,1,0,1,1,0,0,1,0,0,1,0
0,-0.09867315991688919,0,0,0,0,0,-1.509056568457203,0,-0.5940444743399415,2,0,0,1,1,0,0,1,0,0,1,1,0
0,0.10504664646466222,1,0,0,0,0,-1.2830215535441087,0,-0.5821414283737971,2,0,0,1,1,0,0,1,0,1,0,0,0
0,-0.9135523854430948,1,1,0,1,1,1.1269105907499095,1,0.3802861139359213,0,3,1,0,0,0,1,0,1,0,0,0,1
0,-1.2802480369298874,0,0,0,0,1,-0.6963277280711512,0,1.8921964071245205,0,0,0,0,1,1,0,0,1,0,0,0,0
0,-0.42462485012737144,0,0,0,0,1,0.1629377330323022,0,-0.3133537877340102,1,0,0,0,0,0,1,0,1,0,0,0,0
1,-1.0357842692720256,0,1,0,0,0,-0.8725020779298864,0,-0.10460492631244904,0,3,0,1,0,1,0,0,0,0,1,0,0
0,0.1457906077409725,0,1,1,0,1,-0.38885362690260405,0,-0.49957206838036655,2,5,1,1,0,1,0,0,0,0,1,0,0
1,0.06430268518835193,0,0,0,0,0,-1.4675060142452372,0,-0.5982241379322714,2,0,0,0,0,0,0,1,1,0,0,0,0
1,1.6125732136881425,1,1,0,0,0,-0.011574594657954289,0,-0.5640368315553203,3,3,0,1,1,1,0,0,0,0,1,1,0
1,0.1457906077409725,1,0,0,0,0,-1.3195860412506386,0,-0.58790778783842,2,0,0,1,1,0,0,1,0,0,1,1,0
0,-1.2802480369298874,0,0,0,0,0,0.3839866814399601,1,3.789048240130045,0,1,0,0,0,0,1,0,1,0,0,0,1
0,-0.38388088885106114,1,0,0,0,1,0.47705992287476395,1,-0.2821308029911711,1,1,0,0,0,0,1,0,1,0,0,0,1
0,-0.01718523736426863,1,0,0,0,1,0.6715165165867639,1,-0.36642795962578734,2,1,1,0,0,0,1,0,1,0,0,0,1
1,1.5718292524118322,1,1,1,0,1,1.0089070167879266,0,-0.5128333806293645,3,4,0,1,1,0,1,0,0,1,0,1,0
0,-0.38388088885106114,1,0,0,0,1,0.48370801154867815,0,-0.2811580584614248,1,1,0,0,0,0,1,0,1,0,0,0,0
0,-0.6283446565089229,0,0,0,1,1,1.0587676818422855,0,-0.040322725305039546,1,3,1,1,1,0,1,0,0,1,0,0,0
0,-1.2802480369298874,0,0,1,1,1,0.35573230457582355,0,3.739438269112978,0,4,1,0,0,1,0,0,1,0,0,0,1
1,-0.8320644628904743,0,0,0,0,0,-1.499084435446331,0,-0.49020459922904547,0,0,0,1,0,0,0,1,0,0,1,0,0
0,1.6125732136881425,0,0,0,0,0,-1.472492080750673,0,-0.6343142925126166,3,0,0,1,1,0,0,1,0,0,1,1,0
0,-1.2802480369298874,0,0,0,0,0,-1.5157046571311175,0,0.45350724762956107,0,0,0,0,0,0,0,1,1,0,0,0,0
0,1.6125732136881425,1,0,0,1,0,1.1152764355705587,0,-0.509829643240136,3,3,1,1,1,0,1,0,0,0,1,0,0
1,1.1236456783724194,1,0,0,0,0,0.3175057947008148,0,-0.5248186031891774,3,0,0,0,1,0,1,0,1,0,0,0,0
1,1.1643896396487294,0,0,1,1,0,-0.44702440279935624,0,-0.570416195923843,3,4,1,1,1,1,0,0,0,0,1,1,0
0,-1.076528230548336,0,0,0,0,0,-0.6364949300059205,0,0.09414762564038262,0,0,0,0,0,1,0,0,1,0,0,0,0
0,-0.01718523736426863,1,0,0,0,0,0.6814886495976356,1,-0.36536678377515486,2,1,1,0,0,0,1,0,1,0,0,0,1
1,-0.05792919864057891,1,0,0,1,1,0.7230392038096014,1,-0.3513780542024947,2,1,1,0,1,0,1,0,1,0,0,1,0
0,-0.5468567339563023,0,0,0,0,1,0.3008855730160285,1,-0.23607134950767805,1,1,0,0,1,0,1,0,1,0,0,1,0
1,1.6125732136881425,0,0,0,0,0,-1.4791401694245876,0,-0.6346340989333552,3,0,0,1,1,0,0,1,0,0,1,0,0
0,-0.01718523736426863,1,0,0,0,1,-0.3522891391960741,0,-0.47537534695738665,2,1,0,0,0,1,0,0,1,0,0,0,1
0,1.3273654847539706,1,0,0,0,1,0.8593250216248496,0,-0.5067684658719304,3,2,1,0,0,0,1,0,1,0,0,0,1
1,0.512486259227765,0,1,0,1,1,-0.461982602315664,0,-0.5379308943841625,2,3,1,0,1,1,0,0,1,0,0,0,0
0,0.3902543753988342,1,0,0,0,0,-1.3212480634191175,0,-0.5990928214193006,2,0,0,1,0,0,0,1,0,1,0,0,1
0,-0.9950403079957154,1,0,0,0,1,0.33412601638560113,0,0.303704590048612,0,0,0,0,0,0,1,0,1,0,0,0,1
1,-0.01718523736426863,0,0,0,0,0,-1.472492080750673,0,-0.5945807675117665,2,0,0,1,0,0,0,1,0,0,1,0,0
0,-0.42462485012737144,1,1,1,0,1,-0.041490993690569876,0,-0.34456619916674325,1,3,0,0,0,1,0,0,1,0,0,0,0
0,1.0014137945434884,0,0,0,1,1,-0.6630872847015785,1,-0.5768304668608137,3,2,1,0,0,1,0,0,1,0,0,0,1
0,-1.2802480369298874,0,1,0,0,0,-0.5600419102559032,0,2.131491561442141,0,1,0,0,0,1,0,0,1,0,0,0,1
0,-1.2802480369298874,0,0,0,0,0,-0.6547771738591854,1,1.9651522468555023,0,0,0,0,0,1,0,0,1,0,0,0,1
0,-1.2802480369298874,0,0,0,0,1,-0.6581012181961428,0,1.959315779677024,0,0,0,0,0,1,0,0,1,0,0,0,1
0,-0.3431369275747509,0,0,1,1,1,1.0371613936520632,1,-0.21885377133116637,1,3,1,0,0,0,1,0,1,0,0,0,1
0,-1.2802480369298874,0,0,0,0,0,-1.4874502802669807,1,0.5031172186466287,0,0,0,0,1,0,0,1,1,0,0,0,0
0,0.8791819107145575,1,0,0,0,1,0.8393807556031058,0,-0.4759766799394118,3,2,1,0,0,0,1,0,1,0,0,0,1
0,-1.1580161531009565,1,0,0,0,1,-1.3129379525767242,0,-0.07644397217629,0,0,0,1,1,0,0,1,0,0,1,1,0
1,1.3273654847539706,1,1,1,1,0,1.4576530022771577,1,-0.47493319035295645,3,5,1,1,1,0,1,0,0,0,1,0,0
0,0.9606698332671781,1,0,0,0,0,-1.346178395946297,0,-0.6173308883797115,3,0,0,1,0,0,0,1,0,1,0,0,1
0,0.512486259227765,0,1,0,1,1,0.37069050409213133,0,-0.474364154027255,2,4,1,0,0,1,0,0,1,0,0,0,1
1,1.5718292524118322,0,0,0,0,0,-1.499084435446331,0,-0.6351560052449772,3,0,0,1,1,0,0,1,0,0,1,1,0
0,1.082901717096109,0,1,0,1,0,0.0532442699127125,0,-0.537913977087993,3,4,1,1,1,1,0,0,0,1,0,1,0
0,1.4903413298592119,0,0,0,0,1,-0.9655753193646899,0,-0.6074791073152872,3,2,0,1,1,1,0,0,0,1,0,0,0
0,-0.5468567339563023,0,0,0,0,0,-1.5290008344789465,0,-0.5573688676829215,1,0,0,1,0,0,0,1,0,1,0,0,0
1,0.9199258719908678,0,0,0,0,0,-1.509056568457203,0,-0.6266560709017167,3,0,0,1,1,0,0,1,0,0,1,1,0
0,0.22727853029359305,0,0,0,0,0,-1.5123806127941604,0,-0.6093283908718381,2,0,0,1,0,0,0,1,0,1,0,0,0
0,-0.9135523854430948,0,0,0,0,1,-0.6398189743428778,1,-0.18372885067523193,0,0,0,0,0,1,0,0,1,0,0,0,1
0,0.5939741817803856,1,1,0,0,1,0.08814673545076371,0,-0.5030654043098275,2,3,0,0,1,1,0,0,1,0,0,1,0
0,-1.2395040756535771,0,0,0,0,1,-0.987181607554912,1,0.6986388691256599,0,1,1,0,0,1,0,0,1,0,0,0,1
0,-1.2802480369298874,0,0,0,0,0,-0.6182126861526555,1,2.0293533858187667,0,0,0,0,1,1,0,0,1,0,0,1,0
0,-1.2802480369298874,0,0,0,0,0,-0.6531151516907069,1,1.9680704804447413,0,0,0,0,0,1,0,0,1,0,0,0,1
0,-1.2802480369298874,0,0,0,0,1,-0.7146099719244163,1,1.8600958376428884,0,3,1,0,0,1,0,0,1,0,0,0,1
1,0.5532302205040753,0,0,0,0,1,-1.485788258098502,0,-0.6171740292394166,2,0,0,1,0,0,0,1,0,0,1,0,0
0,0.22727853029359305,0,1,0,0,1,-0.25422983125583487,1,-0.496041066407524,2,2,0,0,1,1,0,0,1,0,0,1,0
0,1.3273654847539706,0,1,1,0,0,-0.19605905535908272,0,-0.5629223546345647,3,3,0,1,1,1,0,0,0,0,1,1,0
0,-0.5468567339563023,0,1,0,0,1,0.27927928482580655,1,-0.23986505317368909,1,1,0,0,0,0,1,0,1,0,0,0,1
0,0.797693988161937,0,0,0,0,1,0.6831506717661141,1,-0.47911615868241497,3,2,1,0,0,0,1,0,1,0,0,0,1
1,1.5718292524118322,0,0,0,0,0,-1.5073945462887242,0,-0.6355613154657048,3,0,0,1,0,0,0,1,0,0,1,0,0
0,-1.2802480369298874,0,0,0,0,0,-0.6265227969950485,1,2.0147622178725704,0,0,0,0,0,1,0,0,1,0,0,0,0
0,0.797693988161937,0,0,1,1,1,-0.4752787796634931,0,-0.5558712081805195,3,4,1,0,0,1,0,0,1,0,0,0,1
0,-1.076528230548336,1,0,0,0,0,-1.3195860412506386,0,-0.24853637583885718,0,0,0,1,0,0,0,1,0,1,0,0,0
0,-0.26164900502213034,0,0,0,0,0,-0.1362262572938518,0,-0.40466959305783856,2,2,1,1,0,1,0,0,0,1,0,0,0
0,0.6347181430566958,1,0,0,1,1,1.1368827237607813,0,-0.43125353199775673,2,3,1,1,0,0,1,0,0,1,0,0,1
1,1.2866215234776603,1,1,1,1,1,1.3163811179564737,0,-0.4796091665050382,3,4,1,1,1,0,1,0,0,1,0,0,0
0,-1.1987601143772668,0,0,0,1,0,0.6299659623747981,1,1.7769261803495695,0,2,1,0,0,0,1,0,1,0,0,0,1
0,-1.2802480369298874,0,0,0,0,1,-0.6896796393972369,0,1.9038693414814778,0,0,0,0,1,1,0,0,1,0,0,0,0
1,1.6125732136881425,1,0,0,0,0,-1.3528264846202114,0,-0.6285577769393228,3,0,0,1,1,0,0,1,0,0,1,1,0
0,-1.2802480369298874,0,0,0,0,1,-0.6398189743428778,0,1.9914163491586558,0,0,0,0,0,1,0,0,1,0,0,0,0
1,0.7569500268856267,1,1,0,0,1,0.9640324182390032,0,-0.4565326731993616,3,3,1,0,0,0,1,0,1,0,0,0,1
1,0.3495104141225239,0,0,0,0,0,-1.499084435446331,0,-0.6123428299640193,2,0,0,1,1,0,0,1,0,0,1,0,0
1,1.6125732136881425,0,1,0,1,1,0.19451615423339633,0,-0.5541228325124252,3,4,1,1,1,1,0,0,0,0,1,1,0
0,0.4309983366751445,1,1,1,1,0,0.7197151594726443,0,-0.4377478199203773,2,5,1,1,1,1,0,0,0,0,1,1,0
0,1.6125732136881425,1,1,1,1,1,1.6388134186413281,0,-0.4846448876069753,3,6,1,1,1,0,1,0,0,0,1,1,0
0,0.5939741817803856,1,0,0,1,1,1.010569038956405,0,-0.43558125255866936,2,2,1,1,1,0,1,0,0,1,0,1,0
0,1.6125732136881425,1,1,1,1,0,0.7895200905487467,0,-0.525500157856325,3,6,1,1,1,1,0,0,0,0,1,1,0
0,-1.1987601143772668,0,0,0,0,1,-1.4641819699082799,0,-0.06156098087116978,0,0,0,0,1,0,0,1,1,0,0,1,0
0,-1.2802480369298874,0,0,0,0,1,0.17457188821165245,1,3.4213508078858976,0,0,0,0,0,0,1,0,1,0,0,0,1
0,-1.2395040756535771,1,0,0,0,1,0.7047569599563366,1,2.6791467316893764,0,1,1,0,0,0,1,0,1,0,0,0,1
0,-0.26164900502213034,0,1,0,0,1,-0.6697353733754932,0,-0.4740587028464168,2,3,1,0,1,1,0,0,1,0,0,0,0
1,-0.13941712119319946,0,1,0,0,1,-0.15284647897863812,0,-0.4328575678753794,2,2,1,0,0,1,0,0,1,0,0,0,0
0,0.10504664646466222,1,1,1,1,1,1.1867433888151402,1,-0.34122503317326636,2,4,1,0,1,0,1,0,1,0,0,0,0
0,-0.22090504374582004,0,1,0,0,0,-0.3107385849841083,0,-0.43592866131929314,2,2,0,1,1,1,0,0,0,1,0,0,0
1,-0.3431369275747509,0,1,1,0,1,0.18288199905404562,0,-0.3388515365206851,1,4,1,0,1,1,0,0,1,0,0,1,0
1,1.4088534073065913,0,1,1,0,1,-0.14619839030472373,0,-0.5634113278206404,3,3,0,1,1,1,0,0,0,0,1,0,0
0,-0.6690886177852331,1,0,0,0,0,0.26099704097254167,1,-0.16824816767777012,1,0,0,0,0,0,1,0,1,0,0,0,1
0,-0.38388088885106114,0,0,0,0,0,-0.29910442980475804,0,-0.3956987268390661,1,2,0,1,1,1,0,0,0,1,0,0,0
0,-0.7505765403378537,0,0,0,0,1,-1.1201433810332027,0,-0.42507561163740804,1,1,0,0,0,1,0,0,1,0,0,0,0
1,-1.2802480369298874,0,0,0,0,1,-1.4558718590658866,1,0.5585636568421748,0,0,0,0,0,0,0,1,1,0,0,0,1
0,-1.2802480369298874,0,0,0,0,0,-0.6547771738591854,1,1.9651522468555023,0,0,0,0,0,1,0,0,1,0,0,0,0
0,-1.1580161531009565,0,0,0,1,1,-0.46032058014718524,0,0.522377560335608,0,3,1,0,1,1,0,0,1,0,0,1,0
1,-0.6690886177852331,1,1,0,0,1,0.14299346701055832,0,-0.1926240011878864,1,3,1,0,0,1,0,0,1,0,0,0,1
0,0.5532302205040753,0,0,0,1,1,-0.6930036837341939,0,-0.557940096385496,2,2,1,0,0,1,0,0,1,0,0,0,1
1,1.4495973685829016,1,1,1,1,1,0.7213771816411229,0,-0.5207598387721171,3,5,1,1,1,1,0,0,0,0,1,0,0
0,0.22727853029359305,1,1,1,0,0,0.17124784387469535,0,-0.45772989723597257,2,4,0,0,0,1,0,0,1,0,0,0,1
0,-0.09867315991688919,0,0,0,0,1,-0.47860282400045034,1,-0.47731513077037074,2,1,0,0,1,1,0,0,1,0,0,0,0
0,-1.1172721918246462,0,0,0,0,0,0.47041183420084937,1,0.8688691618312837,0,1,1,0,0,0,1,0,1,0,0,0,1
0,-0.6283446565089229,0,0,0,0,1,0.8692971546357213,0,-0.07728701743540359,1,3,1,0,1,0,1,0,1,0,0,1,0
1,-1.1580161531009565,0,0,0,0,0,-1.4924363467724167,0,-0.20251166323142653,0,0,0,1,0,0,0,1,0,0,1,0,0
0,-0.8320644628904743,0,0,0,0,0,-1.4841262359300234,0,-0.4861639681054834,0,0,0,1,0,0,0,1,0,1,0,0,1
1,1.6125732136881425,1,1,1,1,1,0.8576629994563706,0,-0.5222221420437549,3,6,1,1,1,1,0,0,0,0,1,1,0
0,-1.1987601143772668,0,0,0,1,1,0.9041996201737725,0,2.017680451461809,0,2,1,0,0,0,1,0,1,0,0,0,1
0,0.9606698332671781,1,0,1,0,1,0.9856387064292257,1,-0.4736718804603187,3,3,1,0,0,0,1,0,1,0,0,0,1
0,0.3495104141225239,1,0,0,0,1,-1.327896152093032,0,-0.598029589026322,2,0,0,1,0,0,0,1,0,1,0,0,0
0,0.3087664528462136,0,0,1,0,0,-0.9572652085222967,0,-0.5646003928699145,2,2,0,1,1,1,0,0,0,1,0,1,0
0,-1.0357842692720256,0,1,1,1,1,0.45545363468454153,0,0.4783122331380949,0,5,1,0,0,1,0,0,1,0,0,0,1
0,1.4903413298592119,0,0,0,0,0,-1.4907743246039378,0,-0.6338265877209903,3,0,0,1,1,0,0,1,0,0,1,1,0
1,-1.0357842692720256,0,0,0,0,0,-1.4675060142452372,0,-0.36578683254936356,0,0,0,1,0,0,0,1,0,1,0,0,0
1,-1.1172721918246462,0,0,0,0,1,-1.1400876470549464,0,-0.07372028749300011,0,1,0,0,0,1,0,0,1,0,0,0,1
1,1.6125732136881425,1,1,1,1,0,1.3728898716847469,0,-0.49743714443651726,3,5,1,1,1,0,1,0,0,0,1,1,0
1,0.4717422979514547,0,0,0,0,1,-1.472492080750673,0,-0.6139177496788469,2,0,0,1,1,0,0,1,0,1,0,0,0
0,1.3273654847539706,1,0,0,1,1,1.0205411719672768,0,-0.49819062774598455,3,3,1,1,0,0,1,0,0,1,0,0,1
0,-1.1987601143772668,1,0,1,1,0,-0.006588528152518674,0,1.2180844480102493,0,2,1,0,0,1,0,0,1,0,0,0,1
0,-0.3431369275747509,0,0,1,0,1,-0.4553345136417494,0,-0.42849967238211545,1,1,0,0,1,1,0,0,1,0,0,1,0
0,0.4717422979514547,1,0,0,0,1,0.6648684279128493,1,-0.44712448764499363,2,2,0,0,1,0,1,0,1,0,0,0,0
0,1.6125732136881425,1,1,1,1,0,0.8078023344020117,0,-0.524620690199294,3,6,1,1,1,1,0,0,0,0,1,1,0
0,-0.3431369275747509,0,1,1,0,0,-0.3273588066688946,0,-0.41052335347240154,1,2,0,0,0,1,0,0,1,0,0,0,1
0,-1.2802480369298874,0,0,0,0,0,-0.461982602315664,1,2.303667343207257,0,1,0,0,0,1,0,0,1,0,0,0,0
0,-0.42462485012737144,0,0,0,0,1,-1.4741541029191516,0,-0.5633068386384171,1,0,0,0,1,0,0,1,1,0,0,0,0
1,1.5310852911355222,1,0,1,1,1,0.703094937787858,0,-0.5257861819086757,3,5,1,1,1,1,0,0,0,0,1,1,0
1,-0.3023929662984406,1,0,0,1,0,-0.14786041247320225,0,-0.39614768585279514,2,1,1,0,0,1,0,0,1,0,0,0,1
1,0.18653456901728277,0,0,0,0,0,-1.495760391109374,0,-0.6062723189889101,2,0,0,1,1,0,0,1,0,0,1,0,0
1,-0.42462485012737144,1,0,0,1,0,0.6831506717661141,0,-0.23392708221819358,1,1,1,0,1,0,1,0,1,0,0,0,0
1,1.082901717096109,1,0,1,1,1,0.24271479711927632,0,-0.5268246894488839,3,3,1,1,1,1,0,0,0,0,1,0,0
1,0.6754621043330061,1,0,0,1,1,1.1634750784564392,1,-0.4341026808734548,3,3,1,0,0,0,1,0,1,0,0,0,1
1,0.5939741817803856,1,0,1,1,1,1.4144404258967127,1,-0.4060341374676218,2,4,1,0,1,0,1,0,1,0,0,0,0
1,-0.05792919864057891,0,0,0,0,1,-1.504070501951767,1,-0.5957801173012833,2,0,0,0,0,0,0,1,1,0,0,0,0
1,-1.2802480369298874,0,0,0,0,1,0.5402167652769517,0,4.063362197518536,0,1,1,0,0,0,1,0,1,0,0,0,1
0,-1.1987601143772668,0,0,0,0,1,-1.472492080750673,0,-0.06885656484426796,0,0,0,0,0,0,0,1,1,0,0,0,1
0,0.8384379494382472,1,0,1,1,1,1.5623603988913113,0,-0.4254214763590956,3,5,1,1,1,0,1,0,0,1,0,0,0
0,-1.2802480369298874,0,0,0,0,0,-1.4824642137615447,0,0.5118719194143465,0,0,0,0,0,0,0,1,1,0,0,0,0
0,-0.506112772679992,0,0,0,0,1,-1.499084435446331,0,-0.5575912092897207,1,0,0,1,0,0,0,1,0,1,0,0,0
0,-1.1987601143772668,0,1,0,0,1,0.47539790070628496,1,1.6412283184499434,0,2,0,0,0,0,1,0,1,0,0,0,1
0,0.7569500268856267,0,0,0,0,1,-1.494098368940895,0,-0.6225352685257031,3,0,0,1,1,0,0,1,0,1,0,0,0
0,0.7569500268856267,0,1,1,0,1,-0.1428743459677664,0,-0.5312843489852598,3,3,0,1,1,1,0,0,0,1,0,0,0
1,-0.791320501614164,0,0,0,0,0,-1.504070501951767,0,-0.5040902601536674,1,0,0,1,0,0,0,1,0,0,1,0,0
0,-1.2802480369298874,0,0,0,0,0,-1.4591959034028439,0,0.5527271896636962,0,0,0,0,0,0,0,1,1,0,0,0,0
1,-1.2802480369298874,0,0,0,0,1,-1.4542098368974081,0,0.5614818904314142,0,0,0,0,0,0,0,1,1,0,0,0,0
0,1.24587756220135,1,1,1,0,0,0.2227705310975329,0,-0.5366858871191882,3,4,0,1,0,1,0,0,0,1,0,0,1
0,-1.1987601143772668,0,0,0,0,0,-0.3373309396797665,0,0.9277202058809423,0,1,1,0,0,1,0,0,1,0,0,0,0
0,0.5532302205040753,0,0,0,0,0,-1.5157046571311175,0,-0.6194092719886211,2,0,0,1,1,0,0,1,0,0,1,1,0
0,-1.2802480369298874,1,0,0,0,1,-0.498547090022194,0,2.2394662042439935,0,0,0,0,1,1,0,0,1,0,0,1,0
1,-0.9950403079957154,0,0,0,0,0,-1.3062898639028098,1,-0.3363613105245342,0,0,0,0,0,1,0,0,1,0,0,0,0
1,1.5718292524118322,0,0,0,0,0,-1.472492080750673,0,-0.6338590125386486,3,0,0,1,1,0,0,1,0,0,1,0,0
1,0.9199258719908678,1,0,0,1,1,0.8510149107824564,0,-0.478659938876011,3,2,1,0,1,0,1,0,1,0,0,1,0
0,1.5310852911355222,1,0,1,0,1,0.8460288442770204,0,-0.5187166582840398,3,3,0,1,1,0,1,0,0,1,0,0,0
0,-1.2395040756535771,0,0,0,0,0,0.5302446322660801,1,2.4748703804426277,0,1,1,0,0,0,1,0,1,0,0,0,1
1,1.4088534073065913,1,1,1,1,0,1.323029206630388,0,-0.4875372545004195,3,4,1,1,1,0,1,0,0,0,1,0,0
0,1.3273654847539706,1,0,0,1,1,0.8992135536683364,1,-0.5046461141706654,3,2,1,0,1,0,1,0,1,0,0,0,0
0,-0.7505765403378537,0,0,0,0,0,-0.48525091267436476,0,-0.2764402474921546,1,1,0,0,1,1,0,0,1,0,0,1,0
1,-0.506112772679992,1,0,1,0,1,1.0205411719672768,0,-0.13625386440527013,1,3,1,0,1,0,1,0,1,0,0,0,0
1,-1.2802480369298874,0,0,0,0,1,0.35074623807038746,1,3.7306835683452597,0,1,0,0,0,0,1,0,1,0,0,0,1
0,-1.2802480369298874,1,0,0,0,1,0.354070282407345,1,3.7365200355237387,0,0,0,0,0,0,1,0,1,0,0,0,1
1,0.6754621043330061,1,0,0,1,1,1.0172171276303197,0,-0.444374863107577,3,2,1,0,1,0,1,0,1,0,0,0,0
0,1.6125732136881425,1,1,0,1,1,1.213335743510798,0,-0.5051124985342424,3,4,1,1,1,0,1,0,0,0,1,0,0
0,0.5532302205040753,1,1,0,0,0,-0.38885362690260405,0,-0.5352151284352499,2,1,0,0,0,1,0,0,1,0,0,0,1
0,-0.3431369275747509,1,0,0,0,1,0.6665304500813278,0,-0.270915058563195,1,2,0,0,1,0,1,0,1,0,0,0,0
1,-1.1172721918246462,0,0,1,0,0,-1.0154359844190488,0,-0.0007644477620183868,0,2,0,0,0,1,0,0,1,0,0,0,1
1,0.02355872391204165,1,0,1,0,0,0.7911821127172253,0,-0.3629115141599661,2,3,0,0,1,0,1,0,1,0,0,1,0
0,0.3902543753988342,1,1,0,0,1,-0.1545085011471169,0,-0.5038091014357674,2,2,0,1,1,1,0,0,0,1,0,0,0
0,-0.38388088885106114,0,1,0,1,1,1.1684611449618754,0,-0.18096537189754314,1,4,1,1,1,0,1,0,0,1,0,1,0
0,-0.9950403079957154,0,0,0,0,0,0.19617817640187488,0,0.24987939273597667,0,0,0,0,1,0,1,0,1,0,0,0,0
0,1.368109446030281,0,1,0,0,1,-0.3323448731743307,0,-0.5716203009724602,3,2,0,1,0,1,0,0,0,1,0,0,0
0,-0.3431369275747509,0,1,0,0,1,-0.5068572008645872,1,-0.4357368916834288,1,1,0,0,1,1,0,0,1,0,0,0,0
0,-0.3431369275747509,1,0,0,0,0,-0.3323448731743307,0,-0.41122372953381897,1,1,0,0,1,1,0,0,1,0,0,1,0
0,1.4903413298592119,1,1,1,0,1,0.45877767902149863,1,-0.5360240734302001,3,5,1,1,1,1,0,0,0,1,0,1,0
0,0.8384379494382472,0,0,0,1,1,1.1800953001412255,0,-0.4502805032303931,3,4,1,1,0,0,1,0,0,1,0,0,0
0,1.1236456783724194,0,1,0,1,0,-0.3722334052178177,0,-0.5645257159607936,3,4,1,1,0,1,0,0,0,0,1,0,1
0,-1.0357842692720256,0,0,0,1,1,0.5418787874454303,1,0.5162492697982053,0,1,1,0,0,0,1,0,1,0,0,0,1
0,-0.506112772679992,0,0,0,0,1,-1.5107185906256815,0,-0.5595366983492135,1,0,0,1,1,0,0,1,0,1,0,1,0
1,-0.38388088885106114,1,0,0,0,0,0.6914607826085073,0,-0.25075979190684905,1,1,1,0,0,0,1,0,1,0,0,0,1
1,1.6125732136881425,0,1,1,1,1,0.5319066544345585,0,-0.5378926566599439,3,5,1,1,0,1,0,0,0,0,1,0,1
0,-0.8728084241667845,1,0,0,0,1,0.3374500607225587,1,0.06197757440662595,0,0,0,0,0,0,1,0,1,0,0,0,1
0,-0.46536881140368175,0,0,0,0,0,-1.5024084797832884,0,-0.5630992172763368,1,0,0,1,0,0,0,1,0,0,1,0,0
0,-1.2802480369298874,1,0,0,1,1,0.95572230739661,1,4.792920594828353,0,2,1,0,0,0,1,0,1,0,0,0,1
0,-0.05792919864057891,1,0,0,1,1,0.8609870437933281,0,-0.33623971745831593,2,2,1,0,0,0,1,0,1,0,0,0,1
0,1.0014137945434884,0,0,1,1,0,0.16459975520078074,0,-0.5267173521214635,3,4,1,1,0,1,0,0,0,0,1,0,0
1,0.512486259227765,0,0,0,0,1,-1.4891123024354593,0,-0.616342562129809,2,0,0,1,1,0,0,1,0,0,1,0,0
0,-0.9135523854430948,1,0,0,0,1,1.0122310611248837,0,0.3436755470891013,0,3,1,0,0,0,1,0,1,0,0,0,1
0,1.0421577558197987,1,0,1,1,1,1.2399280982064562,1,-0.4650933323594507,3,4,1,0,1,0,1,0,1,0,0,1,0
1,-0.7505765403378537,0,0,0,0,0,-1.4907743246039378,0,-0.511844423690789,1,0,0,0,0,0,0,1,1,0,0,0,0
0,-0.22090504374582004,1,1,1,1,0,0.5335686766030371,0,-0.3300384710811825,2,4,1,1,0,1,0,0,0,1,0,0,0
1,-0.7505765403378537,1,0,0,0,1,0.8676351324672428,1,0.04028537139328075,1,2,1,0,1,0,1,0,1,0,0,0,0
1,-0.8320644628904743,0,0,0,0,0,-1.1833002234353907,1,-0.404902386620513,0,1,0,0,0,1,0,0,1,0,0,0,0
1,1.4903413298592119,1,0,1,0,1,0.9474121965542169,0,-0.5115109112805902,3,3,1,1,1,0,1,0,0,0,1,0,0
1,-0.3023929662984406,0,0,0,1,1,0.8094643565704907,1,-0.2668474898988091,2,3,1,0,1,0,1,0,1,0,0,0,0
0,1.0421577558197987,1,1,0,1,1,1.4643010909510716,1,-0.45173870406971167,3,5,1,1,0,0,1,0,0,1,0,0,1
1,0.10504664646466222,0,1,1,1,1,-0.6132266196472196,0,-0.5168054207924957,2,3,1,1,1,1,0,0,0,0,1,1,0
0,-0.6690886177852331,1,0,0,1,1,0.6632064057443707,1,-0.08516434078413446,1,1,1,0,0,0,1,0,1,0,0,0,1
1,0.512486259227765,1,0,0,1,0,0.4637637455269347,0,-0.4672588896360637,2,4,1,1,1,1,0,0,0,1,0,1,0
0,-0.6283446565089229,0,0,0,1,1,0.6233178737008834,0,-0.1252757475695605,1,2,1,0,0,0,1,0,1,0,0,0,1
1,-1.2802480369298874,0,0,0,0,1,-0.6348329078374417,1,2.000171049926374,0,0,0,0,0,1,0,0,1,0,0,0,1
0,-0.42462485012737144,0,0,0,0,0,-1.5024084797832884,0,-0.5676207491616403,1,0,0,1,0,0,0,1,0,1,0,0,0
0,-1.2802480369298874,0,0,0,0,1,0.17124784387469535,1,3.415514340707419,0,0,0,0,0,0,1,0,1,0,0,0,1
1,1.4088534073065913,0,1,1,0,0,0.10144291279859248,0,-0.5506225982677978,3,4,1,1,0,1,0,0,0,0,1,0,0
1,1.4088534073065913,1,0,1,1,1,1.3579316721684396,0,-0.4857348161070658,3,4,1,1,1,0,1,0,0,0,1,0,0
0,-1.2395040756535771,0,0,0,1,0,-0.6713973955439717,1,1.0682817904293005,0,2,1,0,0,1,0,0,1,0,0,0,1
0,-0.38388088885106114,1,0,0,0,1,0.3374500607225587,1,-0.30255843811584604,1,0,0,0,0,0,1,0,1,0,0,0,1
0,-0.9542963467194051,0,0,0,0,0,0.35573230457582355,0,0.21421209331194108,0,1,0,0,1,0,1,0,1,0,0,1,0
0,-1.1172721918246462,0,0,0,0,0,-1.4841262359300234,0,-0.27507840515050963,0,0,0,0,0,0,0,1,1,0,0,0,0
0,0.8791819107145575,0,1,1,1,0,-0.6514531295222281,0,-0.5711641537411435,3,3,1,1,1,1,0,0,0,0,1,1,0
0,1.0014137945434884,0,0,0,1,1,1.0122310611248837,1,-0.47539669244863497,3,3,1,1,0,0,1,0,0,0,1,0,1
0,-0.3431369275747509,1,0,0,1,1,0.8327326669291911,1,-0.24756918984928078,1,2,1,0,0,0,1,0,1,0,0,0,0
1,0.6754621043330061,1,0,0,1,0,1.1850813666466615,1,-0.4325851994070504,3,3,1,1,0,0,1,0,0,1,0,0,0
0,-1.1172721918246462,1,0,0,0,0,-0.5866342649515616,1,0.25020364091255876,0,0,0,0,0,1,0,0,1,0,0,0,1
0,-1.2395040756535771,0,0,0,0,1,0.5119623884128152,1,2.453470000788207,0,1,1,0,0,0,1,0,1,0,0,0,1
1,-1.1580161531009565,1,0,1,0,1,0.7413214476628662,1,1.366330714343604,0,2,0,0,0,0,1,0,1,0,0,0,0
1,1.5310852911355222,1,1,1,1,1,0.48038396721172105,0,-0.5368014861610154,3,5,1,1,1,1,0,0,0,0,1,0,0
0,-1.1172721918246462,1,0,0,0,1,0.3690284819236528,1,0.809531745516752,0,0,0,0,1,0,1,0,1,0,0,0,0
1,0.8384379494382472,1,1,1,1,0,0.6947848269454648,0,-0.48184065908438817,3,5,1,0,0,1,0,0,1,0,0,0,1
0,0.5939741817803856,1,1,0,1,1,1.128572612918388,1,-0.4269481448571699,2,4,1,0,0,0,1,0,1,0,0,0,1
1,-0.05792919864057891,0,0,0,0,0,-1.485788258098502,0,-0.5937738317086815,2,0,0,1,1,0,0,1,0,1,0,1,0
1,-0.791320501614164,0,0,1,0,0,-0.09966176958732204,0,-0.15181777688121295,1,3,0,0,1,1,0,0,1,0,0,0,0
1,-0.18016108246950976,1,0,0,0,0,-0.4952230456852367,0,-0.4662394767030911,2,0,0,0,0,1,0,0,1,0,0,0,0
0,-0.9135523854430948,1,0,0,0,0,0.7197151594726443,1,0.2502920722334448,0,1,1,0,0,0,1,0,1,0,0,0,1
0,0.22727853029359305,0,0,0,0,0,-1.4758161250876303,0,-0.6060360247711579,2,0,0,1,1,0,0,1,0,0,1,0,0
0,-1.2802480369298874,0,0,0,0,1,-0.648129085185271,1,1.9768251812124595,0,0,0,0,0,1,0,0,1,0,0,0,0
0,1.4088534073065913,1,0,0,1,0,1.3064089849456015,1,-0.4883955584972545,3,4,1,1,0,0,1,0,0,1,0,0,1
0,0.797693988161937,0,1,0,1,1,0.35240826023886646,0,-0.5010304411072684,3,4,1,1,0,1,0,0,0,1,0,0,0
1,1.2051336009250397,0,1,1,1,0,1.4410327805923713,0,-0.4667090775105549,3,6,1,1,0,0,1,0,0,0,1,0,0
0,-0.6690886177852331,0,0,0,0,1,0.7130670707987297,0,-0.07486469282211354,1,2,1,0,0,0,1,0,1,0,0,0,1
0,-1.1172721918246462,1,0,0,0,1,0.5385547431084732,1,0.9087516875508871,0,1,0,0,0,0,1,0,1,0,0,0,1
0,-0.8320644628904743,0,0,0,1,0,1.0271892606411914,0,0.19221310163921437,0,3,1,1,0,0,1,0,0,1,0,0,1
1,1.6125732136881425,1,1,1,1,1,1.7302246379076531,0,-0.4802475493218202,3,6,1,1,1,0,1,0,0,0,1,0,0
0,1.5718292524118322,1,0,1,1,0,1.3612557165053967,0,-0.495648227270511,3,4,1,1,1,0,1,0,0,1,0,0,0
0,-0.3431369275747509,0,0,0,0,0,-1.4841262359300234,0,-0.573010599721244,1,0,0,1,0,0,0,1,0,1,0,0,0
0,-0.7098325790615434,0,0,0,0,0,-1.5024084797832884,0,-0.524101004765594,1,0,0,1,0,0,0,1,0,0,1,0,0
0,1.4088534073065913,0,1,0,0,1,0.8576629994563706,1,-0.5115697664118017,3,3,1,1,1,0,1,0,0,1,0,1,0
1,-1.2395040756535771,1,1,0,0,0,-0.1279161464514586,0,1.704456712883461,0,2,0,0,1,1,0,0,1,0,0,0,0
1,-1.1172721918246462,0,0,0,0,0,-1.3212480634191175,0,-0.17974944123536019,0,0,0,0,0,1,0,0,1,0,0,0,0
0,-0.7098325790615434,0,0,0,1,0,0.776223913200918,1,-0.02398872340971416,1,2,1,0,0,0,1,0,1,0,0,0,1
0,-1.2802480369298874,0,0,0,0,1,-1.4824642137615447,1,0.5118719194143465,0,0,0,0,0,0,0,1,1,0,0,0,0
1,0.3495104141225239,0,1,0,0,1,-0.14952243464168102,0,-0.4995044645134343,2,3,0,1,1,1,0,0,0,1,0,0,0
1,0.4309983366751445,0,1,0,0,1,-0.02819481634274062,0,-0.4974389615184533,2,3,1,0,0,1,0,0,1,0,0,0,1
0,-1.2802480369298874,1,0,0,0,0,0.31584377253233625,0,3.6694006629712352,0,0,0,0,0,0,1,0,1,0,0,0,1
0,-1.2802480369298874,0,0,0,0,1,0.1928541320649173,0,3.453451377367529,0,0,0,0,0,0,1,0,1,0,0,0,0
1,-0.26164900502213034,0,0,0,1,1,0.8643110881302852,1,-0.2745379915228727,2,2,1,0,0,0,1,0,1,0,0,0,1
0,-0.42462485012737144,1,0,0,0,1,0.48370801154867815,1,-0.26437821532329897,1,1,0,0,0,0,1,0,1,0,0,0,1
0,1.5718292524118322,1,1,1,1,0,0.856000977287892,0,-0.5202910886907537,3,6,1,1,1,1,0,0,0,0,1,0,0
0,-1.0357842692720256,0,0,0,0,0,-1.5073945462887242,0,-0.3832962340847992,0,0,0,1,0,0,0,1,0,0,1,0,0
0,-0.18016108246950976,1,0,1,0,0,-0.011574594657954289,0,-0.4076735474293927,2,3,0,0,1,1,0,0,1,0,0,0,0
0,-0.6690886177852331,0,0,0,0,0,0.16127571086382367,0,-0.18884746360181193,1,0,0,0,0,0,1,0,1,0,0,0,1
0,-1.0357842692720256,0,0,0,0,0,-1.5057325241202457,0,-0.3825666756874893,0,0,0,1,0,0,0,1,0,1,0,0,0
0,1.4903413298592119,1,0,1,1,1,1.5191478225108668,0,-0.4828288440034957,3,5,1,1,1,0,1,0,0,0,1,0,0
1,-1.2802480369298874,0,0,0,0,0,-1.3328822185984677,0,0.7745129424458806,0,0,0,0,0,1,0,0,1,0,0,0,0
0,-1.1987601143772668,0,1,0,1,1,0.41888914697801183,0,1.591618347432876,0,4,1,0,0,1,0,0,1,0,0,0,1
0,-0.46536881140368175,0,0,0,1,1,1.0637537483477213,1,-0.1534853389322068,1,3,1,0,1,0,1,0,1,0,0,0,0
0,1.4903413298592119,1,0,0,0,1,0.6848126939345931,0,-0.5246846514834418,3,2,0,0,1,0,1,0,1,0,0,0,0
0,1.5718292524118322,0,1,1,0,1,-0.5716760654352537,0,-0.5899233846117684,3,4,0,1,1,1,0,0,0,0,1,0,0
1,1.4903413298592119,0,0,0,0,0,-1.509056568457203,0,-0.6347437468490369,3,0,0,1,0,0,0,1,0,0,1,0,0
0,0.6347181430566958,1,0,1,1,1,1.2980988741032085,0,-0.4196997092158707,2,4,1,0,0,0,1,0,1,0,0,0,1
0,0.5939741817803856,1,0,0,0,1,0.6166697850269688,1,-0.4643988092524072,2,2,0,0,1,0,1,0,1,0,0,0,0
0,-1.2395040756535771,1,0,0,0,1,-0.5118432673700231,1,1.2550487401406134,0,0,0,0,0,1,0,0,1,0,0,0,1
0,0.512486259227765,1,1,1,1,1,1.451004913603243,0,-0.39189233520092787,2,5,1,0,1,0,1,0,1,0,0,1,0
0,0.7569500268856267,1,0,0,0,0,0.5385547431084732,0,-0.48526605007802515,3,1,0,0,1,0,1,0,1,0,0,0,0
0,-0.42462485012737144,1,1,1,1,1,0.4787219450432425,1,-0.2651394936509266,1,4,1,0,0,1,0,0,1,0,0,0,1
0,1.6125732136881425,1,1,1,1,0,0.726363248146559,0,-0.5285383188533412,3,6,1,1,1,1,0,0,0,0,1,0,0
1,0.18653456901728277,1,0,0,1,1,0.9357780413748666,0,-0.38156833261748646,2,3,1,0,0,0,1,0,1,0,0,0,1
1,1.5718292524118322,1,1,1,1,0,0.8493528886139774,0,-0.5206153368673359,3,6,1,1,0,1,0,0,0,0,1,0,1
1,-1.0357842692720256,0,0,0,0,0,-0.5351115777287238,1,0.04349542834144393,0,1,0,0,0,1,0,0,1,0,0,0,1
0,1.368109446030281,1,0,0,0,1,-1.3179240190821602,0,-0.6232773910745165,3,0,0,1,1,0,0,1,0,0,1,1,0
1,0.7569500268856267,0,1,1,1,1,0.38564870360843917,0,-0.49559210739379483,3,4,1,1,1,1,0,0,0,1,0,0,0
1,-0.09867315991688919,0,0,0,0,0,-1.504070501951767,0,-0.5934796549355726,2,0,0,1,1,0,0,1,0,1,0,0,0
0,0.06430268518835193,1,0,0,1,0,0.6831506717661141,0,-0.38244160853366477,2,1,1,0,0,0,1,0,1,0,0,0,1
1,1.2866215234776603,1,0,0,0,1,-1.3295581742615106,0,-0.6225577164763895,3,0,0,1,0,0,0,1,0,0,1,0,0
0,1.3273654847539706,1,0,0,1,1,1.2748305637445079,0,-0.4846606356504208,3,4,1,1,1,0,1,0,0,1,0,0,0
0,0.5939741817803856,1,1,1,1,0,1.1950534996575333,0,-0.4220844222084377,2,4,1,0,0,0,1,0,1,0,0,0,0
0,-1.2802480369298874,0,1,0,1,1,1.0238652163042339,1,4.9125681719871634,0,3,1,0,0,0,1,0,1,0,0,0,1
0,0.6754621043330061,1,1,0,0,1,-0.1678046784949459,1,-0.5276028850726809,3,2,0,0,1,1,0,0,1,0,0,1,0
1,1.4088534073065913,1,0,1,1,0,0.974004551249875,0,-0.5055616384339562,3,3,1,1,1,0,1,0,0,0,1,1,0
1,0.2680224915699033,0,0,0,0,0,-1.5107185906256815,0,-0.6106266306865382,2,0,0,1,1,0,0,1,0,1,0,0,0
0,-0.7505765403378537,0,0,0,0,0,-1.4924363467724167,0,-0.5122335215026875,1,0,0,0,0,0,0,1,1,0,0,0,0
0,0.4309983366751445,0,1,1,1,1,1.4410327805923713,1,-0.3801790300235663,2,5,1,0,1,0,1,0,1,0,0,1,0
0,0.9606698332671781,1,0,0,1,1,1.205025632668405,0,-0.46015585120489483,3,3,1,0,0,0,1,0,1,0,0,0,1
0,-0.7505765403378537,0,0,1,0,0,-0.1894109666851681,0,-0.2071808369742093,1,2,1,1,1,1,0,0,0,1,0,1,0
0,-1.2802480369298874,0,0,0,0,0,0.2177844645920968,1,3.4972248812061184,0,0,0,0,0,0,1,0,1,0,0,0,1
1,-0.6690886177852331,0,1,0,0,1,-0.29744240763627927,0,-0.2836042248524047,1,2,0,1,0,1,0,0,0,1,0,0,0
1,1.5310852911355222,1,1,0,1,1,1.3712278495162684,0,-0.49274026915165636,3,4,1,0,0,0,1,0,1,0,0,0,1
0,1.6125732136881425,1,1,0,1,1,0.6416001175541483,0,-0.5326158507177577,3,5,1,1,1,1,0,0,0,0,1,1,0
1,-0.38388088885106114,0,0,0,0,1,0.3490842159019089,0,-0.30085613518878984,1,1,0,0,1,0,1,0,1,0,0,1,0
1,-0.46536881140368175,1,0,0,0,0,-1.3328822185984677,0,-0.5360392330852091,1,0,0,0,0,0,0,1,1,0,0,0,0
0,-1.2802480369298874,0,0,0,0,1,-1.4841262359300234,1,0.5089536858251071,0,0,0,0,0,0,0,1,1,0,0,0,0
1,-1.2802480369298874,0,0,0,0,0,0.16459975520078074,1,3.403841406350462,0,0,0,0,1,0,1,0,1,0,0,0,0
0,-0.01718523736426863,1,0,0,1,1,0.9440881522172598,1,-0.3374224863751667,2,2,1,0,0,0,1,0,1,0,0,0,1
1,-0.6283446565089229,0,0,0,1,0,0.5335686766030371,1,-0.14278514910499615,1,1,1,0,0,0,1,0,1,0,0,0,1
0,-1.1580161531009565,0,1,0,0,1,-1.0353802504407925,1,0.11849403158489304,0,2,0,0,0,1,0,0,1,0,0,0,1
0,0.1457906077409725,1,0,0,0,0,-0.29910442980475804,0,-0.49105398114691134,2,1,0,1,0,1,0,0,0,1,0,0,1
0,0.7162060656093164,0,0,1,0,0,-0.8342755680548777,0,-0.576228667506711,3,3,0,1,1,1,0,0,0,0,1,1,0
1,0.6347181430566958,0,0,1,0,1,-1.173328090424519,0,-0.5968186213464336,2,1,0,0,1,1,0,0,1,0,0,1,0
1,0.7162060656093164,0,0,0,0,0,-1.4841262359300234,0,-0.6209749158750464,3,0,0,1,1,0,0,1,0,0,1,1,0
0,1.6125732136881425,1,1,1,0,0,0.49035610022259274,0,-0.5398914467895598,3,5,1,1,1,1,0,0,0,0,1,1,0
1,-0.9135523854430948,1,0,0,0,0,-1.3295581742615106,0,-0.40392283968146764,0,0,0,0,1,0,0,1,1,0,0,1,0
0,-0.5876006952326126,0,0,0,0,0,-1.5007464576148097,0,-0.5463717347887357,1,0,0,0,0,0,0,1,1,0,0,0,0
0,-1.2802480369298874,0,0,0,1,1,0.503652277570422,1,3.999161058555273,0,1,1,0,0,0,1,0,1,0,0,0,1
0,-1.2802480369298874,0,0,0,0,0,-1.5123806127941604,1,0.4593437148080397,0,0,0,0,0,0,0,1,1,0,0,0,1
0,-0.9542963467194051,0,0,0,1,1,0.9723425290813964,0,0.43074502563349476,0,3,1,0,0,0,1,0,1,0,0,0,1
0,-1.2395040756535771,1,1,0,0,0,0.8626490659618067,0,2.8639681923411975,0,2,1,0,0,0,1,0,1,0,0,0,0
0,0.3087664528462136,1,0,1,0,1,0.46708778986389177,0,-0.4426039935539119,2,1,0,0,1,0,1,0,1,0,0,1,0
0,1.4903413298592119,1,0,0,1,0,1.1535029454455674,0,-0.5011720265644282,3,3,1,1,1,0,1,0,0,1,0,0,0
0,0.18653456901728277,1,1,1,0,1,1.143530812434696,1,-0.3623694274251228,2,4,1,1,0,0,1,0,0,1,0,0,1
1,-0.5876006952326126,1,0,0,0,1,0.5235965435921655,0,-0.1722234703999537,1,1,0,0,1,0,1,0,1,0,0,1,0
0,-0.8728084241667845,0,0,0,0,1,0.17955795471708852,0,0.0157722092436709,0,0,0,0,0,0,1,0,1,0,0,0,1
0,-0.9950403079957154,1,0,0,0,1,0.6781646052606785,1,0.4379433351536184,0,1,1,0,1,0,1,0,1,0,0,1,0
0,-1.1987601143772668,1,0,0,0,0,0.3474221937334304,1,1.5288763252642317,0,0,0,0,0,0,1,0,1,0,0,0,1
1,0.9199258719908678,0,1,0,0,0,-0.17777681150581762,0,-0.5431737457238361,3,2,1,1,1,1,0,0,0,1,0,1,0
0,0.02355872391204165,1,0,0,0,1,0.9490742187226954,0,-0.34660373822009954,2,3,1,0,0,0,1,0,1,0,0,0,1
0,0.5532302205040753,0,0,0,0,0,-0.6597632403646212,0,-0.5554564933308244,2,0,0,0,1,1,0,0,1,0,0,0,0
0,0.06430268518835193,1,0,0,0,0,-1.286345597881066,0,-0.5800477115764382,2,0,0,1,1,0,0,1,0,0,1,0,0
0,-1.1987601143772668,0,0,0,0,0,-1.4824642137615447,0,-0.07761126561198578,0,0,0,0,0,0,0,1,1,0,0,0,1
1,-0.09867315991688919,0,0,0,0,0,-1.4475617482234935,0,-0.5870783683527252,2,0,0,1,0,0,0,1,0,0,1,0,0
0,0.02355872391204165,1,1,1,0,0,-0.1794388336742964,0,-0.4631614209903033,2,2,0,1,0,1,0,0,0,1,0,0,1
1,0.512486259227765,1,0,0,0,1,1.0039209502824906,0,-0.4260229802229002,2,3,1,1,1,0,1,0,0,1,0,1,0
0,0.3087664528462136,0,1,1,0,1,-0.09633772525036473,0,-0.49086161241986853,2,3,0,0,0,1,0,0,1,0,0,0,0
0,1.5718292524118322,1,1,1,1,1,1.7900574359728842,0,-0.47473421988096287,3,6,1,1,0,0,1,0,0,0,1,0,1
0,-1.2802480369298874,1,0,0,0,0,-0.34730307269063826,1,2.505025460864767,0,1,0,0,0,1,0,0,1,0,0,0,1
1,1.6125732136881425,0,1,1,1,0,-0.011574594657954289,0,-0.5640368315553203,3,6,1,1,1,1,0,0,0,0,1,0,0
1,-0.42462485012737144,0,0,0,0,1,0.5103003662443366,0,-0.26031806424261816,1,1,1,0,0,0,1,0,1,0,0,0,1
1,0.5532302205040753,0,0,0,0,1,-1.4824642137615447,0,-0.6169256689339493,2,0,0,1,1,0,0,1,0,1,0,0,0
1,0.9199258719908678,0,0,0,0,0,-1.4558718590658866,0,-0.623320946799729,3,0,0,1,0,0,0,1,0,0,1,0,0
0,-1.2802480369298874,0,0,0,0,0,-1.4741541029191516,0,0.5264630873605428,0,0,0,0,0,0,0,1,1,0,0,0,0
0,-0.8320644628904743,1,0,1,1,1,0.3673664597551738,0,0.013976373188754328,0,3,1,1,0,1,0,0,0,1,0,0,0
0,-0.05792919864057891,1,0,0,0,1,0.5202724992552084,0,-0.37362958532044405,2,1,0,0,0,0,1,0,1,0,0,0,1
0,-1.1172721918246462,0,0,0,0,1,-1.3245721077560746,1,-0.18169493029485304,0,0,0,0,0,1,0,0,1,0,0,0,1
1,1.4088534073065913,1,1,0,1,1,0.35573230457582355,0,-0.5374905471162211,3,3,1,1,0,1,0,0,0,0,1,0,1
0,-1.2802480369298874,0,0,0,0,0,-0.6763834620494076,0,1.927215210195392,0,0,0,0,0,1,0,0,1,0,0,0,0
0,0.3087664528462136,0,1,0,0,1,-0.7461883931255102,1,-0.5465215799024321,2,3,0,1,0,1,0,0,0,1,0,0,1
1,0.3495104141225239,1,1,0,1,1,0.32415388337472945,0,-0.45989986580232994,2,4,1,0,1,1,0,0,1,0,0,1,0
0,-1.2802480369298874,1,0,0,0,1,0.3490842159019089,1,3.7277653347560205,0,0,0,0,0,0,1,0,1,0,0,0,1
0,0.7569500268856267,1,1,0,1,1,0.9972728616085759,1,-0.454287878130716,3,3,1,1,0,0,1,0,0,1,0,0,1
1,0.3902543753988342,0,1,1,1,0,-0.5533938215819889,0,-0.5363847321993684,2,4,1,1,1,1,0,0,0,0,1,1,0
1,-0.38388088885106114,0,0,0,0,0,-1.5007464576148097,0,-0.5715223005907321,1,0,0,1,0,0,0,1,0,1,0,0,0
0,-1.2802480369298874,0,0,0,0,1,0.19119210989643878,1,3.4505331437782902,0,0,0,0,0,0,1,0,1,0,0,0,1
0,-1.2802480369298874,0,0,0,0,0,-1.4841262359300234,0,0.5089536858251071,0,0,0,0,0,0,0,1,1,0,0,0,0
0,0.9606698332671781,1,1,0,1,1,1.3895100933695332,0,-0.44879009933101555,3,4,1,0,1,0,1,0,1,0,0,1,0
1,-0.7098325790615434,1,0,0,1,1,0.8709591768041999,0,-0.0031963090863844097,1,2,1,0,0,0,1,0,1,0,0,0,1
1,-0.8320644628904743,1,0,0,0,1,-1.3096139082397669,0,-0.43902327166392596,0,0,0,1,1,0,0,1,0,0,1,0,0
1,0.8791819107145575,0,1,1,0,0,0.17124784387469535,0,-0.5186359491348367,3,4,1,1,1,1,0,0,0,0,1,0,0
0,-1.0357842692720256,0,0,0,1,1,0.06820246942901982,0,0.30832512656490746,0,2,1,0,0,1,0,0,1,0,0,0,1
1,0.02355872391204165,1,0,0,0,0,0.7097430264617727,1,-0.37132289332894974,2,1,1,0,1,0,1,0,1,0,0,1,0
1,-0.6690886177852331,0,0,0,0,0,-1.4841262359300234,0,-0.5287358463485032,1,0,0,0,0,0,0,1,1,0,0,0,1
1,-0.46536881140368175,0,1,0,0,0,0.0017215826898744927,0,-0.3230081810707425,1,3,1,1,0,1,0,0,0,1,0,0,0
0,-0.09867315991688919,1,0,0,1,0,0.33412601638560113,0,-0.38524956785824155,2,3,1,1,0,1,0,0,0,0,1,0,1
0,-1.1987601143772668,0,0,1,0,1,-0.4752787796634931,0,0.8066135119275126,0,1,0,0,0,1,0,0,1,0,0,0,0
0,-0.8728084241667845,0,0,0,0,0,0.2693071518149348,0,0.04203631154682427,0,1,0,0,0,0,1,0,1,0,0,0,1
0,1.2051336009250397,1,1,1,1,1,1.6703918398424222,0,-0.45392443511960195,3,6,1,1,1,0,1,0,0,1,0,1,0
0,-0.5876006952326126,0,0,0,0,0,-1.5223527458050319,0,-0.5503651070687473,1,0,0,0,0,0,0,1,1,0,0,0,1
1,-1.076528230548336,0,0,0,0,0,-1.504070501951767,0,-0.34108606966901683,0,0,0,0,0,0,0,1,1,0,0,0,0
0,0.5532302205040753,1,0,0,1,1,1.2066876548368837,0,-0.4160021818110074,2,3,1,1,0,0,1,0,0,1,0,0,1
0,-0.46536881140368175,1,0,0,0,1,0.6416001175541483,0,-0.2208700054473681,1,1,1,0,0,0,1,0,1,0,0,0,1
0,1.4495973685829016,1,0,0,0,1,-1.3511644624517327,0,-0.6262391803889683,3,0,0,1,1,0,0,1,0,0,1,0,0
0,-1.2802480369298874,1,0,0,0,1,-0.4885749570113221,0,2.256975605779429,0,0,0,0,0,1,0,0,1,0,0,0,1
0,-0.3023929662984406,0,0,0,0,1,0.325815905543208,0,-0.33217102639639584,2,1,0,0,0,0,1,0,1,0,0,0,1
1,-0.3431369275747509,0,0,0,0,0,-1.4974224132778524,0,-0.5748782692183572,1,0,0,1,0,0,0,1,0,0,1,0,0
0,-0.09867315991688919,1,0,0,0,1,0.6715165165867639,1,-0.34703012149594664,2,1,1,0,0,0,1,0,1,0,0,0,1
0,-1.2395040756535771,0,0,0,0,0,0.5235965435921655,1,2.4670884242046562,0,1,1,0,0,0,1,0,1,0,0,0,1
0,0.7569500268856267,1,0,0,1,1,1.3961581820434479,0,-0.4273503373069689,3,4,1,1,1,0,1,0,0,1,0,0,0
1,1.0014137945434884,1,1,1,1,1,0.6548962949019775,0,-0.49703187250678826,3,5,1,1,0,1,0,0,0,0,1,0,1
0,-0.7098325790615434,1,0,0,0,0,-1.3212480634191175,0,-0.48434007211220886,1,0,0,1,1,0,0,1,0,0,1,0,0
1,1.6125732136881425,0,1,1,1,1,0.6283039402063195,0,-0.5332554635592348,3,6,1,1,1,1,0,0,0,0,1,0,0
0,-1.2395040756535771,0,0,0,0,1,0.36570443758669524,1,2.282266963552836,0,1,0,0,0,0,1,0,1,0,0,0,1
0,-0.18016108246950976,1,0,0,1,0,1.0571056596738067,0,-0.27826498205829964,2,3,1,0,1,0,1,0,1,0,0,1,0
0,-0.13941712119319946,1,0,0,1,1,1.1202625020759949,1,-0.2838331059182274,2,3,1,0,0,0,1,0,1,0,0,0,1
1,1.5310852911355222,0,1,1,1,1,1.2066876548368837,0,-0.5008784416962955,3,5,1,1,1,0,1,0,0,0,1,1,0
0,-0.791320501614164,0,0,0,0,0,-1.4824642137615447,0,-0.49867068348793736,1,0,0,1,0,0,0,1,0,1,0,0,0
0,1.082901717096109,1,1,1,0,1,0.9723425290813964,0,-0.4841212045930159,3,4,0,1,0,0,1,0,0,1,0,0,1
0,-0.791320501614164,1,0,0,1,1,1.0122310611248837,1,0.12708197614751154,1,2,1,0,0,0,1,0,1,0,0,0,1
0,-1.0357842692720256,1,0,0,0,1,0.3191678168692938,1,0.41848844455869,0,0,0,0,0,0,1,0,1,0,0,0,0
0,1.2051336009250397,0,1,1,1,0,0.5385547431084732,0,-0.5170138660488699,3,5,1,1,0,1,0,0,0,0,1,0,0
0,-0.46536881140368175,0,1,1,0,1,-0.15118445681015957,0,-0.34741522563528904,1,3,0,1,0,1,0,0,0,1,0,0,1
0,-1.2395040756535771,0,0,0,0,0,-0.13124019078841592,0,1.7005657347644756,0,2,1,0,0,1,0,0,1,0,0,0,1
0,-1.2802480369298874,0,0,0,0,0,-0.6930036837341939,0,1.8980328743029995,0,0,0,0,1,1,0,0,1,0,0,1,0
0,-1.1580161531009565,0,0,0,0,0,0.706418982124815,0,1.3418175521939946,0,2,1,0,0,0,1,0,1,0,0,0,1
0,-0.5468567339563023,0,0,0,0,0,-1.4808021915930663,0,-0.5489059902741277,1,0,0,1,1,0,0,1,0,1,0,1,0
0,-0.09867315991688919,0,0,1,1,0,0.6765025830921999,1,-0.3464653020915777,2,2,1,0,0,0,1,0,1,0,0,0,1
1,1.4088534073065913,0,0,0,0,1,-1.509056568457203,0,-0.633792255561117,3,0,0,1,1,0,0,1,0,0,1,1,0
0,1.6125732136881425,1,1,0,0,1,1.2582103420597215,0,-0.5029538051942573,3,4,1,1,1,0,1,0,0,0,1,1,0
0,0.8384379494382472,0,0,0,0,0,-1.4924363467724167,0,-0.6240775258784207,3,0,0,1,1,0,0,1,0,0,1,1,0
0,-1.1172721918246462,0,0,0,0,0,-1.504070501951767,0,-0.2867513395074667,0,0,0,1,0,0,0,1,0,1,0,0,1
0,1.5718292524118322,0,0,1,0,1,1.0205411719672768,0,-0.5122659463203457,3,4,1,1,1,0,1,0,0,0,1,1,0
1,0.7162060656093164,1,0,1,1,1,0.6432621397226272,0,-0.47449103374852625,3,5,1,1,1,1,0,0,0,1,0,1,0
1,0.9606698332671781,1,0,1,1,1,1.2764925859129865,0,-0.45575290228077936,3,4,1,1,0,0,1,0,0,0,1,0,1
0,-1.2395040756535771,0,0,1,0,1,-0.48525091267436476,0,1.2861765650924992,0,1,0,0,1,1,0,0,1,0,0,1,0
0,-1.2395040756535771,1,0,0,0,1,0.7895200905487467,1,2.7783666737235118,0,2,1,0,0,0,1,0,1,0,0,0,1
1,-0.3431369275747509,1,1,0,0,0,-0.33400689534280925,1,-0.4114571882209581,1,1,0,0,0,1,0,0,1,0,0,0,1
1,0.5532302205040753,0,0,0,0,0,-1.4907743246039378,0,-0.6175465696976172,2,0,0,1,1,0,0,1,0,0,1,1,0
0,1.5718292524118322,1,1,1,1,1,1.7102803718859096,0,-0.4786251979999486,3,6,1,1,0,0,1,0,0,0,1,0,1
0,-0.13941712119319946,0,0,1,0,1,-1.1168193366962453,0,-0.5456959333259644,2,1,0,0,0,1,0,0,1,0,0,0,1
1,1.4903413298592119,1,0,0,0,0,-1.3411923294408608,0,-0.626322558491518,3,0,0,1,1,0,0,1,0,0,1,0,0
0,1.5718292524118322,1,0,1,1,0,0.6449241618911058,0,-0.5305859682972367,3,5,1,1,1,1,0,0,0,0,1,1,0
0,-1.2802480369298874,0,0,0,1,1,0.8809313098150715,1,4.661600083312587,0,2,1,0,0,0,1,0,1,0,0,0,1
0,0.9606698332671781,0,1,1,1,1,0.6931228047769863,0,-0.4916932528008841,3,6,1,1,1,1,0,0,0,0,1,0,0
1,0.9606698332671781,0,0,0,0,1,-1.449223770391972,0,-0.6236793263633198,3,0,0,1,0,0,0,1,0,1,0,0,0
0,-1.2802480369298874,0,0,0,1,1,0.4886940780541142,1,3.9728969562521192,0,1,1,0,0,0,1,0,1,0,0,0,1
0,-0.18016108246950976,1,0,0,0,0,-1.304627841734331,0,-0.564251873803748,2,0,0,1,0,0,0,1,0,1,0,0,0
1,-0.5468567339563023,0,0,0,0,0,-1.4824642137615447,0,-0.5491978136330516,1,0,0,0,0,0,0,1,1,0,0,0,0
0,1.368109446030281,1,0,1,0,0,-0.03151886067969793,0,-0.5558531284455256,3,2,1,0,0,1,0,0,1,0,0,0,1
1,-0.6283446565089229,1,0,1,0,1,-0.09467570308188596,0,-0.26535095985304535,1,2,0,1,0,1,0,0,0,1,0,0,0
1,0.797693988161937,1,0,0,0,0,-1.2979797530604165,0,-0.6103816091870644,3,0,0,1,0,0,0,1,0,0,1,0,0
0,-0.5468567339563023,0,0,0,1,0,-0.21932736571778344,0,-0.32741206085086716,1,2,1,1,0,1,0,0,0,1,0,0,1
0,0.1457906077409725,0,1,1,1,0,0.6997708934509005,0,-0.39625082508567894,2,6,1,1,1,1,0,0,0,1,0,0,0
0,-1.0357842692720256,0,0,0,0,1,0.17623391038013098,1,0.35574642239004556,0,0,0,0,0,0,1,0,1,0,0,0,0
1,1.6125732136881425,1,1,1,0,1,1.33300133964126,0,-0.4993559829609485,3,5,1,1,1,0,1,0,0,1,0,1,0
1,1.4088534073065913,1,1,0,1,1,1.545740177206525,1,-0.47603598094282945,3,5,1,1,0,0,1,0,0,1,0,0,1
0,0.06430268518835193,0,0,0,1,1,1.1651371006249178,0,-0.33408230905484265,2,4,1,1,0,0,1,0,0,1,0,0,1
0,1.0014137945434884,1,0,0,0,1,1.0122310611248837,1,-0.47539669244863497,3,3,1,0,1,0,1,0,1,0,0,0,0
0,-1.0357842692720256,0,0,0,1,1,0.7130670707987297,1,0.5913937847211166,0,2,1,0,0,0,1,0,1,0,0,0,1
0,-1.2802480369298874,1,0,0,1,1,1.196715521826012,1,5.2160644652680475,0,3,1,0,0,0,1,0,1,0,0,0,1
0,-0.9950403079957154,0,0,0,0,1,-1.504070501951767,0,-0.41353237655108377,0,0,0,0,1,0,0,1,1,0,0,0,0
0,1.4903413298592119,1,0,1,1,0,1.3030849406086444,0,-0.49366799733495575,3,4,1,1,0,0,1,0,0,0,1,0,1
0,0.7162060656093164,1,1,0,1,1,1.3163811179564737,0,-0.428142617919432,3,4,1,1,0,0,1,0,0,1,0,0,0
0,-0.9135523854430948,0,0,0,0,0,-1.5057325241202457,0,-0.4601651597649881,0,0,0,1,0,0,0,1,0,1,0,0,0
1,-0.8320644628904743,1,0,0,0,0,-1.3145999747452028,0,-0.44037014870511326,0,0,0,1,1,0,0,1,0,0,1,1,0
0,-0.7505765403378537,0,0,0,0,1,0.7147290929672082,1,0.004488372698612289,1,2,1,0,0,0,1,0,1,0,0,0,1
0,1.5310852911355222,0,1,1,0,1,-0.4968850678537152,0,-0.5851372988503871,3,4,1,1,1,1,0,0,0,0,1,0,0
0,1.2866215234776603,1,1,1,1,1,1.4676251352880292,0,-0.4714381124551683,3,5,1,0,1,0,1,0,1,0,0,0,0
1,1.368109446030281,1,1,1,1,0,0.8343946890976701,0,-0.5104680627740731,3,6,1,1,1,1,0,0,0,0,1,1,0
1,1.5718292524118322,0,1,1,1,1,0.5717951864780458,0,-0.5341526982396402,3,5,1,1,1,1,0,0,0,0,1,1,0
0,-0.506112772679992,0,0,0,1,0,0.8360567112661487,0,-0.16710376234865668,1,2,1,0,0,0,1,0,1,0,0,0,1
0,1.6125732136881425,0,1,1,1,1,0.48370801154867815,0,-0.5402112532102984,3,5,1,1,1,1,0,0,0,0,1,0,0
1,1.5718292524118322,0,1,1,0,0,-0.024870772005783543,0,-0.5632539720878874,3,4,0,1,1,1,0,0,0,0,1,1,0
1,0.22727853029359305,1,0,0,1,1,1.2083496770053626,0,-0.36434642238031595,2,3,1,0,1,0,1,0,1,0,0,1,0
0,-0.18016108246950976,1,0,0,0,1,0.8360567112661487,1,-0.30503222808373565,2,2,1,0,0,0,1,0,1,0,0,0,1
0,-0.6283446565089229,0,0,0,0,1,0.38731072577691766,1,-0.17131898864422446,1,1,0,0,0,0,1,0,1,0,0,0,1
0,0.02355872391204165,0,0,0,1,1,-0.8542198340766214,0,-0.5328557055333116,2,2,1,1,0,1,0,0,0,1,0,0,1
1,-0.38388088885106114,0,1,1,0,0,-1.0038018292396984,0,-0.4988096469921869,1,2,0,1,0,1,0,0,0,0,1,0,0
1,1.0421577558197987,0,0,0,0,1,-1.504070501951767,0,-0.6284154901843332,3,0,0,1,0,0,0,1,0,1,0,0,1
0,1.5310852911355222,1,0,1,1,1,1.3180431401249524,0,-0.4953707895701256,3,4,1,1,1,0,1,0,0,0,1,0,0
0,-1.1580161531009565,0,0,0,0,0,0.18953008772796023,0,0.9787892936926295,0,0,0,0,0,0,1,0,1,0,0,0,1
1,0.512486259227765,0,0,0,0,0,-1.477478147256109,0,-0.6154544040809101,2,0,0,1,0,0,0,1,0,0,1,0,0
0,-0.9135523854430948,0,0,0,0,1,0.1729098660431739,1,0.07572864480440486,0,0,0,0,0,0,1,0,1,0,0,0,1
1,0.1457906077409725,0,0,0,0,0,-1.5073945462887242,0,-0.6057326740862058,2,0,0,1,1,0,0,1,0,0,1,1,0
0,0.8791819107145575,0,1,1,1,1,0.16958582170621683,0,-0.5187420667198999,3,4,1,0,0,1,0,0,1,0,0,0,0
1,-0.38388088885106114,1,0,1,0,0,-0.16946670066342445,0,-0.3767302085090108,1,2,0,1,0,1,0,0,0,0,1,0,0
1,0.3495104141225239,1,1,0,1,1,0.45046756817910544,0,-0.4493386394793688,2,4,1,1,1,1,0,0,0,1,0,1,0
0,-1.1172721918246462,0,0,0,0,1,0.22110850892905437,0,0.7229574823693202,0,0,0,0,0,0,1,0,1,0,0,0,0
1,-0.22090504374582004,0,0,0,0,1,-0.6298468413320059,0,-0.47595015054314593,2,3,1,1,1,1,0,0,0,1,0,1,0
0,-1.2802480369298874,0,0,1,1,1,1.0321753271466272,0,4.92715933993336,0,3,1,0,0,0,1,0,1,0,0,0,1
1,1.4088534073065913,0,1,1,0,0,-0.9672373415331684,0,-0.6058115452642934,3,2,0,1,1,1,0,0,0,0,1,1,0
1,1.6125732136881425,1,1,1,1,1,0.8227605339183194,0,-0.5239011257526324,3,6,1,1,1,1,0,0,0,0,1,1,0
1,0.9606698332671781,1,0,0,0,1,-1.3245721077560746,0,-0.6159997642863743,3,0,0,1,1,0,0,1,0,0,1,1,0
1,0.4717422979514547,1,0,0,0,0,-1.327896152093032,0,-0.6026339131337884,2,0,0,1,0,0,0,1,0,1,0,0,1
0,1.368109446030281,1,0,0,1,1,1.196715521826012,0,-0.49147776658141157,3,3,1,0,0,0,1,0,1,0,0,0,1
0,0.06430268518835193,1,1,1,0,1,-0.013236616826432828,1,-0.4523124584703079,2,3,0,1,0,1,0,0,0,1,0,0,0
0,1.4903413298592119,1,0,1,1,0,1.3479595391575674,0,-0.4914167885661141,3,4,1,1,1,0,1,0,0,0,1,0,0
1,-1.2802480369298874,1,1,0,1,1,1.251562253385807,1,5.3123661737129435,0,4,1,0,0,0,1,0,1,0,0,0,1
0,0.3087664528462136,0,0,0,0,0,-1.5007464576148097,0,-0.6111497774397311,2,0,0,1,1,0,0,1,0,0,1,1,0
1,-0.09867315991688919,1,1,0,0,1,-0.34397902835368094,0,-0.46206500685241064,2,1,0,0,1,1,0,0,1,0,0,0,0
0,-0.8728084241667845,0,0,1,1,0,0.18953008772796023,0,0.018690442832910107,0,3,1,0,0,1,0,0,1,0,0,0,0
0,-0.7098325790615434,0,0,0,0,0,-1.485788258098502,0,-0.5204532127790448,1,0,0,1,1,0,0,1,0,1,0,1,0
0,-0.8728084241667845,0,0,0,1,1,0.15130357785295148,0,0.007503880740826152,0,3,1,0,0,1,0,0,1,0,0,0,1
1,1.2866215234776603,0,0,0,0,0,-1.495760391109374,0,-0.6315368967509718,3,0,0,1,1,0,0,1,0,1,0,0,0
0,1.6125732136881425,0,1,1,1,0,0.3191678168692938,0,-0.5481264621235774,3,5,1,1,1,1,0,0,0,0,1,0,0
0,1.6125732136881425,1,1,1,0,1,0.9391020857118237,0,-0.5183045133897076,3,4,0,1,1,0,1,0,0,0,1,0,0
1,-1.2802480369298874,0,1,0,0,0,-0.4520104693047921,0,2.3211767447426936,0,1,0,0,0,1,0,0,1,0,0,0,0
1,-0.7098325790615434,0,1,1,0,0,0.02665191521705399,0,-0.18850414200307802,1,4,0,1,1,1,0,0,0,1,0,1,0
0,1.1236456783724194,1,0,1,1,0,0.5235965435921655,0,-0.512954309252598,3,4,1,1,1,1,0,0,0,1,0,1,0
0,0.9606698332671781,0,1,0,0,0,-0.4021498042504331,0,-0.559171004916978,3,2,0,1,0,1,0,0,0,1,0,0,0
0,-0.9950403079957154,0,0,0,0,0,-1.4608579255713225,0,-0.3966714713688124,0,0,0,1,0,0,0,1,0,0,1,0,0
0,-1.1987601143772668,0,0,1,0,0,0.5086383440758576,1,1.670410654342336,0,2,0,0,1,0,1,0,1,0,0,1,0
0,0.6754621043330061,1,0,0,0,1,-0.4204320481036982,0,-0.5453457452952557,3,0,0,0,1,1,0,0,1,0,0,1,0
0,-1.2395040756535771,0,0,0,1,1,0.5119623884128152,1,2.453470000788207,0,1,1,0,0,0,1,0,1,0,0,0,1
0,-1.076528230548336,0,1,1,0,1,1.1086283468966447,1,0.9696177024121633,0,5,1,0,1,0,1,0,1,0,0,0,0
0,1.5310852911355222,1,1,1,1,1,1.6670677955054654,0,-0.47810799932392145,3,6,1,1,1,0,1,0,0,0,1,0,0
0,-0.8320644628904743,1,0,1,1,1,1.60058690876632,1,0.34710396137576016,0,5,1,0,0,0,1,0,1,0,0,0,0
0,0.797693988161937,0,1,1,1,1,1.3180431401249524,0,-0.4370495461884753,3,5,1,1,1,0,1,0,0,1,0,0,0
0,1.6125732136881425,1,1,1,1,1,1.6238552191250208,0,-0.48536445205363693,3,6,1,1,1,0,1,0,0,0,1,1,0
0,0.3087664528462136,0,0,0,0,1,-1.4691680364137156,0,-0.6084450731375094,2,0,0,1,1,0,0,1,0,0,1,0,0
0,-1.2802480369298874,0,0,0,0,0,0.2028262650757895,1,3.4709607789029655,0,0,0,0,0,0,1,0,1,0,0,0,0
0,-1.1987601143772668,0,0,0,1,1,0.7330113368204731,1,1.8673914216159866,0,2,1,0,0,0,1,0,1,0,0,0,1
0,0.3087664528462136,0,0,0,1,1,0.8892414206574647,0,-0.40644636761894726,2,2,1,0,0,0,1,0,1,0,0,0,1
1,-1.2802480369298874,0,0,0,0,1,-0.4968850678537152,0,2.2423844378332327,0,1,0,0,0,1,0,0,1,0,0,0,1
0,-0.09867315991688919,0,0,0,0,0,-1.495760391109374,0,-0.5925382892616244,2,0,0,1,1,0,0,1,0,1,0,1,0
1,-0.38388088885106114,0,1,1,1,1,1.1651371006249178,1,-0.18145174416241644,1,4,1,0,0,0,1,0,1,0,0,0,1
1,-1.2802480369298874,1,0,0,0,1,0.3224918612062509,1,3.6810735973281927,0,0,0,0,0,0,1,0,1,0,0,0,1
0,0.4717422979514547,1,0,1,1,0,1.3080710071140806,0,-0.39693086991007814,2,4,1,0,0,0,1,0,1,0,0,0,1
0,1.3273654847539706,1,0,1,1,1,1.4742732239619438,1,-0.47404887714409605,3,5,1,0,0,0,1,0,1,0,0,0,1
0,-1.0357842692720256,0,1,0,0,1,-0.5517317994135101,0,0.03619984436834576,0,1,0,0,0,1,0,0,1,0,0,0,1
0,1.6125732136881425,1,0,0,0,1,-1.3195860412506386,0,-0.6269587448356301,3,0,0,1,1,0,0,1,0,0,1,1,0
0,-0.9950403079957154,1,0,1,1,1,1.17510923363579,0,0.6318437447497387,0,3,1,0,1,0,1,0,1,0,0,1,0
0,-0.6690886177852331,1,0,0,0,1,0.013355737869225209,1,-0.2194030858891408,1,2,1,0,1,1,0,0,1,0,0,1,0
1,1.368109446030281,1,0,0,1,1,1.1535029454455674,1,-0.493742664292463,3,3,1,0,1,0,1,0,1,0,0,1,0
0,-1.2802480369298874,0,0,0,0,1,0.22443255326601144,1,3.5088978155630755,0,0,0,0,0,0,1,0,1,0,0,0,0
1,-1.1987601143772668,0,1,0,0,0,-0.2957803854678007,0,0.9641981257464332,0,2,0,0,0,1,0,0,1,0,0,0,0
0,0.8384379494382472,1,1,0,0,0,0.9673564625759608,1,-0.4641150920978978,3,3,1,0,0,0,1,0,1,0,0,0,1
0,-0.9950403079957154,0,0,1,0,1,-0.013236616826432828,0,0.16816885223727712,0,3,1,0,1,1,0,0,1,0,0,1,0
0,1.4903413298592119,1,0,1,1,1,1.4493428914347644,1,-0.4863307243105827,3,5,1,1,1,0,1,0,0,0,1,0,0
0,-1.1172721918246462,0,0,0,1,1,0.6814886495976356,0,0.9924077171090795,0,2,1,0,0,0,1,0,1,0,0,0,0
1,1.6125732136881425,1,1,1,1,0,1.4177644702336702,0,-0.495278451096532,3,5,1,1,0,0,1,0,0,0,1,0,0
0,-0.791320501614164,0,0,0,1,1,-0.5334495555602452,1,-0.26062620070856274,1,3,1,0,1,1,0,0,1,0,0,0,0
0,-1.1580161531009565,1,0,0,1,1,0.6931228047769863,1,1.332479204708429,0,1,1,0,0,0,1,0,1,0,0,0,1
1,0.8791819107145575,1,1,1,1,0,0.8809313098150715,0,-0.4733237403128306,3,6,1,1,1,1,0,0,0,0,1,1,0
0,1.6125732136881425,1,0,1,1,0,0.703094937787858,0,-0.5296576413259262,3,5,1,1,1,1,0,0,0,0,1,0,0
0,-0.8320644628904743,1,0,0,1,1,1.3928341377064908,1,0.29098408465962045,0,4,1,0,0,0,1,0,1,0,0,0,1
0,-1.2802480369298874,0,0,0,0,1,-1.3179240190821602,1,0.800777044749034,0,0,0,0,0,1,0,0,1,0,0,0,1
0,-1.2802480369298874,0,0,0,0,0,-0.6514531295222281,0,1.9709887140339812,0,0,0,0,0,1,0,0,1,0,0,0,1
0,0.8791819107145575,1,0,1,1,0,1.5141617560054308,1,-0.43289294040373383,3,5,1,1,0,0,1,0,0,1,0,0,1
1,1.4903413298592119,1,0,0,0,1,0.4787219450432425,0,-0.5350235361996036,3,1,0,1,1,0,1,0,0,0,1,1,0
0,0.6347181430566958,0,1,0,0,0,-0.30907656281562973,0,-0.5348806023095185,2,2,0,1,1,1,0,0,0,0,1,1,0
1,0.6347181430566958,1,1,0,1,1,1.278154608081465,1,-0.4211290481167225,2,4,1,1,1,0,1,0,0,1,0,1,0
0,-0.9950403079957154,1,0,1,0,1,0.8460288442770204,0,0.5034414668232109,0,2,1,0,0,0,1,0,1,0,0,0,1
1,1.5718292524118322,1,1,1,1,1,0.8792692876465931,0,-0.5191562200727162,3,6,1,1,0,1,0,0,0,0,1,0,0
0,-1.2395040756535771,0,1,0,0,1,-0.5650279767613393,1,1.1927930902368424,0,1,0,0,0,1,0,0,1,0,0,0,1
0,1.4088534073065913,0,1,0,1,1,1.2000395661629695,0,-0.49388870407699903,3,4,1,1,1,0,1,0,0,1,0,1,0
1,0.06430268518835193,1,0,0,1,1,1.0936701473803367,0,-0.34125282587411626,2,3,1,0,1,0,1,0,1,0,0,0,0
0,-1.1987601143772668,0,0,0,0,1,0.1679237995377378,0,1.371291711445311,0,0,0,0,0,0,1,0,1,0,0,0,1
1,-0.9542963467194051,0,0,1,1,1,0.02665191521705399,0,0.09865004317806603,0,3,1,1,0,1,0,0,0,1,0,0,0
1,1.5718292524118322,0,1,0,1,1,1.3246912287988668,0,-0.49743159224171274,3,5,1,1,1,0,1,0,0,1,0,0,0
0,1.0014137945434884,1,0,1,1,1,0.8526769329509349,0,-0.48505705191646153,3,2,1,1,1,0,1,0,0,0,1,1,0
0,1.6125732136881425,0,1,1,1,1,-0.03650492718513379,0,-0.5652361056330898,3,6,1,1,1,1,0,0,0,0,1,0,0
1,0.6347181430566958,0,1,1,1,1,1.3197051622934308,0,-0.41815125873994774,2,5,1,0,0,0,1,0,1,0,0,0,1
0,-0.5876006952326126,0,0,0,0,0,-1.485788258098502,0,-0.5436070924410352,1,0,0,1,0,0,0,1,0,1,0,0,0
1,0.4309983366751445,1,0,1,1,1,1.3130570736195162,0,-0.3903928475859037,2,4,1,1,1,0,1,0,0,1,0,1,0
1,1.6125732136881425,1,1,1,1,1,0.9457501743857384,0,-0.517984706968969,3,6,1,1,1,1,0,0,0,0,1,0,0
1,0.10504664646466222,1,0,1,1,1,0.2875893956681997,0,-0.4289341649387355,2,3,1,1,1,1,0,0,0,1,0,0,0
0,-1.1580161531009565,0,0,0,0,0,-1.4658439920767583,0,-0.1838349682602952,0,0,0,0,0,0,0,1,1,0,0,0,0
1,0.6754621043330061,1,0,0,0,0,-1.3145999747452028,0,-0.6081461321356848,3,0,0,1,0,0,0,1,0,0,1,0,0
1,1.5718292524118322,1,1,0,1,0,1.1867433888151402,0,-0.5041597419057923,3,4,1,1,1,0,1,0,0,0,1,0,0
1,-0.8728084241667845,0,0,0,1,0,0.8576629994563706,0,0.21421209331194108,0,2,1,0,0,0,1,0,1,0,0,0,1
1,1.24587756220135,1,1,1,1,1,0.8177744674128837,0,-0.504038148839574,3,6,1,1,1,1,0,0,0,0,1,1,0
0,1.3273654847539706,1,0,0,1,1,1.0188791497987983,0,-0.49827905906687064,3,3,1,0,1,0,1,0,1,0,0,0,0
1,0.6754621043330061,0,0,0,0,0,-1.4741541029191516,0,-0.6193521491183637,3,0,0,1,1,0,0,1,0,0,1,1,0
0,-0.13941712119319946,1,0,0,1,1,1.123586546412952,1,-0.28344400810632886,2,3,1,0,1,0,1,0,1,0,0,1,0
0,-0.7098325790615434,1,0,1,0,1,0.606697652016097,1,-0.0611962016725149,1,2,0,0,0,0,1,0,1,0,0,0,1
1,-1.1580161531009565,0,0,0,0,1,-1.4907743246039378,0,-0.20134436979573078,0,0,0,0,0,0,0,1,1,0,0,0,1
0,1.6125732136881425,1,0,1,1,0,1.4742732239619438,0,-0.49256009652025434,3,5,1,1,1,0,1,0,0,1,0,1,0
0,-0.26164900502213034,0,0,0,1,1,0.6947848269454648,0,-0.2965868675304583,2,2,1,0,1,0,1,0,1,0,0,1,0
0,0.10504664646466222,1,0,0,1,0,1.2382660760379778,0,-0.3361991864362432,2,3,1,0,1,0,1,0,1,0,0,0,0
0,1.0014137945434884,1,0,1,0,0,0.9939488172716188,0,-0.47650360863765684,3,3,1,1,0,0,1,0,0,1,0,0,1
1,-0.18016108246950976,1,0,0,0,0,-0.013236616826432828,0,-0.40787480491830574,2,2,1,0,0,1,0,0,1,0,0,0,1
0,-0.3023929662984406,1,0,0,0,1,-1.2630772875223653,0,-0.5467734349589144,2,0,0,1,0,0,0,1,0,1,0,0,0
0,0.5939741817803856,0,1,0,1,1,0.041610114733361785,0,-0.50647001016394,2,3,1,1,1,1,0,0,0,1,0,1,0
1,1.0014137945434884,1,1,1,0,0,0.013355737869225209,0,-0.5358745678670075,3,3,0,0,1,1,0,0,1,0,0,0,0
0,-0.6690886177852331,1,0,0,1,1,0.6731785387552424,0,-0.08310441119173027,1,1,1,0,1,0,1,0,1,0,0,1,0
0,-1.1172721918246462,0,1,0,0,1,-0.29910442980475804,0,0.4184884445586898,0,2,0,0,0,1,0,0,1,0,0,0,0
0,-0.6283446565089229,0,0,0,0,1,0.18620604339100316,1,-0.2105530180106635,1,0,0,0,1,0,1,0,1,0,0,0,0
0,0.9606698332671781,1,0,0,1,1,1.328015273135824,1,-0.4525786832889753,3,4,1,1,1,0,1,0,0,1,0,0,0
1,1.6125732136881425,0,0,0,0,0,-1.4907743246039378,0,-0.6351937601696476,3,0,0,1,1,0,0,1,0,0,1,0,0
0,-0.46536881140368175,1,0,0,1,1,0.978990617755311,1,-0.1670153310277706,1,2,1,0,0,0,1,0,1,0,0,0,1
1,0.6347181430566958,0,1,0,0,0,-0.6581012181961428,0,-0.5598940330744265,2,3,1,1,1,1,0,0,0,1,0,1,0
0,1.4495973685829016,1,1,1,1,0,1.6654057733369867,0,-0.4727147176507284,3,6,1,1,1,0,1,0,0,0,1,0,0
0,-0.09867315991688919,1,1,1,1,0,1.382862004695619,0,-0.26644921980598485,2,4,1,0,1,0,1,0,1,0,0,0,0
0,-1.1987601143772668,0,0,0,0,1,-0.6215367304896128,0,0.6782112340009848,0,0,0,0,0,1,0,0,1,0,0,0,0
0,-0.7505765403378537,0,1,1,0,0,-0.8342755680548777,0,-0.3581507879908541,1,3,0,1,0,1,0,0,0,0,1,0,0
1,-1.1580161531009565,0,0,0,0,1,-1.4874502802669807,0,-0.19900978292433935,0,0,0,0,1,0,0,1,1,0,0,0,0
1,1.5718292524118322,1,0,0,0,1,1.02885128280967,0,-0.5118606360996181,3,3,1,1,1,0,1,0,0,0,1,1,0
1,-0.9950403079957154,1,0,0,0,0,-1.3428543516093396,0,-0.35062823029414847,0,0,0,1,0,0,0,1,0,1,0,0,0
1,1.1643896396487294,0,1,0,0,0,-1.037042272609271,0,-0.6038346773490023,3,2,0,0,1,1,0,0,1,0,0,0,0
1,1.6125732136881425,1,0,1,0,0,0.8526769329509349,0,-0.5224619968593088,3,3,0,1,1,0,1,0,0,0,1,0,0
0,-1.1172721918246462,1,0,0,1,1,0.6382760732171912,0,0.9671163593356724,0,1,1,0,0,0,1,0,1,0,0,0,1
0,0.6754621043330061,0,1,1,0,0,0.08648471328228516,0,-0.5097432955065366,3,4,0,1,1,1,0,0,0,0,1,0,0
0,-0.9950403079957154,0,0,0,0,1,-1.499084435446331,0,-0.411586887491591,0,0,0,0,1,0,0,1,1,0,0,0,0
0,-1.1987601143772668,0,0,0,0,1,0.5169484549182508,0,1.6777062383154342,0,1,1,0,0,0,1,0,1,0,0,0,1
1,-0.9542963467194051,0,0,0,0,0,-1.5024084797832884,0,-0.43830493724195935,0,0,0,1,0,0,0,1,0,0,1,0,0
1,1.4088534073065913,0,1,0,0,1,-0.3522891391960741,0,-0.5740542973813955,3,2,0,1,1,1,0,0,0,0,1,0,0
0,0.5532302205040753,0,0,0,0,1,-0.6514531295222281,0,-0.5548355925671564,2,0,0,0,1,1,0,0,1,0,0,1,0
0,1.4088534073065913,1,1,0,0,0,0.3424361272279943,0,-0.5381771903136892,3,4,1,1,0,1,0,0,0,1,0,0,0
0,0.9199258719908678,0,0,0,0,0,-1.499084435446331,0,-0.626030735132594,3,0,0,1,0,0,0,1,0,1,0,0,1
0,0.02355872391204165,1,1,0,1,1,0.2643210853094987,0,-0.41732798755931005,2,4,1,0,1,1,0,0,1,0,0,0,0
1,1.2051336009250397,0,0,0,0,0,-1.4874502802669807,0,-0.6299448738356214,3,0,0,1,1,0,0,1,0,0,1,1,0
1,-1.2802480369298874,0,0,0,0,0,-0.6265227969950485,1,2.0147622178725704,0,0,0,0,0,1,0,0,1,0,0,0,0
1,0.6754621043330061,0,1,0,0,1,-0.8508957897396641,0,-0.5755786452797745,3,2,1,0,0,1,0,0,1,0,0,0,1
0,-1.2802480369298874,0,0,0,0,1,-0.6664113290385358,0,1.9447246117308277,0,0,0,0,0,1,0,0,1,0,0,0,1
0,-0.7505765403378537,1,0,0,0,1,0.5934014746682683,0,-0.023915767569983138,1,2,0,0,0,0,1,0,1,0,0,0,1
0,-0.5876006952326126,1,0,1,1,0,0.9673564625759608,0,-0.09020574741817623,1,3,1,0,1,0,1,0,1,0,0,0,0
0,-1.2802480369298874,0,0,0,0,1,0.17789593254861,1,3.4271872750643766,0,0,0,0,0,0,1,0,1,0,0,0,1
0,-1.2802480369298874,0,0,0,1,1,0.6897987604400287,1,4.326003220550071,0,2,1,0,1,0,1,0,1,0,0,1,0
0,1.6125732136881425,1,1,1,1,1,1.7401967709185253,0,-0.47976783969071235,3,6,1,1,1,0,1,0,0,0,1,1,0
0,1.2866215234776603,1,1,1,0,0,1.1451928346031743,0,-0.4888577221878581,3,4,1,1,1,0,1,0,0,0,1,1,0
0,1.4903413298592119,1,1,1,1,1,1.5872907314184908,0,-0.4794103417989582,3,6,1,1,1,0,1,0,0,0,1,0,0
0,-1.2802480369298874,1,0,0,0,1,-1.2996417752288951,0,0.832877614230666,0,0,0,0,0,0,0,1,1,0,0,0,1
1,1.5718292524118322,1,1,1,1,0,0.8476908664454988,0,-0.5206963989114815,3,6,1,1,1,1,0,0,0,0,1,1,0
1,1.368109446030281,0,0,1,0,1,-0.5118432673700231,0,-0.5810283376183659,3,1,0,1,1,1,0,0,0,1,0,1,0
0,-1.2395040756535771,0,0,0,0,0,-1.509056568457203,0,0.08775530444490603,0,0,0,0,0,0,0,1,1,0,0,0,0
0,1.5718292524118322,0,1,1,1,1,1.4925554678152089,0,-0.4892443257830137,3,6,1,1,1,0,1,0,0,0,1,0,0
0,-0.8728084241667845,0,0,0,1,1,-0.11794401344058691,0,-0.07128842616863398,0,2,1,1,0,1,0,0,0,1,0,0,1
1,0.5939741817803856,0,1,0,0,1,-0.3157246514895444,0,-0.5326125194008751,2,2,0,0,0,1,0,0,1,0,0,0,1
0,0.10504664646466222,0,0,0,0,1,0.18288199905404562,1,-0.43914798250107295,2,0,0,0,0,0,1,0,1,0,0,0,1
0,-0.01718523736426863,1,0,0,1,0,1.3811999825271402,1,-0.2909076115891105,2,4,1,0,1,0,1,0,1,0,0,0,0
1,1.1236456783724194,1,0,1,1,1,1.2947748297662514,0,-0.46855888678023666,3,4,1,0,1,0,1,0,1,0,0,0,0
0,-0.8728084241667845,0,0,0,0,0,-1.5057325241202457,0,-0.47740926733776556,0,0,0,1,0,0,0,1,0,1,0,0,0
0,-0.13941712119319946,0,1,1,0,0,-0.8409236567287923,0,-0.5134008149383833,2,3,0,1,1,1,0,0,0,1,0,1,0
1,-0.46536881140368175,0,0,0,0,1,-1.2880076200495447,0,-0.52887629609344,1,0,0,0,0,1,0,0,1,0,0,0,1
0,0.6347181430566958,1,0,0,0,1,0.8726211989726784,0,-0.45019227243404425,2,2,1,0,1,0,1,0,1,0,0,1,0
1,-1.1987601143772668,0,0,0,0,0,-1.1683420239190832,0,0.1981618085711251,0,1,0,0,0,1,0,0,1,0,0,0,0
1,0.4309983366751445,0,0,0,0,0,-0.48525091267436476,0,-0.5339168813839442,2,1,0,0,0,1,0,0,1,0,0,0,0
0,-1.1172721918246462,1,0,0,1,0,1.346297516989089,0,1.3815055290076486,0,4,1,0,0,0,1,0,1,0,0,0,1
0,-1.2802480369298874,0,0,0,0,1,-0.3107385849841083,0,2.5692265998280313,0,1,1,0,0,1,0,0,1,0,0,0,1
1,1.5718292524118322,1,1,1,1,0,0.6864747161030716,0,-0.5285594171935982,3,5,1,1,0,1,0,0,0,1,0,0,1
1,-0.9950403079957154,0,0,0,0,0,-1.495760391109374,0,-0.41028989478526234,0,0,0,1,0,0,0,1,0,1,0,0,1
0,-0.9950403079957154,1,0,0,1,1,-0.18442490017973223,0,0.10137372786135601,0,1,1,0,0,1,0,0,1,0,0,0,1
0,-0.506112772679992,1,0,0,1,1,0.8609870437933281,0,-0.162934857221172,1,2,1,0,1,0,1,0,1,0,0,1,0
1,0.02355872391204165,1,1,0,1,1,1.2931128075977727,1,-0.3110699527511272,2,4,1,1,0,0,1,0,0,1,0,0,0
0,1.5718292524118322,1,0,0,0,1,0.4737358785378064,0,-0.5389353588442268,3,1,0,1,1,0,1,0,0,1,0,1,0
0,-0.05792919864057891,1,0,0,1,1,0.8609870437933281,0,-0.33623971745831593,2,2,1,1,0,0,1,0,0,1,0,0,1
0,0.22727853029359305,1,1,0,0,0,1.0039209502824906,0,-0.3827537419432098,2,3,1,1,1,0,1,0,0,1,0,1,0
0,-1.2802480369298874,0,0,0,1,1,0.7828720018748321,1,4.489424301547469,0,2,1,0,0,0,1,0,1,0,0,0,1
1,-1.2395040756535771,0,0,0,0,1,-1.1483977578973394,0,0.5099264303548537,0,1,0,0,0,1,0,0,1,0,0,0,0
0,-0.8320644628904743,0,0,0,1,1,-0.4968850678537152,0,-0.21948231395038711,0,3,1,0,1,1,0,0,1,0,0,0,0
1,-0.9542963467194051,0,1,1,0,0,0.9374400635433452,0,0.41848844455869,0,4,1,0,1,0,1,0,1,0,0,0,0
1,-0.8728084241667845,0,0,1,0,1,-0.34065498401672384,0,-0.13646230966164433,0,2,0,0,0,1,0,0,1,0,0,0,1
1,-1.076528230548336,0,0,0,0,0,-1.499084435446331,0,-0.3385847265925261,0,0,0,0,0,0,0,1,1,0,0,0,0
0,1.5718292524118322,0,1,1,1,1,0.6648684279128493,0,-0.5296132237674902,3,6,1,1,1,1,0,0,0,1,0,0,0
1,0.3902543753988342,1,1,0,1,1,0.9856387064292257,0,-0.41069709016980743,2,3,1,1,1,0,1,0,0,1,0,1,0
1,-0.9950403079957154,0,0,0,1,1,0.9773285955868325,1,0.5546726787231891,0,3,1,0,0,0,1,0,1,0,0,0,1
0,-1.1172721918246462,0,0,0,1,1,1.0454715044944562,1,1.2054387691235462,0,3,1,0,0,0,1,0,1,0,0,0,1
0,-1.2395040756535771,0,0,0,0,1,0.19617817640187488,1,2.0838270794845655,0,0,0,0,0,0,1,0,1,0,0,0,1
1,0.512486259227765,0,0,0,0,0,-1.4608579255713225,0,-0.6141856068681973,2,0,0,1,0,0,0,1,0,0,1,0,0
1,-0.18016108246950976,0,0,1,1,1,-0.15949456765255274,0,-0.4255854639426544,2,5,1,1,1,1,0,0,0,1,0,1,0
0,0.4309983366751445,1,0,0,0,0,0.5202724992552084,0,-0.45366545767986427,2,1,0,0,0,0,1,0,1,0,0,0,1
1,1.1236456783724194,1,1,1,1,1,0.6698544944182854,0,-0.504534487749219,3,5,1,1,0,1,0,0,0,0,1,0,1
0,0.3902543753988342,0,0,1,0,0,-1.0387042947777498,1,-0.5760184162950832,2,2,0,1,0,1,0,0,0,1,0,0,0
1,-1.0357842692720256,0,1,1,0,0,-0.5035331565276299,0,0.05735703789033039,0,4,1,1,1,1,0,0,0,0,1,1,0
0,-0.3023929662984406,0,0,0,0,1,-1.4824642137615447,0,-0.5764047298650361,2,0,0,1,1,0,0,1,0,1,0,0,0
1,0.3087664528462136,1,0,0,1,1,0.9889627507661827,1,-0.39790519613824693,2,2,1,0,1,0,1,0,1,0,0,1,0
0,-0.22090504374582004,1,0,0,1,1,1.1867433888151402,0,-0.24811948532610872,2,3,1,1,1,0,1,0,0,1,0,0,0
0,-0.9135523854430948,0,0,1,0,0,-0.9655753193646899,0,-0.2877240840372131,0,2,0,0,0,1,0,0,1,0,0,0,1
0,-0.22090504374582004,1,0,0,0,1,0.7197151594726443,0,-0.30669260236726836,2,2,0,0,1,0,1,0,1,0,0,0,0
0,-0.8728084241667845,0,0,1,0,0,-0.36558531654390336,0,-0.1437578936347425,0,2,0,1,1,1,0,0,0,1,0,0,0
1,-1.1580161531009565,0,1,0,1,0,-0.8725020779298864,0,0.23288878828307233,0,2,1,0,1,1,0,0,1,0,0,1,0
0,1.4495973685829016,0,0,0,0,1,-0.8276274793809634,0,-0.599594438922001,3,2,1,0,1,1,0,0,1,0,0,0,0
0,-1.2802480369298874,0,0,0,0,1,0.17457188821165245,0,3.4213508078858976,0,0,0,0,0,0,1,0,1,0,0,0,1
0,-0.5876006952326126,0,0,0,0,0,-1.485788258098502,0,-0.5436070924410352,1,0,0,1,0,0,0,1,0,1,0,0,0
0,1.0014137945434884,1,1,0,1,1,1.60058690876632,1,-0.43977411691102464,3,5,1,1,1,0,1,0,0,0,1,0,0
0,-0.26164900502213034,0,0,0,0,1,-1.4791401694245876,0,-0.5793312775100853,2,0,0,0,0,0,0,1,1,0,0,0,1
0,-0.6283446565089229,0,0,0,0,1,-0.9688993637016472,0,-0.4359055007352516,1,2,0,0,1,1,0,0,1,0,0,1,0
0,-1.2802480369298874,0,0,0,0,0,-0.960589252859254,1,1.4281972664354767,0,1,1,0,0,1,0,0,1,0,0,0,1
1,0.22727853029359305,1,0,0,1,1,1.1451928346031743,1,-0.37003323655421816,2,3,1,0,1,0,1,0,1,0,0,0,0
0,1.082901717096109,0,1,0,0,1,0.6033736076791401,0,-0.5057161331533865,3,3,0,1,1,0,1,0,0,1,0,1,0
0,-0.09867315991688919,0,1,0,0,1,-0.30409049631019386,0,-0.4575464516174596,2,2,0,1,0,1,0,0,0,0,1,0,0
0,-1.2395040756535771,0,0,0,0,1,-1.3411923294408608,1,0.2842496994536836,0,0,0,0,0,1,0,0,1,0,0,0,0
0,0.7162060656093164,1,0,0,0,0,-1.3162619969136813,0,-0.6094164220510008,3,0,0,1,0,0,0,1,0,1,0,0,1
0,-0.9542963467194051,0,1,1,0,0,-0.46530664665262134,0,-0.07410938530489863,0,4,1,1,0,1,0,0,0,1,0,0,0
1,-1.1987601143772668,0,0,0,0,0,-1.5007464576148097,0,-0.09366155035280178,0,0,0,0,0,0,0,1,1,0,0,0,0
1,-0.7505765403378537,0,0,0,1,1,-0.16614265632646738,0,-0.20173346760762936,1,2,1,0,1,1,0,0,1,0,0,1,0
0,-0.05792919864057891,0,1,0,0,1,0.2909134400051568,0,-0.3987993500276328,2,1,0,0,1,0,1,0,1,0,0,1,0
0,-1.0357842692720256,0,1,0,0,0,-0.11295794693515106,0,0.22880326125813744,0,3,0,0,0,1,0,0,1,0,0,0,1
0,-0.9950403079957154,1,1,1,1,1,1.281478652418422,1,0.6733475113522526,0,4,1,0,1,0,1,0,1,0,0,0,0
1,-0.6283446565089229,0,0,0,0,0,-1.4924363467724167,0,-0.5380436763586259,1,0,0,1,1,0,0,1,0,1,0,0,0
1,-0.01718523736426863,0,0,0,0,1,-1.5073945462887242,0,-0.59829488298898,2,0,0,0,1,0,0,1,1,0,0,1,0
0,-1.2395040756535771,0,0,0,1,0,0.5551749647932596,0,2.5040527163350204,0,1,1,0,0,0,1,0,1,0,0,0,0
0,-1.0357842692720256,1,0,0,1,1,0.6648684279128493,1,0.5702365911991318,0,1,1,0,0,0,1,0,1,0,0,0,1
1,1.6125732136881425,1,1,0,1,0,1.4875694013097727,0,-0.4919204836787773,3,5,1,1,1,0,1,0,0,0,1,1,0
0,-0.05792919864057891,1,0,0,1,1,1.1684611449618754,1,-0.3024976415827369,2,3,1,0,0,0,1,0,1,0,0,0,1
1,-0.22090504374582004,0,1,0,0,0,0.3191678168692938,0,-0.35692790915345857,2,1,0,0,0,0,1,0,1,0,0,0,0
0,-0.5876006952326126,1,0,0,1,1,0.8377187334346272,1,-0.11416598109824612,1,2,1,0,1,0,1,0,1,0,0,1,0
0,-1.0357842692720256,0,0,0,0,1,0.3357880385540801,0,0.42578402853178815,0,1,0,0,0,0,1,0,1,0,0,0,1
0,-0.7505765403378537,1,0,0,1,1,1.331339317472781,1,0.1488436609129814,1,4,1,0,0,0,1,0,1,0,0,0,1
1,-0.8728084241667845,0,0,0,1,1,-0.17112872283190322,0,-0.0868523386445768,0,2,1,0,1,1,0,0,1,0,0,0,0
1,1.6125732136881425,1,1,1,1,1,1.5174858003423883,0,-0.49048135478545385,3,5,1,1,1,0,1,0,0,0,1,0,0
1,-0.18016108246950976,1,1,0,1,0,1.3728898716847469,1,-0.2400260591648196,2,4,1,1,0,0,1,0,0,1,0,0,1
0,-0.7098325790615434,1,0,0,0,1,0.3125197281953792,1,-0.12576211983443367,1,0,0,0,1,0,1,0,1,0,0,1,0
0,-1.1580161531009565,1,0,0,0,1,0.32082983903777235,0,1.0710054751125904,0,0,0,0,0,0,1,0,1,0,0,0,1
0,1.5718292524118322,1,0,0,0,0,-1.3378682851039039,0,-0.6272929869628603,3,0,0,1,0,0,0,1,0,0,1,0,1
0,-1.1172721918246462,0,0,1,0,1,0.8161124452444047,1,1.0712000240185395,0,3,1,0,0,0,1,0,1,0,0,0,1
1,0.5939741817803856,1,0,0,0,0,-1.3378682851039039,0,-0.6073922551251313,2,0,0,1,0,0,0,1,0,0,1,0,0
0,1.0014137945434884,0,0,0,1,1,0.8593250216248496,0,-0.48465453693863547,3,3,1,1,0,0,1,0,0,1,0,0,1
0,0.7162060656093164,1,1,0,1,1,1.3379874061466956,0,-0.4266548909915846,3,4,1,1,1,0,1,0,0,0,1,1,0
0,-0.9950403079957154,0,0,0,0,1,-1.4741541029191516,0,-0.4018594421941267,0,0,0,0,1,0,0,1,1,0,0,1,0
1,0.6347181430566958,0,0,0,0,0,-1.504070501951767,0,-0.6205218247855607,2,0,0,1,0,0,0,1,0,0,1,0,0
0,1.5310852911355222,0,0,0,0,0,-1.499084435446331,0,-0.6347061679859161,3,0,0,1,1,0,0,1,0,1,0,0,0
1,-1.2802480369298874,0,1,1,0,1,0.18786806555948168,0,3.4446966765998117,0,4,1,0,1,1,0,0,1,0,0,0,0
0,-0.9950403079957154,1,0,0,0,1,0.6931228047769863,0,0.443779802332097,0,1,1,0,1,0,1,0,1,0,0,0,0
0,-1.2802480369298874,1,0,0,0,1,0.41057903613561864,1,3.835739977557874,0,0,0,0,0,0,1,0,1,0,0,0,1
0,-1.2802480369298874,0,0,0,0,1,-0.9821955410494762,1,1.3902602297753663,0,1,1,0,1,1,0,0,1,0,0,0,0
1,1.1236456783724194,0,0,0,0,0,-1.4708300585821945,0,-0.6277700570259462,3,0,0,1,0,0,0,1,0,0,1,0,0
1,0.6754621043330061,1,0,1,1,1,1.10198025822273,0,-0.43842166658552895,3,3,1,1,0,0,1,0,0,1,0,0,1
0,-1.1580161531009565,0,0,0,1,1,-0.5400976442341598,1,0.46634747542221383,0,3,1,0,0,1,0,0,1,0,0,0,1
0,-0.13941712119319946,0,0,0,0,0,-1.4891123024354593,0,-0.5892748882586042,2,0,0,1,0,0,0,1,0,1,0,0,0
0,1.4088534073065913,1,0,0,0,1,-1.3145999747452028,0,-0.6237500987981466,3,0,0,1,1,0,0,1,0,0,1,1,0
0,0.8384379494382472,1,0,0,1,1,1.1169384577390378,1,-0.45438764680043353,3,3,1,0,1,0,1,0,1,0,0,1,0
0,1.4088534073065913,1,1,1,0,0,0.2028262650757895,0,-0.5453869438871038,3,4,0,1,1,1,0,0,0,0,1,1,0
1,-1.076528230548336,0,0,0,0,0,-1.494098368940895,0,-0.3360833835160353,0,0,0,0,0,0,0,1,1,0,0,0,0
0,0.5939741817803856,1,0,0,1,1,1.3811999825271402,0,-0.40846599879198786,2,4,1,0,0,0,1,0,1,0,0,0,1
0,0.8384379494382472,0,1,1,0,0,1.1535029454455674,0,-0.4520098268388312,3,5,1,1,0,0,1,0,0,0,1,0,0
0,1.4903413298592119,0,1,1,1,1,0.6615443835758922,0,-0.5258519449191374,3,6,1,1,0,1,0,0,0,0,1,0,0
0,-1.1987601143772668,0,1,0,0,1,0.706418982124815,0,1.8440455529020725,0,2,1,0,0,0,1,0,1,0,0,0,0
0,-1.1580161531009565,0,0,0,0,0,-0.6730594177124505,0,0.3729640005665573,0,0,0,0,0,1,0,0,1,0,0,0,0
1,0.9606698332671781,1,1,1,0,1,0.3673664597551738,0,-0.5117625083619682,3,4,1,1,1,1,0,0,0,0,1,1,0
0,1.082901717096109,1,0,0,1,1,0.9656944404074818,1,-0.48451030240491444,3,2,1,0,1,0,1,0,1,0,0,0,0
0,1.1643896396487294,1,0,0,0,0,-1.322910085587596,0,-0.6200261669409105,3,0,0,1,1,0,0,1,0,0,1,0,0
0,-1.2395040756535771,0,0,0,0,1,-0.6581012181961428,0,1.083845702905243,0,0,0,0,0,1,0,0,1,0,0,0,1
1,0.5532302205040753,1,1,0,1,1,1.1933914774890548,1,-0.416995623032876,2,4,1,0,0,0,1,0,1,0,0,0,1
1,-0.8320644628904743,0,0,0,0,0,-1.472492080750673,0,-0.4830212550093796,0,0,0,0,0,0,0,1,1,0,0,0,0
0,-0.7505765403378537,1,0,0,0,1,0.5202724992552084,1,-0.041036071293520264,1,1,0,0,0,0,1,0,1,0,0,0,1
1,-0.18016108246950976,1,0,1,0,1,0.8526769329509349,0,-0.30301965319460517,2,2,1,1,0,0,1,0,0,1,0,0,1
0,-0.3431369275747509,0,1,1,0,0,-0.14453636813624496,0,-0.38484289788709597,1,3,0,0,1,1,0,0,1,0,0,0,0
0,-0.05792919864057891,0,0,1,0,1,-0.3173866736580229,1,-0.46555394338148104,2,2,0,0,0,1,0,0,1,0,0,0,1
1,1.4495973685829016,1,1,1,0,1,0.45379161251606304,0,-0.5343782621885669,3,5,1,1,0,1,0,0,0,1,0,0,1
1,0.2680224915699033,1,0,1,1,0,1.1884054109836186,0,-0.3736660632403096,2,3,1,1,0,0,1,0,0,0,1,0,0
0,0.3902543753988342,0,0,0,0,0,-1.477478147256109,0,-0.6118516101350444,2,0,0,0,1,0,0,1,1,0,0,1,0
0,-0.791320501614164,0,1,1,1,1,-0.34397902835368094,1,-0.21310068225523748,1,4,1,0,0,1,0,0,1,0,0,0,1
0,-1.076528230548336,1,0,0,0,1,0.8626490659618067,0,0.846218110638617,0,2,1,0,0,0,1,0,1,0,0,0,1
0,0.10504664646466222,1,0,0,0,0,0.35074623807038746,1,-0.42277344958367485,2,0,0,0,1,0,1,0,1,0,0,1,0
0,0.22727853029359305,0,0,0,0,1,-1.4808021915930663,0,-0.606484983784887,2,0,0,1,1,0,0,1,0,1,0,1,0
0,-0.5876006952326126,0,0,0,0,0,-1.4874502802669807,0,-0.543914274924113,1,0,0,1,1,0,0,1,0,0,1,1,0
0,-1.1580161531009565,0,0,0,0,0,-1.5024084797832884,0,-0.20951542384560065,0,0,0,0,0,0,0,1,1,0,0,0,0
0,-0.22090504374582004,0,0,1,0,1,-0.36558531654390336,0,-0.44280735477964284,2,2,0,0,0,1,0,0,1,0,0,0,1
1,0.3495104141225239,0,1,0,1,0,0.17955795471708852,0,-0.47198969067203544,2,4,1,1,0,1,0,0,0,1,0,0,0
1,0.7162060656093164,0,1,1,1,0,0.35573230457582355,0,-0.49428924594218876,3,4,1,1,0,1,0,0,0,1,0,0,1
1,1.6125732136881425,0,0,0,0,0,-1.477478147256109,0,-0.6345541473281706,3,0,0,1,0,0,0,1,0,0,1,0,1
0,1.5310852911355222,1,0,0,0,0,-1.2880076200495447,0,-0.6242662900751165,3,0,0,1,1,0,0,1,0,1,0,1,0
1,0.4717422979514547,0,0,0,0,0,-1.4691680364137156,0,-0.6136583511375813,2,0,0,1,1,0,0,1,0,1,0,0,0
0,-1.2395040756535771,0,1,0,0,1,0.3623803932497382,1,2.278375985433851,0,1,0,0,0,0,1,0,1,0,0,0,1
1,0.06430268518835193,0,0,0,0,1,-1.485788258098502,0,-0.6000584561883645,2,0,0,1,1,0,0,1,0,1,0,0,0
0,1.6125732136881425,1,0,0,0,0,-1.346178395946297,0,-0.6282379705185842,3,0,0,1,1,0,0,1,0,0,1,0,0
0,1.5718292524118322,1,0,0,0,1,-1.3395303072723823,0,-0.6273740490070058,3,0,0,1,0,0,0,1,0,0,1,0,1
0,1.2866215234776603,1,0,1,1,1,1.5191478225108668,0,-0.4686545665700477,3,5,1,1,1,0,1,0,0,0,1,1,0
0,1.6125732136881425,1,0,0,0,1,-1.3145999747452028,0,-0.6267188900200761,3,0,0,1,1,0,0,1,0,0,1,0,0
0,-1.2802480369298874,1,0,0,0,1,0.3141817503638577,1,3.666482429381996,0,0,0,0,0,0,1,0,1,0,0,0,0
0,-0.13941712119319946,0,1,0,0,0,0.8410427777715843,0,-0.3165173221177073,2,3,1,1,1,0,1,0,0,1,0,0,0
0,-0.38388088885106114,0,1,1,0,1,0.13135931183120808,0,-0.33271351853798514,1,4,1,1,1,1,0,0,0,1,0,0,0
1,0.797693988161937,0,0,0,0,0,-1.5157046571311175,0,-0.6248075940999075,3,0,0,1,0,0,0,1,0,0,1,0,0
0,-0.3023929662984406,1,0,0,0,1,0.8277466004237555,1,-0.2643782153232989,2,2,1,0,0,0,1,0,1,0,0,0,1
0,1.2866215234776603,1,1,1,1,1,1.672053862010901,0,-0.46039372071743195,3,6,1,1,1,0,1,0,0,0,1,0,0
0,-0.6690886177852331,1,0,0,1,1,1.0504575709998925,1,-0.005170408279105058,1,2,1,0,0,0,1,0,1,0,0,0,1
0,-1.2802480369298874,0,0,0,0,1,0.15628964435838757,1,3.3892502384042658,0,0,0,0,1,0,1,0,1,0,0,0,0
0,-0.3431369275747509,1,0,0,1,1,1.1584890119510036,0,-0.201811287170009,1,3,1,0,1,0,1,0,1,0,0,0,0
0,-1.2395040756535771,1,0,0,1,1,0.8859173763205076,0,2.891205039174097,0,2,1,0,0,0,1,0,1,0,0,0,1
1,0.06430268518835193,0,1,1,1,0,0.6632064057443707,0,-0.38444268299485745,2,6,1,1,0,1,0,0,0,0,1,0,0
0,0.1457906077409725,1,0,0,0,1,0.679826627429157,1,-0.39814373335978004,2,1,1,0,1,0,1,0,1,0,0,1,0
1,0.8384379494382472,1,0,1,1,1,0.4637637455269347,0,-0.49686415793269406,3,4,1,1,0,1,0,0,0,1,0,0,0
1,0.5939741817803856,0,0,0,0,0,-1.4808021915930663,0,-0.6178492588199054,2,0,0,1,1,0,0,1,0,0,1,1,0
1,1.6125732136881425,0,0,0,0,0,-1.4924363467724167,0,-0.6352737117748324,3,0,0,1,1,0,0,1,0,0,1,1,0
1,1.6125732136881425,1,1,1,0,1,1.0953321695488154,0,-0.5107890625023517,3,4,1,1,1,0,1,0,0,0,1,1,0
0,-1.2802480369298874,0,0,0,0,0,-1.509056568457203,1,0.4651801819865181,0,0,0,0,0,0,0,1,1,0,0,0,0
0,-0.9542963467194051,1,0,0,0,1,0.6150077628584902,1,0.3052609812962063,0,1,1,0,0,0,1,0,1,0,0,0,1
0,-0.9950403079957154,0,0,0,1,1,0.5086383440758576,1,0.37179670713086144,0,1,1,0,1,0,1,0,1,0,0,0,0
0,0.512486259227765,0,1,0,0,0,-0.06974537055470645,1,-0.5079872801641423,2,3,1,1,1,1,0,0,0,1,0,1,0
0,-1.0357842692720256,0,0,1,1,1,1.183419344478183,0,0.797858811159795,0,4,1,0,0,0,1,0,1,0,0,0,1
0,1.5718292524118322,1,0,0,0,1,-1.3411923294408608,0,-0.6274551110511513,3,0,0,1,1,0,0,1,0,0,1,1,0
0,0.3495104141225239,0,0,1,1,1,1.2066876548368837,0,-0.38611024504585134,2,4,1,1,1,0,1,0,0,1,0,0,0
1,1.4088534073065913,0,1,0,1,0,-0.461982602315664,0,-0.5797191037605071,3,3,1,1,1,1,0,0,0,0,1,1,0
0,1.4903413298592119,1,1,1,0,1,1.4094543593912772,0,-0.48833179877177546,3,5,1,1,1,0,1,0,0,1,0,1,0
0,1.5310852911355222,1,1,1,1,1,0.9108477088476872,0,-0.5155107115240304,3,6,1,1,1,1,0,0,0,0,1,0,0
0,-0.3023929662984406,1,0,0,0,0,-1.3129379525767242,1,-0.5535078201648511,2,0,0,1,1,0,0,1,0,1,0,0,0
0,1.6125732136881425,1,1,1,1,0,1.6155451082826278,0,-0.4857642100795601,3,6,1,1,1,0,1,0,0,0,1,0,0
1,0.06430268518835193,0,0,1,1,1,-0.8060211911907411,0,-0.5318551683027154,2,2,1,1,0,1,0,0,0,0,1,0,1
1,1.3273654847539706,1,0,0,0,0,-1.2896696422180234,0,-0.6211101637775781,3,0,0,1,1,0,0,1,0,0,1,1,0
0,1.5310852911355222,1,1,1,1,1,1.5673464653967473,0,-0.48304022510855127,3,6,1,1,1,0,1,0,0,0,1,1,0
1,1.6125732136881425,0,1,0,1,1,-0.36558531654390336,0,-0.581066523459648,3,4,1,1,1,1,0,0,0,0,1,1,0
1,0.10504664646466222,0,0,1,1,1,0.24271479711927632,0,-0.4333115153225944,2,3,1,1,0,1,0,0,0,1,0,0,0
0,-0.791320501614164,1,1,0,1,0,1.1086283468966447,1,0.15126162588692266,1,3,1,0,0,0,1,0,1,0,0,0,0
0,-0.8320644628904743,1,1,0,1,0,0.46708778986389177,0,0.04091391401250143,0,4,1,1,0,1,0,0,0,1,0,0,1
1,1.2051336009250397,0,1,1,1,1,0.1978401985703534,0,-0.5360055449629667,3,4,1,1,1,1,0,0,0,1,0,0,0
0,-0.3023929662984406,0,1,1,1,1,0.377338592766046,0,-0.32521216168359446,2,4,1,0,1,1,0,0,1,0,0,1,0
0,0.797693988161937,0,1,1,0,0,-0.8542198340766214,0,-0.5809790292502007,3,3,0,1,0,1,0,0,0,0,1,0,0
0,-0.9950403079957154,0,0,0,0,1,0.17124784387469535,0,0.24015194743851237,0,0,0,0,1,0,1,0,1,0,0,1,0
0,-1.2395040756535771,0,0,0,0,0,-1.4874502802669807,0,0.11304666221831315,0,0,0,0,0,0,0,1,1,0,0,0,0
1,0.9606698332671781,0,0,0,0,0,-1.4874502802669807,0,-0.6260343920669164,3,0,0,1,0,0,0,1,0,0,1,0,0
0,-0.8320644628904743,0,0,0,0,0,-1.5073945462887242,0,-0.492449394297691,0,0,0,0,1,0,0,1,1,0,0,0,0
0,0.5939741817803856,1,0,0,0,0,-1.259753243185408,0,-0.601677381012871,2,0,0,1,0,0,0,1,0,1,0,0,1
0,-1.2395040756535771,0,0,0,0,0,-1.5157046571311175,0,0.07997334820693469,0,0,0,0,0,0,0,1,1,0,0,0,1
0,-0.5876006952326126,0,0,0,0,1,-0.4918990013482794,0,-0.35991196756050026,1,1,0,0,0,1,0,0,1,0,0,0,0
0,-0.9950403079957154,0,1,0,1,1,-0.15949456765255274,0,0.11110117315882032,0,2,1,0,0,1,0,0,1,0,0,0,1
0,0.512486259227765,1,1,0,0,1,0.6565583170704561,0,-0.4525408419685962,2,2,0,0,0,0,1,0,1,0,0,0,0
0,-1.1987601143772668,0,0,0,0,0,-0.6431430186798349,0,0.6592427156709296,0,0,0,0,0,1,0,0,1,0,0,0,0
0,0.22727853029359305,0,0,0,0,0,-1.4874502802669807,0,-0.6070835958031926,2,0,0,1,0,0,0,1,0,1,0,0,0
0,1.6125732136881425,1,1,1,1,1,1.6870120615272086,0,-0.4823262910566208,3,6,1,1,0,0,1,0,0,0,1,0,1
0,0.5532302205040753,1,1,0,0,1,0.9607083739020461,1,-0.434380844415578,2,3,1,0,0,0,1,0,1,0,0,0,1
1,1.5718292524118322,1,1,0,1,1,1.1368827237607813,0,-0.5065916032301583,3,4,1,1,1,0,1,0,0,0,1,1,0
1,1.368109446030281,0,0,1,1,0,-0.47361675749501453,0,-0.5790247742585896,3,3,1,1,1,1,0,0,0,0,1,0,0
0,-0.3023929662984406,1,0,0,1,0,1.3679038051793113,1,-0.19142237559231723,2,4,1,0,0,0,1,0,1,0,0,0,0
0,-0.5876006952326126,1,0,1,1,1,0.5717951864780458,1,-0.1633151783906969,1,4,1,1,1,1,0,0,0,1,0,1,0
1,-0.791320501614164,1,0,0,0,1,-1.322910085587596,0,-0.45864919426408457,1,0,0,1,1,0,0,1,0,0,1,0,0
1,1.3273654847539706,1,1,1,1,0,0.8892414206574647,0,-0.5051767020959816,3,6,1,1,1,1,0,0,0,0,1,0,0
0,1.1236456783724194,1,0,0,1,1,1.02885128280967,1,-0.48386765315001634,3,3,1,0,0,0,1,0,1,0,0,0,1
1,-0.7098325790615434,0,0,0,0,0,-1.5107185906256815,0,-0.5259249007588684,1,0,0,1,0,0,0,1,0,0,1,0,0
0,1.6125732136881425,1,0,0,0,0,-1.327896152093032,0,-0.6273585028615533,3,0,0,1,1,0,0,1,0,0,1,1,0
0,-0.09867315991688919,1,0,0,1,1,0.9723425290813964,1,-0.3129526840990236,2,2,1,0,1,0,1,0,1,0,0,1,0
1,0.3902543753988342,0,0,1,1,1,1.183419344478183,0,-0.39454500658285513,2,4,1,1,0,0,1,0,0,0,1,0,1
0,1.5718292524118322,1,0,0,0,0,-1.322910085587596,0,-0.6265634285655504,3,0,0,1,1,0,0,1,0,0,1,0,0
0,-1.2802480369298874,0,0,0,0,1,-0.33400689534280925,1,2.528371329578681,0,1,1,0,0,1,0,0,1,0,0,0,0
0,0.2680224915699033,1,0,0,1,1,1.025527238472713,1,-0.38796540782758193,2,2,1,0,1,0,1,0,1,0,0,0,0
0,0.10504664646466222,0,0,0,0,0,-1.5140426349626388,0,-0.6046766766462559,2,0,0,0,1,0,0,1,1,0,0,0,0
1,0.8384379494382472,0,0,1,1,1,1.4443568249293284,0,-0.43309534987153964,3,5,1,0,1,0,1,0,1,0,0,0,0
0,-1.2802480369298874,1,0,0,1,1,0.9906247729346612,1,4.854203500202378,0,2,1,0,0,0,1,0,1,0,0,0,1
1,-0.05792919864057891,0,0,1,1,1,1.1335586794238242,1,-0.3063278231686134,2,4,1,0,0,0,1,0,1,0,0,0,1
0,0.6347181430566958,0,0,0,0,0,-1.4841262359300234,0,-0.6190924858847089,2,0,0,1,1,0,0,1,0,0,1,1,0
1,-0.09867315991688919,1,0,1,1,1,1.213335743510798,0,-0.2856530795545272,2,3,1,0,0,0,1,0,1,0,0,0,1
0,-0.9135523854430948,0,0,0,0,0,-1.4891123024354593,0,-0.4548592805118257,0,0,0,0,1,0,0,1,1,0,0,1,0
1,-0.8320644628904743,1,0,0,1,1,1.346297516989089,0,0.278413232275205,0,4,1,0,0,0,1,0,1,0,0,0,1
0,1.0014137945434884,0,1,1,1,0,0.1679237995377378,0,-0.5265160946325504,3,4,1,1,1,1,0,0,0,0,1,0,0
0,1.0421577558197987,0,1,0,1,1,0.015017760037703748,0,-0.5379997105041742,3,3,1,0,1,1,0,0,1,0,0,1,0
0,0.18653456901728277,0,0,0,0,0,-1.495760391109374,0,-0.6062723189889101,2,0,0,1,0,0,0,1,0,0,1,0,0
1,0.4717422979514547,0,0,0,0,0,-1.5024084797832884,0,-0.6162523365502384,2,0,0,0,0,0,0,1,1,0,0,0,0
1,-0.22090504374582004,0,0,0,0,0,-1.4874502802669807,0,-0.5835079028322504,2,0,0,1,1,0,0,1,0,1,0,1,0
0,-0.9950403079957154,0,0,1,0,0,-0.5118432673700231,0,-0.026380053712007485,0,1,0,0,0,1,0,0,1,0,0,0,1
0,-1.1987601143772668,1,0,0,0,1,0.37401454842908843,1,1.5522221939781458,0,0,0,0,0,0,1,0,1,0,0,0,1
0,-0.3023929662984406,0,0,0,0,0,0.7845340240433111,0,-0.27021468250177744,2,3,1,0,1,0,1,0,1,0,0,0,0
1,1.0014137945434884,1,0,0,1,1,1.1900674331520973,0,-0.4646294167917867,3,3,1,0,0,0,1,0,1,0,0,0,1
0,-0.8320644628904743,0,0,0,0,0,-1.5073945462887242,0,-0.492449394297691,0,0,0,0,0,0,0,1,1,0,0,0,0
1,1.2051336009250397,0,0,0,0,0,-1.4791401694245876,0,-0.6294816621547897,3,0,0,1,1,0,0,1,0,0,1,0,0
0,1.3273654847539706,1,0,1,1,1,1.424412558907585,0,-0.4767018167706773,3,5,1,1,1,0,1,0,0,0,1,0,0
0,1.5718292524118322,1,0,1,1,1,0.5202724992552084,0,-0.5366656216081518,3,4,1,1,1,1,0,0,0,0,1,0,0
1,-0.46536881140368175,0,0,0,1,1,-0.19772107752756127,0,-0.3548434565897163,1,2,1,1,1,1,0,0,0,1,0,1,0
0,1.5718292524118322,1,1,0,1,1,1.4892314234782513,0,-0.48940644987130477,3,5,1,1,0,0,1,0,0,1,0,0,1
0,-1.0357842692720256,0,0,0,0,1,0.3440981493964733,0,0.4294318205183373,0,1,0,0,0,0,1,0,1,0,0,0,1
0,1.6125732136881425,0,1,1,0,1,0.2726311961518919,0,-0.5503651070687473,3,5,1,1,1,1,0,0,0,0,1,1,0
0,-1.2802480369298874,0,0,0,0,0,0.17623391038013098,0,3.4242690414751364,0,0,0,0,0,0,1,0,1,0,0,0,1
1,1.6125732136881425,1,0,1,0,1,1.1252485685814309,0,-0.5093499336090282,3,4,1,1,1,0,1,0,0,0,1,0,0
1,1.2866215234776603,1,0,1,1,1,1.5507262437119609,0,-0.46694852231787704,3,5,1,1,0,0,1,0,0,1,0,0,1
0,1.6125732136881425,1,1,1,1,1,1.6654057733369867,0,-0.4833656619240211,3,6,1,1,0,0,1,0,0,0,1,0,1
0,-0.13941712119319946,1,0,0,1,0,1.1884054109836186,0,-0.27585660077430674,2,3,1,0,1,0,1,0,1,0,0,0,0
0,-0.791320501614164,0,0,0,0,1,-1.4758161250876303,0,-0.4970031214369435,1,0,0,1,0,0,0,1,0,0,1,0,0
0,-0.05792919864057891,1,1,0,1,0,1.3147190957879948,0,-0.28644735684192096,2,4,1,0,0,0,1,0,1,0,0,0,1
0,-1.2802480369298874,0,0,0,0,1,0.16459975520078074,1,3.403841406350462,0,0,0,0,0,0,1,0,1,0,0,0,1
1,-1.0357842692720256,0,1,1,0,1,-1.0071258735766557,1,-0.1636991564945442,0,2,0,0,0,1,0,0,1,0,0,0,1
0,1.1643896396487294,1,0,0,1,1,1.354607627831482,1,-0.4683721568678633,3,4,1,0,0,0,1,0,1,0,0,0,1
1,0.2680224915699033,0,0,0,0,0,-1.1533838244027754,1,-0.579255619602216,2,1,0,0,1,1,0,0,1,0,0,1,0
0,-0.9135523854430948,0,0,0,0,1,0.18288199905404562,1,0.07891217235630225,0,0,0,0,0,0,1,0,1,0,0,0,1
1,-0.7505765403378537,1,0,1,1,0,0.5202724992552084,0,-0.041036071293520264,1,4,1,0,1,1,0,0,1,0,0,1,0
0,-1.2802480369298874,1,0,0,0,1,0.5119623884128152,1,4.013752226501469,0,1,0,0,0,0,1,0,1,0,0,0,0
1,1.4088534073065913,1,1,1,0,1,0.9823146620922681,1,-0.5051324864355387,3,3,1,1,1,0,1,0,0,1,0,1,0
0,1.6125732136881425,1,1,1,1,1,0.8825933319835501,0,-0.5210228679659854,3,6,1,1,1,1,0,0,0,0,1,0,0
1,-1.076528230548336,0,0,0,0,1,-0.6713973955439717,1,0.07663822410494707,0,0,0,0,1,1,0,0,1,0,0,0,0
0,-1.2802480369298874,0,0,0,0,1,-1.5024084797832884,1,0.4768531163434754,0,0,0,0,0,0,0,1,1,0,0,0,0
1,-0.3023929662984406,0,0,0,0,0,-1.4924363467724167,0,-0.5777516069062235,2,0,0,1,0,0,0,1,0,1,0,0,1
0,0.02355872391204165,1,0,1,1,1,1.5174858003423883,1,-0.28789574483658015,2,5,1,0,0,0,1,0,1,0,0,0,1
0,-0.5876006952326126,0,1,1,1,1,0.11806313448337882,0,-0.2471759962709412,1,4,1,0,0,1,0,0,1,0,0,0,1
0,1.5718292524118322,0,0,1,1,1,0.47539790070628496,0,-0.5388542968000812,3,5,1,1,1,1,0,0,0,0,1,1,0
1,-0.18016108246950976,1,0,0,0,1,-0.4586585579787067,0,-0.46181181194700394,2,0,0,1,0,1,0,0,0,1,0,0,1
1,-1.2395040756535771,1,1,0,0,0,0.5235965435921655,0,2.4670884242046562,0,1,0,0,1,0,1,0,1,0,0,1,0
1,-0.6283446565089229,1,0,1,0,1,0.0632164029235842,0,-0.23454738307774198,1,3,0,0,0,1,0,0,1,0,0,0,0
0,0.9606698332671781,1,1,0,0,1,0.7180531373041658,0,-0.49015734038549497,3,2,0,0,0,0,1,0,1,0,0,0,1
0,1.1236456783724194,0,1,0,0,0,-0.49023697917980086,0,-0.5713189810373833,3,4,1,1,0,1,0,0,0,1,0,0,1
0,0.02355872391204165,1,0,0,0,0,-1.2996417752288951,0,-0.5788607997636719,2,0,0,1,1,0,0,1,0,0,1,1,0
0,-1.2802480369298874,0,1,1,0,1,0.6183318071954478,0,4.200519176212783,0,3,0,0,0,0,1,0,1,0,0,0,0
0,-1.2395040756535771,0,0,0,0,0,0.19617817640187488,1,2.0838270794845655,0,0,0,0,1,0,1,0,1,0,0,1,0
0,1.24587756220135,1,1,1,0,1,0.6598823614074136,0,-0.512701654807628,3,2,0,1,1,0,1,0,0,0,1,1,0
0,-1.0357842692720256,1,0,0,1,1,1.1451928346031743,1,0.7810789680216691,0,3,1,0,0,0,1,0,1,0,0,0,1
0,0.9199258719908678,0,0,0,0,1,-0.001602461647082585,0,-0.5321261471360018,3,3,1,1,0,1,0,0,0,0,1,0,0
0,1.3273654847539706,1,1,1,1,1,1.17510923363579,0,-0.489966514903583,3,4,1,1,1,0,1,0,0,1,0,0,0
0,-1.2802480369298874,0,0,1,1,1,0.6648684279128493,1,4.282229716711481,0,2,1,0,0,0,1,0,1,0,0,0,1
0,1.24587756220135,1,0,0,0,0,-1.3145999747452028,0,-0.6210410768081358,3,0,0,1,0,0,0,1,0,0,1,0,0
0,1.5310852911355222,1,1,1,1,1,1.6022489309347985,0,-0.4813139460839308,3,6,1,1,1,0,1,0,0,0,1,1,0
1,0.1457906077409725,0,1,1,0,0,-0.8026971468537838,0,-0.5388499150679653,2,3,0,1,1,1,0,0,0,0,1,1,0
0,0.797693988161937,0,0,1,1,1,1.3363253839782172,1,-0.43583820394388545,3,5,1,1,1,0,1,0,0,1,0,0,0
0,-0.42462485012737144,1,1,0,0,1,-0.34397902835368094,1,-0.39075041770948643,1,1,0,0,0,1,0,0,1,0,0,0,1
0,-0.42462485012737144,0,0,1,0,1,1.002258928114012,0,-0.1852052692500249,1,4,1,0,1,0,1,0,1,0,0,0,0
0,-1.1172721918246462,0,1,1,0,0,-0.16281861198951006,0,0.4982534959978965,0,3,0,0,1,1,0,0,1,0,0,1,0
0,0.5939741817803856,0,0,0,0,1,0.6814886495976356,1,-0.4596566796698933,2,2,1,0,0,0,1,0,1,0,0,0,1
0,0.02355872391204165,1,0,0,0,1,0.6166697850269688,1,-0.3809358980935027,2,1,1,0,0,0,1,0,1,0,0,0,1
0,-0.5876006952326126,0,0,0,0,1,-1.0403663169462283,1,-0.4612821869761801,1,2,0,0,1,1,0,0,1,0,0,1,0
0,-1.2802480369298874,0,0,0,0,0,-1.495760391109374,0,0.4885260507004324,0,0,0,0,1,0,0,1,1,0,0,1,0
0,0.9606698332671781,0,0,1,1,1,0.5651470978041312,0,-0.4995776031998815,3,5,1,1,1,1,0,0,0,0,1,1,0
0,-1.2395040756535771,0,0,0,0,1,-1.4891123024354593,0,0.11110117315882032,0,0,0,0,0,0,0,1,1,0,0,0,0
0,0.10504664646466222,1,1,0,0,1,-0.17279074500038175,0,-0.473842537395362,2,2,0,0,0,1,0,0,1,0,0,0,1
0,1.2866215234776603,1,0,0,0,0,-1.322910085587596,0,-0.6221985492654062,3,0,0,1,1,0,0,1,0,0,1,1,0
0,-0.7098325790615434,1,1,0,0,1,0.6499102283965414,0,-0.05171194250748729,1,2,0,0,1,0,1,0,1,0,0,1,0
0,-0.3431369275747509,0,0,0,1,1,0.8493528886139774,1,-0.24523460297788938,1,2,1,0,0,0,1,0,1,0,0,0,1
0,-1.2802480369298874,0,0,0,0,0,-0.3074145406471512,0,2.5750630670065093,0,1,1,0,0,1,0,0,1,0,0,0,0
1,1.5310852911355222,0,1,1,1,0,0.35074623807038746,0,-0.5432133796810342,3,4,1,1,1,1,0,0,0,0,1,1,0
0,-1.2802480369298874,0,0,0,1,1,0.8626490659618067,1,4.629499513830955,0,2,1,0,0,0,1,0,1,0,0,0,1
1,-1.1580161531009565,1,0,0,1,0,0.8244225560867979,1,1.4246953861283895,0,2,1,0,0,0,1,0,1,0,0,0,0
0,0.2680224915699033,0,0,1,0,0,-0.1827628780112537,0,-0.4940431987964294,2,2,1,1,0,1,0,0,0,1,0,0,1
0,-0.13941712119319946,1,1,0,0,1,0.04327213690184032,0,-0.40990079697336385,2,2,1,0,0,1,0,0,1,0,0,0,1
1,-0.7505765403378537,0,0,0,0,0,-1.5290008344789465,0,-0.5207936733644559,1,0,0,1,0,0,0,1,0,0,1,0,0
0,1.1643896396487294,1,1,1,1,0,0.7197151594726443,0,-0.5043323256126827,3,5,1,1,1,1,0,0,0,0,1,1,0
1,-0.791320501614164,0,1,0,0,1,-0.42209407027217677,0,-0.23269453635441545,1,1,0,0,1,1,0,0,1,0,0,1,0
0,1.368109446030281,0,1,1,0,1,-0.5783241541091684,0,-0.584512795635368,3,4,0,1,0,1,0,0,0,0,1,0,0
0,-1.2395040756535771,0,0,0,1,1,-0.5168293338754589,1,1.249212272962135,0,3,1,0,0,1,0,0,1,0,0,0,1
0,1.082901717096109,1,1,0,1,1,1.4742732239619438,0,-0.4547443197946739,3,5,1,1,1,0,1,0,0,1,0,1,0
1,1.2051336009250397,1,1,0,1,1,1.002258928114012,0,-0.491166654258465,3,3,1,1,1,0,1,0,0,1,0,1,0
0,0.02355872391204165,0,1,1,0,1,0.95572230739661,0,-0.34591709502263146,2,4,1,1,0,0,1,0,0,1,0,0,1
1,1.368109446030281,0,0,1,1,1,0.4886940780541142,0,-0.5285872444624841,3,5,1,1,1,1,0,0,0,0,1,1,0
0,1.6125732136881425,1,1,1,1,0,1.6703918398424222,0,-0.4831258071084671,3,6,1,1,1,0,1,0,0,0,1,1,0
1,-1.2802480369298874,0,0,0,0,0,-1.4974224132778524,1,0.4856078171111931,0,0,0,0,0,0,0,1,1,0,0,0,0
0,-0.5468567339563023,1,1,0,0,1,1.0089070167879266,1,-0.11175459860608516,1,3,1,0,0,0,1,0,1,0,0,0,1
1,0.7569500268856267,1,1,1,1,1,1.0089070167879266,0,-0.45350219985669,3,3,1,1,0,0,1,0,0,1,0,0,0
0,1.24587756220135,1,0,1,1,0,1.3496215613260465,0,-0.47485581294718127,3,4,1,0,0,0,1,0,1,0,0,0,1
0,-0.22090504374582004,0,0,0,0,0,-1.485788258098502,0,-0.5832994575758762,2,0,0,1,1,0,0,1,0,1,0,0,0
0,-0.42462485012737144,1,1,0,1,1,1.2149977656792768,1,-0.1527240606045791,1,3,1,0,1,0,1,0,1,0,0,0,0
0,-1.1580161531009565,0,0,0,0,0,-1.4874502802669807,0,-0.19900978292433935,0,0,0,0,0,0,0,1,1,0,0,0,0
1,0.3902543753988342,0,0,0,0,0,-1.4658439920767583,0,-0.6109014875711061,2,0,0,1,0,0,0,1,0,0,1,0,0
0,-0.13941712119319946,0,0,0,0,0,-1.477478147256109,0,-0.5879130459169591,2,0,0,1,0,0,0,1,0,1,0,0,0
0,-1.1580161531009565,0,0,0,0,1,0.17457188821165245,1,0.9682836527713681,0,0,0,0,1,0,1,0,1,0,0,1,0
0,-0.09867315991688919,0,0,0,0,0,-1.499084435446331,0,-0.5929148355312037,2,0,0,1,0,0,0,1,0,1,0,0,0
0,-1.1580161531009565,1,0,0,0,1,0.327477927711687,1,1.0756746488553734,0,0,0,0,0,0,1,0,1,0,0,0,1
1,1.5718292524118322,0,1,1,1,0,0.6864747161030716,0,-0.5285594171935982,3,6,1,1,1,1,0,0,0,0,1,0,0
0,0.5532302205040753,0,1,1,0,0,-0.811007257696177,0,-0.5667568872295806,2,3,0,1,1,1,0,0,0,0,1,1,0
0,-1.1580161531009565,1,0,0,0,0,-0.47860282400045034,1,0.5095373325429551,0,0,0,0,0,1,0,0,1,0,0,0,0
0,-1.0357842692720256,1,1,0,0,1,0.4936801445595503,1,0.4950920762762208,0,1,0,0,0,0,1,0,1,0,0,0,0
0,1.4903413298592119,1,0,1,1,1,1.3429734726521318,0,-0.4916669228737632,3,4,1,1,1,0,1,0,0,1,0,0,0
0,1.6125732136881425,1,1,0,1,0,1.1917294553205762,0,-0.5061518694016427,3,4,1,1,1,0,1,0,0,0,1,0,0
0,-0.5468567339563023,1,0,0,0,1,0.5003282332334644,1,-0.20105254643680687,1,1,0,0,0,0,1,0,1,0,0,0,1
0,-0.18016108246950976,0,0,1,0,0,0.8709591768041999,0,-0.3008058208165616,2,3,1,0,0,0,1,0,1,0,0,0,1
0,-1.1172721918246462,1,0,0,0,1,0.4637637455269347,1,0.8649781837122981,0,1,0,0,0,0,1,0,1,0,0,0,1
0,1.6125732136881425,1,1,1,1,1,1.726900593570696,0,-0.48040745253218947,3,6,1,1,1,0,1,0,0,0,1,1,0
1,-0.9950403079957154,0,0,0,1,1,0.5202724992552084,1,0.37633618160301174,0,1,1,0,1,0,1,0,1,0,0,1,0
0,-1.0357842692720256,0,1,0,0,1,-0.1894109666851681,0,0.19524357498188588,0,2,1,1,0,1,0,0,0,1,0,0,1
0,-0.42462485012737144,0,1,0,0,1,-0.498547090022194,0,-0.4143500458659431,1,1,0,0,0,1,0,0,1,0,0,0,1
0,1.6125732136881425,0,0,0,0,0,-1.5123806127941604,0,-0.6362331310370479,3,0,0,1,1,0,0,1,0,0,1,0,0
1,-0.9950403079957154,0,0,0,0,0,-1.5007464576148097,0,-0.4122353838447553,0,0,0,0,1,0,0,1,1,0,0,1,0
0,0.797693988161937,1,1,1,0,1,0.5518509204563025,0,-0.487815798439015,3,5,1,1,1,1,0,0,0,1,0,1,0
0,1.4495973685829016,0,1,1,0,0,-0.860867922750536,0,-0.6012861685389513,3,3,0,1,0,1,0,0,0,0,1,0,0
0,1.5718292524118322,1,1,1,1,0,0.7695758245270033,0,-0.5245063149863215,3,6,1,1,1,1,0,0,0,0,1,0,0
0,-1.2395040756535771,0,0,0,0,0,-1.494098368940895,0,0.1052647059803418,0,0,0,0,0,0,0,1,1,0,0,0,0
0,0.06430268518835193,1,0,1,1,1,1.0487955488314133,0,-0.34575524341179975,2,3,1,0,0,0,1,0,1,0,0,0,1
0,0.10504664646466222,0,0,0,0,0,-1.3511644624517327,0,-0.5887885159937309,2,0,0,0,0,1,0,0,1,0,0,0,1
1,1.1643896396487294,0,0,0,0,0,-1.5190287014680746,0,-0.6311342818934986,3,0,0,1,1,0,0,1,0,1,0,1,0
0,-1.2802480369298874,0,0,0,0,0,-0.6913416615657154,0,1.9009511078922385,0,0,0,0,0,1,0,0,1,0,0,0,1
0,-1.2802480369298874,1,0,0,0,1,-0.4885749570113221,1,2.256975605779429,0,0,0,0,0,1,0,0,1,0,0,0,0
1,0.8384379494382472,0,0,0,0,0,-0.1395503016308091,0,-0.5360981872991332,3,2,1,1,1,1,0,0,0,1,0,1,0
0,1.6125732136881425,1,0,0,0,0,-1.3013037973973738,0,-0.626079277178599,3,0,0,1,1,0,0,1,0,0,1,0,0
0,-1.2395040756535771,0,0,0,0,0,0.38564870360843917,1,2.3056128322667506,0,1,0,0,0,0,1,0,1,0,0,0,1
0,-1.1987601143772668,0,0,1,1,1,1.1269105907499095,1,2.21320210194084,0,4,1,0,0,0,1,0,1,0,0,0,1
0,-0.791320501614164,1,1,0,1,1,1.196715521826012,1,0.17335682306259137,1,3,1,0,0,0,1,0,1,0,0,0,1
0,0.3495104141225239,0,0,0,1,1,-0.36059925003846727,0,-0.5171528295531194,2,4,1,0,0,1,0,0,1,0,0,0,1
0,-0.3431369275747509,0,0,0,0,0,-1.4758161250876303,0,-0.5718433062855484,1,0,0,1,1,0,0,1,0,1,0,1,0
1,-0.18016108246950976,0,0,0,1,1,0.8410427777715843,1,-0.3044284556169965,2,2,1,1,1,0,1,0,0,1,0,0,0
0,-0.9950403079957154,0,1,0,0,0,-1.178314156929955,0,-0.28642709133088456,0,1,0,0,0,1,0,0,1,0,0,0,0
0,-1.2802480369298874,0,0,0,0,1,-1.4741541029191516,0,0.5264630873605428,0,0,0,0,0,0,0,1,1,0,0,0,0
0,0.8791819107145575,1,0,1,0,1,1.0072449946194475,0,-0.46525880384802387,3,3,1,1,1,0,1,0,0,0,1,0,0
0,0.3495104141225239,1,0,0,0,1,-1.3145999747452028,0,-0.5969178809923261,2,0,0,0,1,0,0,1,1,0,0,0,0
0,-0.5468567339563023,0,0,0,0,0,-0.6614252625331,0,-0.4050370743246317,1,0,0,0,0,1,0,0,1,0,0,0,0
1,1.6125732136881425,1,1,1,1,0,0.9258059083639949,0,-0.5189441262311848,3,6,1,1,1,1,0,0,0,0,1,0,0
0,1.2051336009250397,0,1,1,0,1,-0.701313794576587,0,-0.5861250488289491,3,4,0,1,1,1,0,0,0,0,1,0,0
1,0.9606698332671781,0,1,1,1,1,0.2593350188040626,0,-0.5184181288286542,3,4,1,1,1,1,0,0,0,0,1,1,0
0,-0.7098325790615434,1,0,0,0,0,-0.44037631412544187,1,-0.2910070968251073,1,0,0,0,0,1,0,0,1,0,0,0,1
0,-0.9135523854430948,0,0,0,0,1,0.48038396721172105,1,0.17388741098790753,0,1,1,0,0,0,1,0,1,0,0,0,1
1,-0.01718523736426863,0,0,0,0,0,-1.5240147679735105,0,-0.600063509406701,2,0,0,1,0,0,0,1,0,0,1,0,0
0,-0.46536881140368175,0,0,0,0,0,-1.472492080750673,0,-0.5583239259484908,1,0,0,0,1,0,0,1,1,0,0,1,0
1,1.2051336009250397,0,0,0,0,0,-1.4907743246039378,0,-0.630130158507954,3,0,0,1,1,0,0,1,0,1,0,0,0
0,-1.2395040756535771,0,0,0,0,0,-1.3395303072723823,0,0.2861951885131763,0,0,0,0,0,1,0,0,1,0,0,0,1
1,-0.22090504374582004,0,0,0,0,0,-1.4691680364137156,0,-0.5812150050121339,2,0,0,1,0,0,0,1,0,0,1,0,0
0,-1.1172721918246462,1,0,0,1,1,0.9989348837770544,1,1.178201922290646,0,2,1,0,1,0,1,0,1,0,0,0,0
0,-0.3023929662984406,0,1,0,1,0,-0.12459210211450154,0,-0.39300497275669133,2,5,1,1,0,1,0,0,0,1,0,0,1
0,-1.2395040756535771,1,0,0,0,1,0.6947848269454648,1,2.6674737973324194,0,1,1,0,0,0,1,0,1,0,0,0,1
0,0.6754621043330061,1,0,1,1,1,1.3911721155380123,0,-0.4181107608044236,3,4,1,1,1,0,1,0,0,1,0,0,0
0,1.24587756220135,1,1,0,1,0,1.4443568249293284,0,-0.46965770936634876,3,5,1,0,1,0,1,0,1,0,0,1,0
1,-1.1580161531009565,0,0,0,0,0,-1.4758161250876303,0,-0.19083872887446937,0,0,0,0,1,0,0,1,1,0,0,1,0
0,-1.2802480369298874,0,0,0,1,1,-0.3157246514895444,0,2.560471899060313,0,1,1,0,0,1,0,0,1,0,0,0,0
0,-0.8728084241667845,0,0,0,0,0,-1.4808021915930663,0,-0.4701136833646674,0,0,0,0,0,0,0,1,1,0,0,0,0
0,0.797693988161937,1,0,0,0,1,0.27096917398341336,0,-0.5064264201968051,3,0,0,0,1,0,1,0,1,0,0,0,0
0,1.1236456783724194,1,0,0,0,0,0.8194364895813623,0,-0.495923306666218,3,2,1,0,0,0,1,0,1,0,0,0,1
0,1.2866215234776603,1,0,1,1,1,1.3246912287988668,0,-0.4791602074913091,3,4,1,1,1,0,1,0,0,1,0,1,0
1,0.4309983366751445,0,1,0,1,0,0.34576017156495187,0,-0.4675933907194153,2,4,1,1,1,1,0,0,0,0,1,0,0
0,1.1643896396487294,1,0,1,1,0,1.2083496770053626,0,-0.476656174798607,3,3,1,1,1,0,1,0,0,1,0,0,0
0,-1.2802480369298874,0,0,0,0,0,-0.6780454842178864,1,1.9242969766061522,0,0,0,0,0,1,0,0,1,0,0,0,0
0,-1.1172721918246462,0,0,0,1,1,0.8210985117498408,1,1.0741182576077788,0,2,1,0,0,0,1,0,1,0,0,0,1
0,1.368109446030281,1,1,1,0,0,0.13135931183120808,0,-0.5473162063038705,3,4,0,1,1,1,0,0,0,0,1,0,0
0,1.4088534073065913,0,1,1,1,1,1.5374300663641316,0,-0.47646513294124704,3,6,1,1,0,0,1,0,0,0,1,0,1
0,0.3902543753988342,0,0,1,1,1,1.1368827237607813,0,-0.39834549683860865,2,4,1,1,1,0,1,0,0,0,1,1,0
0,-1.2802480369298874,1,0,0,1,1,0.706418982124815,1,4.355185556442463,0,1,1,0,0,0,1,0,1,0,0,0,1
1,-0.05792919864057891,0,0,0,0,0,-1.4558718590658866,0,-0.5904908189207873,2,0,0,1,0,0,0,1,0,0,1,0,0
0,-1.0357842692720256,0,0,0,0,1,-1.509056568457203,0,-0.384025792482109,0,0,0,0,0,0,0,1,1,0,0,0,0
0,-1.1580161531009565,0,0,0,1,1,-0.6730594177124505,1,0.3729640005665573,0,2,1,0,0,1,0,0,1,0,0,0,1
1,0.06430268518835193,1,0,0,1,0,0.4122410583040972,0,-0.4096228699648648,2,3,1,1,1,1,0,0,0,1,0,0,0
0,-1.1987601143772668,0,0,0,0,1,-1.5073945462887242,0,-0.09949801753128029,0,0,0,1,0,0,0,1,0,1,0,0,0
1,-0.5468567339563023,0,0,0,0,1,-1.327896152093032,0,-0.5220582412531264,1,0,0,0,0,1,0,0,1,0,0,0,0
1,-0.05792919864057891,0,1,1,0,0,-0.9772094745440403,1,-0.5379626143144803,2,2,0,0,1,1,0,0,1,0,0,0,0
0,-1.2802480369298874,1,0,0,1,0,1.025527238472713,1,4.915486405576403,0,2,1,0,0,0,1,0,1,0,0,0,0
0,-1.1987601143772668,0,1,1,0,0,-0.7794288364950829,0,0.5395951385121196,0,3,0,0,0,1,0,0,1,0,0,0,0
0,0.5532302205040753,0,0,0,0,0,-1.5024084797832884,0,-0.6184158307667523,2,0,0,0,0,0,0,1,1,0,0,0,1
0,-1.2802480369298874,0,0,0,0,0,-1.4575338812343652,1,0.5556454232529355,0,0,0,0,0,0,0,1,1,0,0,0,0
1,1.4903413298592119,1,1,0,0,0,0.653234272733499,0,-0.526268835431886,3,2,0,1,1,0,1,0,0,1,0,0,0
0,-1.1172721918246462,0,0,0,0,0,-1.4808021915930663,0,-0.27313291609101675,0,0,0,0,0,0,0,1,1,0,0,0,0
0,-1.2802480369298874,0,0,0,0,0,-1.5007464576148097,0,0.4797713499327145,0,0,0,0,1,0,0,1,1,0,0,0,0
0,-0.26164900502213034,0,0,0,0,1,-1.4675060142452372,0,-0.5778181193527019,2,0,0,1,1,0,0,1,0,1,0,1,0
0,-0.9135523854430948,0,0,0,0,1,-1.000477784902741,1,-0.2988664304688539,0,1,1,0,0,1,0,0,1,0,0,0,1
0,-0.3023929662984406,0,0,1,1,0,1.1468548567716528,0,-0.22127815000530363,2,4,1,1,1,0,1,0,0,0,1,0,0
1,1.2866215234776603,0,1,0,0,0,0.5402167652769517,0,-0.521541938387338,3,2,0,0,0,0,1,0,1,0,0,0,1
1,-0.09867315991688919,1,1,1,0,0,0.09313280195619932,0,-0.412549172402738,2,4,0,0,0,1,0,0,1,0,0,0,1
0,-0.791320501614164,0,0,0,0,1,0.17789593254861,0,-0.08219706125221884,1,0,0,0,0,0,1,0,1,0,0,0,1
0,1.2866215234776603,1,1,1,1,1,1.6687298176739438,0,-0.46057330432292365,3,6,1,1,0,0,1,0,0,1,0,0,1
1,0.5532302205040753,1,0,1,0,1,0.6648684279128493,0,-0.4564849116021564,2,2,0,0,1,0,1,0,1,0,0,0,0
0,-0.8320644628904743,0,0,0,0,0,-1.499084435446331,0,-0.49020459922904547,0,0,0,1,0,0,0,1,0,1,0,0,0
0,-0.7098325790615434,0,0,0,0,0,-1.4974224132778524,1,-0.5230066671696292,1,0,0,0,1,0,0,1,1,0,0,0,0
1,-0.6283446565089229,1,0,0,1,1,0.9224818640270374,1,-0.06691107578477512,1,2,1,0,0,0,1,0,1,0,0,0,1
1,-0.791320501614164,0,1,0,0,1,-0.0547871710383989,0,-0.14056173303700434,1,3,1,0,0,1,0,0,1,0,0,0,0
1,1.4088534073065913,1,1,1,1,0,0.30587163952146457,0,-0.5400654591067263,3,4,1,1,1,1,0,0,0,0,1,1,0
0,-0.3431369275747509,0,0,0,0,0,-1.186624267772348,0,-0.5312214947233377,1,1,0,0,0,1,0,0,1,0,0,0,1
0,-1.076528230548336,0,0,1,0,0,-0.49023697917980086,0,0.16752035588411274,0,1,0,0,0,1,0,0,1,0,0,0,0
0,0.8384379494382472,1,1,1,0,1,-0.1578325454840742,1,-0.5372870972799342,3,2,0,1,0,1,0,0,0,1,0,0,1
0,-0.6690886177852331,0,0,0,0,1,0.31584377253233625,1,-0.15691855491954712,1,1,0,0,1,0,1,0,1,0,0,1,0
0,-0.9135523854430948,0,0,0,0,0,-1.4891123024354593,0,-0.4548592805118257,0,0,0,0,0,0,0,1,1,0,0,0,1
0,-0.791320501614164,0,0,0,0,1,0.327477927711687,0,-0.04467691510485686,1,1,0,1,0,0,1,0,0,1,0,0,0
0,-0.9542963467194051,1,0,0,1,1,0.6831506717661141,1,0.3291904967279683,0,1,1,0,0,0,1,0,1,0,0,0,1
0,-0.3023929662984406,0,1,1,1,0,0.31584377253233625,1,-0.33351790343758314,2,5,1,1,0,1,0,0,0,1,0,0,0
0,-1.0357842692720256,0,0,1,0,1,-0.6780454842178864,0,-0.019246593827200408,0,3,1,0,0,1,0,0,1,0,0,0,1
1,0.22727853029359305,1,1,1,1,1,0.6848126939345931,0,-0.41148711882187333,2,5,1,1,1,1,0,0,0,0,1,0,0
0,0.4309983366751445,1,1,0,0,1,0.974004551249875,0,-0.4174528317770315,2,3,1,0,0,0,1,0,1,0,0,0,1
1,-1.1580161531009565,0,0,1,1,1,1.1069663247281656,1,1.6231352701966597,0,4,1,0,1,0,1,0,1,0,0,0,0
0,-0.3023929662984406,1,0,1,1,0,1.4659631131195507,0,-0.17817808468730822,2,5,1,1,0,0,1,0,0,0,1,0,1
1,-0.22090504374582004,0,1,0,0,0,-0.28580825245692876,0,-0.4328019824736796,2,2,0,1,0,1,0,0,0,1,0,0,0
1,1.6125732136881425,1,0,0,0,0,-1.286345597881066,0,-0.6253597127319372,3,0,0,1,0,0,0,1,0,0,1,0,0
1,1.5718292524118322,1,1,0,0,1,0.6864747161030716,0,-0.5285594171935982,3,2,0,1,1,0,1,0,0,1,0,1,0
0,-0.3431369275747509,1,0,0,1,1,0.802816267896576,0,-0.2517714462177853,1,2,1,0,1,0,1,0,1,0,0,1,0
0,0.7162060656093164,1,1,1,1,1,1.4908934456467302,1,-0.4161263619637409,3,5,1,1,0,0,1,0,0,0,1,0,1
0,1.0014137945434884,0,1,0,1,1,0.3175057947008148,0,-0.5174595076314631,3,4,1,1,1,1,0,0,0,0,1,0,0
0,-0.7098325790615434,0,0,0,0,0,-0.5301255112232879,0,-0.31070517355247235,1,1,0,0,0,1,0,0,1,0,0,0,1
0,-1.1580161531009565,1,1,0,0,1,0.5086383440758576,0,1.2029096333462053,0,1,0,0,0,0,1,0,1,0,0,0,1
0,-0.18016108246950976,0,1,0,0,0,-0.29079431896236485,0,-0.44148480556678565,2,2,0,0,0,1,0,0,1,0,0,0,1
0,-0.9542963467194051,1,0,0,0,1,0.32415388337472945,1,0.2031228056728319,0,0,0,0,0,0,1,0,1,0,0,0,1
0,0.9199258719908678,1,1,0,1,1,0.8310706447607126,0,-0.47991061041425637,3,2,1,0,1,0,1,0,1,0,0,0,0
0,-1.1987601143772668,1,0,0,1,1,1.201701588331448,1,2.2788623576987237,0,3,1,0,0,0,1,0,1,0,0,0,1
0,-0.9135523854430948,0,0,0,1,1,1.0005969059455335,1,0.33996143161188774,0,3,1,0,0,0,1,0,1,0,0,0,1
1,0.9199258719908678,0,0,0,0,0,-1.5190287014680746,0,-0.6272814066708394,3,0,0,1,1,0,0,1,0,1,0,0,0
1,-0.506112772679992,0,0,0,0,0,-1.477478147256109,0,-0.553978158179234,1,0,0,0,0,0,0,1,1,0,0,0,0
1,1.2051336009250397,1,0,1,1,1,1.3712278495162684,0,-0.4706000556295406,3,4,1,1,1,0,1,0,0,1,0,1,0
0,-0.01718523736426863,1,0,1,1,1,1.33300133964126,1,-0.2960366282005007,2,4,1,0,0,0,1,0,1,0,0,0,1
0,0.4309983366751445,0,0,0,0,1,-1.5007464576148097,0,-0.6149641869759984,2,0,0,1,1,0,0,1,0,0,1,0,0
0,-0.9542963467194051,0,0,0,0,0,-1.3528264846202114,1,-0.38577673263565254,0,0,0,1,1,1,0,0,0,1,0,0,0
0,1.1236456783724194,0,1,1,0,0,-0.16448063415798858,0,-0.5525657422344031,3,3,0,1,1,1,0,0,0,0,1,0,0
0,1.0421577558197987,1,1,0,1,1,0.7080810042932936,0,-0.49674874756475806,3,5,1,1,0,1,0,0,0,0,1,0,1
1,-1.0357842692720256,0,0,0,0,0,-1.5073945462887242,0,-0.3832962340847992,0,0,0,1,0,0,0,1,0,1,0,0,0
1,-1.2395040756535771,0,1,0,1,0,1.0737258813585928,0,3.111045302896789,0,3,1,0,0,0,1,0,1,0,0,0,1
0,0.18653456901728277,0,0,0,0,0,-0.9356589203320745,0,-0.5545120705902978,2,2,0,0,0,1,0,0,1,0,0,0,1
1,1.3273654847539706,1,0,1,1,1,1.2997608962716873,0,-0.4833341658371301,3,4,1,1,1,0,1,0,0,1,0,0,0
1,0.2680224915699033,0,0,0,0,0,-1.4974224132778524,0,-0.6094593372508424,2,0,0,1,0,0,0,1,0,0,1,0,0
0,1.368109446030281,1,0,1,1,1,1.304746962777123,1,-0.4858155223037831,3,4,1,1,0,0,1,0,0,1,0,0,1
0,1.4495973685829016,1,0,0,0,0,-1.3378682851039039,0,-0.6255624885421881,3,0,0,1,0,0,0,1,0,0,1,0,0
1,1.2051336009250397,0,1,1,1,0,-0.5351115777287238,0,-0.5768608152123166,3,4,1,1,1,1,0,0,0,0,1,0,0
0,-1.1987601143772668,0,0,1,1,1,0.7828720018748321,1,1.911164925454576,0,3,1,0,0,0,1,0,1,0,0,0,0
0,1.6125732136881425,1,1,0,1,1,1.4875694013097727,0,-0.4919204836787773,3,5,1,1,0,0,1,0,0,0,1,0,1
0,0.3495104141225239,0,0,0,0,0,-1.4675060142452372,0,-0.6097025233832791,2,0,0,1,1,0,0,1,0,0,1,1,0
1,-0.13941712119319946,0,1,0,1,0,0.9922867951031402,1,-0.29881337167632227,2,3,1,0,1,0,1,0,1,0,0,1,0
0,-1.1580161531009565,0,1,0,0,0,-0.3190486958265014,0,0.6215975023697431,0,2,0,0,0,1,0,0,1,0,0,0,1
0,0.8384379494382472,1,0,0,0,0,-1.35448850678869,0,-0.6151066596596481,3,0,0,1,1,0,0,1,0,1,0,0,0
0,-1.2802480369298874,1,0,0,0,1,0.3191678168692938,1,3.675237130149714,0,0,0,0,0,0,1,0,1,0,0,0,1
1,0.3495104141225239,1,1,1,0,0,0.5019902554019434,1,-0.4450307708476346,2,5,1,0,1,1,0,0,1,0,0,1,0
0,0.2680224915699033,0,0,0,0,1,-1.4741541029191516,0,-0.607416573738375,2,0,0,1,1,0,0,1,0,0,1,0,0
0,1.24587756220135,0,0,0,0,0,-1.5140426349626388,0,-0.631984452767783,3,0,0,1,0,0,0,1,0,0,1,0,0
0,-0.7098325790615434,1,0,0,0,1,-1.2780354870386728,0,-0.47485581294718127,1,0,0,0,0,0,0,1,1,0,0,0,1
0,-0.791320501614164,0,0,0,0,0,-0.69798975023963,0,-0.30189836147066096,1,0,0,1,0,1,0,0,0,1,0,0,1
0,-1.2802480369298874,0,0,0,0,1,-0.48691293484284354,0,2.2598938393686683,0,1,0,0,0,1,0,0,1,0,0,0,0
0,-1.2802480369298874,0,0,0,0,0,-1.4741541029191516,0,0.5264630873605428,0,0,0,1,0,0,0,1,0,0,1,0,0
0,-0.9950403079957154,0,0,0,0,1,0.1629377330323022,1,0.23690946567269097,0,0,0,0,0,0,1,0,1,0,0,0,1
0,1.1236456783724194,0,1,0,0,0,-0.11295794693515106,0,-0.5495996687502583,3,3,0,1,0,1,0,0,0,0,1,0,1
0,-0.8320644628904743,1,0,0,1,1,1.1069663247281656,1,0.21376313429821198,0,3,1,0,0,0,1,0,1,0,0,0,1
0,0.3087664528462136,1,0,1,1,0,0.1978401985703534,0,-0.4656651565518027,2,3,1,1,1,1,0,0,0,1,0,1,0
0,1.368109446030281,0,1,0,0,1,-0.12126805777754422,0,-0.5605571467684785,3,3,0,1,1,1,0,0,0,0,1,0,0
1,0.3902543753988342,0,0,0,0,0,-1.4808021915930663,0,-0.6121230737247411,2,0,0,1,0,0,0,1,0,1,0,0,0
0,1.368109446030281,1,1,1,0,1,-0.03151886067969793,0,-0.5558531284455256,3,3,0,1,1,1,0,0,0,1,0,1,0
0,0.6754621043330061,1,0,0,1,0,1.1269105907499095,0,-0.43667072643198535,3,3,1,0,0,0,1,0,1,0,0,0,1
0,-1.2802480369298874,0,0,0,0,0,-1.472492080750673,1,0.5293813209497821,0,0,0,0,0,0,0,1,1,0,0,0,0
0,0.3495104141225239,0,0,0,0,0,-1.4891123024354593,0,-0.6115090489385224,2,0,0,1,0,0,0,1,0,0,1,0,0
1,0.3495104141225239,0,0,0,0,0,-1.5123806127941604,0,-0.6134545379980153,2,0,0,1,1,0,0,1,0,0,1,0,0
1,-0.38388088885106114,0,1,1,0,0,0.6515722505650204,0,-0.2565962590853275,1,3,0,0,0,0,1,0,1,0,0,0,0
0,-1.1987601143772668,0,0,0,0,0,-1.3195860412506386,0,0.06538218026073844,0,0,0,0,0,1,0,0,1,0,0,0,1
0,-1.1580161531009565,0,1,1,0,0,-0.5500697772450316,0,0.4593437148080397,0,4,1,0,0,1,0,0,1,0,0,0,0
1,0.797693988161937,0,0,0,0,0,-1.494098368940895,0,-0.6233760078108467,3,0,0,1,0,0,0,1,0,0,1,0,0
0,-1.1580161531009565,1,1,0,1,1,1.1568269897825245,1,1.658154073267531,0,3,1,0,0,0,1,0,1,0,0,0,1
0,-0.8728084241667845,0,0,1,0,1,0.9773285955868325,0,0.2492308963828124,0,4,1,0,0,0,1,0,1,0,0,0,1
0,-1.2395040756535771,0,1,0,0,1,-0.08802761440797156,0,1.751148450311289,0,2,1,0,0,1,0,0,1,0,0,0,0
0,-0.26164900502213034,1,0,0,0,0,0.4820459893801996,0,-0.32425604526546764,2,1,0,0,1,0,1,0,1,0,0,0,0
1,-0.3431369275747509,0,1,0,0,1,-0.2841462302884502,0,-0.4044534276067839,1,2,0,1,1,1,0,0,0,1,0,1,0
0,-0.8320644628904743,0,0,0,0,0,-1.4791401694245876,0,-0.48481709106429605,0,0,0,0,0,0,0,1,1,0,0,0,0
0,1.1236456783724194,1,0,1,1,1,1.1368827237607813,0,-0.47764846681229334,3,3,1,0,0,0,1,0,1,0,0,0,1
1,1.2866215234776603,1,1,1,1,1,0.8576629994563706,0,-0.5043917040628856,3,6,1,1,0,1,0,0,0,0,1,0,0
0,1.368109446030281,0,1,1,1,1,0.7014329156193795,0,-0.5174369788080774,3,6,1,1,1,1,0,0,0,0,1,0,0
0,1.1236456783724194,1,0,0,0,1,0.4787219450432425,0,-0.5155376635774983,3,1,0,1,1,0,1,0,0,1,0,0,0
1,-0.6283446565089229,1,1,0,1,1,0.18454402122252414,0,-0.2108772661872457,1,3,1,1,1,1,0,0,0,1,0,0,0
1,0.3902543753988342,0,0,0,0,0,-1.5107185906256815,0,-0.6145662460320112,2,0,0,1,0,0,0,1,0,0,1,0,0
0,-1.2802480369298874,1,0,0,0,1,-0.48691293484284354,0,2.2598938393686683,0,0,0,0,0,1,0,0,1,0,0,0,1
1,0.5939741817803856,0,0,1,0,0,-0.03318088284817671,0,-0.5119416981437636,2,3,1,1,1,1,0,0,0,0,1,0,0
0,-0.9135523854430948,0,0,0,0,1,-1.4708300585821945,0,-0.4490228133333472,0,0,0,0,0,0,0,1,1,0,0,0,0
0,1.5310852911355222,1,1,1,1,1,0.7895200905487467,0,-0.5215115862286633,3,6,1,1,1,1,0,0,0,0,1,1,0
0,1.4088534073065913,1,0,0,1,1,1.2166597878477559,0,-0.493030400080164,3,3,1,0,1,0,1,0,1,0,0,1,0
0,-1.2802480369298874,0,0,0,0,1,0.5701331643095673,1,4.115890402124844,0,1,1,0,0,0,1,0,1,0,0,0,1
0,-1.0357842692720256,0,0,0,0,1,0.15130357785295148,1,0.3448030464303983,0,0,0,0,0,0,1,0,1,0,0,0,1
0,-1.2802480369298874,0,0,0,0,0,-0.6713973955439717,0,1.9359699109631094,0,0,0,0,0,1,0,0,1,0,0,0,0
0,-1.1580161531009565,0,0,1,1,1,-0.03484290501665525,0,0.821204679873709,0,3,1,0,1,1,0,0,1,0,0,0,0
1,1.368109446030281,1,1,0,1,0,1.477597268298901,0,-0.47675593145957773,3,5,1,1,1,0,1,0,0,0,1,0,0
0,-0.8320644628904743,0,0,0,0,1,0.6582203392389346,0,0.09254420059135006,0,2,1,0,0,0,1,0,1,0,0,0,1
0,-0.3431369275747509,0,0,0,0,0,-1.4741541029191516,0,-0.5716098475984092,1,0,0,1,1,0,0,1,0,1,0,1,0
0,-0.26164900502213034,0,0,0,1,1,0.6964468491139434,0,-0.2963707020794035,2,2,1,0,0,0,1,0,1,0,0,0,1
0,-1.076528230548336,0,0,0,1,1,0.874283221141157,1,0.8520545778170956,0,2,1,0,0,0,1,0,1,0,0,0,1
0,1.0014137945434884,1,0,1,1,0,1.4343846919184566,0,-0.4498369913566773,3,4,1,1,0,0,1,0,0,0,1,0,1
0,-0.7505765403378537,1,0,0,1,1,0.7080810042932936,1,0.0029319814510179757,1,1,1,0,0,0,1,0,1,0,0,0,1
1,0.3902543753988342,1,0,0,0,0,-1.39105299449522,0,-0.6047935568029308,2,0,0,1,0,0,0,1,0,0,1,0,1
0,-0.3023929662984406,1,0,0,1,1,0.9939488172716188,1,-0.24193026463684306,2,2,1,0,1,0,1,0,1,0,0,0,0
0,1.2866215234776603,0,0,0,0,0,-1.5073945462887242,0,-0.6321654393701926,3,0,0,1,1,0,0,1,0,0,1,1,0
0,-0.42462485012737144,1,0,0,0,1,0.6748405609237209,1,-0.2351958794309063,1,1,1,0,0,0,1,0,1,0,0,0,1
0,-0.5468567339563023,0,0,0,0,1,-1.499084435446331,0,-0.5521160472222908,1,0,0,1,1,0,0,1,0,1,0,1,0
1,1.1643896396487294,1,0,0,1,1,1.1418687902662172,1,-0.4804216374943996,3,3,1,0,0,0,1,0,1,0,0,0,1
0,-0.42462485012737144,0,0,0,1,1,0.7379974033259092,0,-0.22555302061428956,1,2,1,0,1,0,1,0,1,0,0,0,0
0,1.5310852911355222,1,0,0,1,1,1.2681824750705932,1,-0.49783690246244044,3,4,1,0,0,0,1,0,1,0,0,0,1
0,-0.8320644628904743,0,0,0,0,1,0.503652277570422,0,0.050791012314542104,0,1,1,0,1,0,1,0,1,0,0,0,0
0,-0.05792919864057891,0,1,1,0,1,-0.026532794174262082,0,-0.43363576349917654,2,3,1,1,0,1,0,0,0,1,0,0,1
0,-0.8728084241667845,0,0,0,1,1,0.003383604858353504,0,-0.03578325083288949,0,2,1,0,0,1,0,0,1,0,0,0,1
1,1.4495973685829016,1,0,0,0,0,-1.2979797530604165,0,-0.6235324130018478,3,0,0,1,0,0,0,1,0,0,1,0,0
1,1.6125732136881425,1,1,1,1,1,0.8427047999400633,0,-0.5229417064904166,3,6,1,1,1,1,0,0,0,0,1,0,0
0,1.4088534073065913,1,1,1,1,1,1.7052943053804734,0,-0.4677962625732127,3,6,1,1,1,0,1,0,0,0,1,1,0
0,1.1236456783724194,0,1,1,1,1,1.3346633618097385,0,-0.46626257182476966,3,5,1,0,1,0,1,0,1,0,0,0,0
0,-1.2802480369298874,0,0,0,0,1,-0.6564391960276642,1,1.962234013266263,0,0,0,0,0,1,0,0,1,0,0,0,0
1,-1.2802480369298874,0,0,0,0,1,0.20615030941274656,1,3.4767972460814436,0,0,0,0,0,0,1,0,1,0,0,0,1
1,1.0421577558197987,0,1,0,1,0,-0.4918990013482794,0,-0.5681712781217327,3,4,1,1,0,1,0,0,0,1,0,0,0
1,0.5939741817803856,0,0,0,0,0,0.19119210989643878,1,-0.4955266342042927,2,0,0,0,1,0,1,0,1,0,0,0,0
0,-1.2802480369298874,0,0,0,0,1,0.49534216672802883,1,3.9845698906090767,0,1,1,0,0,0,1,0,1,0,0,0,1
0,-1.2802480369298874,0,0,0,0,0,-1.4741541029191516,0,0.5264630873605428,0,0,0,0,0,0,0,1,1,0,0,0,0
0,-0.42462485012737144,1,1,0,0,0,-0.1927350110221254,1,-0.3676583084381148,1,2,0,0,0,1,0,0,1,0,0,0,1
0,0.6347181430566958,0,1,1,0,1,-0.14786041247320225,1,-0.5233267795276325,2,3,0,1,1,1,0,0,0,1,0,1,0
0,0.18653456901728277,0,0,0,0,1,-1.494098368940895,0,-0.6061187277473713,2,0,0,1,1,0,0,1,0,1,0,0,0
0,-0.791320501614164,0,0,0,0,1,-1.4907743246039378,0,-0.5007551360516798,1,0,0,1,0,0,0,1,0,1,0,0,1
0,0.4309983366751445,1,0,0,0,0,-1.2747114427017154,0,-0.5969241975152465,2,0,0,1,1,0,0,1,0,0,1,0,0
0,-1.076528230548336,0,1,1,1,1,-0.046477060196005726,0,0.39013988969179414,0,6,1,1,0,1,0,0,0,0,1,0,0
0,1.5718292524118322,0,1,1,1,0,-0.36059925003846727,0,-0.5796285050052855,3,5,1,1,1,1,0,0,0,0,1,0,0
1,-1.2802480369298874,0,0,0,0,1,0.1479795335159944,1,3.3746590704580695,0,0,0,0,0,0,1,0,1,0,0,0,1
1,1.6125732136881425,1,1,0,1,1,1.0072449946194475,0,-0.5150264975771375,3,3,1,1,0,0,1,0,0,0,1,0,1
0,-1.076528230548336,0,1,0,0,1,0.3091956838584216,0,0.568569029148138,0,1,0,0,0,0,1,0,1,0,0,0,1
1,-0.8320644628904743,0,0,1,0,0,-0.9738854302070831,0,-0.34833355089064405,0,2,0,0,0,1,0,0,1,0,0,0,0
0,-0.3023929662984406,0,0,0,0,0,0.20448828724426804,1,-0.3485580303975086,2,0,0,0,0,0,1,0,1,0,0,0,0
0,-0.46536881140368175,0,0,1,0,0,0.4787219450432425,0,-0.24686881378786332,1,2,0,1,0,0,1,0,0,1,0,0,1
1,-1.076528230548336,0,0,1,0,1,-0.5317875333917667,0,0.14667583024668937,0,1,0,0,0,1,0,0,1,0,0,0,0
0,-0.506112772679992,0,0,0,1,1,0.8044782900650546,1,-0.17238437551013724,1,2,1,0,0,0,1,0,1,0,0,0,0
0,-0.5876006952326126,1,1,0,1,1,1.1501789011086103,1,-0.05641567427961625,1,3,1,0,0,0,1,0,1,0,0,0,1
0,0.4309983366751445,0,0,1,0,0,-0.3107385849841083,0,-0.5199889483443931,2,2,0,1,0,1,0,0,0,1,0,0,1
1,0.10504664646466222,1,0,0,0,1,-1.3096139082397669,0,-0.5847354137864542,2,0,0,1,1,0,0,1,0,0,1,1,0
0,-1.2802480369298874,0,0,0,0,0,0.28925141783667824,1,3.622708925543407,0,1,0,0,1,0,1,0,1,0,0,0,0
0,-0.01718523736426863,1,0,0,0,1,0.9540602852281315,0,-0.3363613105245342,2,3,1,0,0,0,1,0,1,0,0,0,1
0,0.797693988161937,0,1,1,1,0,-0.029856838511219397,0,-0.5263585062214204,3,6,1,1,1,1,0,0,0,0,1,1,0
0,-0.01718523736426863,0,0,0,1,1,0.0017215826898744927,0,-0.4377036042599343,2,2,1,1,1,1,0,0,0,1,0,0,0
1,1.6125732136881425,0,1,1,1,1,-0.03318088284817671,0,-0.5650762024227206,3,6,1,1,1,1,0,0,0,0,1,0,0
0,0.7569500268856267,0,1,1,0,1,-0.6763834620494076,0,-0.5673133098370216,3,3,1,0,1,1,0,0,1,0,0,1,0
1,1.4495973685829016,0,0,0,0,1,-1.4907743246039378,0,-0.6333444447801596,3,0,0,1,1,0,0,1,0,0,1,0,0
0,-0.9950403079957154,0,0,0,0,1,-0.7129479497559376,0,-0.10484811244488564,0,3,1,0,0,1,0,0,1,0,0,0,0
0,0.6754621043330061,0,0,0,1,0,-0.5035331565276299,0,-0.5511822124737342,3,3,1,1,1,1,0,0,0,0,1,1,0
0,1.6125732136881425,0,1,1,1,0,0.6748405609237209,0,-0.531016818614065,3,6,1,1,0,1,0,0,0,0,1,0,0
0,-0.9542963467194051,1,0,0,1,1,1.0205411719672768,1,0.44767078045108266,0,2,1,0,0,0,1,0,1,0,0,0,1
0,-0.18016108246950976,0,1,0,1,1,0.9158337753531227,1,-0.29537186861590914,2,3,1,0,0,0,1,0,1,0,0,0,0
0,0.8791819107145575,0,1,0,1,0,0.8310706447607126,0,-0.47650726786472797,3,3,1,0,0,0,1,0,1,0,0,0,0
0,-0.8728084241667845,0,0,0,0,1,0.32415388337472945,1,0.05808659628764017,0,1,0,0,0,0,1,0,1,0,0,0,1
1,0.7162060656093164,0,0,1,1,0,1.2715065194075503,0,-0.43123251230803833,3,4,1,1,0,0,1,0,0,1,0,0,0
0,1.4903413298592119,1,1,1,1,1,1.7019702610435166,0,-0.47365725272302933,3,6,1,1,0,0,1,0,0,0,1,0,1
0,-1.2802480369298874,0,0,0,0,1,0.16958582170621683,0,3.4125961071181803,0,0,0,0,0,0,1,0,1,0,0,0,1
1,1.4495973685829016,0,1,1,0,0,1.0072449946194475,0,-0.5062109640663445,3,4,1,1,1,0,1,0,0,0,1,0,0
1,0.3087664528462136,0,1,1,0,0,-0.8159933242016129,0,-0.5525003999389224,2,3,0,1,0,1,0,0,0,1,0,0,0
1,-0.05792919864057891,1,0,0,0,0,-1.2979797530604165,0,-0.5731638069846791,2,0,0,1,0,0,0,1,0,0,1,0,0
1,0.02355872391204165,1,0,0,1,1,1.3479595391575674,0,-0.30540514637201577,2,4,1,0,1,0,1,0,1,0,0,0,0
0,0.9199258719908678,1,0,1,1,1,1.622193196956542,0,-0.4303006393971888,3,5,1,1,0,0,1,0,0,0,1,0,1
1,1.4495973685829016,1,0,0,0,1,-1.3561505289571687,0,-0.6264929398315109,3,0,0,1,1,0,0,1,0,0,1,0,0
1,-0.8320644628904743,0,0,0,0,0,-1.509056568457203,0,-0.4928983533114201,0,0,0,0,1,0,0,1,1,0,0,0,0
0,1.5718292524118322,0,1,1,1,1,0.7080810042932936,0,-0.5275056106197064,3,6,1,1,1,1,0,0,0,0,1,0,0
0,0.3087664528462136,1,0,0,1,1,1.2582103420597215,0,-0.37484403314035614,2,4,1,0,0,0,1,0,1,0,0,0,0
1,1.2866215234776603,1,0,0,0,1,0.9324539970379091,0,-0.5003510729393235,3,3,1,1,0,0,1,0,0,1,0,0,1
0,0.8384379494382472,1,0,1,0,0,1.0953321695488154,0,-0.4557927222322895,3,3,1,1,1,0,1,0,0,1,0,0,0
0,-0.8320644628904743,0,0,1,0,1,0.6316279845432766,1,0.0853608563716842,0,3,0,0,0,0,1,0,1,0,0,0,0
0,0.8384379494382472,0,0,0,1,1,-0.34397902835368094,1,-0.5493923625390009,3,4,1,0,0,1,0,0,1,0,0,0,1
0,1.6125732136881425,1,1,0,1,1,1.10198025822273,0,-0.5104692560816132,3,4,1,1,1,0,1,0,0,0,1,1,0
0,0.5532302205040753,0,0,0,0,0,-1.4907743246039378,0,-0.6175465696976172,2,0,0,1,0,0,0,1,0,0,1,0,1
0,0.3087664528462136,1,0,0,0,1,-1.336206262935425,0,-0.5970568444965756,2,0,0,1,0,0,0,1,0,0,1,0,0
0,-0.8320644628904743,0,1,1,1,1,-0.46032058014718524,0,-0.2096052156483465,0,4,1,0,1,1,0,0,1,0,0,0,0
0,-0.9542963467194051,0,1,0,0,0,0.35905634891278065,0,0.21537938674763676,0,1,0,0,0,0,1,0,1,0,0,0,1
1,0.7569500268856267,1,0,1,0,1,0.5302446322660801,0,-0.4858272488451866,3,1,0,0,0,0,1,0,1,0,0,0,1
1,0.6754621043330061,0,0,0,1,1,0.8510149107824564,0,-0.45604779746453417,3,3,1,0,1,0,1,0,1,0,0,1,0
0,0.3495104141225239,1,0,0,1,1,1.1634750784564392,1,-0.389723296156338,2,3,1,0,0,0,1,0,1,0,0,0,1
0,0.9606698332671781,0,1,1,0,1,-0.15118445681015957,0,-0.5437094866020612,3,3,0,1,1,1,0,0,0,1,0,1,0
0,-1.1580161531009565,0,0,0,0,1,-1.4824642137615447,0,-0.1955079026172522,0,0,0,0,0,0,0,1,1,0,0,0,1
0,-0.506112772679992,0,1,1,0,1,-0.021546727668825993,0,-0.3105140987341293,1,3,1,1,0,1,0,0,0,1,0,0,0
1,-0.26164900502213034,0,0,0,0,1,-1.4808021915930663,0,-0.57954744296114,2,0,0,0,1,0,0,1,1,0,0,1,0
1,-0.506112772679992,1,0,0,1,1,1.3645797608423538,1,-0.07872297364598169,1,4,1,0,1,0,1,0,1,0,0,0,0
0,-1.0357842692720256,1,0,0,0,0,0.354070282407345,1,0.4338091709021961,0,0,0,0,0,0,1,0,1,0,0,0,0
0,-1.0357842692720256,1,0,0,1,1,0.9656944404074818,1,0.7022866611122087,0,2,1,0,0,0,1,0,1,0,0,0,1
0,0.7569500268856267,0,0,0,1,1,1.1368827237607813,0,-0.4448597388424045,3,4,1,0,0,0,1,0,1,0,0,0,1
0,-1.1580161531009565,1,0,0,0,1,0.5152864327497723,0,1.2075788070889881,0,1,0,0,0,0,1,0,1,0,0,0,0
0,-1.2802480369298874,0,0,0,0,0,-1.504070501951767,0,0.47393488275423606,0,0,0,0,1,0,0,1,1,0,0,1,0
1,-0.22090504374582004,1,1,1,1,0,1.1950534996575333,0,-0.24707725904423758,2,4,1,0,0,0,1,0,1,0,0,0,1
0,-0.42462485012737144,1,1,0,1,1,1.1950534996575333,1,-0.15576917391508968,1,3,1,0,0,0,1,0,1,0,0,0,1
0,-0.8320644628904743,0,0,1,0,1,-0.3672473387123819,0,-0.18446351087951585,0,2,0,0,0,1,0,0,1,0,0,0,0
1,-1.1987601143772668,0,0,1,0,1,-1.12346742537016,1,0.23755796202585525,0,1,0,0,0,1,0,0,1,0,0,0,0
1,0.06430268518835193,1,0,0,0,1,-1.3029658195658524,0,-0.581715273627432,2,0,0,1,1,0,0,1,0,1,0,1,0
0,-0.3431369275747509,1,1,1,0,1,-0.2143412992123476,0,-0.3946481627469399,1,2,0,1,0,1,0,0,0,1,0,0,1
0,0.7569500268856267,1,0,0,0,0,0.5053142997389005,1,-0.48751084514667076,3,1,0,0,1,0,1,0,1,0,0,1,0
0,-0.7505765403378537,0,0,0,1,1,-0.6132266196472196,0,-0.3064007790083444,1,2,1,0,0,1,0,0,1,0,0,0,1
0,1.082901717096109,1,1,1,1,0,1.627179263461978,0,-0.4457950701210069,3,6,1,1,0,0,1,0,0,0,1,0,1
0,-1.1987601143772668,0,0,0,0,0,0.8510149107824564,0,1.9709887140339812,0,3,1,0,0,0,1,0,1,0,0,0,1
1,1.3273654847539706,1,1,1,1,0,1.4792592904673796,0,-0.473783583181438,3,5,1,1,0,0,1,0,0,0,1,0,1
0,-1.1172721918246462,0,0,0,0,1,0.18121997688556707,1,0.6996116136554063,0,0,0,0,0,0,1,0,1,0,0,0,0
1,1.082901717096109,1,1,1,1,0,0.8476908664454988,0,-0.4914167885661141,3,6,1,1,1,1,0,0,0,0,1,1,0
1,1.6125732136881425,0,1,1,1,1,0.015017760037703748,0,-0.562757605872366,3,6,1,1,1,1,0,0,0,0,1,1,0
1,1.2051336009250397,0,0,0,1,1,1.17510923363579,1,-0.481531851297167,3,4,1,0,0,0,1,0,1,0,0,0,1
0,-0.18016108246950976,1,1,0,0,1,0.9873007285977041,1,-0.28671779659264784,2,3,1,0,1,0,1,0,1,0,0,1,0
0,-1.1987601143772668,0,0,1,0,0,-0.13788827946233057,0,1.1028142212352985,0,2,1,0,0,1,0,0,1,0,0,0,0
1,-0.5468567339563023,1,0,0,0,1,-1.3528264846202114,0,-0.5264355916369853,1,0,0,0,1,0,0,1,1,0,0,1,0
0,-1.2802480369298874,0,0,0,0,1,-1.5057325241202457,0,0.47101664916499675,0,0,0,0,0,0,0,1,1,0,0,0,0
0,-0.3431369275747509,0,0,1,0,1,0.703094937787858,0,-0.2657789674461338,1,3,0,0,0,0,1,0,1,0,0,0,1
0,1.0014137945434884,0,0,1,0,1,-0.37555744955477505,0,-0.5594216940698347,3,2,0,1,0,1,0,0,0,1,0,0,1
0,1.6125732136881425,1,0,0,0,0,-1.3079518860712882,0,-0.6263990835993375,3,0,0,1,1,0,0,1,0,0,1,1,0
0,1.4088534073065913,0,0,0,0,0,-1.472492080750673,0,-0.6319039867680798,3,0,0,1,1,0,0,1,0,0,1,0,0
1,0.797693988161937,0,0,0,0,1,-1.4608579255713225,0,-0.6211735673661378,3,0,0,1,1,0,0,1,0,1,0,1,0
1,1.5718292524118322,1,1,1,1,0,0.8343946890976701,0,-0.5213448952646457,3,6,1,1,1,1,0,0,0,0,1,1,0
0,-0.26164900502213034,1,0,0,0,0,-1.2896696422180234,0,-0.5546884160898425,2,0,0,1,0,0,0,1,0,1,0,0,0
0,0.10504664646466222,1,1,1,1,1,1.6088970196087131,0,-0.3000455147473345,2,6,1,1,0,0,1,0,0,0,1,0,0
1,0.9199258719908678,0,0,0,0,1,0.14133144484207977,0,-0.5231630011119098,3,0,0,1,1,0,1,0,0,0,1,1,0
1,0.02355872391204165,0,0,0,0,0,-1.485788258098502,0,-0.5980868092927777,2,0,0,1,0,0,0,1,0,0,1,0,0
0,1.6125732136881425,1,1,0,1,1,1.4908934456467302,0,-0.491760580468408,3,5,1,1,0,0,1,0,0,0,1,0,1
1,-1.2802480369298874,0,0,0,0,1,-1.5157046571311175,0,0.45350724762956107,0,0,0,0,0,0,0,1,1,0,0,0,0
0,-0.9135523854430948,0,0,0,0,1,-1.0270701395983994,1,-0.3073558372739137,0,1,1,0,0,1,0,0,1,0,0,0,0
0,0.18653456901728277,0,0,1,1,0,0.8377187334346272,0,-0.39063021586828206,2,3,1,0,0,0,1,0,1,0,0,0,1
0,-0.8320644628904743,0,0,1,0,0,-1.0237460952614421,0,-0.3618023213025176,0,2,0,0,0,1,0,0,1,0,0,0,0
1,-1.2802480369298874,0,0,0,0,0,-1.4758161250876303,0,0.5235448537713036,0,0,0,1,0,0,0,1,0,1,0,0,0
0,1.2051336009250397,0,1,1,0,1,-0.8708400557614077,0,-0.5955745671179145,3,3,0,1,1,1,0,0,0,0,1,1,0
0,-1.2802480369298874,0,0,0,0,0,-1.3145999747452028,0,0.8066135119275126,0,0,0,0,1,1,0,0,1,0,0,0,0
0,-0.5876006952326126,1,1,0,0,1,-0.1395503016308091,0,-0.2947892811480029,1,2,0,0,0,1,0,0,1,0,0,0,0
0,1.4903413298592119,1,0,0,1,1,0.8360567112661487,1,-0.5170972441514196,3,2,1,0,0,0,1,0,1,0,0,0,1
0,-1.2395040756535771,0,0,0,0,1,0.33080197204864403,0,2.2414116933034864,0,1,0,0,0,0,1,0,1,0,0,0,1
1,-0.5468567339563023,0,0,0,0,0,-1.4691680364137156,0,-0.5468632267616601,1,0,0,0,0,0,0,1,1,0,0,0,0
0,-0.8320644628904743,1,0,0,1,1,0.653234272733499,1,0.0911973235501627,0,1,1,0,0,0,1,0,1,0,0,0,1
0,-0.9542963467194051,0,0,0,0,0,-1.4758161250876303,0,-0.4289665897563937,0,0,0,0,0,0,0,1,1,0,0,0,0
0,-0.22090504374582004,0,1,1,1,0,0.5618230534671742,0,-0.3264949017228205,2,5,1,1,0,1,0,0,0,1,0,0,1
1,-0.22090504374582004,1,0,1,0,1,0.4886940780541142,1,-0.33566649300328677,2,1,0,0,0,0,1,0,1,0,0,0,1
1,-1.2802480369298874,0,0,0,1,0,0.8094643565704907,1,4.536116038975298,0,2,1,0,0,0,1,0,1,0,0,0,0
0,-0.3431369275747509,0,0,0,0,1,-1.4791401694245876,0,-0.5723102236598265,1,0,0,0,0,0,0,1,1,0,0,0,0
0,-0.7505765403378537,1,0,0,0,1,0.3374500607225587,1,-0.08383683060236283,1,0,0,0,0,0,1,0,1,0,0,0,1
0,-0.01718523736426863,0,0,0,0,1,0.3191678168692938,1,-0.4039228396814676,2,1,0,0,0,0,1,0,1,0,0,0,1
0,-0.8728084241667845,0,0,0,0,0,-1.4891123024354593,0,-0.4725455446890334,0,0,0,1,0,0,0,1,0,1,0,0,0
0,-1.2802480369298874,1,0,0,0,1,-1.322910085587596,0,0.7920223439813163,0,0,0,0,0,0,0,1,1,0,0,0,0
1,0.22727853029359305,1,1,0,0,1,0.5202724992552084,0,-0.42630276627493424,2,1,0,0,0,0,1,0,1,0,0,0,0
1,-0.9542963467194051,0,0,0,0,0,-1.4974224132778524,0,-0.4365539970884158,0,0,0,1,0,0,0,1,0,0,1,0,0
1,0.8791819107145575,1,1,1,0,1,0.028313937385533002,0,-0.5277620614502759,3,3,0,1,1,1,0,0,0,0,1,1,0
0,-0.13941712119319946,1,0,0,1,1,0.20615030941274656,0,-0.3908350041903339,2,2,1,1,1,1,0,0,0,1,0,1,0
0,0.4717422979514547,1,0,0,1,1,0.8111263787389692,0,-0.43571095182930225,2,2,1,0,0,0,1,0,1,0,0,0,1
1,1.082901717096109,0,1,1,1,1,0.729687292483516,0,-0.4983232747273137,3,6,1,1,0,1,0,0,0,0,1,0,1
0,-1.1987601143772668,0,0,0,0,1,-0.3157246514895444,1,0.9466887242109975,0,1,1,0,0,1,0,0,1,0,0,0,1
1,-0.5876006952326126,0,1,1,0,1,-0.10963390259819375,0,-0.2892599964526022,1,3,0,1,0,1,0,0,0,1,0,0,0
0,1.4088534073065913,1,0,0,0,0,-1.3195860412506386,0,-0.6240075899971971,3,0,0,1,1,0,0,1,0,0,1,1,0
1,-0.42462485012737144,0,0,1,0,0,-0.3207107179949802,1,-0.3871977855138908,1,2,0,0,0,1,0,0,1,0,0,0,1
1,0.02355872391204165,0,1,1,0,0,-1.0220840730929635,0,-0.5501934462693803,2,2,0,1,1,1,0,0,0,1,0,1,0
0,-1.1172721918246462,0,0,0,0,0,-1.4907743246039378,0,-0.27896938326949533,0,0,0,0,0,0,0,1,1,0,0,0,0
0,-1.2395040756535771,0,0,0,0,0,-1.4907743246039378,0,0.10915568409932737,0,0,0,0,0,0,0,1,1,0,0,0,0
1,1.6125732136881425,1,1,1,1,0,0.8277466004237555,0,-0.5236612709370784,3,6,1,1,1,1,0,0,0,0,1,1,0
1,-0.9542963467194051,0,0,0,0,0,-1.4758161250876303,0,-0.4289665897563937,0,0,0,0,0,0,0,1,1,0,0,0,0
1,1.4088534073065913,1,0,0,0,0,-1.2796975092071516,0,-0.6219476604047929,3,0,0,1,0,0,0,1,0,0,1,0,0
0,-0.6690886177852331,1,0,0,1,1,0.6698544944182854,1,-0.08379105438919833,1,1,1,0,0,0,1,0,1,0,0,0,1
0,-0.9950403079957154,0,0,0,0,1,-1.4658439920767583,0,-0.39861696042830536,0,0,0,0,0,0,0,1,1,0,0,0,0
0,-1.1172721918246462,0,1,1,0,1,-0.7162719940928949,1,0.17432956759233773,0,4,0,0,0,1,0,0,1,0,0,0,0
1,-0.38388088885106114,1,0,0,0,1,-0.5467457329080743,1,-0.4319334605721203,1,0,0,1,1,1,0,0,0,1,0,1,0
0,-1.2802480369298874,0,0,0,1,1,0.49035610022259274,1,3.9758151898413585,0,1,1,0,0,0,1,0,1,0,0,0,1
0,0.7162060656093164,0,0,0,0,1,0.2078123315812251,1,-0.5044744533712985,3,0,0,0,0,0,1,0,1,0,0,0,1
0,-0.6283446565089229,0,0,0,0,0,-1.5073945462887242,0,-0.5409619099478652,1,0,0,1,1,0,0,1,0,0,1,1,0
0,1.4495973685829016,1,1,0,1,1,1.5291199555217385,0,-0.47965080908022467,3,5,1,1,1,0,1,0,0,0,1,0,0
0,-1.2802480369298874,1,0,0,1,0,0.6548962949019775,1,4.264720315176047,0,1,1,0,0,0,1,0,1,0,0,0,1
0,-0.3023929662984406,0,0,0,0,1,0.14964155568447293,0,-0.3559658541240391,2,0,0,0,0,0,1,0,1,0,0,0,1
0,1.4088534073065913,0,1,1,1,1,-0.5135052895385016,0,-0.5823798461506957,3,4,1,1,1,1,0,0,0,1,0,0,0
0,-0.01718523736426863,0,0,0,0,0,-1.477478147256109,0,-0.5951113554370827,2,0,0,1,1,0,0,1,0,1,0,1,0
0,1.4088534073065913,1,1,0,1,1,1.3562696499999605,0,-0.4858206465067494,3,4,1,1,0,0,1,0,0,1,0,0,1
0,1.6125732136881425,0,1,1,1,1,-0.011574594657954289,0,-0.5640368315553203,3,6,1,1,1,1,0,0,0,0,1,1,0
0,1.5718292524118322,1,0,1,1,1,1.4559909801086786,1,-0.49102769075421554,3,5,1,1,1,0,1,0,0,0,1,1,0
1,-1.2802480369298874,0,0,0,0,1,-0.4952230456852367,0,2.245302671422472,0,1,0,0,0,1,0,0,1,0,0,0,1
0,0.5532302205040753,0,0,0,0,0,-1.146735735728861,1,-0.5918412780817649,2,1,0,0,1,1,0,0,1,0,0,0,0
0,-1.2395040756535771,0,0,0,0,1,-1.1434116913919037,1,0.5157628975333322,0,1,0,0,0,1,0,0,1,0,0,0,1
0,-1.2802480369298874,0,0,0,0,1,-0.6448050408483137,1,1.9826616483909376,0,0,0,0,0,1,0,0,1,0,0,0,0
0,0.6347181430566958,0,0,0,0,1,0.028313937385533002,0,-0.5107009525701074,2,3,1,1,0,1,0,0,0,1,0,0,1
0,1.1643896396487294,1,0,1,1,1,1.2798166302499436,0,-0.47260830240063,3,4,1,1,1,0,1,0,0,1,0,0,0
0,-0.01718523736426863,0,0,0,0,0,0.6432621397226272,1,-0.3694346245359126,2,2,1,0,1,0,1,0,1,0,0,0,0
0,-1.2395040756535771,0,0,0,0,0,-0.6763834620494076,0,1.062445323250822,0,0,0,0,0,1,0,0,1,0,0,0,1
0,-1.1987601143772668,0,0,0,0,0,-1.4974224132778524,1,-0.09074331676356247,0,0,0,0,0,0,0,1,1,0,0,0,1
0,-1.1172721918246462,0,0,1,0,1,0.6848126939345931,1,0.9943532061685724,0,2,1,0,1,0,1,0,1,0,0,1,0
1,1.5718292524118322,1,1,1,1,0,0.8343946890976701,0,-0.5213448952646457,3,6,1,1,1,1,0,0,0,0,1,0,0
0,0.18653456901728277,1,1,0,0,1,-0.3240347623319375,0,-0.4979904937039794,2,1,0,0,0,1,0,0,1,0,0,0,0
1,1.3273654847539706,1,0,1,1,1,1.3064089849456015,0,-0.482980440553586,3,4,1,1,1,0,1,0,0,0,1,0,0
1,1.4088534073065913,1,0,1,1,1,1.3895100933695332,0,-0.4841040385130792,3,4,1,1,1,0,1,0,0,1,0,0,0
1,0.6754621043330061,1,0,0,0,0,0.34576017156495187,1,-0.4915335179096837,3,0,0,0,1,0,1,0,1,0,0,1,0
1,0.7162060656093164,1,1,1,1,1,0.18953008772796023,0,-0.5057332992333231,3,3,1,1,1,1,0,0,0,0,1,1,0
1,-0.3023929662984406,0,0,0,0,0,-1.5024084797832884,0,-0.5790984839474108,2,0,0,1,0,0,0,1,0,1,0,0,1
1,-0.6283446565089229,1,0,0,0,1,-0.29744240763627927,1,-0.30490923739606657,1,1,0,1,0,1,0,0,0,1,0,0,0
1,1.2866215234776603,1,0,0,0,1,-1.35448850678869,0,-0.6239045935175769,3,0,0,1,0,0,0,1,0,0,1,0,0
0,-0.3023929662984406,0,0,0,1,1,-0.887460277446194,0,-0.496041066407524,2,2,1,1,1,1,0,0,0,1,0,1,0
0,-0.38388088885106114,1,0,0,1,1,1.382862004695619,1,-0.14959436081322103,1,4,1,0,0,0,1,0,1,0,0,0,1
0,-0.3431369275747509,0,0,1,0,0,-1.0154359844190488,0,-0.5071752499480061,1,2,0,0,0,1,0,0,1,0,0,0,0
0,0.18653456901728277,1,0,0,1,1,1.1717851892988325,0,-0.35975837631896135,2,3,1,0,0,0,1,0,1,0,0,0,1
0,-0.46536881140368175,0,0,0,0,1,0.12803526749425098,0,-0.30284583990872566,1,0,0,0,0,0,1,0,1,0,0,0,1
0,-1.2802480369298874,0,0,0,0,1,-0.6315088635004846,0,2.006007517104852,0,0,0,0,0,1,0,0,1,0,0,0,0
0,-0.9135523854430948,1,0,0,0,1,0.36404241541821675,0,0.13674625621577147,0,0,0,0,0,0,1,0,1,0,0,0,0
0,-1.076528230548336,0,0,0,0,1,0.6515722505650204,1,0.7403279204005065,0,2,1,0,0,0,1,0,1,0,0,0,1
0,0.7569500268856267,1,1,0,0,1,1.0504575709998925,0,-0.450696206020883,3,3,1,1,1,0,1,0,0,1,0,1,0
0,-0.9135523854430948,0,0,0,0,1,-1.4708300585821945,0,-0.4490228133333472,0,0,0,0,0,0,0,1,1,0,0,0,0
0,-1.076528230548336,0,1,1,0,0,-0.46032058014718524,0,0.18252841434305772,0,4,1,0,1,1,0,0,1,0,0,1,0
1,0.5939741817803856,1,1,1,1,1,0.8543389551194135,0,-0.44701100078318984,2,6,1,1,0,1,0,0,0,0,1,0,0
1,1.1643896396487294,1,1,1,0,1,0.48537003371715715,0,-0.5176055816153515,3,5,1,1,0,1,0,0,0,1,0,0,1
0,0.797693988161937,0,1,0,1,1,-0.20104512186451856,0,-0.5377010745116713,3,5,1,1,1,1,0,0,0,0,1,0,0
1,0.10504664646466222,1,1,0,0,1,-0.17777681150581762,0,-0.4743289096602353,2,2,0,0,1,1,0,0,1,0,0,1,0
0,1.5718292524118322,1,0,0,1,1,1.359593694336918,0,-0.4957292893146565,3,4,1,1,1,0,1,0,0,1,0,0,0
0,-1.076528230548336,0,1,0,0,0,-0.2841462302884502,1,0.2709092030457327,0,2,0,0,0,1,0,0,1,0,0,0,1
0,0.512486259227765,0,1,0,0,0,-0.3822055382286897,0,-0.5318406677631415,2,2,0,1,1,1,0,0,0,0,1,1,0
0,-1.2395040756535771,1,0,0,1,1,0.6897987604400287,1,2.6616373301539413,0,1,1,0,0,0,1,0,1,0,0,0,1
0,-1.1580161531009565,0,0,0,1,1,0.12803526749425098,1,0.9355994365718884,0,3,1,0,1,1,0,0,1,0,0,0,0
0,-1.2395040756535771,0,0,0,0,0,-1.346178395946297,0,0.278413232275205,0,0,0,0,0,1,0,0,1,0,0,0,0
0,-1.1580161531009565,0,0,0,1,0,0.4338473464943191,1,1.1503814287398983,0,1,1,0,0,0,1,0,1,0,0,0,1
0,0.7569500268856267,1,1,1,0,0,-0.16281861198951006,0,-0.5326312260264471,3,2,0,1,1,1,0,0,0,1,0,1,0
1,1.1236456783724194,1,0,0,0,0,-1.3578125511256471,0,-0.6212638313187898,3,0,0,1,1,0,0,1,0,1,0,1,0
0,-0.9542963467194051,0,0,0,0,1,-1.4841262359300234,0,-0.431884823345633,0,0,0,1,0,0,0,1,0,1,0,0,0
0,-1.1987601143772668,1,0,0,1,1,1.3479595391575674,1,2.4072646356252516,0,4,1,0,1,0,1,0,1,0,0,0,0
0,-0.6283446565089229,1,0,1,0,1,1.025527238472713,0,-0.04680768883668234,1,3,1,0,1,0,1,0,1,0,0,0,0
0,-0.9950403079957154,1,0,0,1,1,0.7396594254943878,1,0.46193770022069686,0,1,1,0,0,0,1,0,1,0,0,0,1
1,0.5532302205040753,0,1,1,1,0,0.5385547431084732,0,-0.46592260320990886,2,5,1,1,0,1,0,0,0,0,1,0,0
0,1.4495973685829016,0,1,1,1,1,0.5867533859943537,0,-0.5276113437207658,3,6,1,1,1,1,0,0,0,0,1,1,0
0,-1.2802480369298874,0,0,0,1,1,-0.37555744955477505,1,2.4554154898476996,0,1,1,0,0,1,0,0,1,0,0,0,0
0,-1.1580161531009565,0,0,0,0,0,-1.472492080750673,0,-0.18850414200307802,0,0,0,1,1,0,0,1,0,1,0,0,0
0,-1.2802480369298874,0,0,0,0,1,-1.3195860412506386,1,0.797858811159795,0,0,0,0,0,1,0,0,1,0,0,0,0
1,-0.18016108246950976,0,0,1,0,1,-0.3456410505221597,0,-0.44812630270091636,2,2,0,1,1,1,0,0,0,1,0,1,0
0,0.2680224915699033,0,0,0,1,1,-0.20603118836995443,0,-0.4960859623088969,2,2,1,1,1,1,0,0,0,1,0,1,0
0,-0.8728084241667845,0,0,0,0,0,0.6648684279128493,0,0.15779291058664854,0,2,1,0,0,0,1,0,1,0,0,0,1
0,1.5718292524118322,0,0,1,1,1,-0.11295794693515106,0,-0.5675502604276007,3,5,1,1,1,1,0,0,0,0,1,1,0
1,-1.2395040756535771,0,0,0,0,0,-1.4758161250876303,0,0.12666508563476303,0,0,0,0,0,0,0,1,1,0,0,0,0
0,-0.09867315991688919,0,0,0,0,1,0.4936801445595503,1,-0.36717534691843706,2,2,0,0,0,0,1,0,1,0,0,0,0
0,-0.6283446565089229,0,0,0,0,0,-1.4841262359300234,0,-0.5364224354757152,1,0,0,1,0,0,0,1,0,1,0,0,0
0,0.9199258719908678,1,0,0,1,1,0.9856387064292257,0,-0.47021790599285446,3,3,1,0,1,0,1,0,1,0,0,1,0
0,1.0421577558197987,1,1,0,0,1,0.49866621106498593,0,-0.5092130673018478,3,1,0,0,1,0,1,0,1,0,0,0,0
0,-1.1172721918246462,0,1,1,0,0,-0.3522891391960741,1,0.38736061960680435,0,2,0,0,0,1,0,0,1,0,0,0,1
0,-1.2802480369298874,0,0,0,0,1,-1.5073945462887242,1,0.46809841557575743,0,0,0,0,0,0,0,1,1,0,0,0,1
0,-0.9542963467194051,1,0,0,0,1,0.3075336616899431,0,0.19728633849435329,0,0,0,0,0,0,1,0,1,0,0,0,1
0,-0.26164900502213034,0,0,1,0,0,-0.5201533782124163,0,-0.4546038122514883,2,1,0,0,1,1,0,0,1,0,0,0,0
0,0.7162060656093164,0,0,0,0,0,-1.509056568457203,0,-0.6226915238687165,3,0,0,1,1,0,0,1,0,0,1,1,0
0,1.6125732136881425,1,1,1,1,1,1.6238552191250208,0,-0.48536445205363693,3,6,1,1,1,0,1,0,0,0,1,0,0
1,0.4309983366751445,0,1,1,1,1,1.3695658273477898,0,-0.3858828502207158,2,5,1,1,1,0,1,0,0,1,0,1,0
0,0.9606698332671781,1,0,0,0,1,-1.2913316643865018,0,-0.6139518810658555,3,0,0,1,1,0,0,1,0,0,1,0,0
0,-1.2802480369298874,0,0,0,0,0,-1.5190287014680746,0,0.44767078045108266,0,0,0,0,0,0,0,1,1,0,0,0,0
1,1.6125732136881425,1,0,0,1,1,1.2831406745869012,1,-0.5017545311164877,3,4,1,1,0,0,1,0,0,0,1,0,1
0,1.6125732136881425,1,1,1,0,1,1.1884054109836186,0,-0.5063117726120121,3,4,1,1,1,0,1,0,0,0,1,0,0
0,0.1457906077409725,1,0,0,1,1,1.0172171276303197,0,-0.3661220350562356,2,2,1,0,0,0,1,0,1,0,0,0,1
0,-1.1172721918246462,0,0,1,1,0,0.3440981493964733,0,0.7949405775705556,0,4,1,0,1,1,0,0,1,0,0,0,0
0,-0.791320501614164,1,0,0,0,1,0.653234272733499,1,0.03703362539384269,1,2,0,0,0,0,1,0,1,0,0,0,1
0,0.4717422979514547,0,0,0,0,0,0.8094643565704907,0,-0.4358406510999351,2,3,1,1,1,0,1,0,0,1,0,1,0
1,1.5310852911355222,1,0,1,1,1,1.432722669749978,0,-0.48969872991780145,3,5,1,1,0,0,1,0,0,1,0,0,1
0,0.4717422979514547,0,0,0,0,0,-1.5057325241202457,0,-0.616511735091504,2,0,0,1,1,0,0,1,0,1,0,1,0
0,-0.01718523736426863,1,0,0,1,1,0.703094937787858,1,-0.3630675694321179,2,1,1,0,1,0,1,0,1,0,0,1,0
0,1.4903413298592119,1,0,0,0,1,-1.3245721077560746,0,-0.625488777466021,3,0,0,1,1,0,0,1,0,0,1,1,0
0,-0.6690886177852331,0,0,1,1,0,-0.1794388336742964,1,-0.2592283913422885,1,2,1,0,0,1,0,0,1,0,0,0,1
1,1.4495973685829016,0,0,0,0,0,-1.5057325241202457,0,-0.6341057231077872,3,0,0,1,1,0,0,1,0,1,0,0,0
0,-0.6690886177852331,0,0,0,0,1,0.17124784387469535,0,-0.18678753400940776,1,0,0,0,1,0,1,0,1,0,0,1,0
1,1.4495973685829016,0,1,1,1,0,0.6000495633421824,0,-0.5269346518739856,3,5,1,1,1,1,0,0,0,0,1,0,0
0,-1.1580161531009565,0,0,0,0,0,-1.5223527458050319,0,-0.2235229450739492,0,0,0,0,0,0,0,1,1,0,0,0,0
1,-0.26164900502213034,0,1,1,0,0,-0.8625299449190146,0,-0.499133895168769,2,3,0,0,1,1,0,0,1,0,0,1,0
0,-0.13941712119319946,0,0,0,0,1,-1.136763602717989,1,-0.5480305201973559,2,1,0,0,0,1,0,0,1,0,0,0,1
1,-1.1172721918246462,0,0,0,0,0,-1.477478147256109,0,-0.2711874270315239,0,0,0,0,1,0,0,1,1,0,0,1,0
0,1.5310852911355222,1,0,0,1,1,1.0039209502824906,0,-0.5109073007917093,3,3,1,1,1,0,1,0,0,1,0,0,0
0,-0.3431369275747509,0,1,1,1,0,0.3191678168692938,0,-0.31970792417527544,1,4,1,1,1,1,0,0,0,1,0,0,0
0,1.6125732136881425,1,1,1,0,0,0.45379161251606304,0,-0.5416503821036218,3,5,1,1,1,1,0,0,0,0,1,0,0
0,-1.2802480369298874,0,0,1,0,1,0.31584377253233625,0,3.6694006629712352,0,1,0,0,0,0,1,0,1,0,0,0,0
0,1.5310852911355222,0,0,1,0,1,-0.4569965358102282,0,-0.5831644085365352,3,4,1,1,1,1,0,0,0,1,0,0,0
1,0.1457906077409725,0,0,0,0,0,-1.5157046571311175,0,-0.6065213858670813,2,0,0,0,1,0,0,1,1,0,0,0,0
0,0.22727853029359305,1,0,1,1,1,1.155164967614046,1,-0.3691353185267599,2,3,1,0,0,0,1,0,1,0,0,0,1
0,-0.6283446565089229,0,0,0,0,1,0.1729098660431739,1,-0.21314700342332069,1,0,0,0,0,0,1,0,1,0,0,0,1
1,0.3495104141225239,1,0,1,1,1,1.472611201793465,0,-0.3638760843659331,2,5,1,1,1,0,1,0,0,1,0,0,0
0,-1.2802480369298874,0,0,0,0,1,-0.648129085185271,1,1.9768251812124595,0,0,0,0,0,1,0,0,1,0,0,0,1
0,-1.2395040756535771,0,0,1,0,0,-1.1616939352451685,1,0.494362517878911,0,1,0,0,1,1,0,0,1,0,0,0,0
0,-0.7505765403378537,0,0,0,0,0,0.38731072577691766,0,-0.0721638962454058,1,1,0,0,0,0,1,0,1,0,0,0,1
0,-1.2395040756535771,0,0,1,0,1,1.0072449946194475,1,3.033225740517074,0,4,1,0,1,0,1,0,1,0,0,1,0
0,-1.2802480369298874,0,0,0,0,0,-1.495760391109374,1,0.4885260507004324,0,0,0,0,0,0,0,1,1,0,0,0,0
1,-0.791320501614164,1,0,1,1,1,0.26598310747797727,0,-0.060101864076550125,1,4,1,0,0,1,0,0,1,0,0,0,1
0,-1.076528230548336,0,0,0,0,0,-1.5240147679735105,0,-0.3510914419749801,0,0,0,0,0,0,0,1,1,0,0,0,0
0,-1.1580161531009565,0,0,0,0,1,0.3939588144508323,1,1.1223663862832018,0,1,0,0,1,0,1,0,1,0,0,0,0
1,-1.1172721918246462,0,0,1,1,1,1.1418687902662172,1,1.2618579518488389,0,4,1,0,0,0,1,0,1,0,0,0,0
0,-0.7098325790615434,0,1,0,1,0,1.228293943027106,0,0.07523121862442093,1,4,1,0,0,0,1,0,1,0,0,0,1
0,0.5939741817803856,0,1,0,0,0,0.354070282407345,0,-0.483610513714899,2,1,0,0,1,0,1,0,1,0,0,1,0
0,-0.9950403079957154,0,0,1,0,0,-0.023208749837305007,0,0.16427787411829134,0,3,1,0,0,1,0,0,1,0,0,0,0
0,-0.6283446565089229,0,0,0,0,1,-1.3013037973973738,0,-0.5007551360516798,1,0,0,0,0,1,0,0,1,0,0,0,0
1,-0.7098325790615434,0,1,0,0,0,0.3424361272279943,0,-0.11919609425864539,1,1,0,0,0,0,1,0,1,0,0,0,0
0,-0.26164900502213034,0,1,1,0,1,1.0321753271466272,0,-0.2527052809663419,2,4,1,1,1,0,1,0,0,1,0,0,0
0,-0.38388088885106114,1,1,0,0,0,-0.3456410505221597,0,-0.402507938547291,1,1,0,0,0,1,0,0,1,0,0,0,1
0,-1.1580161531009565,0,0,0,0,0,0.2643210853094987,0,1.0313174982989364,0,1,0,0,0,0,1,0,1,0,0,0,1
1,-0.13941712119319946,0,0,0,0,0,-1.494098368940895,0,-0.589858534976452,2,0,0,1,0,0,0,1,0,1,0,0,0
0,-0.3023929662984406,0,0,0,0,0,-1.5206907236365534,0,-0.5815677585229211,2,0,0,0,0,0,0,1,1,0,0,0,0
0,-0.9542963467194051,0,0,0,0,0,-0.6597632403646212,1,-0.14239605129309751,0,0,0,0,0,1,0,0,1,0,0,0,0
0,-0.5876006952326126,0,0,0,0,1,-0.5068572008645872,1,-0.36267660990820066,1,1,0,0,0,1,0,0,1,0,0,0,0
0,-1.1987601143772668,1,0,0,1,1,0.9989348837770544,0,2.1008501087551283,0,2,1,0,0,0,1,0,1,0,0,0,1
1,1.4903413298592119,0,1,1,0,0,-0.6165506639841769,0,-0.5899697057798516,3,4,0,1,1,1,0,0,0,0,1,0,0
0,-0.7505765403378537,0,0,0,0,0,-1.5107185906256815,0,-0.5165135974335717,1,0,0,1,0,0,0,1,0,1,0,0,0
0,-0.5468567339563023,1,0,0,1,0,0.15961368869534465,0,-0.2608763350162119,1,2,1,0,0,1,0,0,1,0,0,0,0
0,0.2680224915699033,1,0,0,0,0,0.8609870437933281,0,-0.40241066409431636,2,2,1,0,0,0,1,0,1,0,0,0,1
0,-0.05792919864057891,0,0,0,1,1,1.2166597878477559,0,-0.2972083432022407,2,4,1,0,0,0,1,0,1,0,0,0,1
1,-0.3431369275747509,0,0,0,0,0,-1.4808021915930663,0,-0.5725436823469656,1,0,0,1,0,0,0,1,0,1,0,0,0
0,-0.7505765403378537,0,0,1,0,0,-0.5317875333917667,0,-0.28733498622531456,1,1,0,0,1,1,0,0,1,0,0,0,0
0,1.2866215234776603,0,1,1,0,1,0.3175057947008148,0,-0.5335740399552783,3,5,1,1,0,1,0,0,0,0,1,0,0
0,0.7162060656093164,0,0,0,0,1,-1.5107185906256815,0,-0.6228059644016279,3,0,0,1,0,0,0,1,0,1,0,0,0
1,0.797693988161937,0,0,1,1,1,0.13135931183120808,0,-0.5156766700645824,3,4,1,1,0,1,0,0,0,1,0,0,1
0,-0.18016108246950976,1,0,0,1,0,1.1767712558042684,0,-0.2637744428565598,2,3,1,1,0,0,1,0,0,1,0,0,1
0,-0.46536881140368175,0,0,0,0,1,-1.4608579255713225,0,-0.556466868209884,1,0,0,1,1,0,0,1,0,0,1,1,0
1,-0.3023929662984406,0,0,0,1,1,1.033837349315106,1,-0.2365427564720936,2,3,1,0,0,0,1,0,1,0,0,0,1
0,-0.6283446565089229,0,0,0,0,0,-1.5107185906256815,0,-0.5416104063010294,1,0,0,1,0,0,0,1,0,1,0,0,0
0,1.0421577558197987,0,0,0,1,1,-0.6581012181961428,0,-0.5780635953733912,3,2,1,1,1,1,0,0,0,1,0,1,0
0,-0.6283446565089229,0,0,0,0,0,0.5551749647932596,1,-0.1385699228094283,1,1,1,0,1,0,1,0,1,0,0,0,0
0,0.7569500268856267,1,0,0,0,0,-1.3062898639028098,0,-0.6098521763878555,3,0,0,1,0,0,0,1,0,0,1,0,0
1,1.6125732136881425,0,1,1,1,0,-0.5284634890548093,0,-0.5889017807677426,3,4,1,1,0,1,0,0,0,0,1,0,0
0,0.797693988161937,0,1,0,1,0,0.6416001175541483,1,-0.48186920923830107,3,2,1,0,0,0,1,0,1,0,0,0,1
0,-0.22090504374582004,0,0,0,0,1,-1.5024084797832884,0,-0.5853839101396184,2,0,0,1,0,0,0,1,0,0,1,0,0
0,-1.1987601143772668,0,0,0,0,0,-1.4891123024354593,0,-0.0834477327904643,0,0,0,0,0,0,0,1,1,0,0,0,0
0,1.2866215234776603,1,1,1,0,1,0.5485268761193449,0,-0.5210929793736088,3,5,1,1,0,1,0,0,0,0,1,0,0
0,0.512486259227765,0,0,1,1,1,1.010569038956405,0,-0.4255154613378151,2,3,1,1,1,0,1,0,0,0,1,1,0
0,-1.1987601143772668,0,0,0,1,1,-0.9423070090059888,1,0.3966016926393955,0,1,1,0,0,1,0,0,1,0,0,0,0
0,1.5718292524118322,1,0,1,1,1,0.6150077628584902,0,-0.5320450850918563,3,5,1,1,1,1,0,0,0,0,1,1,0
0,-1.2802480369298874,0,0,0,0,0,-1.3212480634191175,1,0.7949405775705556,0,0,0,0,0,1,0,0,1,0,0,0,0
1,1.0421577558197987,0,0,0,0,0,-1.4791401694245876,0,-0.6269316425965843,3,0,0,1,1,0,0,1,0,0,1,1,0
1,0.06430268518835193,0,0,0,1,1,0.8327326669291911,0,-0.36743355007472,2,3,1,0,0,0,1,0,1,0,0,0,1
0,-0.9950403079957154,0,1,0,0,1,-0.4968850678537152,1,-0.020543586533528967,0,1,0,0,0,1,0,0,1,0,0,0,1
1,-0.7098325790615434,0,0,0,0,0,-1.495760391109374,0,-0.5226418879709742,1,0,0,0,0,0,0,1,1,0,0,0,0
1,1.368109446030281,0,0,1,1,0,-0.3373309396797665,0,-0.5718816353237353,3,4,1,1,1,1,0,0,0,0,1,0,0
0,-0.8320644628904743,0,0,0,0,1,-1.178314156929955,0,-0.4035555095793256,0,1,0,0,1,1,0,0,1,0,0,1,0
0,1.0421577558197987,0,0,0,0,1,-1.5173666792995961,0,-0.6292068755644659,3,0,0,1,1,0,0,1,0,0,1,0,0
1,-1.1987601143772668,0,0,0,0,0,-1.5190287014680746,0,-0.10971183509361768,0,0,0,1,0,0,0,1,0,0,1,0,0
0,0.4309983366751445,0,0,0,1,0,-0.3074145406471512,1,-0.519723654381735,2,4,1,0,1,1,0,0,1,0,0,1,0
0,-0.9542963467194051,0,0,0,0,0,0.5235965435921655,0,0.2731604118145743,0,2,0,0,0,0,1,0,1,0,0,0,1
0,-1.1987601143772668,0,0,0,0,0,-1.4808021915930663,0,-0.07615214881736612,0,0,0,1,0,0,0,1,0,1,0,0,0
1,-0.42462485012737144,0,0,0,1,1,0.15628964435838757,1,-0.3143688255041803,1,3,1,1,1,1,0,0,0,1,0,0,0
0,0.3087664528462136,1,0,0,1,1,1.3695658273477898,0,-0.36530639165357415,2,4,1,1,1,0,1,0,0,1,0,0,0
0,1.4495973685829016,1,0,0,0,0,-1.3062898639028098,0,-0.6239553454060853,3,0,0,1,1,0,0,1,0,0,1,0,0
0,0.8791819107145575,1,0,0,1,1,1.3130570736195162,1,-0.4457331681963866,3,4,1,0,0,0,1,0,1,0,0,0,1
0,0.7162060656093164,1,0,1,1,1,0.4920181223910713,0,-0.4849051222434586,3,4,1,1,0,1,0,0,0,0,1,0,0
0,-1.2802480369298874,0,0,0,0,1,-0.3173866736580229,0,2.557553665471074,0,1,1,0,0,1,0,0,1,0,0,0,1
0,1.6125732136881425,1,1,1,1,0,0.7728998688639604,0,-0.5262996739081713,3,6,1,1,1,1,0,0,0,0,1,0,0
1,0.3087664528462136,0,0,0,0,1,-1.4758161250876303,0,-0.6090144845695561,2,0,0,1,1,0,0,1,0,1,0,0,0
1,1.6125732136881425,1,1,1,1,1,1.7551549704348326,0,-0.47904827524405064,3,6,1,1,1,0,1,0,0,0,1,0,0
0,-1.076528230548336,0,0,0,0,0,-1.4891123024354593,0,-0.3335820404395445,0,0,0,0,0,0,0,1,1,0,0,0,0
0,-1.1172721918246462,0,0,0,0,1,-1.5007464576148097,0,-0.28480585044797385,0,0,0,0,1,0,0,1,1,0,0,1,0
0,0.6347181430566958,1,0,0,0,1,0.19119210989643878,0,-0.49902801821315035,2,3,1,1,1,1,0,0,0,1,0,1,0
0,-1.2802480369298874,1,0,0,1,1,0.9656944404074818,1,4.810429996363789,0,2,1,0,0,0,1,0,1,0,0,0,1
1,1.2866215234776603,0,1,1,1,0,0.03330000389096862,0,-0.5489284382248142,3,3,1,1,0,1,0,0,0,1,0,0,0
0,-0.6283446565089229,0,0,0,0,0,-1.4874502802669807,0,-0.5370709318288795,1,0,0,1,1,0,0,1,0,1,0,1,0
0,0.3087664528462136,0,0,0,0,1,0.5053142997389005,0,-0.4393298778196434,2,2,0,0,0,0,1,0,1,0,0,0,1
1,0.3495104141225239,0,1,0,0,0,-0.9772094745440403,0,-0.5687082896296799,2,2,0,1,1,1,0,0,0,1,0,1,0
0,0.7569500268856267,1,0,0,0,1,0.4920181223910713,0,-0.48840876317412896,3,1,0,1,1,0,1,0,0,1,0,0,0
0,0.3495104141225239,1,0,0,0,1,0.5136244105812937,0,-0.4440580263178882,2,1,0,0,0,0,1,0,1,0,0,0,1
1,-1.2802480369298874,0,0,0,0,0,-0.4769408018319716,1,2.2774032409041043,0,1,0,0,0,1,0,0,1,0,0,0,0
0,-1.2395040756535771,0,0,0,0,1,-1.4741541029191516,0,0.12861057469425585,0,0,0,0,0,0,0,1,1,0,0,0,0
0,1.4495973685829016,0,0,0,0,0,0.4920181223910713,0,-0.5324327731290741,3,2,0,1,1,0,1,0,0,1,0,1,0
1,-0.3431369275747509,1,0,0,0,0,-1.3328822185984677,0,-0.5517658591915822,1,0,0,1,0,0,0,1,0,0,1,0,0
0,1.5310852911355222,1,1,1,0,0,0.4155651026410543,0,-0.5400074329210248,3,4,1,1,1,1,0,0,0,0,1,1,0
0,-1.1987601143772668,0,0,1,0,1,-1.1650179795821258,0,0.2010800421603644,0,1,0,0,0,1,0,0,1,0,0,0,1
0,-1.2395040756535771,0,0,0,0,0,-0.6614252625331,0,1.0799547247862575,0,0,0,0,1,1,0,0,1,0,0,0,0
0,-1.1987601143772668,0,0,0,0,0,-1.1633559574136474,0,0.20253915895498406,0,1,0,0,1,1,0,0,1,0,0,1,0
0,-1.0357842692720256,1,0,1,1,1,0.327477927711687,1,0.4221362365452391,0,3,1,0,0,1,0,0,1,0,0,0,1
0,-0.791320501614164,0,1,0,1,1,0.2377287306138407,0,-0.0671890027932741,1,3,1,0,0,1,0,0,1,0,0,0,1
0,-1.0357842692720256,0,0,0,0,0,-1.4641819699082799,0,-0.36432771575474393,0,0,0,0,0,0,0,1,1,0,0,0,0
1,-0.8320644628904743,0,0,0,1,1,-0.2824842081199717,0,-0.16156660117933092,0,1,1,0,0,1,0,0,1,0,0,0,0
1,0.8384379494382472,1,0,0,1,1,1.3446354948206103,0,-0.43958031340318243,3,4,1,1,0,0,1,0,0,1,0,0,1
0,-0.8320644628904743,1,0,0,1,1,0.9773285955868325,1,0.17874433122734076,0,2,1,0,0,0,1,0,1,0,0,0,1
1,1.24587756220135,0,0,0,0,0,-1.504070501951767,0,-0.6314372839698007,3,0,0,1,0,0,0,1,0,0,1,0,0
0,-0.7098325790615434,0,1,1,1,0,0.653234272733499,0,-0.050982384110177414,1,6,1,0,0,1,0,0,1,0,0,0,0
1,0.1457906077409725,0,1,0,0,0,-0.37057138304933923,0,-0.49783690246244044,2,2,0,1,0,1,0,0,0,1,0,0,0
0,-1.1580161531009565,0,0,0,0,1,-1.16003191307669,0,0.03094702390771498,0,1,0,0,0,1,0,0,1,0,0,0,1
1,-0.3431369275747509,0,0,0,0,0,-1.499084435446331,0,-0.5751117279054963,1,0,0,1,0,0,0,1,0,0,1,0,0
0,1.1643896396487294,0,1,1,0,0,-0.701313794576587,0,-0.5848190907352496,3,4,0,1,1,1,0,0,0,1,0,1,0
0,-0.6690886177852331,1,0,0,0,0,-0.3157246514895444,0,-0.2873807624384791,1,1,0,0,0,1,0,0,1,0,0,0,1
1,1.3273654847539706,0,0,0,0,1,-1.494098368940895,0,-0.6319872162465607,3,0,0,1,1,0,0,1,0,0,1,1,0
1,-0.26164900502213034,0,0,0,0,0,-1.5007464576148097,0,-0.5821414283737971,2,0,0,1,1,0,0,1,0,0,1,1,0
0,-0.6690886177852331,0,0,1,0,1,-0.5101812452015443,0,-0.3275493894903607,1,1,0,0,0,1,0,0,1,0,0,0,0
0,0.8791819107145575,1,1,0,1,0,1.3878480712010548,1,-0.4409578768685405,3,4,1,1,1,0,1,0,0,1,0,0,0
0,-1.2802480369298874,0,0,0,0,0,-1.485788258098502,1,0.5060354522358681,0,0,0,0,0,0,0,1,1,0,0,0,0
1,-1.1172721918246462,0,0,0,0,0,-1.4741541029191516,0,-0.2692419379720311,0,0,0,1,0,0,0,1,0,0,1,0,0
0,-0.5468567339563023,0,0,0,0,1,-0.8342755680548777,0,-0.4353867036527201,1,2,1,0,0,1,0,0,1,0,0,0,1
0,-0.9135523854430948,1,1,0,0,1,-0.3423170061852024,0,-0.08875361204362665,0,1,0,0,1,1,0,0,1,0,0,1,0
1,-0.38388088885106114,0,0,1,0,0,0.6316279845432766,1,-0.25951449267456683,1,3,0,0,0,0,1,0,1,0,0,0,1
0,-1.1987601143772668,0,0,0,1,0,-0.3207107179949802,1,0.9423113738271386,0,1,1,0,0,1,0,0,1,0,0,0,0
0,1.6125732136881425,1,0,1,1,1,1.5557123102173966,0,-0.4886424678662072,3,5,1,1,1,0,1,0,0,0,1,0,0
0,-0.9135523854430948,1,0,0,0,1,0.726363248146559,1,0.2524144239347098,0,1,1,0,0,0,1,0,1,0,0,0,1
1,-0.9135523854430948,0,0,0,0,1,-0.3074145406471512,0,-0.07761126561198578,0,2,0,0,0,1,0,0,1,0,0,0,0
0,-0.8728084241667845,0,0,0,0,1,-1.4708300585821945,0,-0.4671954497754281,0,0,0,1,0,0,0,1,0,1,0,0,0
0,0.18653456901728277,1,1,0,1,1,1.3944961598749692,1,-0.3391771499527476,2,4,1,0,1,0,1,0,1,0,0,0,0
1,-0.6283446565089229,1,1,1,0,1,-0.0896896365764501,0,-0.2643782153232989,1,2,0,1,0,1,0,0,0,1,0,0,0
1,0.1457906077409725,1,1,0,1,1,1.3197051622934308,0,-0.33741292623236824,2,4,1,0,1,0,1,0,1,0,0,1,0
0,-0.6283446565089229,0,0,0,1,1,1.2299559651955845,0,-0.006925163117079095,1,4,1,0,0,0,1,0,1,0,0,0,1
1,1.368109446030281,1,1,1,1,1,1.5224718668478239,0,-0.47440392229810124,3,5,1,1,1,0,1,0,0,1,0,1,0
1,1.1643896396487294,0,1,1,1,0,0.6681924722498068,0,-0.507250559201922,3,6,1,1,1,1,0,0,0,1,0,0,0
0,-0.42462485012737144,0,0,0,1,1,0.9440881522172598,0,-0.194086849739014,1,3,1,0,0,0,1,0,1,0,0,0,0
0,-1.2802480369298874,0,0,0,0,1,-1.3428543516093396,0,0.757003540910445,0,0,0,0,0,1,0,0,1,0,0,0,1
0,-1.076528230548336,0,0,0,0,0,0.19119210989643878,0,0.5093705763378555,0,0,0,0,1,0,1,0,1,0,0,1,0
0,-0.05792919864057891,0,0,1,0,1,0.45379161251606304,1,-0.38092516929354225,2,2,0,0,0,0,1,0,1,0,0,0,1
1,1.4495973685829016,0,1,1,1,1,0.6715165165867639,0,-0.5232974331975424,3,6,1,1,1,1,0,0,0,0,1,1,0
1,0.06430268518835193,1,0,0,1,0,0.752955602842217,1,-0.37543784791949053,2,2,1,0,0,0,1,0,1,0,0,0,1
1,0.797693988161937,0,0,1,0,0,0.6981088712824219,0,-0.47812506048229597,3,3,0,0,1,0,1,0,1,0,0,0,0
1,-0.9135523854430948,0,0,1,1,1,0.874283221141157,0,0.29963674928785416,0,3,1,0,0,0,1,0,1,0,0,0,1
1,-0.13941712119319946,0,0,0,0,1,0.1978401985703534,1,-0.39180774872008034,2,0,0,0,0,0,1,0,1,0,0,0,1
1,1.6125732136881425,0,0,0,0,0,-1.485788258098502,0,-0.6349539053540938,3,0,0,1,1,0,0,1,0,0,1,0,0
1,0.5939741817803856,0,0,0,0,0,-1.4874502802669807,0,-0.6183356310847785,2,0,0,1,0,0,0,1,0,1,0,0,0
1,-0.3431369275747509,1,1,0,1,0,0.3324639942171226,0,-0.31784025467816235,1,3,1,1,0,1,0,0,0,1,0,0,0
0,1.3273654847539706,1,0,0,0,0,-1.3295581742615106,0,-0.623232515478843,3,0,0,1,1,0,0,1,0,1,0,1,0
0,-1.1580161531009565,1,0,1,1,1,1.1983775439944904,0,1.6873364091599237,0,3,1,0,0,0,1,0,1,0,0,0,0
0,-0.8320644628904743,1,0,0,1,1,1.2149977656792768,1,0.24294547019060467,0,3,1,0,0,0,1,0,1,0,0,0,1
0,-1.2802480369298874,1,1,0,0,1,0.5618230534671742,1,4.101299234178647,0,1,0,0,0,0,1,0,1,0,0,0,1
0,0.02355872391204165,0,0,0,0,0,0.11473909014642174,1,-0.4327774595023415,2,0,0,0,0,0,1,0,1,0,0,0,1
0,0.06430268518835193,0,0,1,1,1,1.3396494283151743,0,-0.31657290751940703,2,5,1,0,0,0,1,0,1,0,0,0,1
0,-0.7505765403378537,0,0,0,0,0,-1.4758161250876303,0,-0.5083425433837019,1,0,0,1,0,0,0,1,0,0,1,0,0
0,-1.1580161531009565,0,0,0,0,1,0.47705992287476395,1,1.180731058067987,0,1,1,0,0,0,1,0,1,0,0,0,1
1,-0.791320501614164,0,0,0,0,0,-1.4891123024354593,0,-0.5003382455389312,1,0,0,1,0,0,0,1,0,1,0,0,0
1,1.3273654847539706,1,0,1,1,1,0.48537003371715715,0,-0.526665513071289,3,4,1,1,1,1,0,0,0,0,1,0,0
1,-0.38388088885106114,0,1,1,0,0,-0.2525678090873561,0,-0.3888895151308411,1,2,0,1,1,1,0,0,0,1,0,1,0
0,0.9199258719908678,0,1,0,0,0,-0.20603118836995443,0,-0.5449455304030172,3,3,0,1,0,1,0,0,0,0,1,0,1
0,0.6754621043330061,0,0,0,1,1,0.9972728616085759,0,-0.4457756152304119,3,3,1,1,0,0,1,0,0,0,1,0,1
0,1.1236456783724194,1,0,0,1,0,1.2532242755542855,0,-0.4709508815255148,3,4,1,1,1,0,1,0,0,1,0,0,0
1,1.4903413298592119,0,0,0,0,1,-1.477478147256109,0,-0.6331595629005928,3,0,0,1,1,0,0,1,0,1,0,1,0
0,0.3087664528462136,1,0,0,1,1,0.6681924722498068,0,-0.42537929773449956,2,1,1,0,0,0,1,0,1,0,0,0,1
0,1.4088534073065913,0,1,1,0,1,0.14631751134751586,0,-0.5483051774763431,3,4,1,1,1,1,0,0,0,0,1,1,0
0,0.10504664646466222,1,0,0,1,1,1.0188791497987983,1,-0.35759956609066446,2,2,1,0,0,0,1,0,1,0,0,0,1
1,-0.5468567339563023,1,0,1,1,1,1.201701588331448,1,-0.07790308897090965,1,3,1,1,0,0,1,0,0,1,0,0,1
1,-0.791320501614164,0,0,0,0,0,-1.4608579255713225,0,-0.49325110682220735,1,0,0,1,0,0,0,1,0,0,1,0,0
1,0.3495104141225239,1,0,0,1,1,0.7878580683802682,0,-0.4211290481167225,2,2,1,0,1,0,1,0,1,0,0,0,0
0,-1.1580161531009565,0,1,0,0,0,-0.9905056518918693,0,0.1500109543486772,0,2,0,0,0,1,0,0,1,0,0,0,0
1,-0.3431369275747509,0,1,1,0,0,-0.3207107179949802,0,-0.40958951872384497,1,2,0,0,0,1,0,0,1,0,0,0,1
0,-1.1172721918246462,0,0,0,1,1,-0.46032058014718524,0,0.32413222517328694,0,3,1,0,1,1,0,0,1,0,0,1,0
0,-1.1172721918246462,1,0,0,0,1,-0.026532794174262082,0,0.5780185474371032,0,2,1,0,0,1,0,0,1,0,0,0,1
1,-1.2802480369298874,0,0,0,0,1,0.14299346701055832,1,3.3659043696903512,0,0,0,0,0,0,1,0,1,0,0,0,0
1,1.6125732136881425,1,1,1,1,0,0.5119623884128152,0,-0.5388520759221594,3,5,1,1,1,1,0,0,0,0,1,0,0
0,-0.3431369275747509,0,0,0,0,1,-0.5151673117069804,0,-0.43690418511912454,1,1,0,0,1,1,0,0,1,0,0,1,0
0,0.3902543753988342,1,1,1,1,0,0.6499102283965414,0,-0.4381149127291717,2,5,1,1,1,1,0,0,0,0,1,1,0
0,-1.1580161531009565,0,0,0,0,0,-1.4874502802669807,0,-0.19900978292433935,0,0,0,0,0,0,0,1,1,0,0,0,0
0,1.4495973685829016,1,1,1,1,1,1.7418587930870038,0,-0.4688237395317428,3,6,1,1,1,0,1,0,0,1,0,1,0
1,0.02355872391204165,0,0,0,0,0,-1.485788258098502,0,-0.5980868092927777,2,0,0,1,0,0,0,1,0,1,0,0,0
0,-1.2802480369298874,0,0,0,0,1,0.15961368869534465,1,3.395086705582744,0,0,0,0,0,0,1,0,1,0,0,0,1
0,-0.05792919864057891,1,0,0,1,1,1.2848026967553796,1,-0.2897303696298151,2,4,1,1,0,0,1,0,0,1,0,0,1
0,-1.1580161531009565,1,0,0,0,0,0.43717139083127665,1,1.15271601561129,0,1,0,0,1,0,1,0,1,0,0,0,0
0,1.4903413298592119,1,0,1,1,1,1.500865578657602,0,-0.48374600313154226,3,5,1,1,0,0,1,0,0,0,1,0,1
0,0.22727853029359305,1,0,0,1,0,0.9956108394400973,0,-0.3835020069660917,2,2,1,0,0,0,1,0,1,0,0,0,1
1,-1.1987601143772668,0,0,1,0,1,0.5053142997389005,0,1.667492420753097,0,2,0,0,0,0,1,0,1,0,0,0,1
1,0.6347181430566958,1,0,1,1,0,0.4936801445595503,0,-0.4773497115502301,2,4,1,1,0,1,0,0,0,0,1,0,1
0,-0.7098325790615434,1,0,0,0,0,-1.3162619969136813,0,-0.4832457345162441,1,0,0,1,0,0,0,1,0,0,1,0,0
0,-0.3023929662984406,0,0,0,0,0,-1.4924363467724167,0,-0.5777516069062235,2,0,0,1,1,0,0,1,0,1,0,1,0
0,-1.2802480369298874,0,0,0,1,0,0.45379161251606304,1,3.9116140508780948,0,1,1,0,0,0,1,0,1,0,0,0,1
0,0.6347181430566958,0,1,0,1,1,-0.6647493068700573,0,-0.5603704793747104,2,3,1,0,0,1,0,0,1,0,0,0,1
0,-1.2802480369298874,0,0,0,0,0,-1.4791401694245876,0,0.5177083865928251,0,0,0,0,0,0,0,1,1,0,0,0,0
0,-1.2802480369298874,0,0,0,0,0,-1.5157046571311175,0,0.45350724762956107,0,0,0,0,0,0,0,1,1,0,0,0,1
0,0.18653456901728277,0,0,0,0,0,0.5069763219073791,0,-0.42119487293452496,2,2,0,1,0,0,1,0,0,1,0,0,1
0,1.368109446030281,1,0,1,1,1,1.4144404258967127,0,-0.4800661665757297,3,5,1,1,1,0,1,0,0,1,0,0,0
0,-0.26164900502213034,0,1,0,1,0,-0.5633659545928605,0,-0.4602241139789121,2,4,1,1,1,1,0,0,0,1,0,0,0
0,1.24587756220135,0,1,1,1,0,0.19950222073883195,0,-0.5379626143144803,3,4,1,1,1,1,0,0,0,1,0,1,0
0,-0.9135523854430948,0,0,0,0,0,-1.173328090424519,1,-0.354047574701742,0,1,0,0,0,1,0,0,1,0,0,0,0
0,-1.2395040756535771,0,1,0,1,1,0.1978401985703534,1,2.0857725685440585,0,3,1,0,0,1,0,0,1,0,0,0,1
0,-0.5876006952326126,0,1,0,0,1,-0.1894109666851681,0,-0.3040047556403374,1,2,1,0,1,1,0,0,1,0,0,1,0
0,1.2866215234776603,1,0,0,0,0,-1.304627841734331,0,-0.6212108394352022,3,0,0,1,0,0,0,1,0,0,1,0,0
0,-0.9542963467194051,1,0,0,0,1,0.653234272733499,1,0.31868485580670697,0,1,1,0,0,0,1,0,1,0,0,0,1
1,-0.18016108246950976,0,0,0,0,0,-1.4808021915930663,0,-0.5855851676285316,2,0,0,0,0,0,0,1,1,0,0,0,0
0,-1.2802480369298874,0,0,0,0,0,0.3573943267443021,0,3.742356502702217,0,1,0,0,0,0,1,0,1,0,0,0,1
0,-1.1580161531009565,1,0,0,0,1,0.6931228047769863,1,1.332479204708429,0,1,1,0,0,0,1,0,1,0,0,0,1
0,0.22727853029359305,0,0,1,1,1,0.17789593254861,1,-0.4571312852176671,2,4,1,1,1,1,0,0,0,1,0,1,0
0,1.368109446030281,1,0,0,0,0,1.0138930832933621,0,-0.5010600261281675,3,3,1,1,0,0,1,0,0,1,0,0,1
0,-1.2802480369298874,0,0,0,0,1,0.18121997688556707,0,3.4330237422428547,0,0,0,0,0,0,1,0,1,0,0,0,1
0,-0.5876006952326126,0,0,1,0,1,-0.48192686833740767,0,-0.35806887266203336,1,1,0,0,0,1,0,0,1,0,0,0,0
0,0.7569500268856267,1,0,0,1,1,1.0969941917172938,1,-0.4475534929247792,3,3,1,0,0,0,1,0,1,0,0,0,1
0,-1.2802480369298874,0,0,0,0,0,-0.6148886418156984,1,2.0351898529972448,0,0,0,0,0,1,0,0,1,0,0,0,0
1,-0.8320644628904743,0,0,0,0,0,-1.5107185906256815,0,-0.4933473123251493,0,0,0,1,1,0,0,1,0,0,1,0,0
0,0.3495104141225239,1,0,0,1,1,1.3795379603586615,1,-0.37165804060390445,2,4,1,0,0,0,1,0,1,0,0,0,1
0,-0.8320644628904743,1,0,0,0,0,-1.322910085587596,0,-0.4426149437737589,0,0,0,0,0,0,0,1,1,0,0,0,1
1,0.9199258719908678,0,0,0,0,0,-1.4791401694245876,0,-0.6247800635943487,3,0,0,1,0,0,0,1,0,0,1,0,0
0,-1.0357842692720256,1,0,0,0,1,0.35074623807038746,0,0.4323500541075764,0,0,0,0,0,0,1,0,1,0,0,0,1
0,-0.8320644628904743,0,0,1,0,1,0.8177744674128837,1,0.13564426590934547,0,3,1,0,0,0,1,0,1,0,0,0,1
1,1.4495973685829016,1,1,1,1,0,0.7712378466954819,0,-0.5182222443466915,3,6,1,1,1,1,0,0,0,0,1,1,0
0,-1.1172721918246462,1,0,0,1,1,0.6100216963530546,1,0.9505797023299833,0,1,1,0,1,0,1,0,1,0,0,1,0
0,0.6754621043330061,0,0,0,0,0,-0.69798975023963,0,-0.5648395456713742,3,0,0,0,0,1,0,0,1,0,0,0,0
0,0.3087664528462136,0,1,0,1,0,-0.09135165874492887,0,-0.4904345538458335,2,5,1,1,1,1,0,0,0,1,0,1,0
0,-0.6690886177852331,0,0,0,0,0,-1.485788258098502,0,-0.5290791679472373,1,0,0,1,1,0,0,1,0,1,0,0,0
0,-0.9135523854430948,1,0,0,0,1,0.31085770602690066,1,0.11976744260565209,0,0,0,0,0,0,1,0,1,0,0,0,0
0,1.6125732136881425,1,0,0,1,1,1.2149977656792768,0,-0.5050325469290579,3,4,1,1,0,0,1,0,0,1,0,0,1
0,-1.2395040756535771,1,0,0,0,1,0.6399380953856697,0,2.6032726583691557,0,1,1,0,0,0,1,0,1,0,0,0,1
1,-0.38388088885106114,0,0,0,0,0,-1.4591959034028439,0,-0.5654426472798169,1,0,0,1,0,0,0,1,0,0,1,0,0
0,1.5718292524118322,1,0,0,1,1,1.3662417830108327,0,-0.49540504113807443,3,4,1,1,0,0,1,0,0,1,0,0,1
0,-0.8728084241667845,1,0,0,1,1,1.1535029454455674,1,0.3007863564593727,0,3,1,0,0,0,1,0,1,0,0,0,1
0,-1.2802480369298874,0,0,0,0,1,-0.6863555950602795,1,1.9097058086599559,0,0,0,0,0,1,0,0,1,0,0,0,0
0,-0.6690886177852331,0,0,1,0,1,-0.36226127220694604,1,-0.296993767203032,1,2,0,0,0,1,0,0,1,0,0,0,0
0,-1.2802480369298874,1,0,0,0,1,0.6864747161030716,1,4.320166753371592,0,1,1,0,0,0,1,0,1,0,0,0,0
0,-0.8320644628904743,0,0,0,0,1,0.6731785387552424,0,0.09658483171491211,0,2,1,0,1,0,1,0,1,0,0,1,0
0,0.8791819107145575,0,1,1,0,0,-0.6880176172287581,0,-0.5734987406125349,3,3,1,1,1,1,0,0,0,1,0,0,0
0,1.4495973685829016,1,0,1,0,0,0.8443668221085419,0,-0.5145004391894009,3,3,0,1,1,0,1,0,0,0,1,1,0
1,-1.1580161531009565,1,0,0,0,0,-0.46364462448414256,1,0.5200429734642165,0,0,0,0,0,1,0,0,1,0,0,0,0
1,-1.2802480369298874,0,0,0,0,0,-0.18608692234821078,1,2.7880941190209763,0,2,1,0,0,1,0,0,1,0,0,0,1
0,-0.22090504374582004,0,1,1,0,0,-0.3772194717232536,0,-0.4442664715742624,2,2,0,0,0,1,0,0,1,0,0,0,0
0,-0.46536881140368175,0,0,0,0,1,-1.4907743246039378,0,-0.56124215953773,1,0,0,0,0,0,0,1,1,0,0,0,0
0,-0.791320501614164,0,0,0,1,1,0.6116837185215331,1,0.026611362575131,1,2,1,0,0,0,1,0,1,0,0,0,1
0,1.2866215234776603,1,0,1,0,0,0.327477927711687,0,-0.5330352891388033,3,4,1,0,1,1,0,0,1,0,0,1,0
0,-1.2802480369298874,0,1,0,0,1,-0.3290208288373734,1,2.5371260303463985,0,2,0,0,0,1,0,0,1,0,0,0,1
0,1.0014137945434884,0,0,1,1,1,-0.2425956760764844,0,-0.5513713945133125,3,5,1,1,1,1,0,0,0,0,1,0,0
0,-0.46536881140368175,1,1,0,1,1,1.2997608962716873,1,-0.11581359623475437,1,4,1,0,0,0,1,0,1,0,0,0,1
0,-0.5468567339563023,0,0,0,0,0,-1.5007464576148097,0,-0.5524078705812148,1,0,0,1,0,0,0,1,0,0,1,0,0
0,-0.05792919864057891,0,0,0,1,1,0.9640324182390032,0,-0.3249315623000138,2,3,1,1,0,0,1,0,0,1,0,0,1
0,0.797693988161937,1,1,1,1,1,0.8127884009074476,0,-0.47052664094805036,3,6,1,1,0,1,0,0,0,0,1,0,0
0,0.5532302205040753,1,0,0,0,1,0.9756665734183539,0,-0.43326322304097575,2,3,1,1,0,0,1,0,0,1,0,0,1
0,-0.8728084241667845,1,1,0,0,1,-0.3057525184786724,0,-0.12624849209930686,0,1,0,0,0,1,0,0,1,0,0,0,1
1,0.8384379494382472,0,1,0,0,1,-0.5351115777287238,0,-0.5618218759746496,3,4,1,0,1,1,0,0,1,0,0,0,0
1,-0.8728084241667845,0,0,0,0,1,-1.5140426349626388,1,-0.4798411286621316,0,0,0,0,0,0,0,1,1,0,0,0,0
0,1.0014137945434884,1,0,1,1,1,1.33300133964126,0,-0.4559753447685254,3,4,1,0,1,0,1,0,1,0,0,0,0
0,-1.2395040756535771,1,0,0,0,1,0.354070282407345,1,2.2686485401363865,0,0,0,0,0,0,1,0,1,0,0,0,0
0,-1.2395040756535771,0,1,0,0,0,-0.33068285100585193,1,1.467107047625334,0,2,0,0,0,1,0,0,1,0,0,0,0
1,1.5718292524118322,0,0,0,0,0,-1.4924363467724167,0,-0.634831757068395,3,0,0,1,1,0,0,1,0,0,1,0,0
1,-1.2802480369298874,0,0,0,0,1,-1.509056568457203,0,0.4651801819865181,0,0,0,0,0,0,0,1,1,0,0,0,0
0,1.4495973685829016,1,0,0,0,0,-1.3212480634191175,0,-0.6247166237337131,3,0,0,1,1,0,0,1,0,0,1,1,0
0,1.6125732136881425,0,1,1,1,0,0.653234272733499,0,-0.5320561894814653,3,6,1,1,0,1,0,0,0,0,1,0,0
0,-1.2395040756535771,0,0,0,0,0,-1.5123806127941604,0,0.08386432632592046,0,0,0,0,0,0,0,1,1,0,0,0,0
0,-1.2802480369298874,1,0,0,1,1,1.0072449946194475,1,4.883385836094771,0,2,1,0,0,0,1,0,1,0,0,0,1
0,0.3495104141225239,0,1,1,1,1,0.5003282332334644,0,-0.4451697343518841,2,5,1,1,1,1,0,0,0,1,0,0,0
1,1.6125732136881425,1,0,0,0,0,-1.304627841734331,0,-0.6262391803889683,3,0,0,1,1,0,0,1,0,0,1,1,0
0,-1.076528230548336,1,0,0,0,1,0.35573230457582355,1,0.5919148978620522,0,0,0,0,0,0,1,0,1,0,0,0,1
1,-1.1580161531009565,0,0,0,0,1,0.2975615286790714,1,1.0546633670128505,0,1,0,0,0,0,1,0,1,0,0,0,1
0,-0.8320644628904743,1,0,0,1,1,1.0388234158205416,1,0.19535581473531807,0,2,1,0,0,0,1,0,1,0,0,0,1
0,1.0421577558197987,1,1,1,0,1,0.11972515665185783,0,-0.5317675506356292,3,3,1,1,0,1,0,0,0,1,0,0,1
0,-1.0357842692720256,0,0,0,0,0,-1.4675060142452372,0,-0.36578683254936356,0,0,0,0,0,0,0,1,1,0,0,0,0
0,1.3273654847539706,0,1,0,0,1,-0.3207107179949802,0,-0.5695547037010176,3,2,0,0,0,1,0,0,1,0,0,0,0
0,-1.2802480369298874,0,0,0,0,1,0.1928541320649173,0,3.453451377367529,0,0,0,0,0,0,1,0,1,0,0,0,0
0,0.9606698332671781,0,0,0,0,0,-1.4907743246039378,0,-0.6262391803889683,3,0,0,1,1,0,0,1,0,1,0,1,0
0,-1.1580161531009565,0,0,0,0,0,-1.5223527458050319,0,-0.2235229450739492,0,0,0,0,0,0,0,1,1,0,0,0,0
1,1.0421577558197987,0,0,0,0,1,-0.6880176172287581,0,-0.5798442124786898,3,0,0,1,0,1,0,0,0,1,0,0,0
0,1.2051336009250397,1,0,1,1,1,1.4227505367391058,0,-0.46772814320838446,3,4,1,1,1,0,1,0,0,0,1,0,0
0,-0.26164900502213034,1,1,0,0,0,-0.1079718804297152,0,-0.40099478038990766,2,2,0,1,0,1,0,0,0,1,0,0,1
0,1.2051336009250397,1,1,0,0,0,0.8609870437933281,0,-0.49904125283260264,3,3,0,0,1,0,1,0,1,0,0,0,0
1,1.0421577558197987,0,1,0,1,0,1.1451928346031743,0,-0.470731953192896,3,4,1,1,1,0,1,0,0,1,0,1,0
0,1.4495973685829016,1,1,1,1,1,0.8942274871629008,0,-0.5119628447639755,3,6,1,1,0,1,0,0,0,0,1,0,1
1,1.1643896396487294,1,1,0,0,1,1.1933914774890548,0,-0.4775034039051604,3,4,1,1,1,0,1,0,0,1,0,1,0
0,0.3902543753988342,1,0,1,1,1,0.45379161251606304,0,-0.4541312645212756,2,4,1,1,1,1,0,0,0,0,1,1,0
0,-0.5876006952326126,1,0,0,1,0,0.6482482062280629,0,-0.14918478416911732,1,1,1,0,1,0,1,0,1,0,0,0,0
0,0.9606698332671781,0,0,0,0,1,-1.504070501951767,0,-0.6270583336771758,3,0,0,1,1,0,0,1,0,0,1,0,0
0,-1.1580161531009565,1,0,0,0,1,0.802816267896576,1,1.4095205714643455,0,2,1,0,0,0,1,0,1,0,0,0,1
0,-1.1580161531009565,0,0,0,0,0,-1.4741541029191516,0,-0.18967143543877368,0,0,0,0,1,0,0,1,1,0,0,1,0
1,0.10504664646466222,0,1,0,0,0,-0.3057525184786724,0,-0.4868124644586477,2,2,0,1,1,1,0,0,0,1,0,1,0
1,1.2866215234776603,1,1,1,0,1,0.7313493146519946,0,-0.5112158810715681,3,2,0,0,1,0,1,0,1,0,0,0,0
0,-0.05792919864057891,0,0,0,0,0,-1.4575338812343652,0,-0.5906732085201147,2,0,0,1,0,0,0,1,0,1,0,0,0
0,1.4088534073065913,0,0,0,0,1,-1.4874502802669807,0,-0.6326764603652314,3,0,0,1,1,0,0,1,0,0,1,0,0
0,-1.1580161531009565,0,0,0,0,0,-0.46863069098957844,1,0.5165410931571294,0,1,0,0,1,1,0,0,1,0,0,1,0
0,1.5310852911355222,1,1,1,1,1,1.6238552191250208,0,-0.4802452971639277,3,6,1,1,0,0,1,0,0,0,1,0,1
0,-1.1987601143772668,0,0,0,1,0,-0.37888149389173237,1,0.8912422860154514,0,1,1,0,1,1,0,0,1,0,0,1,0
0,0.8384379494382472,1,0,0,1,1,1.233280009532542,1,-0.446821856013517,3,3,1,0,0,0,1,0,1,0,0,0,1
1,-1.2395040756535771,0,1,1,0,0,-0.17611478933733907,0,1.6480375301581682,0,3,0,1,0,1,0,0,0,0,1,0,0
1,-0.13941712119319946,0,0,0,1,1,0.7645897580215673,0,-0.3254665717913743,2,2,1,0,1,0,1,0,1,0,0,1,0
0,0.5939741817803856,0,1,1,0,0,-0.761146592641818,0,-0.5651994611473802,2,3,0,1,0,1,0,0,0,0,1,0,0
1,1.4495973685829016,1,0,0,1,1,0.6050356298476185,1,-0.5266808924314431,3,1,1,1,0,0,1,0,0,1,0,0,1
1,-0.8320644628904743,0,1,0,1,1,0.1679237995377378,0,-0.03989870845873988,0,3,1,0,0,1,0,0,1,0,0,0,0
1,-0.9950403079957154,0,0,1,0,0,-0.2824842081199717,0,0.06311244302466341,0,2,0,0,1,1,0,0,1,0,0,0,0
0,0.8791819107145575,1,1,0,1,0,1.4875694013097727,0,-0.4345908217647458,3,5,1,0,0,0,1,0,1,0,0,0,1
1,1.4903413298592119,0,0,1,1,1,0.9091856866792086,0,-0.5134286076392331,3,3,1,1,0,0,1,0,0,0,1,0,0
0,-0.26164900502213034,1,1,0,1,1,0.15628964435838757,0,-0.36662447367220075,2,3,1,0,1,1,0,0,1,0,0,0,0
0,1.6125732136881425,1,1,1,0,1,1.070401837021636,0,-0.5119883365801213,3,4,0,1,1,0,1,0,0,0,1,0,0
0,1.5310852911355222,0,1,1,1,1,-0.2143412992123476,0,-0.5711626591272695,3,5,1,1,1,1,0,0,0,0,1,0,0
1,-1.2802480369298874,0,1,0,0,0,-0.47195473532653576,1,2.2861579416718216,0,1,0,0,0,1,0,0,1,0,0,0,0
0,-0.9135523854430948,0,0,0,1,1,0.8210985117498408,1,0.2826579356777349,0,2,1,0,0,0,1,0,1,0,0,0,1
1,-0.18016108246950976,0,0,0,0,1,0.18620604339100316,0,-0.38372390624873937,2,0,0,1,1,0,1,0,0,1,0,0,0
0,-1.2802480369298874,0,0,0,0,1,0.1662617773692593,1,3.406759639939701,0,0,0,0,0,0,1,0,1,0,0,0,1
0,-0.46536881140368175,1,0,0,1,1,0.9806526399237896,0,-0.16675003706511254,1,2,1,0,0,0,1,0,1,0,0,0,1
0,0.7569500268856267,1,1,0,1,1,0.9640324182390032,1,-0.4565326731993616,3,3,1,0,1,0,1,0,1,0,0,0,0
1,0.8384379494382472,0,0,0,0,0,-1.504070501951767,0,-0.6248341049571123,3,0,0,1,1,0,0,1,0,1,0,0,0
1,0.8384379494382472,0,1,0,0,0,1.0354993714835847,0,-0.4596837003512752,3,4,1,1,0,0,1,0,0,1,0,0,1
0,-0.3431369275747509,1,0,0,1,1,1.205025632668405,1,-0.1952744439301131,1,3,1,0,0,0,1,0,1,0,0,0,1
0,1.5310852911355222,1,1,1,1,1,0.9972728616085759,0,-0.511236115844018,3,6,1,1,1,1,0,0,0,0,1,1,0
0,1.1643896396487294,1,1,0,1,1,1.427736603244542,0,-0.46423014790249145,3,5,1,1,0,0,1,0,0,1,0,0,1
0,-0.8728084241667845,0,1,1,0,1,-0.33899296184824507,0,-0.13597593739677116,0,2,0,1,0,1,0,0,0,1,0,0,0
0,-1.2395040756535771,0,0,0,0,1,0.21612244242361828,0,2.10717294819848,0,0,0,0,1,0,1,0,1,0,0,1,0
0,-0.3023929662984406,0,0,0,0,1,-1.5057325241202457,0,-0.57954744296114,2,0,0,1,1,0,0,1,0,1,0,0,0
0,0.3495104141225239,1,0,0,0,1,-0.2824842081199717,0,-0.5106215448533935,2,1,0,1,1,1,0,0,0,1,0,1,0
0,-0.5876006952326126,1,0,0,1,1,0.9939488172716188,1,-0.08529082768893123,1,2,1,0,0,0,1,0,1,0,0,0,1
0,1.6125732136881425,1,0,0,1,1,1.3080710071140806,1,-0.5005552570387182,3,4,1,1,1,0,1,0,0,0,1,0,0
1,1.5718292524118322,1,1,1,1,1,0.856000977287892,0,-0.5202910886907537,3,6,1,1,1,1,0,0,0,0,1,1,0
1,0.06430268518835193,0,1,0,0,1,-0.1329022129568947,0,-0.4643189052374637,2,3,0,1,0,1,0,0,0,1,0,0,0
0,-0.13941712119319946,0,0,1,1,1,1.1302346350868666,0,-0.2826658124825317,2,4,1,0,1,0,1,0,1,0,0,1,0
0,0.3087664528462136,0,1,1,1,1,1.1086283468966447,0,-0.38765579036140657,2,5,1,1,1,0,1,0,0,1,0,1,0
0,0.1457906077409725,0,1,0,0,0,-0.9788714967125188,0,-0.5555706048225255,2,2,0,1,0,1,0,0,0,1,0,0,0
0,0.5532302205040753,1,0,1,1,1,1.2748305637445079,0,-0.4109107955489303,2,4,1,1,0,0,1,0,0,1,0,0,1
0,1.0421577558197987,1,1,0,1,1,1.427736603244542,0,-0.4539150138650765,3,5,1,1,0,0,1,0,0,1,0,0,1
0,0.2680224915699033,1,0,0,0,0,0.5518509204563025,0,-0.42955023647424156,2,1,0,1,1,0,1,0,0,1,0,1,0
1,-1.1580161531009565,0,0,1,0,0,-0.11129592476667229,1,0.7675091818317066,0,2,1,0,1,1,0,0,1,0,0,1,0
1,0.797693988161937,1,0,0,1,1,1.0271892606411914,0,-0.456320900079678,3,3,1,1,1,0,1,0,0,1,0,1,0
0,1.5310852911355222,1,0,0,1,1,1.3296772953043026,0,-0.49479536322858547,3,4,1,1,0,0,1,0,0,1,0,0,1
0,1.3273654847539706,0,0,0,0,1,0.20448828724426804,0,-0.5416104063010294,3,0,0,1,1,0,1,0,0,1,0,0,0
0,-1.2802480369298874,0,0,0,0,1,-0.6597632403646212,0,1.956397546087785,0,0,0,0,0,1,0,0,1,0,0,0,0
0,1.5310852911355222,1,0,0,1,1,1.0920081252118583,0,-0.5065505013486197,3,3,1,1,0,0,1,0,0,1,0,0,1
1,-0.13941712119319946,0,0,0,0,1,-0.9688993637016472,0,-0.5283810806964782,2,2,0,0,0,1,0,0,1,0,0,0,0
0,-1.2802480369298874,0,0,0,1,1,0.856000977287892,1,4.617826579473998,0,2,1,0,0,0,1,0,1,0,0,0,1
0,1.4088534073065913,1,1,1,1,1,0.679826627429157,0,-0.520753619177937,3,5,1,1,0,1,0,0,0,0,1,0,0
0,-1.2802480369298874,0,0,0,0,1,-1.5057325241202457,0,0.47101664916499675,0,0,0,0,0,0,0,1,1,0,0,0,0
0,-0.26164900502213034,0,0,0,1,1,0.7978302013911399,1,-0.28318460956506314,2,2,1,0,1,0,1,0,1,0,0,0,0
1,-0.09867315991688919,1,0,0,0,1,-1.3195860412506386,0,-0.5725813369739237,2,0,0,1,0,0,0,1,0,0,1,0,0
0,0.6347181430566958,0,0,1,1,1,1.1717851892988325,0,-0.428752188921266,2,4,1,0,1,0,1,0,1,0,0,1,0
1,0.9199258719908678,0,1,0,0,0,-0.3024284741417151,0,-0.55099044283787,3,2,0,0,0,1,0,0,1,0,0,0,1
0,-1.0357842692720256,1,0,0,0,1,0.6781646052606785,1,0.5760730583776105,0,1,1,0,0,0,1,0,1,0,0,0,0
0,0.18653456901728277,1,1,0,1,1,0.875945243309636,0,-0.38709761731288717,2,2,1,0,0,0,1,0,1,0,0,0,1
0,-0.05792919864057891,0,0,0,0,1,0.6332900067117551,0,-0.3612270925661772,2,2,1,0,1,0,1,0,1,0,0,0,0
0,-1.1580161531009565,0,0,0,0,1,-0.6281848191635273,0,0.4044809233303414,0,0,0,0,0,1,0,0,1,0,0,0,1
1,1.6125732136881425,1,0,0,0,1,-1.3195860412506386,0,-0.6269587448356301,3,0,0,1,1,0,0,1,0,0,1,1,0
0,-1.1172721918246462,0,0,0,1,1,0.8842553541520292,1,1.1110825497381431,0,2,1,0,0,0,1,0,1,0,0,0,1
1,-1.2802480369298874,0,0,0,0,0,-1.499084435446331,0,0.4826895835219538,0,0,0,0,0,0,0,1,1,0,0,0,0
0,-0.7098325790615434,0,0,0,1,1,0.8875793984889861,0,0.00045148290016467637,1,2,1,0,0,0,1,0,1,0,0,0,1
1,-0.9950403079957154,0,1,0,0,1,-0.448686424967835,0,-0.0017371922917648582,0,1,0,0,1,1,0,0,1,0,0,1,0
0,0.10504664646466222,0,0,0,0,0,-1.4525478147289292,0,-0.5986780853794863,2,0,0,1,0,0,0,1,0,1,0,0,0
0,0.9606698332671781,1,0,0,1,0,1.328015273135824,0,-0.4525786832889753,3,4,1,0,0,0,1,0,1,0,0,0,1
0,0.3902543753988342,1,0,1,1,1,1.374551893853226,1,-0.3789358501752963,2,4,1,0,1,0,1,0,1,0,0,0,0
1,1.3273654847539706,1,1,0,0,1,0.6964468491139434,0,-0.5154347353187622,3,2,0,0,0,0,1,0,1,0,0,0,1
1,-1.2395040756535771,0,0,0,0,0,-1.4791401694245876,0,0.12277410751577734,0,0,0,1,0,0,0,1,0,1,0,0,0
0,1.3273654847539706,1,1,0,1,1,1.1950534996575333,0,-0.4889053390529506,3,3,1,1,0,0,1,0,0,1,0,0,1
0,-0.5876006952326126,1,0,0,0,1,0.31085770602690066,0,-0.21154282823391427,1,0,0,0,0,0,1,0,1,0,0,0,1
0,-0.38388088885106114,1,1,0,1,1,0.4571156568530201,0,-0.2850490365804104,1,4,1,1,0,1,0,0,0,1,0,0,1
0,-1.1580161531009565,0,0,0,0,1,-0.648129085185271,1,0.3904734021019928,0,0,0,0,0,1,0,0,1,0,0,0,0
0,1.5310852911355222,0,0,0,0,0,-1.494098368940895,0,-0.6344595566966845,3,0,0,1,1,0,0,1,0,0,1,1,0
0,-1.1580161531009565,1,0,0,0,0,-0.46863069098957844,0,0.5165410931571294,0,0,0,0,0,1,0,0,1,0,0,0,1
0,-0.5468567339563023,0,0,0,0,1,-0.6581012181961428,0,-0.4044534276067839,1,0,0,0,1,1,0,0,1,0,0,0,0
0,-0.5876006952326126,0,0,0,0,0,0.4321853243258406,0,-0.18911850696923363,1,2,0,0,0,0,1,0,1,0,0,0,1
0,0.22727853029359305,0,1,0,0,1,0.6199938293639263,0,-0.4173235860003519,2,2,1,0,0,0,1,0,1,0,0,0,1
0,-1.2395040756535771,1,0,0,0,1,0.28094130699428504,1,2.183047021518701,0,0,0,0,1,0,1,0,1,0,0,1,0
0,0.5939741817803856,1,1,0,1,0,0.9972728616085759,0,-0.43655399708841586,2,3,1,1,1,0,1,0,0,1,0,0,0
1,0.797693988161937,0,0,0,0,0,-1.485788258098502,0,-0.6228253976996695,3,0,0,1,1,0,0,1,0,0,1,0,0
0,-0.9542963467194051,1,0,0,0,0,-0.16281861198951006,0,0.03211431734341077,0,1,1,0,0,1,0,0,1,0,0,0,0
0,-0.26164900502213034,1,1,1,1,1,0.8410427777715843,0,-0.27756430783763936,2,6,1,1,1,1,0,0,0,1,0,1,0
1,-0.9950403079957154,0,0,0,0,1,-0.4569965358102282,1,-0.004979674057586256,0,1,0,0,0,1,0,0,1,0,0,0,1
0,0.4717422979514547,0,0,1,1,1,0.20448828724426804,0,-0.48305118561029486,2,4,1,1,0,1,0,0,0,1,0,0,1
0,-1.1987601143772668,0,0,0,0,0,-1.1833002234353907,0,0.1850297574195484,0,1,0,0,0,1,0,0,1,0,0,0,0
0,-1.2395040756535771,0,0,0,0,1,-0.6049165088048264,0,1.1461013528090143,0,0,0,0,1,1,0,0,1,0,0,0,0
1,-0.9542963467194051,1,0,0,1,1,0.6831506717661141,1,0.3291904967279683,0,1,1,0,1,0,1,0,1,0,0,0,0
0,-1.2802480369298874,1,0,0,0,1,0.35074623807038746,1,3.7306835683452597,0,0,0,0,0,0,1,0,1,0,0,0,1
0,-0.3023929662984406,0,1,0,0,0,0.31584377253233625,0,-0.33351790343758314,2,1,0,0,1,0,1,0,1,0,0,0,0
0,-1.2395040756535771,0,0,0,0,1,0.14964155568447293,0,2.029353385818766,0,0,0,0,0,0,1,0,1,0,0,0,1
0,0.4309983366751445,0,1,0,0,1,0.34576017156495187,1,-0.4675933907194153,2,1,0,0,0,0,1,0,1,0,0,0,1
0,-1.2802480369298874,0,0,0,0,0,-1.4591959034028439,1,0.5527271896636962,0,0,0,0,0,0,0,1,1,0,0,0,0
0,1.0421577558197987,1,0,0,0,1,0.9806526399237896,0,-0.48052534727203805,3,3,1,1,0,0,1,0,0,1,0,0,1
1,1.082901717096109,1,1,1,1,1,0.38731072577691766,0,-0.5183618120400899,3,4,1,1,0,1,0,0,0,0,1,0,0
0,0.4717422979514547,0,1,0,1,1,-0.3589372278699887,0,-0.5270192383548331,2,4,1,1,0,1,0,0,0,1,0,0,1
0,1.368109446030281,1,0,1,1,1,1.3113950514510377,0,-0.48546707650208293,3,4,1,1,0,0,1,0,0,1,0,0,1
1,1.4495973685829016,0,0,0,0,0,-1.4907743246039378,0,-0.6333444447801596,3,0,0,1,1,0,0,1,0,0,1,0,0
0,-0.9542963467194051,0,0,0,0,1,-1.3245721077560746,0,-0.375854738432239,0,0,0,0,0,1,0,0,1,0,0,0,1
0,-0.5468567339563023,1,1,0,0,1,0.6632064057443707,0,-0.172453857262262,1,2,0,0,0,0,1,0,1,0,0,0,1
0,-1.1580161531009565,0,0,0,0,0,-1.4974224132778524,0,-0.20601354353851356,0,0,0,0,0,0,0,1,1,0,0,0,0
0,1.5310852911355222,1,1,1,1,1,1.6238552191250208,0,-0.4802452971639277,3,6,1,1,1,0,1,0,0,0,1,0,0
0,-1.2802480369298874,0,0,0,0,1,-0.6614252625331,0,1.953479312498545,0,0,0,0,0,1,0,0,1,0,0,0,0
0,-0.9950403079957154,1,0,0,0,1,0.3474221937334304,0,0.30889256087392625,0,0,0,0,0,0,1,0,1,0,0,0,1
0,0.8384379494382472,1,0,0,0,0,-1.336206262935425,0,-0.6139177496788469,3,0,0,1,0,0,0,1,0,0,1,0,0
0,0.7569500268856267,1,0,0,0,0,-1.322910085587596,0,-0.6109745739221782,3,0,0,1,1,0,0,1,0,1,0,0,0
1,-0.8728084241667845,0,0,0,0,0,-1.4575338812343652,0,-0.4633044716564424,0,0,0,0,1,0,0,1,1,0,0,0,0
1,1.1236456783724194,1,1,1,1,1,1.5224718668478239,0,-0.45545075557611275,3,5,1,1,0,0,1,0,0,0,1,0,1
0,-0.6283446565089229,0,1,0,0,1,-0.30907656281562973,0,-0.30717897463214155,1,2,0,0,1,1,0,0,1,0,0,1,0
0,-1.1987601143772668,0,0,0,0,1,-0.7146099719244163,1,0.5965006935022852,0,0,0,0,0,1,0,0,1,0,0,0,1
0,1.5310852911355222,0,1,1,1,1,1.4859073791412942,1,-0.4870682094993322,3,6,1,1,1,0,1,0,0,1,0,0,0
0,-1.2802480369298874,0,0,0,0,0,-1.5073945462887242,0,0.46809841557575743,0,0,0,0,0,0,0,1,1,0,0,0,0
0,0.4309983366751445,1,0,0,1,1,0.6665304500813278,0,-0.44199252332290717,2,1,1,0,0,0,1,0,1,0,0,0,1
0,-0.6690886177852331,0,0,0,0,0,-1.5024084797832884,0,-0.5325123839345776,1,0,0,0,0,0,0,1,1,0,0,0,0
1,1.0014137945434884,0,1,0,0,0,-0.3772194717232536,0,-0.5595223228142913,3,2,0,1,0,1,0,0,0,1,0,0,1
1,0.18653456901728277,0,0,0,0,0,-1.495760391109374,0,-0.6062723189889101,2,0,0,1,1,0,0,1,0,1,0,1,0
0,1.6125732136881425,1,1,1,1,0,1.5723325319021828,0,-0.4878429518143607,3,6,1,1,1,0,1,0,0,0,1,1,0
0,-0.8728084241667845,1,0,0,0,1,0.6648684279128493,1,0.15779291058664854,0,1,1,0,1,0,1,0,1,0,0,1,0
0,0.7162060656093164,1,0,0,1,1,1.005582972450969,1,-0.44954299757385335,3,3,1,0,0,0,1,0,1,0,0,0,1
0,-1.1172721918246462,0,0,0,0,0,-0.4802648461689289,1,0.3124592908163299,0,1,0,0,0,1,0,0,1,0,0,0,1
0,-1.2802480369298874,1,0,0,0,1,0.325815905543208,1,3.686910064506671,0,0,0,0,1,0,1,0,1,0,0,0,0
0,-0.6690886177852331,0,0,0,0,1,-1.499084435446331,1,-0.5318257407371096,1,0,0,0,0,0,0,1,1,0,0,0,0
0,-1.2395040756535771,0,0,0,0,1,0.3125197281953792,0,2.2200113136490653,0,1,0,0,0,0,1,0,1,0,0,0,1
0,-0.6283446565089229,1,0,1,1,1,0.13966942267360125,0,-0.21963196695496348,1,3,1,0,0,1,0,0,1,0,0,0,0
0,-0.6690886177852331,0,0,0,0,0,-1.5107185906256815,0,-0.5342289919282478,1,0,0,1,1,0,0,1,0,1,0,1,0
0,-0.7098325790615434,0,0,0,0,1,-0.17777681150581762,1,-0.2333719834376317,1,2,1,0,0,1,0,0,1,0,0,0,1
0,-0.9135523854430948,0,0,0,0,1,-1.495760391109374,0,-0.4569816322130907,0,0,0,1,0,0,0,1,0,1,0,0,0
1,0.5532302205040753,0,1,1,1,1,1.3429734726521318,1,-0.4058194092868533,2,5,1,1,1,0,1,0,0,1,0,0,0
1,1.2866215234776603,1,0,1,1,1,1.4759352461304225,0,-0.4709891534414392,3,5,1,1,1,0,1,0,0,0,1,1,0
0,-1.2802480369298874,1,0,0,0,1,0.47705992287476395,0,3.952469321127445,0,1,0,0,0,0,1,0,1,0,0,0,0
1,-0.3023929662984406,0,0,0,0,0,-0.37057138304933923,0,-0.4262279397726461,2,2,0,1,0,1,0,0,0,1,0,0,0
1,1.5718292524118322,0,1,1,1,0,1.1767712558042684,0,-0.5046461141706654,3,5,1,1,1,0,1,0,0,0,1,1,0
0,-0.9950403079957154,0,0,0,0,1,-0.6531151516907069,1,-0.08150224373097147,0,0,0,0,0,1,0,0,1,0,0,0,0
1,1.6125732136881425,0,1,1,1,1,1.4576530022771577,0,-0.49335961257210076,3,6,1,1,1,0,1,0,0,0,1,0,0
0,0.6754621043330061,0,1,0,1,0,-0.8026971468537838,0,-0.5721934943162571,3,2,1,0,1,1,0,0,1,0,0,0,0
1,-0.13941712119319946,0,1,1,0,1,-0.3140626293210656,0,-0.45172881175246005,2,5,1,1,1,1,0,0,0,1,0,1,0
0,1.6125732136881425,1,1,1,0,0,1.3562696499999605,0,-0.49823666048836374,3,5,1,1,1,0,1,0,0,0,1,0,0
0,-0.05792919864057891,1,0,0,1,0,0.9640324182390032,1,-0.3249315623000138,2,3,1,0,0,0,1,0,1,0,0,0,1
0,0.7162060656093164,1,0,0,1,1,1.0271892606411914,0,-0.44805527064600587,3,2,1,0,0,0,1,0,1,0,0,0,1
0,1.5718292524118322,1,1,1,1,0,0.6116837185215331,0,-0.5322072091801473,3,5,1,1,0,1,0,0,0,0,1,0,1
0,1.5310852911355222,1,1,1,1,0,0.8393807556031058,0,-0.5190454733363483,3,6,1,1,1,1,0,0,0,0,1,1,0
0,1.5718292524118322,1,1,1,0,0,1.0920081252118583,0,-0.5087802784220877,3,3,1,1,1,0,1,0,0,1,0,1,0
1,1.1643896396487294,0,1,1,0,1,0.10809100147250711,0,-0.5389745824139747,3,4,0,1,1,1,0,0,0,0,1,0,0
0,-0.01718523736426863,0,0,1,1,1,1.0438094823259778,1,-0.32681072786884213,2,3,1,0,0,0,1,0,1,0,0,0,1
1,-1.2802480369298874,0,0,0,0,1,0.4920181223910713,1,3.9787334234305978,0,1,1,0,0,0,1,0,1,0,0,0,1
0,1.4495973685829016,1,1,0,0,1,1.2399280982064562,0,-0.49436885674769243,3,4,1,1,1,0,1,0,0,0,1,0,0
0,1.2051336009250397,1,0,0,0,0,-1.3760947949789124,0,-0.6237378373124776,3,0,0,1,1,0,0,1,0,0,1,0,0
1,-1.0357842692720256,0,0,0,0,1,0.2078123315812251,0,0.3696080319389321,0,0,0,0,0,0,1,0,1,0,0,0,1
0,-0.506112772679992,1,0,0,1,1,0.679826627429157,1,-0.1932289011475606,1,1,1,0,0,0,1,0,1,0,0,0,1
1,-1.076528230548336,0,0,0,0,0,-1.5073945462887242,0,-0.3427536317200108,0,0,0,1,0,0,0,1,0,1,0,0,0
0,0.02355872391204165,0,1,0,1,1,-0.17777681150581762,0,-0.46298976019093624,2,5,1,0,1,1,0,0,1,0,0,0,0
1,-0.18016108246950976,1,0,0,1,0,0.9108477088476872,0,-0.2959756410826483,2,2,1,1,1,0,1,0,0,1,0,0,0
0,-0.22090504374582004,0,0,0,0,0,-1.494098368940895,0,-0.5843416838577473,2,0,0,1,1,0,0,1,0,0,1,1,0
0,-1.0357842692720256,0,0,0,0,0,-0.6946657059026727,0,-0.02654217780029858,0,0,0,0,0,1,0,0,1,0,0,0,0
0,-0.26164900502213034,1,0,1,0,1,0.5219345214236869,1,-0.3190680744401534,2,1,0,0,0,0,1,0,1,0,0,0,1
0,-1.1172721918246462,1,0,0,0,1,0.8310706447607126,1,1.0799547247862575,0,2,1,0,0,0,1,0,1,0,0,0,1
0,-0.09867315991688919,1,1,0,0,1,0.8543389551194135,0,-0.3263200766690873,2,2,1,0,1,0,1,0,1,0,0,1,0
0,1.24587756220135,1,0,0,0,0,0.8526769329509349,0,-0.5021230580466356,3,2,1,1,1,0,1,0,0,1,0,1,0
0,-1.2802480369298874,0,0,0,0,1,-0.4669686688210999,1,2.29491264243954,0,1,0,0,0,1,0,0,1,0,0,0,1
1,0.8384379494382472,1,0,1,1,1,0.6582203392389346,0,-0.4842184790459906,3,5,1,1,0,1,0,0,0,1,0,0,1
1,-0.7505765403378537,0,0,1,0,1,0.8260845782552769,1,0.03055792609581656,1,3,1,0,1,0,1,0,1,0,0,1,0
0,-0.46536881140368175,0,0,1,1,1,1.1418687902662172,0,-0.14101652268727533,1,4,1,0,1,0,1,0,1,0,0,0,0
0,-0.6283446565089229,0,0,0,0,0,-1.4907743246039378,0,-0.5377194281820438,1,0,0,1,0,0,0,1,0,1,0,0,0
1,-0.6690886177852331,0,0,0,0,0,-1.472492080750673,0,-0.5263325951573651,1,0,0,1,0,0,0,1,0,0,1,0,0
0,0.10504664646466222,0,0,0,0,1,-0.0896896365764501,0,-0.46573633298080847,2,2,1,0,0,1,0,0,1,0,0,0,1
0,-0.01718523736426863,0,0,0,0,1,0.4886940780541142,0,-0.3858828502207158,2,1,1,0,0,0,1,0,1,0,0,0,1
1,-0.18016108246950976,0,0,0,0,1,-1.504070501951767,0,-0.5884027724733143,2,0,0,0,1,0,0,1,1,0,0,0,0
0,-1.2802480369298874,0,0,0,0,1,-1.477478147256109,0,0.5206266201820644,0,0,0,0,0,0,0,1,1,0,0,0,0
0,1.082901717096109,0,0,1,1,1,-0.4353902476200058,0,-0.5665126662625379,3,3,1,0,0,1,0,0,1,0,0,0,1
1,1.6125732136881425,1,0,0,0,1,-1.3794188393158697,0,-0.629837002622277,3,0,0,1,1,0,0,1,0,1,0,0,0
0,0.1457906077409725,0,0,1,0,1,0.020003826543139838,1,-0.46076744876129294,2,3,1,1,0,1,0,0,0,1,0,0,0
0,0.3087664528462136,0,1,0,1,0,0.010031693532267658,0,-0.48175102950712156,2,3,1,0,0,1,0,0,1,0,0,0,0
1,0.3087664528462136,1,0,0,0,1,0.5452028317823878,0,-0.43591340922736327,2,1,0,0,0,0,1,0,1,0,0,0,1
1,-0.9542963467194051,0,0,1,1,1,0.2693071518149348,1,0.1838624639838528,0,4,1,0,0,1,0,0,1,0,0,0,0
1,1.24587756220135,0,1,1,1,0,0.3224918612062509,0,-0.5312141991393646,3,5,1,1,1,1,0,0,0,0,1,1,0
0,-1.1987601143772668,0,0,0,1,1,0.5219345214236869,0,1.6820835886992933,0,1,1,0,0,0,1,0,1,0,0,0,1
1,0.3087664528462136,0,0,1,1,0,-0.14952243464168102,0,-0.49541690387624204,2,5,1,1,0,1,0,0,0,1,0,0,0
0,-0.9950403079957154,0,1,0,0,1,0.3391120828910372,0,0.30565007910810493,0,1,0,0,0,0,1,0,1,0,0,0,0
0,0.06430268518835193,0,1,1,1,0,0.8427047999400633,0,-0.3664330128441236,2,3,1,1,0,0,1,0,0,1,0,0,0
0,-1.1172721918246462,0,1,1,0,0,-0.824303435044006,1,0.11110117315882032,0,3,0,0,0,1,0,0,1,0,0,0,0
0,-0.9542963467194051,1,0,0,1,1,1.151840923277089,1,0.49377887116106306,0,3,1,0,1,0,1,0,1,0,0,1,0
0,-0.9542963467194051,1,0,0,0,1,0.14133144484207977,0,0.1389216667095679,0,3,1,0,1,1,0,0,1,0,0,1,0
1,-0.05792919864057891,1,0,0,0,0,-0.16946670066342445,0,-0.4493212690413376,2,1,1,0,1,1,0,0,1,0,0,0,0
0,0.7162060656093164,0,0,0,0,1,-1.494098368940895,0,-0.6216615590725145,3,0,0,1,1,0,0,1,0,1,0,0,0
0,-1.2395040756535771,0,1,1,0,1,0.7130670707987297,1,2.688874176986841,0,3,0,0,0,0,1,0,1,0,0,0,1
0,-1.2802480369298874,0,0,0,0,1,-0.6364949300059205,1,1.997252816337134,0,0,0,0,0,1,0,0,1,0,0,0,1
0,-0.9950403079957154,0,0,0,0,1,0.17623391038013098,1,0.2420974364980051,0,0,0,0,0,0,1,0,1,0,0,0,0
0,-0.9542963467194051,0,0,0,0,0,-0.7993731025168266,0,-0.19142237559231723,0,2,1,0,0,1,0,0,1,0,0,0,1
0,-1.2395040756535771,0,0,0,0,1,0.17955795471708852,1,2.0643721888896374,0,0,0,0,1,0,1,0,1,0,0,0,0
0,-1.1987601143772668,0,1,0,0,0,-0.3140626293210656,1,0.9481478410056172,0,2,0,0,0,1,0,0,1,0,0,0,1
0,-0.3023929662984406,0,0,1,1,1,1.0271892606411914,0,-0.23744067449955183,2,3,1,0,1,0,1,0,1,0,0,1,0
0,-1.2802480369298874,0,0,0,0,0,-0.6148886418156984,0,2.0351898529972448,0,0,0,0,0,1,0,0,1,0,0,0,1
1,0.512486259227765,1,1,1,1,0,0.5485268761193449,0,-0.46078802385122886,2,5,1,0,0,1,0,0,1,0,0,0,0
1,0.7569500268856267,1,0,0,0,1,0.6449241618911058,1,-0.4780827058583592,3,2,0,0,0,0,1,0,1,0,0,0,1
1,0.9199258719908678,0,0,0,0,0,-1.4891123024354593,0,-0.6254053993634714,3,0,0,0,1,0,0,1,1,0,0,1,0
0,0.22727853029359305,1,1,0,0,1,0.044934159070319335,0,-0.4691035255837769,2,3,0,0,1,1,0,0,1,0,0,0,0
0,-1.2395040756535771,0,0,0,0,0,-0.6298468413320059,1,1.1169190169166214,0,0,0,0,0,1,0,0,1,0,0,0,0
1,0.22727853029359305,0,0,0,0,0,-1.5024084797832884,0,-0.6084304728443799,2,0,0,0,0,0,0,1,1,0,0,0,1
0,0.06430268518835193,0,0,0,0,1,-0.498547090022194,0,-0.5010052703593288,2,1,0,0,0,1,0,0,1,0,0,0,1
0,1.5310852911355222,1,0,0,1,1,1.228293943027106,0,-0.49980979277629234,3,3,1,1,0,0,1,0,0,1,0,0,1
0,-0.791320501614164,0,1,1,0,0,-0.3207107179949802,0,-0.20726421507675902,1,2,0,1,0,1,0,0,0,1,0,0,0
0,0.2680224915699033,1,0,0,0,0,0.3474221937334304,1,-0.44749737304806303,2,0,0,0,0,0,1,0,1,0,0,0,1
0,1.1643896396487294,1,0,0,1,1,1.301422918440166,0,-0.4713845270244974,3,4,1,1,0,0,1,0,0,1,0,0,1
0,-0.8320644628904743,1,0,0,1,1,1.17510923363579,1,0.23217045386110585,0,3,1,0,1,0,1,0,1,0,0,0,0
0,0.3495104141225239,0,0,1,1,1,1.1584890119510036,0,-0.3901401866690865,2,4,1,1,1,0,1,0,0,0,1,1,0
0,-0.46536881140368175,1,0,0,0,1,0.2958995065105929,0,-0.276051149680256,1,0,0,0,0,0,1,0,1,0,0,0,1
0,0.9199258719908678,0,0,0,1,1,-0.49023697917980086,0,-0.5627675998230142,3,3,1,1,1,1,0,0,0,1,0,0,0
0,1.4903413298592119,0,1,1,1,0,-0.15118445681015957,0,-0.5666238370659374,3,5,1,1,1,1,0,0,0,0,1,0,0
1,-0.26164900502213034,1,0,0,1,0,1.3612557165053967,1,-0.2099045216574993,2,4,1,0,0,0,1,0,1,0,0,0,1
0,1.4903413298592119,0,1,0,0,0,0.7479695363367809,0,-0.5215162835865533,3,3,1,1,1,0,1,0,0,1,0,1,0
0,-0.5876006952326126,0,0,0,1,1,-0.5467457329080743,1,-0.37004898950206827,1,3,1,0,0,1,0,0,1,0,0,0,1
1,0.5939741817803856,1,0,0,0,0,-0.3506271170275956,0,-0.5351659737914595,2,1,0,0,0,1,0,0,1,0,0,0,1
1,1.6125732136881425,0,1,1,1,0,0.6814886495976356,0,-0.5306970121933265,3,6,1,1,1,1,0,0,0,0,1,0,0
0,0.02355872391204165,0,0,1,1,1,-0.4918990013482794,0,-0.49543365127130223,2,4,1,0,0,1,0,0,1,0,0,0,1
1,-1.2395040756535771,0,0,0,0,1,-1.3428543516093396,1,0.2823042103941907,0,0,0,0,0,1,0,0,1,0,0,0,0
1,1.6125732136881425,1,1,1,1,0,0.8692971546357213,0,-0.5216624808074624,3,6,1,1,1,1,0,0,0,0,1,1,0
0,0.18653456901728277,0,0,0,0,1,0.2477008636247124,0,-0.44515510661459473,2,0,0,0,1,0,1,0,1,0,0,0,0
1,1.2051336009250397,1,0,0,0,1,1.0404854379890203,0,-0.4890358805266395,3,3,1,0,1,0,1,0,1,0,0,1,0
0,1.5718292524118322,0,0,0,0,0,-1.494098368940895,0,-0.6349128191125405,3,0,0,1,1,0,0,1,0,0,1,1,0
1,-0.38388088885106114,0,0,1,0,1,-0.3157246514895444,0,-0.3981305881634321,1,2,0,0,1,1,0,0,1,0,0,0,0
0,-0.6690886177852331,0,0,0,0,0,-1.485788258098502,0,-0.5290791679472373,1,0,0,1,0,0,0,1,0,1,0,0,0
0,-0.9542963467194051,0,1,1,1,1,0.15628964435838757,0,0.14417448717019868,0,4,1,0,0,1,0,0,1,0,0,0,0
1,-0.6283446565089229,1,0,0,0,1,-1.3179240190821602,0,-0.5039976178175012,1,0,0,1,0,0,0,1,0,0,1,0,0
0,-1.1580161531009565,0,0,0,0,0,-1.4575338812343652,1,-0.17799850108181667,0,0,0,0,1,0,0,1,1,0,0,0,0
0,-1.2802480369298874,0,1,0,0,1,-0.5068572008645872,1,2.224875036297797,0,1,0,0,0,1,0,0,1,0,0,0,1
0,-0.3431369275747509,1,0,0,0,1,0.4936801445595503,0,-0.2951947620256656,1,1,0,0,0,0,1,0,1,0,0,0,0
0,-1.2802480369298874,0,0,0,0,1,0.21446042025513973,0,3.49138841402764,0,0,0,0,0,0,1,0,1,0,0,0,1
0,1.6125732136881425,1,1,1,1,0,1.6288412856304566,0,-0.4851245972380831,3,6,1,1,1,0,1,0,0,0,1,0,0
0,1.6125732136881425,1,0,0,0,0,-1.3378682851039039,0,-0.627838212492661,3,0,0,1,0,0,0,1,0,0,1,0,1
1,-0.8728084241667845,0,0,0,0,0,-1.499084435446331,0,-0.47546377827827274,0,0,0,0,1,0,0,1,1,0,0,1,0
0,-0.9542963467194051,0,0,0,0,0,-1.4808021915930663,1,-0.4307175299099373,0,0,0,0,0,0,0,1,1,0,0,0,0
0,-1.2395040756535771,0,0,0,0,0,-0.48691293484284354,1,1.284231076033006,0,1,0,0,1,1,0,0,1,0,0,1,0
0,1.1236456783724194,1,0,0,1,1,1.1867433888151402,0,-0.47477807311795966,3,3,1,1,1,0,1,0,0,1,0,1,0
0,-0.13941712119319946,1,0,0,0,1,1.033837349315106,1,-0.2939496490275902,2,3,1,0,0,0,1,0,1,0,0,0,1
0,0.6754621043330061,0,0,1,1,1,0.32082983903777235,0,-0.4932844580632272,3,4,1,1,1,1,0,0,0,0,1,0,0
0,-0.09867315991688919,1,0,0,1,1,1.3064089849456015,0,-0.2751097840063079,2,4,1,0,0,0,1,0,1,0,0,0,1
0,0.8384379494382472,0,0,0,0,0,-1.5206907236365534,0,-0.6259149322123861,3,0,0,1,1,0,0,1,0,1,0,1,0
1,0.2680224915699033,1,0,0,0,0,-1.322910085587596,0,-0.5941386109073363,2,0,0,1,0,0,0,1,0,0,1,0,0
0,-0.9542963467194051,0,0,0,0,0,-1.5206907236365534,0,-0.44472505113828575,0,0,0,0,0,0,0,1,1,0,0,0,0
0,0.2680224915699033,0,0,1,0,0,0.5684711421410888,0,-0.4280911196796219,2,2,0,1,0,0,1,0,0,1,0,0,1
0,-0.9950403079957154,0,0,0,0,1,0.1629377330323022,0,0.23690946567269097,0,0,0,0,0,0,1,0,1,0,0,0,1
1,0.7569500268856267,1,0,0,0,1,0.8427047999400633,0,-0.464726175199918,3,2,1,1,0,0,1,0,0,1,0,0,1
1,1.5718292524118322,1,0,0,0,0,-1.3112759304082455,0,-0.6259959942565316,3,0,0,1,1,0,0,1,0,0,1,1,0
0,1.5718292524118322,1,0,0,0,1,-1.3345442407669466,0,-0.6271308628745692,3,0,0,1,0,0,0,1,0,0,1,0,0
0,1.5310852911355222,0,0,0,0,1,-1.504070501951767,0,-0.6349527792751475,3,0,0,1,1,0,0,1,0,0,1,1,0
0,-1.2802480369298874,0,0,0,0,0,-1.3145999747452028,1,0.8066135119275126,0,0,0,0,0,1,0,0,1,0,0,0,1
0,0.22727853029359305,0,1,1,1,1,-0.15949456765255274,0,-0.48751084514667076,2,5,1,1,1,1,0,0,0,0,1,0,0
0,-0.18016108246950976,0,0,0,0,0,0.8343946890976701,0,-0.30523348557264873,2,3,1,0,1,0,1,0,1,0,0,1,0
0,-0.01718523736426863,0,0,0,0,0,-1.509056568457203,0,-0.5984717456307522,2,0,0,0,1,0,0,1,1,0,0,0,0
0,0.6754621043330061,0,0,0,0,0,-0.498547090022194,0,-0.5508320244430255,3,1,0,1,0,1,0,0,0,0,1,0,0
1,0.18653456901728277,1,0,0,0,1,-1.3528264846202114,0,-0.593063472216564,2,0,0,1,1,0,0,1,0,0,1,0,0
0,-0.9135523854430948,0,0,1,0,0,-0.3506271170275956,0,-0.09140655167020778,0,2,0,0,0,1,0,0,1,0,0,0,1
0,1.4088534073065913,1,1,0,1,0,1.4992035564891233,0,-0.47843923213396766,3,5,1,1,1,0,1,0,0,1,0,1,0
0,-1.0357842692720256,0,0,1,0,1,-0.9738854302070831,0,-0.14910798854834784,0,2,0,1,1,1,0,0,0,1,0,1,0
0,0.7569500268856267,0,0,0,1,0,0.7562796471791741,0,-0.4705626423783965,3,2,1,1,1,0,1,0,0,1,0,1,0
0,-0.9542963467194051,0,0,0,0,0,-0.6531151516907069,1,-0.14006146442170614,0,0,0,0,0,1,0,0,1,0,0,0,1
0,-0.9542963467194051,0,0,0,1,1,0.7845340240433111,0,0.36479294651668737,0,2,1,0,0,0,1,0,1,0,0,0,0
0,-1.1580161531009565,0,0,1,0,1,-0.46530664665262134,0,0.5188756800285208,0,1,0,0,0,1,0,0,1,0,0,0,0
0,1.5718292524118322,1,1,0,1,1,1.1368827237607813,0,-0.5065916032301583,3,4,1,1,0,0,1,0,0,0,1,0,1
1,0.7162060656093164,1,0,0,1,1,0.6515722505650204,1,-0.47391883108396954,3,1,1,0,1,0,1,0,1,0,0,0,0
1,-0.3431369275747509,0,0,0,1,1,1.055443637505328,0,-0.2162857257726358,1,3,1,1,0,0,1,0,0,0,1,0,1
0,-0.42462485012737144,0,1,0,1,1,-0.1678046784949459,0,-0.36385191679997664,1,2,1,1,1,1,0,0,0,1,0,0,0
0,0.4717422979514547,1,1,0,1,1,1.5523882658804395,0,-0.3778650771270483,2,5,1,0,0,0,1,0,1,0,0,0,1
1,0.02355872391204165,1,0,0,0,0,-1.3478404181147754,0,-0.5838389629453155,2,0,0,0,1,0,0,1,1,0,0,0,0
0,-1.2802480369298874,1,0,0,0,1,0.3424361272279943,1,3.7160924003990634,0,0,0,0,0,0,1,0,1,0,0,0,1
0,0.8791819107145575,1,0,0,1,1,0.17789593254861,1,-0.5182114787945837,3,2,1,1,1,1,0,0,0,1,0,1,0
0,0.3902543753988342,1,0,0,1,1,1.228293943027106,1,-0.39088024812195005,2,3,1,0,0,0,1,0,1,0,0,0,1
0,-1.2802480369298874,0,0,0,0,0,-0.6315088635004846,1,2.006007517104852,0,0,0,0,0,1,0,0,1,0,0,0,1
0,-1.2802480369298874,0,0,0,0,0,-1.472492080750673,0,0.5293813209497821,0,0,0,0,0,0,0,1,1,0,0,0,0
0,-0.09867315991688919,0,1,1,1,0,0.18620604339100316,0,-0.40200587685451866,2,4,1,1,0,1,0,0,0,1,0,0,1
0,-1.2802480369298874,0,0,1,0,0,-1.1384256248864677,0,1.1159462723868752,0,1,0,0,0,1,0,0,1,0,0,0,0
1,-0.6690886177852331,1,1,1,1,0,0.6681924722498068,0,-0.08413437598793236,1,5,1,0,0,1,0,0,1,0,0,0,1
0,-1.2802480369298874,0,0,0,0,1,-1.485788258098502,1,0.5060354522358681,0,0,0,0,0,0,0,1,1,0,0,0,0
0,-0.9542963467194051,0,0,1,1,0,-0.8026971468537838,1,-0.192589669028013,0,2,1,0,0,1,0,0,1,0,0,0,0
0,0.5532302205040753,1,0,0,1,1,1.2033636104999266,1,-0.4162505421164745,2,3,1,0,0,0,1,0,1,0,0,0,1
0,-1.2802480369298874,0,0,0,0,1,0.14299346701055832,1,3.3659043696903512,0,0,0,0,0,0,1,0,1,0,0,0,1
0,1.5718292524118322,0,1,1,0,0,-0.3423170061852024,0,-0.5787368225196846,3,2,0,1,1,1,0,0,0,0,1,0,0
0,0.4309983366751445,1,0,0,0,1,0.35074623807038746,0,-0.4671954497754281,2,0,0,0,1,0,1,0,1,0,0,1,0
0,0.7162060656093164,0,1,1,1,1,-0.6763834620494076,0,-0.5653568168801334,3,3,1,1,1,1,0,0,0,1,0,0,0
0,-0.791320501614164,1,0,0,0,1,0.3391120828910372,1,-0.041758681515617645,1,0,0,0,0,0,1,0,1,0,0,0,0
1,-0.5468567339563023,0,0,1,1,0,1.1701231671303538,1,-0.0834477327904643,1,4,1,1,1,0,1,0,0,1,0,0,0
0,0.3495104141225239,1,0,0,1,0,1.1053043025596871,0,-0.39458701880507013,2,3,1,0,1,0,1,0,1,0,0,0,0
0,-1.2802480369298874,0,0,0,0,1,0.21113637591818266,1,3.485551946849162,0,0,0,0,0,0,1,0,1,0,0,0,1
0,-0.3431369275747509,0,0,0,1,1,-0.35395116136455285,1,-0.41425869246662783,1,4,1,0,1,1,0,0,1,0,0,1,0
0,0.3087664528462136,1,0,0,1,0,-0.029856838511219397,0,-0.4851674980994017,2,2,1,1,1,1,0,0,0,1,0,0,0
1,-1.1987601143772668,1,0,0,1,1,0.14465548917903734,0,1.3508640763206363,0,3,1,0,1,1,0,0,1,0,0,0,0
0,0.18653456901728277,1,1,0,1,0,-0.0049265059840396625,0,-0.4685009753285089,2,2,1,1,1,1,0,0,0,1,0,0,0
1,1.4088534073065913,1,1,1,1,1,1.4609770466141145,1,-0.4804133313266883,3,5,1,1,1,0,1,0,0,0,1,1,0
1,-0.01718523736426863,1,0,0,1,1,1.131896657255345,0,-0.31743700785492207,2,3,1,0,0,0,1,0,1,0,0,0,1
0,-1.076528230548336,0,0,1,0,1,-0.5201533782124163,1,0.15251229742516798,0,1,0,0,0,1,0,0,1,0,0,0,1
1,-0.01718523736426863,1,1,0,1,0,0.8244225560867979,0,-0.3501565965827563,2,2,1,0,0,0,1,0,1,0,0,0,1
0,1.082901717096109,1,0,0,0,1,0.6133457406900117,0,-0.5051324864355387,3,2,0,0,0,0,1,0,1,0,0,0,1
0,-0.09867315991688919,0,0,1,0,0,0.18121997688556707,0,-0.40257069625888753,2,4,1,1,1,1,0,0,0,1,0,0,0
1,-0.506112772679992,0,0,0,0,1,-1.509056568457203,1,-0.5592587713407146,1,0,0,0,0,0,0,1,1,0,0,0,1
1,-0.22090504374582004,1,0,0,0,0,-1.3395303072723823,0,-0.5649562750149436,2,0,0,1,0,0,0,1,0,0,1,0,1
0,-0.506112772679992,1,1,0,0,1,0.47705992287476395,1,-0.22713599618443586,1,1,0,0,0,0,1,0,1,0,0,0,1
1,-0.9542963467194051,0,0,0,0,0,-1.485788258098502,0,-0.4324684700634808,0,0,0,1,0,0,0,1,0,1,0,0,0
1,1.4495973685829016,1,1,0,1,1,0.2726311961518919,0,-0.5435981886009461,3,4,1,1,1,1,0,0,0,1,0,1,0
1,1.4903413298592119,1,1,1,0,0,-0.11295794693515106,0,-0.5647061407072945,3,2,0,1,1,1,0,0,0,0,1,1,0
0,-0.26164900502213034,1,0,1,0,1,0.6482482062280629,0,-0.3026395001599916,2,2,0,0,0,0,1,0,1,0,0,0,0
1,1.4903413298592119,0,0,0,0,0,-1.4924363467724167,0,-0.6339099658235401,3,0,0,1,1,0,0,1,0,0,1,0,0
0,-0.8728084241667845,0,0,0,0,0,-1.4758161250876303,0,-0.4686545665700477,0,0,0,1,0,0,0,1,0,0,1,0,0
0,-1.2802480369298874,1,0,0,0,0,-0.4669686688210999,0,2.29491264243954,0,0,0,0,0,1,0,0,1,0,0,0,0
1,-0.9135523854430948,0,0,0,0,0,-1.4741541029191516,0,-0.4500839891839797,0,0,0,1,0,0,0,1,0,1,0,0,0
1,0.9199258719908678,1,1,1,0,1,0.36404241541821675,0,-0.5091971689348362,3,4,1,1,1,1,0,0,0,1,0,0,0
0,0.4717422979514547,0,1,1,1,0,0.020003826543139838,0,-0.4974478046505419,2,3,1,1,0,1,0,0,0,1,0,0,1
0,0.5532302205040753,0,0,0,0,1,0.5186104770867298,1,-0.4674127650427119,2,1,1,0,0,0,1,0,1,0,0,0,1
1,1.4903413298592119,0,1,0,0,1,-0.1678046784949459,0,-0.5674576180914345,3,3,0,1,1,1,0,0,0,0,1,0,0
0,-0.8728084241667845,0,0,0,0,1,0.45545363468454153,0,0.09651000521262397,0,1,1,0,0,0,1,0,1,0,0,0,1
0,-0.8728084241667845,1,0,0,1,1,1.2366040538694991,1,0.3251049697030333,0,3,1,0,0,0,1,0,1,0,0,0,1
0,-0.13941712119319946,0,0,0,0,0,-0.5268014668863306,0,-0.4766310717139684,2,1,0,0,1,1,0,0,1,0,0,0,0
0,1.0014137945434884,1,1,0,1,1,1.1584890119510036,0,-0.4665413629364607,3,3,1,0,0,0,1,0,1,0,0,0,1
0,-0.18016108246950976,0,0,0,0,0,-1.5472830783322116,0,-0.5936354671850537,2,0,0,1,1,0,0,1,0,1,0,1,0
0,0.3902543753988342,0,1,0,0,0,-0.34065498401672384,0,-0.5190110624587811,2,2,0,0,1,1,0,0,1,0,0,1,0
0,-1.2395040756535771,0,0,0,0,0,-1.4675060142452372,1,0.13639253093222722,0,0,0,0,0,0,0,1,1,0,0,0,0
1,-0.38388088885106114,0,1,1,0,0,-0.8026971468537838,0,-0.4693841249673576,1,3,0,1,1,1,0,0,0,1,0,0,0
1,-0.5876006952326126,0,0,0,0,0,-1.4741541029191516,0,-0.5414568150594906,1,0,0,0,0,0,0,1,1,0,0,0,0
1,1.2051336009250397,1,0,0,0,0,-1.3295581742615106,0,-0.6211438518998204,3,0,0,1,1,0,0,1,0,1,0,0,0
0,-1.2802480369298874,0,0,0,0,1,0.19950222073883195,1,3.4651243117244865,0,0,0,0,0,0,1,0,1,0,0,0,0
0,-0.6690886177852331,1,0,1,0,1,0.8061403122335331,1,-0.05563868329300773,1,2,1,0,1,0,1,0,1,0,0,1,0
0,-1.1987601143772668,1,0,0,1,1,1.0571056596738067,1,2.1519191965668156,0,2,1,0,0,0,1,0,1,0,0,0,1
0,1.4088534073065913,1,1,1,1,1,0.7978302013911399,0,-0.514659660800408,3,6,1,1,1,1,0,0,0,1,0,0,0
0,1.2051336009250397,0,0,0,0,1,-1.4874502802669807,0,-0.6299448738356214,3,0,0,1,1,0,0,1,0,0,1,1,0
0,1.0014137945434884,1,0,0,1,1,1.3197051622934308,1,-0.4567803747241776,3,4,1,0,1,0,1,0,1,0,0,1,0
0,-1.2395040756535771,0,0,0,0,1,0.1662617773692593,0,2.048808276413695,0,0,0,0,0,0,1,0,1,0,0,0,1
1,-0.38388088885106114,1,1,1,1,1,0.41057903613561864,0,-0.2918582482886354,1,4,1,1,1,1,0,0,0,0,1,0,0
1,-0.3023929662984406,0,1,1,0,0,-0.9888436297233908,0,-0.5097343163262621,2,2,0,1,1,1,0,0,0,0,1,0,0
0,1.6125732136881425,1,0,1,1,1,1.4393707584238922,0,-0.49423908022913177,3,5,1,1,1,0,1,0,0,0,1,0,0
0,-1.2395040756535771,1,0,0,1,1,0.6399380953856697,0,2.6032726583691557,0,1,1,0,0,0,1,0,1,0,0,0,1
0,-0.9950403079957154,0,0,0,0,1,-1.4824642137615447,0,-0.40510192395994815,0,0,0,1,1,0,0,1,0,1,0,0,0
0,-1.1172721918246462,1,0,0,0,1,-0.47195473532653576,1,0.317323013465062,0,0,0,0,0,1,0,0,1,0,0,0,0
0,0.10504664646466222,0,0,0,1,0,-0.5184913560439374,0,-0.5075643477599047,2,3,1,0,0,1,0,0,1,0,0,0,1
0,-0.3431369275747509,1,0,0,0,0,-1.336206262935425,0,-0.5522327765658605,1,0,0,1,0,0,0,1,0,1,0,0,1
1,-1.2395040756535771,0,0,0,0,1,0.22775659760296899,0,2.12079137161493,0,0,0,0,0,0,1,0,1,0,0,0,1
1,1.6125732136881425,1,1,1,0,1,1.33300133964126,0,-0.4993559829609485,3,5,1,1,1,0,1,0,0,0,1,1,0
0,0.3495104141225239,1,1,1,1,1,1.3861860490325761,0,-0.3711021865869065,2,5,1,0,0,0,1,0,1,0,0,0,1
1,-1.1580161531009565,0,1,0,0,0,-0.5135052895385016,1,0.48502417039334533,0,1,0,0,0,1,0,0,1,0,0,0,1
0,-0.26164900502213034,0,0,0,0,0,0.35573230457582355,0,-0.34068461954562945,2,1,0,1,1,0,1,0,0,1,0,0,0
0,-1.0357842692720256,0,0,0,1,1,0.978990617755311,1,0.7081231282906874,0,3,1,0,0,0,1,0,1,0,0,0,1
0,-1.2802480369298874,0,0,0,0,1,0.1380074005051227,1,3.357149668922634,0,0,0,0,0,0,1,0,1,0,0,0,1
1,-1.1580161531009565,1,0,1,0,1,-0.20935523270691173,0,0.6986388691256596,0,2,0,0,0,1,0,0,1,0,0,0,0
0,0.6347181430566958,0,0,1,1,0,0.4687498120323708,0,-0.4791363851762949,2,5,1,1,1,1,0,0,0,0,1,1,0
0,-1.2395040756535771,1,0,0,1,1,0.9656944404074818,1,2.9845885140297534,0,2,1,0,0,0,1,0,1,0,0,0,1
0,-0.8320644628904743,0,1,1,1,1,0.4787219450432425,0,0.044056627108605355,0,5,1,1,0,1,0,0,0,1,0,0,1
0,1.1236456783724194,1,1,1,1,1,1.4842453569728156,0,-0.4576513907417685,3,5,1,0,1,0,1,0,1,0,0,0,0
0,0.9199258719908678,0,1,1,0,1,-0.18608692234821078,0,-0.5436948588647719,3,3,0,1,0,1,0,0,0,0,1,0,1
0,-1.2802480369298874,0,0,1,0,0,-1.1849622456038695,0,1.0342357318881754,0,1,0,0,0,1,0,0,1,0,0,0,0
0,-1.2802480369298874,0,0,0,0,0,-1.4874502802669807,0,0.5031172186466287,0,0,0,0,0,0,0,1,1,0,0,0,0
0,-1.1580161531009565,1,0,0,0,1,0.37401454842908843,1,1.1083588650548528,0,0,0,0,0,0,1,0,1,0,0,0,1
0,-1.2802480369298874,0,0,0,0,1,-1.3411923294408608,1,0.7599217744996843,0,0,0,0,0,1,0,0,1,0,0,0,0
0,0.3902543753988342,0,0,1,0,0,0.05656831424966958,0,-0.4865711634900284,2,3,1,1,1,1,0,0,0,0,1,1,0
0,-1.2802480369298874,0,1,0,0,0,-0.5068572008645872,0,2.224875036297797,0,1,0,0,1,1,0,0,1,0,0,0,0
0,-1.0357842692720256,1,0,0,1,1,0.8161124452444047,1,0.6366264053543251,0,2,1,0,1,0,1,0,1,0,0,1,0
0,-1.1987601143772668,0,0,0,0,1,0.2925754621736353,0,1.4807254710417836,0,1,0,0,1,0,1,0,1,0,0,1,0
0,1.6125732136881425,1,1,0,1,1,0.5934014746682683,0,-0.5349344472681122,3,5,1,1,1,1,0,0,0,0,1,1,0
0,-0.7098325790615434,1,0,0,0,1,-0.525139444717852,0,-0.3096108359565076,1,0,0,0,0,1,0,0,1,0,0,0,1
0,-1.1580161531009565,0,0,0,1,1,0.5169484549182508,1,1.208746100524684,0,1,1,0,0,0,1,0,1,0,0,0,1
0,-0.8728084241667845,1,0,0,0,0,-1.3162619969136813,0,-0.42196282914221944,0,0,0,1,0,0,0,1,0,1,0,0,1
0,-1.1172721918246462,1,0,0,0,0,-1.3079518860712882,0,-0.17196748499738884,0,0,0,0,0,0,0,1,1,0,0,0,0
0,-1.2802480369298874,0,1,0,0,1,-0.29910442980475804,1,2.5896542349527056,0,2,0,0,0,1,0,0,1,0,0,0,1
0,1.6125732136881425,1,1,1,1,1,1.532443999858696,0,-0.4897617903387921,3,5,1,1,1,0,1,0,0,0,1,1,0
0,0.9199258719908678,1,0,0,0,1,0.43052330215736206,0,-0.5050282638073514,3,1,0,0,1,0,1,0,1,0,0,1,0
1,0.3087664528462136,1,0,0,0,1,-1.2830215535441087,0,-0.5925015530402021,2,0,0,0,0,0,0,1,1,0,0,0,1
0,1.0014137945434884,0,0,0,0,0,-1.4924363467724167,0,-0.6270442103446205,3,0,0,1,1,0,0,1,0,0,1,0,0
0,-1.2802480369298874,0,0,0,1,1,0.4737358785378064,1,3.946632853948966,0,1,1,0,0,0,1,0,1,0,0,0,1
0,-1.2802480369298874,0,1,0,1,1,1.0039209502824906,1,4.877549368916292,0,3,1,0,0,0,1,0,1,0,0,0,1
0,-1.2802480369298874,0,0,0,0,0,-1.3162619969136813,1,0.8036952783382734,0,0,0,0,0,1,0,0,1,0,0,0,0
1,0.797693988161937,1,0,0,1,1,0.5335686766030371,0,-0.4890271406836049,3,4,1,1,0,1,0,0,0,1,0,0,1
0,0.3495104141225239,1,0,0,1,1,1.1169384577390378,1,-0.3936142742753237,2,3,1,0,0,0,1,0,1,0,0,0,1
0,0.4309983366751445,0,0,0,1,1,-0.28082218595149294,0,-0.51760130268047,2,1,1,1,0,1,0,0,0,1,0,0,0
1,0.5939741817803856,0,0,0,0,0,-1.5123806127941604,0,-0.6201595270780531,2,0,0,1,1,0,0,1,0,0,1,0,0
0,-1.1987601143772668,1,0,0,0,0,-0.47860282400045034,0,0.8036952783382734,0,0,0,0,1,1,0,0,1,0,0,0,0
1,1.368109446030281,1,1,1,1,0,0.48537003371715715,1,-0.5287614673633342,3,5,1,1,1,1,0,0,0,0,1,1,0
1,0.9199258719908678,0,0,1,0,1,-0.3173866736580229,0,-0.551928446491554,3,2,0,1,1,1,0,0,0,0,1,1,0
0,-0.13941712119319946,0,0,0,0,0,-1.5190287014680746,0,-0.5927767685656913,2,0,0,1,0,0,0,1,0,1,0,0,0
1,-0.8320644628904743,1,0,0,1,1,0.6399380953856697,0,0.08760565144032978,0,1,1,0,0,0,1,0,1,0,0,0,1
0,1.368109446030281,1,0,0,1,1,1.3429734726521318,0,-0.48381195894400697,3,4,1,0,0,0,1,0,1,0,0,0,1
0,0.10504664646466222,1,0,0,1,1,1.2166597878477559,1,-0.3383067995840271,2,3,1,0,0,0,1,0,1,0,0,0,1
0,-0.9135523854430948,1,0,0,0,1,0.8310706447607126,1,0.2858414632296323,0,2,1,0,0,0,1,0,1,0,0,0,1
1,-0.22090504374582004,1,0,0,0,1,0.36404241541821675,0,-0.3512998872313543,2,0,0,0,1,0,1,0,1,0,0,0,0
0,1.0421577558197987,0,0,1,1,1,1.0138930832933621,0,-0.47854688382170624,3,3,1,0,0,0,1,0,1,0,0,0,1
0,0.8791819107145575,0,1,1,1,0,1.4942174899836873,1,-0.4341663514244928,3,6,1,1,1,0,1,0,0,0,1,0,0
0,-0.9542963467194051,0,0,0,0,0,-1.494098368940895,0,-0.4353867036527201,0,0,0,0,0,0,0,1,1,0,0,0,0
0,-1.2395040756535771,0,0,0,0,0,-1.5123806127941604,1,0.08386432632592046,0,0,0,1,1,0,0,1,0,1,0,1,0
0,-1.076528230548336,0,0,0,0,1,0.14299346701055832,0,0.4851909265984445,0,0,0,0,0,0,1,0,1,0,0,0,1
0,-0.26164900502213034,0,0,0,1,1,0.8792692876465931,1,-0.27259250246337985,2,2,1,0,0,0,1,0,1,0,0,0,1
0,-0.9542963467194051,0,0,0,0,0,-1.4808021915930663,0,-0.4307175299099373,0,0,0,0,0,0,0,1,1,0,0,0,0
0,-0.9950403079957154,0,0,0,0,1,-0.33400689534280925,0,0.04300905607657064,0,2,0,0,0,1,0,0,1,0,0,0,0
0,-0.8320644628904743,0,0,0,1,1,0.553512942624781,0,0.0642597827264156,0,1,1,0,0,0,1,0,1,0,0,0,1
0,-0.7098325790615434,1,0,0,0,1,-0.5218154003808947,1,-0.3088812775591978,1,0,0,0,0,1,0,0,1,0,0,0,1
0,0.4309983366751445,1,1,0,1,1,0.5119623884128152,0,-0.45432869258650954,2,4,1,1,0,1,0,0,0,1,0,0,1
0,0.3902543753988342,1,0,1,1,1,1.1800953001412255,0,-0.39481647017255184,2,3,1,0,0,0,1,0,1,0,0,0,1
0,-0.05792919864057891,1,1,1,0,0,0.015017760037703748,1,-0.42907602351599017,2,3,0,0,1,1,0,0,1,0,0,1,0
1,1.368109446030281,1,1,1,0,1,0.8692971546357213,0,-0.5086387223151471,3,3,0,1,1,0,1,0,0,0,1,1,0
0,-0.5876006952326126,1,0,1,0,1,0.6864747161030716,1,-0.14211958705832747,1,2,0,0,0,0,1,0,1,0,0,0,1
0,-1.2802480369298874,0,0,0,0,0,-1.4891123024354593,0,0.5001989850573895,0,0,0,0,0,0,0,1,1,0,0,0,0
0,1.1643896396487294,1,0,1,1,1,0.974004551249875,1,-0.489929430801276,3,3,1,1,0,0,1,0,0,0,1,0,1
0,-0.9135523854430948,1,0,0,0,0,0.5003282332334644,0,0.18025446609170231,0,1,0,0,0,0,1,0,1,0,0,0,1
0,-1.2802480369298874,0,0,0,0,1,0.22775659760296899,1,3.5147342827415544,0,0,0,0,0,0,1,0,1,0,0,0,1
0,-0.5876006952326126,0,0,0,0,1,0.2909134400051568,0,-0.21522901803084815,1,1,0,0,0,0,1,0,1,0,0,0,1
0,-0.3431369275747509,1,0,0,1,1,1.3246912287988668,1,-0.1784654184560949,1,4,1,0,0,0,1,0,1,0,0,0,1
1,-1.1987601143772668,0,0,0,0,0,-1.5123806127941604,0,-0.10387536791513916,0,0,0,0,0,0,0,1,1,0,0,0,0
0,0.7162060656093164,0,0,0,0,0,-1.4841262359300234,0,-0.6209749158750464,3,0,0,1,1,0,0,1,0,1,0,1,0
1,-1.2802480369298874,0,0,0,0,0,-0.6730594177124505,0,1.9330516773738704,0,0,0,0,0,1,0,0,1,0,0,0,1
0,-1.2395040756535771,0,1,1,0,1,-0.34397902835368094,0,1.4515431351493913,0,2,0,0,0,1,0,0,1,0,0,0,0
0,-0.6283446565089229,0,0,0,0,1,-1.5007464576148097,0,-0.5396649172415366,1,0,0,1,1,0,0,1,0,1,0,0,0
1,1.4903413298592119,1,0,0,1,1,1.3363253839782172,0,-0.4920004352839619,3,4,1,1,0,0,1,0,0,0,1,0,1
0,1.6125732136881425,1,1,1,1,1,0.7945061570541828,0,-0.5252603030407711,3,6,1,1,1,1,0,0,0,0,1,1,0
0,-1.1987601143772668,1,0,0,0,1,0.3141817503638577,1,1.499693989371839,0,0,0,0,0,0,1,0,1,0,0,0,1
1,0.7162060656093164,1,1,0,0,1,0.3440981493964733,0,-0.49509032967256816,3,4,1,1,1,1,0,0,0,0,1,0,0
0,0.8384379494382472,0,0,0,0,0,-1.4808021915930663,0,-0.623320946799729,3,0,0,1,0,0,0,1,0,0,1,0,0
0,1.0421577558197987,1,1,1,1,1,1.472611201793465,0,-0.4512440882071288,3,5,1,1,1,0,1,0,0,0,1,1,0
0,0.5532302205040753,0,1,0,0,1,-1.1317775362125533,0,-0.5907236567071628,2,1,0,1,1,1,0,0,0,1,0,0,0
0,1.6125732136881425,1,1,1,1,1,1.5989248865978414,0,-0.4865637261314066,3,6,1,0,1,0,1,0,1,0,0,1,0
0,-1.2802480369298874,1,0,0,0,1,0.3125197281953792,1,3.663564195792757,0,0,0,0,0,0,1,0,1,0,0,0,1
1,-1.076528230548336,1,0,0,1,1,0.9723425290813964,0,0.9012476583214146,0,3,1,0,0,0,1,0,1,0,0,0,0
0,1.6125732136881425,1,1,1,0,0,0.46708778986389177,0,-0.5410107692621446,3,5,1,1,1,1,0,0,0,0,1,0,0
0,-1.1580161531009565,0,0,0,0,1,-0.3157246514895444,0,0.6239320892411343,0,1,1,0,0,1,0,0,1,0,0,0,0
1,0.797693988161937,0,0,0,0,0,-1.5107185906256815,0,-0.6244772280332012,3,0,0,1,0,0,0,1,0,0,1,0,0
0,-1.2395040756535771,0,0,0,0,0,-1.4741541029191516,0,0.12861057469425585,0,0,0,1,0,0,0,1,0,1,0,0,0
0,1.3273654847539706,0,0,0,0,0,-1.5107185906256815,0,-0.6328715294554211,3,0,0,1,1,0,0,1,0,0,1,0,0
0,0.4309983366751445,1,0,0,1,1,1.2033636104999266,1,-0.39914754835362154,2,3,1,0,0,0,1,0,1,0,0,0,1
0,-1.1580161531009565,1,0,0,1,1,1.1767712558042684,1,1.6721615944958796,0,3,1,0,0,0,1,0,1,0,0,0,1
0,-0.3023929662984406,1,1,0,0,1,0.8061403122335331,1,-0.26729644891253823,2,2,1,1,0,0,1,0,0,1,0,0,1
0,0.7569500268856267,1,0,1,1,1,0.4604397011899776,0,-0.49054131848934224,3,4,1,1,1,1,0,0,0,1,0,1,0
0,-0.8320644628904743,1,0,0,1,0,0.33080197204864403,0,0.004099274886713762,0,3,1,0,1,1,0,0,1,0,0,0,0
1,1.0014137945434884,0,1,0,1,1,0.17623391038013098,1,-0.5260129509102679,3,3,1,1,1,1,0,0,0,1,0,0,0
1,-0.3431369275747509,0,0,0,0,0,-1.4924363467724167,0,-0.5741778931569397,1,0,0,1,0,0,0,1,0,1,0,0,0
0,1.2866215234776603,1,0,1,0,0,-0.2143412992123476,0,-0.5623074168339419,3,2,0,1,1,1,0,0,0,1,0,0,0
0,-1.1580161531009565,0,0,1,1,1,1.3579316721684396,1,1.7993965789867121,0,5,1,1,0,0,1,0,0,1,0,0,1
0,-0.26164900502213034,1,0,0,1,1,1.1867433888151402,0,-0.23260189401824913,2,3,1,0,1,0,1,0,1,0,0,0,0
1,-0.7098325790615434,0,0,0,0,0,-1.4874502802669807,0,-0.5208179919776997,1,0,0,0,0,0,0,1,1,0,0,0,0
0,1.2866215234776603,1,0,0,0,0,-1.3013037973973738,0,-0.6210312558297105,3,0,0,1,1,0,0,1,0,0,1,1,0
0,0.1457906077409725,1,0,0,1,1,1.0537816153368496,1,-0.36265170322038354,2,3,1,0,0,0,1,0,1,0,0,0,1
0,-0.22090504374582004,1,0,0,1,0,1.0039209502824906,0,-0.2710484635272744,2,2,1,0,1,0,1,0,1,0,0,1,0
0,-1.2802480369298874,0,0,0,0,0,0.20116424290731047,1,3.4680425453137254,0,0,0,0,0,0,1,0,1,0,0,0,0
0,0.10504664646466222,1,1,1,1,1,0.703094937787858,1,-0.38840314286596783,2,5,1,1,1,1,0,0,0,1,0,1,0
0,-1.1580161531009565,0,0,0,0,1,0.30254759518450747,1,1.0581652473199377,0,1,0,0,0,0,1,0,1,0,0,0,1
1,-0.9950403079957154,0,0,0,0,1,-0.6431430186798349,0,-0.07761126561198568,0,0,0,0,0,1,0,0,1,0,0,0,1
0,-0.9135523854430948,0,0,0,0,1,-1.4891123024354593,0,-0.4548592805118257,0,0,0,0,1,0,0,1,1,0,0,1,0
0,-1.2395040756535771,0,0,0,0,0,-0.5184913560439374,0,1.2472667839026426,0,1,0,0,0,1,0,0,1,0,0,0,0
0,1.0421577558197987,1,1,0,1,1,1.4842453569728156,1,-0.45055162599951265,3,5,1,1,1,0,1,0,0,0,1,0,0
0,0.7569500268856267,0,1,1,1,1,0.6133457406900117,0,-0.48021526117357255,3,6,1,1,1,1,0,0,0,0,1,1,0
1,0.5532302205040753,0,0,0,0,1,-1.5140426349626388,0,-0.6192850918358874,2,0,0,1,0,0,0,1,0,0,1,0,0
0,-1.2802480369298874,0,0,0,0,1,-1.5007464576148097,0,0.4797713499327145,0,0,0,0,1,0,0,1,1,0,0,0,0
0,0.5532302205040753,1,0,0,0,0,0.26598310747797727,0,-0.486288148258217,2,0,0,0,1,0,1,0,1,0,0,0,0
0,0.7162060656093164,1,1,1,1,1,1.4908934456467302,0,-0.4161263619637409,3,5,1,0,1,0,1,0,1,0,0,0,0
1,0.8384379494382472,0,0,1,1,0,0.0067076491953105815,0,-0.5265869074527235,3,3,1,0,1,1,0,0,1,0,0,1,0
0,1.1643896396487294,1,0,1,1,1,1.6388134186413281,0,-0.45227480384334995,3,5,1,0,0,0,1,0,1,0,0,0,1
0,-1.1172721918246462,0,0,0,0,0,-1.4675060142452372,0,-0.2653509598530454,0,0,0,0,1,0,0,1,1,0,0,0,0
0,0.5939741817803856,0,1,1,1,1,0.7363353811574307,0,-0.45564410848468934,2,6,1,1,1,1,0,0,0,1,0,0,0
0,0.8791819107145575,1,0,0,1,1,0.9956108394400973,0,-0.46600162694346664,3,3,1,1,1,0,1,0,0,1,0,0,0
1,-0.5468567339563023,0,0,0,0,1,-1.3112759304082455,0,-0.5191400076638871,1,0,0,0,1,1,0,0,1,0,0,1,0
1,-0.26164900502213034,0,0,1,1,1,1.351283583494525,0,-0.21120151436382786,2,5,1,1,0,0,1,0,0,0,1,0,1
1,1.5310852911355222,1,0,0,0,0,-1.3096139082397669,0,-0.6253349389951195,3,0,0,1,0,0,0,1,0,0,1,0,0
0,-0.6283446565089229,1,0,0,1,1,1.254886297722764,0,-0.002061440468346946,1,4,1,0,0,0,1,0,1,0,0,0,1
0,-0.09867315991688919,1,0,0,1,1,1.1767712558042684,1,-0.28979508851989905,2,3,1,0,0,0,1,0,1,0,0,0,1
1,-1.2802480369298874,1,0,0,0,0,-1.3561505289571687,0,0.7336576721965309,0,0,0,0,0,0,0,1,1,0,0,0,0
1,-0.5468567339563023,1,0,0,0,0,-1.3029658195658524,0,-0.5176808908692675,1,0,0,1,0,0,0,1,0,0,1,0,0
0,-0.26164900502213034,0,0,0,1,1,0.28925141783667824,0,-0.34933123758781987,2,4,1,1,1,1,0,0,0,0,1,1,0
1,-0.46536881140368175,0,0,0,0,1,0.3075336616899431,1,-0.27419409194164923,1,1,0,0,1,0,1,0,1,0,0,0,0
0,0.7162060656093164,1,0,0,1,1,1.1119523912336016,0,-0.4422188034675273,3,3,1,1,0,0,1,0,0,1,0,0,1
0,1.4495973685829016,0,1,0,1,1,-0.3456410505221597,0,-0.5750643594762217,3,4,1,1,0,1,0,0,0,1,0,0,1
0,-1.1987601143772668,1,0,0,1,1,1.2216458543531914,1,2.296371759234159,0,3,1,0,1,0,1,0,1,0,0,0,0
1,-0.9542963467194051,0,0,1,1,0,1.273168541576029,0,0.5363850815639563,0,4,1,0,0,0,1,0,1,0,0,0,1
1,0.7569500268856267,0,1,1,0,0,-1.0170980065875275,0,-0.5903224592906388,3,2,0,1,1,1,0,0,0,0,1,0,0
0,-0.9542963467194051,0,0,0,0,1,-0.6996517724081085,0,-0.15640357252144602,0,0,0,0,0,1,0,0,1,0,0,0,1
1,0.3495104141225239,1,0,1,1,1,1.5673464653967473,1,-0.35595516462371224,2,5,1,1,0,0,1,0,0,1,0,0,1
0,-0.42462485012737144,1,0,0,1,1,1.1917294553205762,0,-0.15627669280017475,1,3,1,0,0,0,1,0,1,0,0,0,1
1,-0.46536881140368175,0,1,0,1,1,-0.29411836329932195,1,-0.37023050642388694,1,4,1,1,0,1,0,0,0,1,0,0,1
1,1.5718292524118322,1,1,1,1,1,1.703632283211995,0,-0.47894944617653074,3,6,1,1,1,0,1,0,0,0,1,0,0
0,-1.2802480369298874,0,0,0,0,0,-0.6331708856689632,1,2.003089283515613,0,0,0,0,0,1,0,0,1,0,0,0,1
1,-0.26164900502213034,1,0,1,1,1,0.5717951864780458,0,-0.31258311090851054,2,4,1,1,1,1,0,0,0,1,0,1,0
0,1.5718292524118322,1,1,1,0,0,0.01169371570074667,0,-0.5614706071166856,3,3,0,1,1,1,0,0,0,0,1,0,0
0,-1.1580161531009565,0,0,0,0,1,-0.6647493068700573,0,0.37880046774503573,0,0,0,0,1,1,0,0,1,0,0,1,0
0,-0.8320644628904743,1,1,0,0,1,0.49866621106498593,0,0.04944413527335465,0,1,0,0,0,0,1,0,1,0,0,0,1
0,-0.5876006952326126,1,0,1,1,1,0.7994922235596185,0,-0.12123117820903596,1,2,1,0,0,0,1,0,1,0,0,0,1
0,-1.1987601143772668,1,0,0,0,1,0.3374500607225587,0,1.520121624496514,0,0,0,0,0,0,1,0,1,0,0,0,1
0,1.6125732136881425,1,1,0,1,1,1.3978202042119263,0,-0.4962378703587477,3,4,1,1,1,0,1,0,0,1,0,0,0
0,-0.8728084241667845,0,0,0,0,0,0.3374500607225587,1,0.06197757440662595,0,1,0,0,0,0,1,0,1,0,0,0,1
0,-1.2802480369298874,0,0,0,0,0,0.5103003662443366,1,4.0108339929122305,0,1,1,0,1,0,1,0,1,0,0,1,0
0,-0.791320501614164,0,0,0,0,0,-1.5123806127941604,0,-0.5061747127174099,1,0,0,1,1,0,0,1,0,1,0,1,0
0,1.6125732136881425,1,0,1,1,1,1.477597268298901,1,-0.4924001933098851,3,5,1,1,0,0,1,0,0,1,0,0,1
0,0.3902543753988342,1,1,0,0,0,-0.2891322967938861,0,-0.5148033768184826,2,1,0,1,1,1,0,0,0,1,0,1,0
0,-0.6283446565089229,0,0,0,0,0,-1.499084435446331,0,-0.5393406690649545,1,0,0,0,1,0,0,1,1,0,0,1,0
0,-1.0357842692720256,0,0,0,0,1,-0.448686424967835,0,0.08143246500155434,0,1,0,0,0,1,0,0,1,0,0,0,0
0,1.4495973685829016,1,1,1,1,0,1.7883954138044051,0,-0.4664553180680124,3,6,1,1,0,0,1,0,0,0,1,0,0
1,0.9606698332671781,1,0,0,0,0,-1.3511644624517327,0,-0.6176380708627893,3,0,0,1,1,0,0,1,0,0,1,0,0
1,0.22727853029359305,0,0,0,0,0,-1.4791401694245876,0,-0.6063353307803107,2,0,0,1,0,0,0,1,0,1,0,0,0
1,1.6125732136881425,1,1,1,1,1,1.6853500393587302,0,-0.4824062426618054,3,6,1,1,0,0,1,0,0,0,1,0,1
0,0.6347181430566958,1,0,0,0,0,-1.3212480634191175,0,-0.6074195515277518,2,0,0,1,1,0,0,1,0,1,0,1,0
0,0.797693988161937,1,1,0,1,1,1.472611201793465,0,-0.426808198120579,3,5,1,0,0,0,1,0,1,0,0,0,1
1,0.10504664646466222,0,0,0,0,0,-1.5007464576148097,0,-0.6033796839399274,2,0,0,1,0,0,0,1,0,1,0,0,0
0,1.4088534073065913,1,0,1,1,1,1.545740177206525,0,-0.47603598094282945,3,5,1,1,1,0,1,0,0,0,1,0,0
0,-1.2802480369298874,0,1,0,0,0,-1.16003191307669,0,1.0780092357267645,0,1,0,0,0,1,0,0,1,0,0,0,0
0,0.8384379494382472,0,0,1,0,1,0.525258565760644,0,-0.49286509708818105,3,2,0,0,0,0,1,0,1,0,0,0,0
1,0.06430268518835193,0,0,0,0,0,-1.4625199477398012,0,-0.5977238693169731,2,0,0,0,0,0,0,1,1,0,0,0,0
0,-1.1987601143772668,0,0,0,1,0,-0.9838575632179547,1,0.3601237727739046,0,1,1,0,1,1,0,0,1,0,0,1,0
0,-1.2802480369298874,0,0,0,1,0,0.4654257676954133,1,3.9320416860027696,0,1,1,0,0,0,1,0,1,0,0,0,1
0,-0.5468567339563023,0,0,1,1,0,0.8360567112661487,0,-0.14210422793417354,1,3,1,0,0,0,1,0,1,0,0,0,0
0,1.1236456783724194,1,1,1,1,1,1.703632283211995,0,-0.4450216584867003,3,6,1,1,1,0,1,0,0,0,1,0,0
0,-0.8728084241667845,0,0,0,0,0,-1.504070501951767,0,-0.47692289507289237,0,0,0,1,1,0,0,1,0,0,1,1,0
0,0.5939741817803856,1,0,0,1,1,1.382862004695619,1,-0.4083444057257695,2,4,1,0,0,0,1,0,1,0,0,0,1
0,-0.5876006952326126,0,1,0,0,0,-0.5118432673700231,1,-0.36359815735743406,1,1,0,0,0,1,0,0,1,0,0,0,1
1,1.1236456783724194,1,1,1,1,0,1.6770399285163369,0,-0.4465525351236782,3,6,1,1,1,0,1,0,0,0,1,1,0
0,1.6125732136881425,1,0,0,0,0,-1.3295581742615106,0,-0.6274384544667378,3,0,0,1,1,0,0,1,0,0,1,1,0
0,0.2680224915699033,0,0,0,0,0,-1.4924363467724167,0,-0.6090216022124566,2,0,0,1,0,0,0,1,0,1,0,0,0
0,1.082901717096109,0,1,0,0,1,0.5468648539508664,0,-0.5090234645545243,3,2,0,1,1,0,1,0,0,1,0,1,0
1,-1.2395040756535771,0,0,0,0,0,0.17124784387469535,0,2.054644743592173,0,0,0,0,0,0,1,0,1,0,0,0,0
0,-1.2802480369298874,0,0,0,0,0,0.14299346701055832,1,3.3659043696903512,0,0,0,0,0,0,1,0,1,0,0,0,1
1,-0.506112772679992,0,0,0,1,1,0.8443668221085419,1,-0.1657141273061618,1,2,1,0,0,0,1,0,1,0,0,0,1
0,-1.076528230548336,1,0,0,1,1,0.95572230739661,1,0.8929098480664452,0,2,1,0,1,0,1,0,1,0,0,0,0
0,1.5718292524118322,1,0,1,0,1,0.7180531373041658,0,-0.5270192383548331,3,2,0,1,1,0,1,0,0,0,1,1,0
0,-0.3431369275747509,1,1,0,0,0,0.04992022557575495,0,-0.35752823149181645,1,3,0,0,0,1,0,0,1,0,0,0,0
0,1.4088534073065913,1,0,0,1,1,0.9922867951031402,0,-0.5046175040374375,3,2,1,0,1,0,1,0,1,0,0,1,0
0,-1.2802480369298874,0,0,0,0,1,0.5335686766030371,1,4.051689263161579,0,1,1,0,0,0,1,0,1,0,0,0,0
1,0.6347181430566958,1,0,0,0,1,0.5734572086465244,1,-0.47163235594682257,2,1,1,1,0,0,1,0,0,1,0,0,0
0,0.18653456901728277,1,0,1,0,0,0.24271479711927632,0,-0.44561588033921146,2,3,1,1,0,1,0,0,0,1,0,0,0
0,-0.8728084241667845,0,0,0,0,0,-1.000477784902741,0,-0.32955209881630926,0,2,0,0,0,1,0,0,1,0,0,0,0
0,-1.1987601143772668,0,0,0,0,1,-1.4708300585821945,1,-0.0673974480496483,0,0,0,0,1,0,0,1,1,0,0,1,0
0,-0.5876006952326126,0,0,0,1,1,1.0354993714835847,0,-0.07761126561198578,1,3,1,0,1,0,1,0,1,0,0,1,0
1,0.7162060656093164,0,0,0,0,1,-0.6647493068700573,0,-0.5645557331497538,3,0,0,1,1,1,0,0,0,1,0,0,0
1,1.4088534073065913,1,1,1,1,1,1.4825833348043371,0,-0.47929753613080267,3,5,1,1,0,0,1,0,0,1,0,0,1
0,-0.3023929662984406,0,1,1,0,1,0.2078123315812251,0,-0.3481090713837795,2,4,1,0,0,1,0,0,1,0,0,0,0
0,-1.2395040756535771,1,0,0,0,1,0.4571156568530201,1,2.3892688618249425,0,1,0,0,0,0,1,0,1,0,0,0,1
0,-0.9542963467194051,0,0,0,0,0,-1.499084435446331,0,-0.4371376438062637,0,0,0,0,1,0,0,1,1,0,0,1,0
1,-0.9135523854430948,0,1,1,0,0,-0.8159933242016129,0,-0.23997117075875232,0,3,0,1,0,1,0,0,0,1,0,0,0
0,1.5310852911355222,0,0,0,0,0,-1.494098368940895,0,-0.6344595566966845,3,0,0,1,1,0,0,1,0,0,1,1,0
0,-0.9542963467194051,0,1,1,0,1,0.11473909014642174,0,0.12958331922400235,0,4,1,0,1,1,0,0,1,0,0,0,0
0,-1.1580161531009565,0,0,0,0,1,-1.4841262359300234,0,-0.196675196052948,0,0,0,0,1,0,0,1,1,0,0,1,0
0,-1.2395040756535771,0,1,0,0,0,-0.46032058014718524,0,1.3153589009848918,0,1,0,0,0,1,0,0,1,0,0,0,0
1,-1.2802480369298874,0,0,0,0,0,0.4604397011899776,1,3.9232869852350523,0,1,1,0,0,0,1,0,1,0,0,0,1
0,-0.5468567339563023,0,0,0,0,1,-1.3179240190821602,0,-0.5203073010995828,1,0,0,0,1,1,0,0,1,0,0,0,0
1,-1.0357842692720256,0,0,0,0,1,-1.4808021915930663,0,-0.3716232997278421,0,0,0,0,1,0,0,1,1,0,0,0,0
0,-1.2802480369298874,0,0,0,0,1,-0.7279061492722454,1,1.8367499689289744,0,0,0,0,0,1,0,0,1,0,0,0,1
0,-1.2802480369298874,0,0,0,0,0,-0.6913416615657154,0,1.9009511078922385,0,0,0,0,0,1,0,0,1,0,0,0,1
1,-0.9542963467194051,0,0,0,0,0,-1.4808021915930663,0,-0.4307175299099373,0,0,0,1,0,0,0,1,0,1,0,0,0
0,-1.1987601143772668,0,1,1,0,0,-1.0154359844190488,1,0.33240055367613147,0,2,0,0,0,1,0,0,1,0,0,0,0
0,-0.9542963467194051,0,1,1,1,0,-0.20935523270691173,1,0.015772209243670794,0,5,1,0,0,1,0,0,1,0,0,0,0
0,-1.1172721918246462,0,1,0,0,0,-0.29910442980475804,0,0.4184884445586898,0,2,0,0,1,1,0,0,1,0,0,1,0
1,0.9606698332671781,0,0,0,1,0,0.8011542457280975,0,-0.48503763233419794,3,2,1,1,1,0,1,0,0,1,0,0,0
1,-0.5876006952326126,1,1,0,0,0,-0.23760960957104854,0,-0.31291304764959416,1,1,0,0,0,1,0,0,1,0,0,0,0
0,0.6754621043330061,1,0,0,1,1,1.0438094823259778,1,-0.44250719361046387,3,2,1,0,0,0,1,0,1,0,0,0,1
0,1.5310852911355222,1,1,1,1,0,0.47705992287476395,0,-0.5369658936871697,3,5,1,1,0,1,0,0,0,0,1,0,0
0,1.6125732136881425,1,0,1,1,1,1.4377087362554137,0,-0.49431903183431647,3,5,1,1,1,0,1,0,0,0,1,1,0
0,-1.076528230548336,0,0,0,0,0,0.3191678168692938,1,0.5735717153011197,0,1,0,0,0,0,1,0,1,0,0,0,1
0,-0.6283446565089229,1,0,0,1,1,0.9972728616085759,0,-0.052319907838578775,1,2,1,0,0,0,1,0,1,0,0,0,1
0,-0.13941712119319946,0,0,0,1,1,-0.6281848191635273,0,-0.4884985549768748,2,2,1,0,0,1,0,0,1,0,0,0,1
0,-1.076528230548336,1,0,0,1,1,1.346297516989089,1,1.0888483890582248,0,4,1,0,0,0,1,0,1,0,0,0,1
0,1.24587756220135,1,0,0,1,0,1.2565483198912426,0,-0.47996272172834986,3,3,1,1,0,0,1,0,0,0,1,0,1
0,-0.6690886177852331,1,0,0,0,1,0.3008855730160285,1,-0.1600084493081534,1,0,0,0,1,0,1,0,1,0,0,0,0
0,1.082901717096109,0,0,0,0,1,-0.1146199691036296,0,-0.5477386968384319,3,2,1,1,1,1,0,0,0,1,0,0,0
0,-1.1987601143772668,0,0,0,1,0,-0.24093365390800586,0,1.012348979968881,0,2,1,0,0,1,0,0,1,0,0,0,1
0,-0.9950403079957154,0,0,0,0,1,-1.1816382012669122,0,-0.2877240840372131,0,1,0,0,0,1,0,0,1,0,0,0,0
0,-1.0357842692720256,1,0,0,0,1,0.6565583170704561,1,0.5665887992125828,0,1,1,0,0,0,1,0,1,0,0,0,1
0,1.4495973685829016,0,0,0,0,0,-1.5024084797832884,0,-0.6339365501460922,3,0,0,1,1,0,0,1,0,0,1,1,0
1,1.4495973685829016,1,1,1,1,0,1.5606983767228326,0,-0.4780436659441219,3,5,1,1,1,0,1,0,0,0,1,1,0
0,0.797693988161937,1,0,0,1,1,1.3861860490325761,0,-0.43253454327682206,3,4,1,1,0,0,1,0,0,1,0,0,1
1,1.6125732136881425,1,1,1,1,1,1.4260745810760636,0,-0.4948786930706089,3,5,1,1,1,0,1,0,0,0,1,1,0
0,-0.01718523736426863,0,0,0,0,0,-1.5123806127941604,0,-0.5988254709142964,2,0,0,1,0,0,0,1,0,1,0,0,0
0,1.6125732136881425,0,0,0,0,0,-1.4874502802669807,0,-0.6350338569592784,3,0,0,1,1,0,0,1,0,0,1,0,0
1,-1.2802480369298874,0,0,0,0,1,0.17124784387469535,0,3.415514340707419,0,0,0,0,1,0,1,0,1,0,0,1,0
1,0.3902543753988342,0,1,1,0,0,-0.03650492718513379,0,-0.49417214400153536,2,3,1,1,1,1,0,0,0,1,0,1,0
0,-0.3023929662984406,1,0,0,0,0,-1.3312201964299892,1,-0.5559770947403613,2,0,0,1,1,0,0,1,0,0,1,1,0
0,0.512486259227765,0,1,0,0,1,-0.461982602315664,0,-0.5379308943841625,2,1,0,0,1,1,0,0,1,0,0,0,0
1,0.4309983366751445,0,1,1,1,1,-0.14619839030472373,0,-0.5068568971928163,2,5,1,1,1,1,0,0,0,1,0,1,0
0,0.18653456901728277,1,1,0,1,0,0.48038396721172105,0,-0.42365233279914744,2,4,1,1,0,1,0,0,0,1,0,0,0
0,-0.506112772679992,1,0,0,0,1,0.6981088712824219,1,-0.19017170405407188,1,1,1,0,1,0,1,0,1,0,0,1,0
0,-1.1580161531009565,0,0,0,0,1,-1.3411923294408608,1,-0.09628796058311712,0,0,0,0,0,1,0,0,1,0,0,0,1
0,1.24587756220135,0,1,1,1,1,1.5058516451630375,0,-0.46628350177879085,3,6,1,1,1,0,1,0,0,0,1,1,0
0,-1.1987601143772668,0,0,0,1,0,0.8609870437933281,0,1.9797434148016986,0,2,1,0,0,0,1,0,1,0,0,0,0
1,1.368109446030281,1,0,0,0,1,-1.3129379525767242,0,-0.6230160567232413,3,0,0,1,1,0,0,1,0,0,1,1,0
0,-0.18016108246950976,1,0,0,1,1,1.359593694336918,1,-0.24163611907612395,2,4,1,0,0,0,1,0,1,0,0,0,1
0,-0.9950403079957154,1,0,0,0,0,0.6781646052606785,0,0.4379433351536184,0,1,1,0,0,0,1,0,1,0,0,0,1
1,1.5718292524118322,1,0,0,0,0,-1.344516373777818,0,-0.6276172351394423,3,0,0,1,0,0,0,1,0,0,1,0,0
0,-1.2802480369298874,0,0,0,0,1,-1.3478404181147754,1,0.7482488401427273,0,0,0,0,0,1,0,0,1,0,0,0,1
1,1.6125732136881425,1,0,0,0,0,-1.3195860412506386,0,-0.6269587448356301,3,0,0,1,1,0,0,1,0,0,1,0,0
0,-0.6690886177852331,0,1,0,0,1,-0.34065498401672384,0,-0.2925305864194896,1,2,0,0,1,1,0,0,1,0,0,0,0
0,1.368109446030281,1,1,1,0,0,1.0571056596738067,0,-0.4987951284171161,3,4,0,1,0,0,1,0,0,0,1,0,0
0,-0.8728084241667845,1,0,0,0,1,0.3889727479453962,1,0.07705511461769549,0,0,0,0,0,0,1,0,1,0,0,0,1
0,0.7569500268856267,1,1,1,1,1,0.5435408096139093,0,-0.4849293308177284,3,5,1,1,1,1,0,0,0,1,0,1,0
1,-0.9950403079957154,0,1,0,0,1,-0.874164100098365,0,-0.16775225870182095,0,2,1,0,0,1,0,0,1,0,0,0,1
0,-0.7505765403378537,0,0,0,1,1,0.9341160192063881,0,0.055849283869223464,1,2,1,0,0,0,1,0,1,0,0,0,1
0,-1.1580161531009565,1,0,1,0,1,0.9540602852281315,1,1.5157442741126548,0,3,1,0,0,0,1,0,1,0,0,0,1
0,1.5310852911355222,1,1,0,1,0,0.6615443835758922,0,-0.5278412759856048,3,5,1,1,0,1,0,0,0,0,1,0,0
1,1.5310852911355222,1,1,1,0,0,0.03994809256488325,0,-0.5585854833764636,3,3,0,1,0,1,0,0,0,0,1,0,1
0,0.8791819107145575,1,0,0,1,1,1.2199838321847127,1,-0.45167575295992834,3,3,1,1,1,0,1,0,0,1,0,1,0
1,-0.18016108246950976,0,1,0,0,1,0.3357880385540801,1,-0.3656107322465646,2,1,0,0,1,0,1,0,1,0,0,0,0
0,-0.3431369275747509,0,0,0,0,0,-1.4641819699082799,0,-0.5702090954755743,1,0,0,1,0,0,0,1,0,0,1,0,0
0,1.4903413298592119,0,0,0,0,1,-0.11129592476667229,0,-0.5646227626047449,3,2,1,1,1,1,0,0,0,0,1,1,0
1,0.3902543753988342,0,1,0,0,0,-0.3423170061852024,0,-0.5191467942536295,2,2,0,0,0,1,0,0,1,0,0,0,0
0,-1.2395040756535771,0,0,0,0,1,0.15961368869534465,1,2.041026320175723,0,0,0,0,0,0,1,0,1,0,0,0,1
0,0.2680224915699033,1,0,0,1,1,1.1618130562879607,0,-0.376000650111701,2,3,1,0,0,0,1,0,1,0,0,0,1
1,0.512486259227765,1,0,1,1,1,1.4942174899836873,0,-0.3885934624478748,2,5,1,1,1,0,1,0,0,0,1,0,0
1,1.6125732136881425,1,1,1,1,1,0.5335686766030371,0,-0.5378127050547592,3,5,1,1,1,1,0,0,0,0,1,0,0
0,0.22727853029359305,0,0,0,0,0,-1.4791401694245876,0,-0.6063353307803107,2,0,0,1,0,0,0,1,0,0,1,0,0
0,1.6125732136881425,1,1,1,0,1,0.09978089063011394,0,-0.5586800740079496,3,4,0,1,1,1,0,0,0,0,1,0,0
0,-1.2802480369298874,1,0,0,0,1,-1.35448850678869,1,0.7365759057857703,0,0,0,0,0,0,0,1,1,0,0,0,0
1,1.6125732136881425,0,0,0,0,1,-1.495760391109374,0,-0.6354336149852016,3,0,0,1,1,0,0,1,0,0,1,1,0
0,0.9199258719908678,1,0,0,0,0,-1.2996417752288951,0,-0.61352401975014,3,0,0,1,1,0,0,1,0,0,1,0,0
1,0.7569500268856267,0,0,1,1,1,-0.28747027462540753,0,-0.5410492075338681,3,4,1,1,0,1,0,0,0,1,0,0,1
0,1.24587756220135,0,1,1,1,1,0.7280252703150375,0,-0.5089626680214152,3,6,1,1,1,1,0,0,0,0,1,0,0
0,-1.2802480369298874,0,0,0,0,0,-1.4758161250876303,0,0.5235448537713036,0,0,0,0,0,0,0,1,1,0,0,0,0
1,-0.38388088885106114,0,0,0,0,1,-1.5007464576148097,0,-0.5715223005907321,1,0,0,1,0,0,0,1,0,0,1,0,0
0,-1.2802480369298874,0,0,0,0,0,-0.47361675749501453,1,2.283239708082583,0,1,0,0,0,1,0,0,1,0,0,0,1
0,-1.2395040756535771,1,0,1,0,1,-0.34730307269063826,0,1.4476521570304053,0,1,0,0,0,1,0,0,1,0,0,0,0
0,0.797693988161937,1,1,0,1,0,1.4393707584238922,0,-0.42901063856528787,3,5,1,0,1,0,1,0,1,0,0,1,0
0,0.1457906077409725,1,1,0,0,0,-0.34397902835368094,0,-0.4953130247636389,2,1,0,1,0,1,0,0,0,1,0,0,0
0,-1.2802480369298874,0,0,0,0,0,-0.6464670630167922,0,1.9797434148016986,0,0,0,0,0,1,0,0,1,0,0,0,0
0,-0.18016108246950976,1,1,0,0,0,-0.1927350110221254,0,-0.4296106137209155,2,2,0,1,0,1,0,0,0,1,0,0,0
1,-1.0357842692720256,0,1,0,1,0,0.15462762218990903,0,0.34626216322501807,0,4,1,1,0,1,0,0,0,1,0,0,1
0,-0.7505765403378537,1,0,0,1,1,1.1884054109836186,1,0.11538124908970451,1,3,1,0,0,0,1,0,1,0,0,0,1
0,1.6125732136881425,0,1,1,1,1,0.005045627026832042,0,-0.563237315503474,3,6,1,1,1,1,0,0,0,0,1,1,0
1,-1.2802480369298874,0,0,0,0,1,-1.472492080750673,1,0.5293813209497821,0,0,0,0,0,0,0,1,1,0,0,0,0
0,-0.9135523854430948,0,0,0,0,0,-1.5273388123104679,0,-0.46706280279409906,0,0,0,0,0,0,0,1,1,0,0,0,0
0,0.3902543753988342,0,0,0,0,0,-1.495760391109374,0,-0.6133446598783762,2,0,0,1,1,0,0,1,0,1,0,0,0
0,-1.0357842692720256,0,0,0,0,0,-1.3212480634191175,0,-0.3015856935860996,0,0,0,0,1,1,0,0,1,0,0,0,0
0,-1.1580161531009565,0,0,0,0,1,0.3324639942171226,1,1.0791765291624602,0,1,0,0,1,0,1,0,1,0,0,0,0
1,1.6125732136881425,1,1,1,1,1,1.6454615073152428,0,-0.48432508118623674,3,6,1,1,1,0,1,0,0,0,1,1,0
0,-0.506112772679992,0,0,0,0,1,-1.3411923294408608,1,-0.5311881434823178,1,0,0,0,0,1,0,0,1,0,0,0,1
0,1.24587756220135,0,1,1,1,0,1.4759352461304225,0,-0.46792500817273797,3,6,1,1,1,0,1,0,0,0,1,1,0
0,0.9606698332671781,0,1,1,0,0,-0.6564391960276642,0,-0.5748373115539468,3,4,0,1,1,1,0,0,0,0,1,0,0
1,-1.1172721918246462,0,0,1,0,1,-0.4586585579787067,0,0.3251049697030333,0,1,0,0,0,1,0,0,1,0,0,0,0
0,1.6125732136881425,1,0,1,1,1,1.5174858003423883,0,-0.49048135478545385,3,5,1,1,1,0,1,0,0,0,1,0,0
1,1.4495973685829016,1,0,0,0,1,0.6598823614074136,0,-0.5238895385634751,3,2,0,0,0,0,1,0,1,0,0,0,1
1,1.4088534073065913,0,1,1,0,0,-0.1578325454840742,0,-0.5640121406184251,3,3,0,1,0,1,0,0,0,1,0,0,0
1,-0.9950403079957154,0,0,0,0,0,-0.6697353733754932,0,-0.08798720726261426,0,0,0,0,1,1,0,0,1,0,0,0,0
1,0.797693988161937,1,0,1,0,1,0.9457501743857384,0,-0.4617168791692148,3,3,1,0,1,0,1,0,1,0,0,0,0
1,-0.5876006952326126,0,0,0,0,1,-1.4808021915930663,0,-0.5426855449918019,1,0,0,0,0,0,0,1,1,0,0,0,0
1,1.082901717096109,1,0,0,0,0,-1.3079518860712882,0,-0.6175817540742251,3,0,0,1,0,0,0,1,0,0,1,0,0
0,1.1236456783724194,0,0,0,0,0,-1.4691680364137156,0,-0.6276743772361351,3,0,0,1,0,0,0,1,0,0,1,0,0
0,-1.0357842692720256,1,0,0,1,1,0.974004551249875,0,0.7059344530987578,0,2,1,0,0,0,1,0,1,0,0,0,1
1,1.082901717096109,0,1,0,0,0,-0.997153740565784,0,-0.599391431367967,3,2,0,1,0,1,0,0,0,1,0,0,0
0,0.5532302205040753,0,1,1,1,1,-0.13456423512537324,0,-0.5162155650670112,2,5,1,1,1,1,0,0,0,0,1,0,0
0,-1.1172721918246462,0,0,0,0,1,-0.44702440279935624,0,0.3319141814112583,0,1,0,0,0,1,0,0,1,0,0,0,1
0,1.082901717096109,0,1,1,1,1,-0.024870772005783543,0,-0.5424858763778013,3,5,1,1,1,1,0,0,0,0,1,1,0
0,1.5310852911355222,1,0,1,1,1,0.6648684279128493,0,-0.5276768684594504,3,5,1,1,1,1,0,0,0,0,1,0,0
0,-0.7505765403378537,0,0,0,0,1,0.20615030941274656,1,-0.11457555774234983,1,0,0,0,1,0,1,0,1,0,0,1,0
0,0.4717422979514547,1,0,0,0,1,-0.48691293484284354,0,-0.537006082193563,2,0,0,0,0,1,0,0,1,0,0,0,0
0,1.2866215234776603,1,1,0,1,1,0.9906247729346612,0,-0.49720835984321976,3,3,1,1,1,0,1,0,0,0,1,1,0
1,1.0421577558197987,0,1,1,1,0,-0.1678046784949459,0,-0.5488812594809985,3,5,1,1,0,1,0,0,0,0,1,0,0
0,0.5532302205040753,1,0,1,1,0,1.178433277972747,0,-0.4181132444074783,2,3,1,1,0,0,1,0,0,1,0,0,1
0,1.0421577558197987,1,0,0,1,1,1.1335586794238242,0,-0.47142441540051216,3,3,1,0,0,0,1,0,1,0,0,0,1
0,1.6125732136881425,1,0,0,1,1,1.0936701473803367,0,-0.5108690141075364,3,3,1,1,1,0,1,0,0,0,1,1,0
0,-0.09867315991688919,0,0,0,1,1,-0.8143313020331343,1,-0.5153463039978761,2,2,1,0,0,1,0,0,1,0,0,0,1
0,-0.8728084241667845,1,1,0,0,0,-0.15118445681015957,0,-0.08101587146609827,0,2,0,0,1,1,0,0,1,0,0,0,0
0,0.06430268518835193,0,0,0,1,1,-0.2841462302884502,0,-0.47949371990150785,2,4,1,0,0,1,0,0,1,0,0,0,1
0,0.8791819107145575,0,1,0,0,0,-0.6182126861526555,0,-0.5690418020398786,3,3,1,1,1,1,0,0,0,0,1,0,0
0,-1.1987601143772668,0,0,0,1,1,-0.47195473532653576,1,0.809531745516752,0,3,1,0,0,1,0,0,1,0,0,0,1
1,1.6125732136881425,1,0,0,0,0,-1.3262341299245533,0,-0.6272785512563687,3,0,0,1,0,0,0,1,0,0,1,0,0
1,0.3087664528462136,1,0,1,0,1,0.6665304500813278,1,-0.4255216505925113,2,2,0,0,0,0,1,0,1,0,0,0,1
1,-1.2395040756535771,0,0,0,1,0,0.02997595955401154,1,1.8892781735352813,0,2,1,0,0,1,0,0,1,0,0,0,0
1,0.8791819107145575,1,0,0,0,0,-0.04813908236448427,0,-0.5326434703631852,3,2,1,1,1,1,0,0,0,0,1,1,0
0,-0.7505765403378537,0,1,0,0,0,-0.4885749570113221,0,-0.27721844311595173,1,1,0,0,1,1,0,0,1,0,0,0,0
0,-1.2802480369298874,0,0,0,0,0,0.18953008772796023,1,3.447614910189051,0,0,0,0,0,0,1,0,1,0,0,0,1
0,-0.9135523854430948,1,0,0,0,1,0.9989348837770544,1,0.33943084368657156,0,3,1,0,0,0,1,0,1,0,0,0,1
0,-1.2802480369298874,0,1,0,0,0,-0.48691293484284354,0,2.2598938393686683,0,1,0,0,0,1,0,0,1,0,0,0,1
0,-1.2802480369298874,0,0,0,0,0,-1.4974224132778524,1,0.4856078171111931,0,0,0,0,0,0,0,1,1,0,0,0,0
0,0.9606698332671781,1,1,1,0,1,-0.0049265059840396625,0,-0.5346988004317785,3,3,0,1,1,1,0,0,0,1,0,0,0
0,1.4495973685829016,0,1,1,1,1,0.4920181223910713,0,-0.5324327731290741,3,5,1,1,1,1,0,0,0,0,1,0,0
1,-0.7505765403378537,0,0,0,0,1,-1.5057325241202457,0,-0.5153463039978761,1,0,0,1,0,0,0,1,0,1,0,0,0
1,1.4495973685829016,0,1,1,1,1,1.155164967614046,0,-0.49868276727091565,3,4,1,1,0,0,1,0,0,0,1,0,1
0,0.9199258719908678,1,0,0,0,1,0.30587163952146457,0,-0.5128449609213853,3,0,0,0,0,0,1,0,1,0,0,0,1
0,-0.6690886177852331,0,1,0,1,1,-0.860867922750536,0,-0.39999024682324147,1,2,1,0,0,1,0,0,1,0,0,0,1
0,-0.9542963467194051,0,0,0,0,1,0.49035610022259274,0,0.26148747745761725,0,1,1,0,0,0,1,0,1,0,0,0,1
1,-0.7505765403378537,0,1,0,1,1,0.021665848711618373,1,-0.157765414863091,1,3,1,0,0,1,0,0,1,0,0,0,1
0,1.0421577558197987,1,0,0,1,1,1.1269105907499095,1,-0.4718201080905785,3,3,1,0,0,0,1,0,1,0,0,0,1
0,0.8384379494382472,0,1,0,0,1,-0.6148886418156984,0,-0.5670098467999638,3,3,1,0,1,1,0,0,1,0,0,0,0
0,1.5310852911355222,1,1,0,1,1,1.1485168789401314,0,-0.5037555734039961,3,4,1,1,1,0,1,0,0,0,1,1,0
1,-0.7505765403378537,1,0,0,1,1,1.0305133049781485,0,0.07841695695934048,1,2,1,0,0,0,1,0,1,0,0,0,1
1,-0.42462485012737144,0,1,1,1,1,0.08980875761924224,1,-0.3245192032058821,1,4,1,1,1,1,0,0,0,1,0,0,0
0,-0.9135523854430948,1,1,0,0,1,0.4438194795051913,0,0.1622144766309506,0,1,0,0,1,0,1,0,1,0,0,1,0
1,-0.13941712119319946,1,0,0,0,0,-1.286345597881066,0,-0.5655399217327914,2,0,0,1,0,0,0,1,0,0,1,0,0
0,-1.2802480369298874,0,0,0,0,1,0.15961368869534465,1,3.395086705582744,0,0,0,0,0,0,1,0,1,0,0,0,1
0,0.6754621043330061,1,1,1,1,0,0.6499102283965414,1,-0.47017204803645224,3,5,1,1,0,1,0,0,0,1,0,0,1
0,1.4495973685829016,1,0,0,1,1,1.1767712558042684,1,-0.4975831430198979,3,3,1,0,0,0,1,0,1,0,0,0,1
0,-1.2802480369298874,0,0,0,1,0,0.44049543516823375,1,3.8882681821641802,0,1,1,0,0,0,1,0,1,0,0,0,1
0,-0.09867315991688919,0,0,1,0,1,-0.8126692798646555,0,-0.5151580308630864,2,2,1,1,1,1,0,0,0,1,0,1,0
0,1.6125732136881425,1,1,1,1,0,0.4787219450432425,0,-0.5404511080258522,3,5,1,1,1,1,0,0,0,0,1,1,0
0,-0.9135523854430948,0,0,0,0,1,-1.4591959034028439,0,-0.44530869785613364,0,0,0,0,0,0,0,1,1,0,0,0,0
0,-1.0357842692720256,1,0,0,0,0,0.2925754621736353,1,0.40681551020173273,0,0,0,0,0,0,1,0,1,0,0,0,1
0,-0.9542963467194051,1,0,0,0,1,0.33080197204864403,1,0.20545739254422327,0,0,0,0,0,0,1,0,1,0,0,0,1
1,-1.2802480369298874,0,1,0,0,0,-0.4952230456852367,0,2.245302671422472,0,1,0,0,0,1,0,0,1,0,0,0,0
0,-0.506112772679992,1,0,1,0,1,0.13634537833664417,0,-0.28411103292672635,1,3,1,0,1,1,0,0,1,0,0,1,0
0,-1.2802480369298874,0,0,0,0,1,-1.4808021915930663,0,0.5147901530035858,0,0,0,0,0,0,0,1,1,0,0,0,0
0,-0.13941712119319946,1,0,0,0,1,0.3723525262606099,0,-0.3713801135954055,2,0,0,0,1,0,1,0,1,0,0,1,0
0,-1.2802480369298874,0,0,1,0,0,0.30587163952146457,0,3.6518912614357997,0,1,0,0,0,0,1,0,1,0,0,0,1
0,-1.1987601143772668,0,1,1,0,1,0.5817673194889176,0,1.7346117933056,0,2,0,0,0,0,1,0,1,0,0,0,0
0,-0.506112772679992,0,1,0,1,1,0.8177744674128837,0,-0.17016095944214543,1,3,1,0,1,0,1,0,1,0,0,0,0
1,1.2866215234776603,0,0,1,1,1,1.1418687902662172,0,-0.48903730579334975,3,4,1,0,1,0,1,0,1,0,0,1,0
0,-1.2802480369298874,0,0,0,0,1,-1.4824642137615447,1,0.5118719194143465,0,0,0,0,0,0,0,1,1,0,0,0,0
0,-1.076528230548336,0,1,0,0,0,-1.1749901125929976,0,-0.17599742662062395,0,1,0,0,1,1,0,0,1,0,0,0,0
0,0.7162060656093164,0,0,0,0,0,-1.495760391109374,0,-0.6217759996054258,3,0,0,1,0,0,0,1,0,0,1,0,1
0,-1.076528230548336,0,1,0,0,1,-0.18774894451668955,0,0.3192685025245547,0,2,1,0,1,1,0,0,1,0,0,0,0
1,-1.0357842692720256,0,0,0,0,0,-0.6664113290385358,0,-0.014139685046031667,0,0,0,0,0,1,0,0,1,0,0,0,1
1,1.6125732136881425,1,0,0,0,1,0.8643110881302852,0,-0.5219023356230164,3,2,1,1,1,0,1,0,0,0,1,1,0
0,-0.9950403079957154,0,0,0,0,1,-0.5068572008645872,0,-0.024434564652514645,0,1,0,0,1,1,0,0,1,0,0,0,0
1,1.4088534073065913,1,1,1,1,0,1.3928341377064908,0,-0.48393237771371217,3,4,1,1,1,0,1,0,0,0,1,1,0
0,-0.3431369275747509,1,0,0,1,1,0.95572230739661,1,-0.2302932470009843,1,2,1,0,0,0,1,0,1,0,0,0,1
0,1.6125732136881425,1,1,0,0,1,0.9856387064292257,0,-0.5160658684445378,3,3,1,1,1,0,1,0,0,0,1,1,0
1,0.02355872391204165,0,0,0,0,1,-1.5073945462887242,0,-0.6003183996845488,2,0,0,1,1,0,0,1,0,1,0,0,0
0,-1.2395040756535771,0,0,0,0,1,-1.3212480634191175,1,0.30759556816759764,0,0,0,0,0,1,0,0,1,0,0,0,1
0,1.5310852911355222,0,1,1,0,0,0.10476695713555004,0,-0.5553795366164541,3,4,1,1,0,1,0,0,0,0,1,0,0
0,-0.42462485012737144,0,0,0,1,0,0.015017760037703748,0,-0.3359383781202967,1,3,1,1,1,1,0,0,0,1,0,0,0
0,1.082901717096109,1,1,0,0,1,1.151840923277089,0,-0.47361556367175456,3,4,1,0,1,0,1,0,1,0,0,0,0
0,0.1457906077409725,0,0,0,0,1,-1.477478147256109,0,-0.6028933116750541,2,0,0,1,1,0,0,1,0,1,0,1,0
1,0.7569500268856267,0,0,0,0,0,-1.4907743246039378,0,-0.6223107890188385,3,0,0,1,0,0,0,1,0,0,1,0,0
0,0.8384379494382472,1,1,1,1,0,0.41888914697801183,0,-0.49978239152193327,3,4,1,1,1,1,0,0,0,1,0,0,0
1,-0.506112772679992,0,0,0,0,0,-1.499084435446331,0,-0.5575912092897207,1,0,0,1,1,0,0,1,0,1,0,0,0
0,1.24587756220135,0,1,0,1,0,1.160151034119482,0,-0.4852520201088461,3,4,1,1,1,0,1,0,0,0,1,1,0
0,0.3087664528462136,0,0,0,0,0,0.3324639942171226,0,-0.45413457505285726,2,1,0,0,1,0,1,0,1,0,0,1,0
0,0.10504664646466222,0,0,0,0,1,-1.5173666792995961,0,-0.6050009248228381,2,0,0,1,0,0,0,1,0,1,0,0,0
1,-0.26164900502213034,0,0,0,0,0,0.47041183420084937,0,-0.325769203422851,2,1,1,1,1,0,1,0,0,1,0,0,0
0,-0.22090504374582004,1,0,0,0,1,1.0222031941357554,1,-0.26875556570715786,2,3,1,0,0,0,1,0,1,0,0,0,1
1,0.8384379494382472,0,1,1,0,0,-0.0647593040492706,0,-0.531234464650401,3,3,0,1,1,1,0,0,0,1,0,1,0
0,0.06430268518835193,0,0,0,0,0,0.22443255326601144,0,-0.42846632114109556,2,0,0,0,1,0,1,0,1,0,0,1,0
0,-0.5468567339563023,1,0,0,1,1,1.002258928114012,0,-0.11292189204178085,1,2,1,0,0,0,1,0,1,0,0,0,1
0,0.4309983366751445,0,1,0,0,1,0.7080810042932936,0,-0.4386763487896807,2,3,0,0,1,0,1,0,1,0,0,1,0
1,-1.076528230548336,0,0,0,0,0,-1.504070501951767,0,-0.34108606966901683,0,0,0,0,0,0,0,1,1,0,0,0,0
1,0.9606698332671781,1,0,0,0,1,-1.3295581742615106,0,-0.6163069467694522,3,0,0,1,0,0,0,1,0,0,1,0,0
0,1.0014137945434884,0,0,0,1,1,-0.847571745402707,1,-0.5880002574954882,3,2,1,0,0,1,0,0,1,0,0,0,1
1,0.06430268518835193,0,0,0,1,1,0.6399380953856697,0,-0.3867772698662489,2,2,1,0,0,0,1,0,1,0,0,0,0
0,-0.9135523854430948,0,0,1,0,0,-0.9489550976799035,0,-0.28241820478405083,0,2,0,0,0,1,0,0,1,0,0,0,1
0,-1.2802480369298874,0,0,0,0,1,-1.4808021915930663,1,0.5147901530035858,0,0,0,0,0,0,0,1,1,0,0,0,0
0,-0.791320501614164,0,0,0,0,1,-1.359474573294126,1,-0.4678207855445508,1,0,0,0,0,1,0,0,1,0,0,0,1
0,0.9606698332671781,1,0,0,1,0,1.123586546412952,0,-0.4651731650951659,3,3,1,0,0,0,1,0,1,0,0,0,1
0,0.9199258719908678,1,0,0,1,1,1.2914507854292943,0,-0.45104094240642506,3,4,1,0,1,0,1,0,1,0,0,1,0
1,0.1457906077409725,1,1,1,1,1,0.9341160192063881,0,-0.37400915286499037,2,6,1,1,1,1,0,0,0,0,1,1,0
0,0.5939741817803856,0,0,0,0,0,-1.4924363467724167,0,-0.6187004102834336,2,0,0,1,1,0,0,1,0,1,0,0,0
1,-0.8320644628904743,0,0,0,0,1,-1.485788258098502,0,-0.4866129271192125,0,0,0,0,1,0,0,1,1,0,0,1,0
0,-1.2802480369298874,0,0,0,1,1,0.6864747161030716,1,4.320166753371592,0,2,1,0,0,0,1,0,1,0,0,0,1
0,-0.3431369275747509,1,0,0,0,1,0.5219345214236869,0,-0.2912259643443002,1,1,0,0,0,0,1,0,1,0,0,0,1
0,1.24587756220135,1,0,0,1,0,1.1667991227933967,1,-0.48488724091019125,3,3,1,1,1,0,1,0,0,1,0,0,0
0,0.10504664646466222,0,0,0,1,1,-0.8292895015494419,0,-0.5378815522703349,2,2,1,0,0,1,0,0,1,0,0,0,1
0,1.4088534073065913,0,1,1,0,0,-0.1428743459677664,0,-0.5632396670212735,3,3,0,1,1,1,0,0,0,1,0,1,0
0,-0.3023929662984406,1,0,0,0,1,0.6648684279128493,1,-0.28637720699602576,2,1,1,0,0,0,1,0,1,0,0,0,1
0,-0.46536881140368175,1,1,0,1,0,1.2980988741032085,0,-0.11607889019741256,1,4,1,0,0,0,1,0,1,0,0,0,0
0,-0.791320501614164,0,1,1,0,0,0.09978089063011394,0,-0.10179091535139688,1,4,1,0,1,1,0,0,1,0,0,0,0
0,0.10504664646466222,1,0,0,0,1,0.34576017156495187,1,-0.423259821848548,2,0,0,0,0,0,1,0,1,0,0,0,1
0,1.5718292524118322,1,0,0,0,0,-1.327896152093032,0,-0.626806614697987,3,0,0,1,1,0,0,1,0,0,1,0,0
0,-0.13941712119319946,0,0,0,0,0,-1.5107185906256815,0,-0.5918040240359449,2,0,0,0,1,0,0,1,1,0,0,1,0
0,1.5718292524118322,0,0,0,1,0,-0.5135052895385016,1,-0.5870862130666747,3,3,1,1,0,1,0,0,0,0,1,0,1
0,-1.0357842692720256,0,0,0,1,1,0.8044782900650546,0,0.6315194965731565,0,2,1,0,0,0,1,0,1,0,0,0,1
0,1.0014137945434884,0,0,0,1,1,-0.32569678450041606,0,-0.5564028317361389,3,4,1,0,0,1,0,0,1,0,0,0,1
0,1.3273654847539706,1,1,1,0,0,0.377338592766046,0,-0.5324135489288814,3,4,1,1,1,1,0,0,0,0,1,0,0
0,-0.22090504374582004,0,0,0,0,0,-1.4791401694245876,0,-0.5824656765503793,2,0,0,1,0,0,0,1,0,1,0,0,0
0,-1.076528230548336,1,0,0,0,1,0.3357880385540801,1,0.5819095255560891,0,0,0,0,0,0,1,0,1,0,0,0,1
0,1.6125732136881425,1,1,1,1,1,1.7468448595924393,0,-0.4794480332699738,3,6,1,1,1,0,1,0,0,0,1,1,0
0,-1.2802480369298874,0,0,0,0,1,-1.4974224132778524,0,0.4856078171111931,0,0,0,0,0,0,0,1,1,0,0,0,0
0,-0.8728084241667845,0,0,0,0,0,-0.6514531295222281,0,-0.22741392319293485,0,0,0,0,1,1,0,0,1,0,0,1,0
1,0.2680224915699033,1,0,0,0,0,-1.3162619969136813,0,-0.5935549641894885,2,0,0,1,0,0,0,1,0,0,1,0,0
0,1.082901717096109,1,1,0,0,1,0.829408622592234,0,-0.4924868075488351,3,3,0,0,0,0,1,0,1,0,0,0,1
0,-0.26164900502213034,0,1,1,1,0,0.3391120828910372,0,-0.34284627405617707,2,4,1,1,1,1,0,0,0,1,0,0,0
0,-1.2395040756535771,0,0,0,0,0,-0.4935610235167579,0,1.2764491197950352,0,1,0,0,0,1,0,0,1,0,0,0,0
1,1.6125732136881425,0,1,1,1,0,0.02997595955401154,0,-0.5620380414257043,3,6,1,1,1,1,0,0,0,0,1,0,0
0,1.3273654847539706,1,1,0,0,0,0.07485055810293445,0,-0.5485080493301405,3,3,0,1,1,1,0,0,0,1,0,1,0
1,1.6125732136881425,1,0,1,1,0,1.532443999858696,0,-0.4897617903387921,3,5,1,1,1,0,1,0,0,0,1,1,0
0,-1.076528230548336,1,0,1,0,1,0.7695758245270033,0,0.7995263732107888,0,2,1,0,1,0,1,0,1,0,0,0,0
0,-0.01718523736426863,0,0,0,0,0,-1.495760391109374,0,-0.5970568444965756,2,0,0,1,1,0,0,1,0,1,0,1,0
0,0.7162060656093164,1,0,0,1,0,0.3623803932497382,0,-0.4938314838105434,3,3,1,1,1,1,0,0,0,1,0,0,0
0,1.1643896396487294,0,1,1,1,1,-0.08802761440797156,0,-0.5500826973665629,3,5,1,1,0,1,0,0,0,0,1,0,0
0,-0.7098325790615434,0,0,0,1,1,1.2116737213423197,1,0.07158342663787184,1,4,1,0,0,0,1,0,1,0,0,0,1
0,1.6125732136881425,1,1,1,1,0,1.67371588417938,0,-0.4829659038980979,3,6,1,1,1,0,1,0,0,0,1,0,0
0,-0.9542963467194051,0,0,0,0,1,-1.5240147679735105,1,-0.44589234457398147,0,0,0,0,0,0,0,1,1,0,0,0,0
0,-1.2802480369298874,0,0,0,0,0,-1.5057325241202457,0,0.47101664916499675,0,0,0,0,0,0,0,1,1,0,0,0,0
0,-0.8320644628904743,1,0,0,0,1,0.7230392038096014,0,0.11005360212678561,0,1,1,0,0,0,1,0,1,0,0,0,1
0,0.18653456901728277,0,0,1,0,0,-1.2032444894571344,1,-0.5792402604780622,2,1,0,0,1,1,0,0,1,0,0,1,0
1,1.1643896396487294,0,0,0,0,0,-1.4758161250876303,0,-0.6286867311412334,3,0,0,1,0,0,0,1,0,1,0,0,0
1,-0.5876006952326126,0,0,0,0,0,-1.495760391109374,0,-0.5454501873395022,1,0,0,1,1,0,0,1,0,1,0,0,0
1,-0.46536881140368175,0,0,0,0,0,-0.6364949300059205,0,-0.42488106273145876,1,0,0,0,0,1,0,0,1,0,0,0,0
1,1.4495973685829016,0,1,1,0,1,-0.2791601637830144,0,-0.5716809002423211,3,5,1,1,0,1,0,0,0,0,1,0,0
0,-0.8320644628904743,1,0,0,0,1,0.2826033291627636,0,-0.008920536511430724,0,0,0,0,1,0,1,0,1,0,0,1,0
0,-1.2395040756535771,0,0,0,0,0,-1.344516373777818,1,0.2803587213346979,0,0,0,0,0,1,0,0,1,0,0,0,1
0,1.2051336009250397,1,0,0,1,1,1.2149977656792768,0,-0.4793084352291753,3,3,1,0,0,0,1,0,1,0,0,0,1
0,-0.13941712119319946,1,0,1,1,0,1.1252485685814309,1,-0.2832494592003795,2,3,1,0,0,0,1,0,1,0,0,0,1
1,-1.2802480369298874,0,0,1,0,0,-1.037042272609271,0,1.2939585213304705,0,2,0,0,0,1,0,0,1,0,0,0,0
0,-1.1172721918246462,1,0,0,0,1,0.5019902554019434,1,0.8873513078964659,0,1,0,0,1,0,1,0,1,0,0,0,0
0,-1.2802480369298874,0,0,0,0,0,-1.4658439920767583,0,0.5410542553067391,0,0,0,0,0,0,0,1,1,0,0,0,1
1,1.2051336009250397,1,0,1,1,1,1.304746962777123,0,-0.4743057490761936,3,4,1,1,0,0,1,0,0,0,1,0,1
1,0.1457906077409725,0,0,0,0,0,-1.4808021915930663,0,-0.6032087963874043,2,0,0,1,1,0,0,1,0,0,1,0,0
0,-0.18016108246950976,1,0,1,1,1,1.2798166302499436,1,-0.25129647854395054,2,4,1,0,0,0,1,0,1,0,0,0,1
1,1.4903413298592119,1,1,1,1,0,0.2958995065105929,0,-0.54419512748007,3,4,1,1,1,1,0,0,0,1,0,1,0
0,-0.8728084241667845,1,1,1,1,1,1.0438094823259778,1,0.26868578697774087,0,3,1,0,1,0,1,0,1,0,0,1,0
0,1.24587756220135,1,0,1,1,1,1.4609770466141145,0,-0.46874576136971147,3,5,1,0,0,0,1,0,1,0,0,0,1
0,-0.38388088885106114,0,0,0,0,0,-1.4841262359300234,0,-0.5690904392663659,1,0,0,1,1,0,0,1,0,1,0,0,0
0,-0.9135523854430948,0,0,0,0,0,-1.4974224132778524,0,-0.4575122201384069,0,0,0,0,1,0,0,1,1,0,0,1,0
0,1.5718292524118322,1,0,0,0,1,-1.2913316643865018,0,-0.6250232497267852,3,0,0,1,1,0,0,1,0,0,1,1,0
0,0.512486259227765,1,1,1,0,1,0.17457188821165245,0,-0.48933596113726513,2,3,1,0,0,1,0,0,1,0,0,0,1
1,1.5310852911355222,1,0,0,0,0,-1.35448850678869,0,-0.6275544405982029,3,0,0,1,0,0,0,1,0,0,1,0,0
1,-0.42462485012737144,1,0,0,0,1,0.6632064057443707,0,-0.23697219552870408,1,1,1,0,0,0,1,0,1,0,0,0,1
1,0.797693988161937,1,0,0,0,0,-1.3877289501582628,0,-0.6163281983877783,3,0,0,1,0,0,0,1,0,0,1,0,0
0,0.9199258719908678,1,0,1,1,1,1.3080710071140806,1,-0.44999871612455383,3,4,1,1,0,0,1,0,0,1,0,0,1
0,1.3273654847539706,0,1,1,1,0,-0.1611565898210313,0,-0.561065296895958,3,5,1,1,1,1,0,0,0,0,1,1,0
1,1.6125732136881425,0,0,0,0,0,-1.504070501951767,0,-0.6358333730111247,3,0,0,1,1,0,0,1,0,0,1,0,0
0,-0.9135523854430948,0,0,0,0,0,-1.5024084797832884,0,-0.4591039839143556,0,0,0,1,1,0,0,1,0,1,0,0,0
1,-1.0357842692720256,0,0,0,0,0,-1.4874502802669807,0,-0.37454153331708134,0,0,0,1,0,0,0,1,0,1,0,0,0
0,-1.1172721918246462,0,0,0,0,1,0.6897987604400287,0,0.9972714397578115,0,2,1,0,0,0,1,0,1,0,0,0,1
1,-0.3431369275747509,1,1,0,1,0,0.45877767902149863,0,-0.30009739445558764,1,4,1,1,1,1,0,0,0,0,1,1,0
1,1.6125732136881425,1,1,1,1,1,1.7285626157391745,0,-0.4803275009270049,3,6,1,1,1,0,1,0,0,0,1,1,0
0,-0.46536881140368175,0,1,1,1,1,-0.7062998610820231,0,-0.43602340916309956,1,3,1,0,0,1,0,0,1,0,0,0,0
0,1.4903413298592119,0,0,1,1,1,-0.1329022129568947,0,-0.5657066779378909,3,5,1,1,1,1,0,0,0,1,0,1,0
1,0.4717422979514547,0,0,1,0,1,-0.3290208288373734,0,-0.5246846514834418,2,2,0,0,1,1,0,0,1,0,0,0,0
1,1.1643896396487294,1,0,0,1,1,0.013355737869225209,0,-0.5443403667554791,3,2,1,1,0,1,0,0,0,1,0,0,1
0,-0.3431369275747509,1,0,0,1,1,1.2681824750705932,1,-0.18640301381882565,1,4,1,0,1,0,1,0,1,0,0,1,0
0,-1.2802480369298874,0,0,0,1,0,0.8576629994563706,1,4.6207448130632365,0,2,1,0,0,0,1,0,1,0,0,0,1
0,-1.076528230548336,0,0,1,0,1,-0.46530664665262134,1,0.1800270712665668,0,1,0,0,1,1,0,0,1,0,0,0,0
0,-1.1580161531009565,1,0,0,0,1,0.8393807556031058,1,1.435201027049651,0,2,1,0,0,0,1,0,1,0,0,0,1
0,1.6125732136881425,1,0,1,1,1,1.4426948027608497,0,-0.4940791770187625,3,5,1,1,0,0,1,0,0,0,1,0,1
0,1.6125732136881425,1,1,1,1,0,0.9041996201737725,0,-0.519983497098585,3,6,1,1,1,1,0,0,0,0,1,0,0
0,-0.7505765403378537,1,0,0,0,1,0.3424361272279943,0,-0.08266953716666725,1,0,0,0,0,0,1,0,1,0,0,0,1
0,-1.0357842692720256,1,0,0,0,1,-1.3212480634191175,0,-0.3015856935860996,0,0,0,0,1,0,0,1,1,0,0,0,0
0,0.6347181430566958,0,0,0,0,0,0.3440981493964733,0,-0.48806975330661917,2,1,0,1,0,0,1,0,0,1,0,0,1
1,0.9199258719908678,0,0,0,0,0,-1.5057325241202457,0,-0.6264476256453425,3,0,0,1,0,0,0,1,0,1,0,0,0
0,-1.2802480369298874,0,0,0,0,0,-1.5123806127941604,0,0.4593437148080397,0,0,0,0,1,0,0,1,1,0,0,1,0
0,0.512486259227765,0,1,1,1,0,1.5756565762391403,0,-0.38237635610558246,2,6,1,1,1,0,1,0,0,1,0,1,0
0,-1.1987601143772668,0,0,0,0,1,0.18288199905404562,0,1.3844237625968878,0,0,0,0,0,0,1,0,1,0,0,0,0
0,1.5718292524118322,0,0,0,0,0,-1.5024084797832884,0,-0.6353181293332683,3,0,0,1,0,0,0,1,0,0,1,0,0
0,-0.9950403079957154,0,0,0,0,0,-1.4808021915930663,0,-0.4044534276067839,0,0,0,0,0,0,0,1,1,0,0,0,0
0,-1.1987601143772668,1,0,0,0,1,0.3673664597551738,1,1.546385726799667,0,0,0,0,0,0,1,0,1,0,0,0,1
1,1.4903413298592119,0,1,1,1,0,0.526920587929123,0,-0.5326055712256625,3,5,1,1,1,1,0,0,0,0,1,0,0
1,-1.2802480369298874,0,0,0,0,1,0.1230492009888149,1,3.33088556661948,0,0,0,0,0,0,1,0,1,0,0,0,1
0,1.6125732136881425,1,1,1,1,1,1.6936601502011233,0,-0.4820064846358822,3,6,1,1,1,0,1,0,0,0,1,1,0
0,-0.8728084241667845,0,1,0,0,1,0.28925141783667824,1,0.047872778725302795,0,1,0,0,0,0,1,0,1,0,0,0,1
0,1.5718292524118322,1,1,1,0,0,0.525258565760644,0,-0.5364224354757152,3,5,1,1,1,1,0,0,0,0,1,0,0
0,-1.2802480369298874,0,0,0,0,1,0.17124784387469535,1,3.415514340707419,0,0,0,0,0,0,1,0,1,0,0,0,0
0,0.02355872391204165,0,1,1,1,0,-0.17445276716886055,0,-0.4626464385922022,2,5,1,1,1,1,0,0,0,0,1,0,0
0,-0.6690886177852331,0,0,0,0,0,-1.5206907236365534,0,-0.5362889215206519,1,0,0,1,0,0,0,1,0,1,0,0,0
0,0.9606698332671781,1,1,1,0,0,1.025527238472713,0,-0.4712144205956962,3,4,0,1,0,0,1,0,0,1,0,0,1
0,-1.2802480369298874,0,0,0,0,0,-1.4907743246039378,0,0.49728075146815015,0,0,0,0,1,0,0,1,1,0,0,1,0
0,-1.1172721918246462,0,0,0,1,1,0.17457188821165245,1,0.6957206355364203,0,3,1,0,0,1,0,0,1,0,0,0,1
1,1.0014137945434884,0,0,0,0,0,-1.509056568457203,0,-0.6280504977891858,3,0,0,1,0,0,0,1,0,1,0,0,0
1,0.9606698332671781,0,0,0,0,1,-0.9539411641853394,0,-0.59316586637759,3,2,0,1,1,1,0,0,0,1,0,1,0
0,-0.9950403079957154,1,0,0,1,1,0.9706805069129179,1,0.552078693310532,0,3,1,0,0,0,1,0,1,0,0,0,1
1,-0.42462485012737144,0,1,0,0,0,-0.12126805777754422,1,-0.3567466524087854,1,3,0,0,0,1,0,0,1,0,0,0,0
0,-1.2802480369298874,0,0,0,0,0,-1.4974224132778524,0,0.4856078171111931,0,0,0,0,0,0,0,1,1,0,0,0,0
1,0.3087664528462136,0,1,1,1,1,-0.023208749837305007,0,-0.484598086667355,2,3,1,0,1,1,0,0,1,0,0,1,0
1,0.5532302205040753,0,0,0,0,0,-1.4974224132778524,0,-0.6180432903085515,2,0,0,1,1,0,0,1,0,0,1,1,0
1,1.24587756220135,0,0,0,0,0,-1.499084435446331,0,-0.6311636995708095,3,0,0,1,0,0,0,1,0,0,1,0,0
1,1.4495973685829016,1,1,0,1,1,1.509175689499995,0,-0.48066584685039493,3,5,1,1,0,0,1,0,0,0,1,0,1
1,1.4903413298592119,0,1,1,1,1,1.3811999825271402,0,-0.4897492265151202,3,5,1,1,1,0,1,0,0,0,1,1,0
0,0.9606698332671781,1,0,1,0,0,0.856000977287892,0,-0.481658625020342,3,3,0,0,0,0,1,0,1,0,0,0,1
1,-0.9135523854430948,0,0,0,0,1,0.03662404822792617,0,0.03222043492847402,0,3,1,1,0,1,0,0,0,1,0,0,0
0,1.24587756220135,1,1,1,1,0,1.3197051622934308,0,-0.4764973193411283,3,5,1,1,1,0,1,0,0,1,0,1,0
1,-0.3431369275747509,0,1,1,0,1,-0.4087978929243477,0,-0.42196282914221944,1,5,1,1,0,1,0,0,0,0,1,0,0
0,-0.5468567339563023,1,0,0,0,1,-0.2891322967938861,0,-0.3396686419256721,1,1,0,0,0,1,0,0,1,0,0,0,0
1,-0.42462485012737144,1,0,0,1,1,0.7961681792226614,0,-0.21667144012530049,1,2,1,0,0,0,1,0,1,0,0,0,1
0,-0.13941712119319946,1,1,0,0,1,0.653234272733499,1,-0.3385013484899764,2,2,0,0,0,0,1,0,1,0,0,0,1
0,-0.791320501614164,1,0,0,1,1,0.3490842159019089,1,-0.039257338439126856,1,3,1,1,0,1,0,0,0,1,0,0,0
0,1.5310852911355222,1,0,0,0,1,-1.2896696422180234,0,-0.6243484938381935,3,0,0,1,1,0,0,1,0,0,1,0,0
0,0.6754621043330061,0,0,0,1,0,1.1501789011086103,0,-0.43503651562201134,3,4,1,0,0,0,1,0,1,0,0,0,1
0,0.4309983366751445,1,1,1,1,1,1.4875694013097727,1,-0.37646491454635267,2,5,1,1,0,0,1,0,0,1,0,0,0
0,-1.1987601143772668,0,0,0,0,1,-1.5024084797832884,1,-0.09512066714742133,0,0,0,0,0,0,0,1,1,0,0,0,0
1,0.3902543753988342,0,0,1,1,0,0.277617262657328,0,-0.4685188347751994,2,4,1,1,0,1,0,0,0,1,0,0,1
0,1.0014137945434884,0,0,1,0,1,-0.3373309396797665,0,-0.5571072329473346,3,2,0,1,0,1,0,0,0,1,0,0,0
0,-1.2395040756535771,0,1,0,1,0,0.0532442699127125,1,1.9165150203681813,0,3,1,0,1,1,0,0,1,0,0,0,0
0,1.6125732136881425,1,1,1,1,1,1.6870120615272086,0,-0.4823262910566208,3,6,1,1,1,0,1,0,0,0,1,1,0
0,0.5532302205040753,1,0,0,1,1,1.3180431401249524,0,-0.40768211157785705,2,4,1,0,0,0,1,0,1,0,0,0,1
0,1.368109446030281,1,0,1,1,1,1.1717851892988325,1,-0.49278443833778734,3,3,1,0,1,0,1,0,1,0,0,1,0
0,1.2051336009250397,1,1,1,0,0,1.2366040538694991,1,-0.47810408485901307,3,4,1,1,0,0,1,0,0,1,0,0,1
0,1.6125732136881425,1,1,1,1,1,0.875945243309636,0,-0.5213426743867239,3,6,1,1,1,1,0,0,0,0,1,0,0
1,0.10504664646466222,0,0,1,1,1,0.8277466004237555,0,-0.3762438362441376,2,3,1,1,0,0,1,0,0,1,0,0,1
0,-0.6283446565089229,1,1,0,0,0,0.8443668221085419,1,-0.08215074008413574,1,3,0,0,1,0,1,0,1,0,0,1,0
0,1.6125732136881425,1,1,1,1,1,0.9174957975216018,0,-0.519343884257108,3,6,1,1,0,1,0,0,0,0,1,0,1
1,-0.18016108246950976,0,0,0,0,0,-1.4924363467724167,0,-0.586993970050923,2,0,0,1,0,0,0,1,0,1,0,0,0
0,0.9606698332671781,1,0,0,0,1,-1.3179240190821602,1,-0.6155901876422706,3,0,0,1,1,0,0,1,0,0,1,1,0
0,-0.05792919864057891,1,0,1,0,1,0.5003282332334644,1,-0.37581826051237355,2,1,0,0,1,0,1,0,1,0,0,1,0
0,0.512486259227765,0,0,0,0,0,-1.5273388123104679,0,-0.6192607957190484,2,0,0,1,1,0,0,1,0,1,0,0,0
0,-1.2802480369298874,1,0,0,0,1,-1.2979797530604165,0,0.8357958478199053,0,0,0,0,0,0,0,1,1,0,0,0,0
0,-1.2395040756535771,0,0,0,0,1,-0.5051951786961084,1,1.2628306963785851,0,1,0,0,0,1,0,0,1,0,0,0,0
0,-1.076528230548336,0,0,0,0,1,-1.4575338812343652,0,-0.31774020095510275,0,0,0,0,0,0,0,1,1,0,0,0,0
0,0.6347181430566958,0,0,0,1,1,1.0720638591901144,0,-0.43589888342552535,2,4,1,1,0,0,1,0,0,1,0,0,1
1,-0.3023929662984406,1,0,0,0,1,-1.3096139082397669,0,-0.553058861151122,2,0,0,0,1,0,0,1,1,0,0,0,0
1,1.2866215234776603,0,0,0,0,1,-1.499084435446331,0,-0.6317164803564636,3,0,0,1,1,0,0,1,0,0,1,0,0
0,0.7162060656093164,0,1,0,0,1,-0.9905056518918693,0,-0.5869860776003774,3,2,0,0,0,1,0,0,1,0,0,0,0
1,0.797693988161937,1,0,0,1,0,1.2116737213423197,0,-0.44409735561154373,3,3,1,1,1,0,1,0,0,1,0,0,0
0,-1.1580161531009565,0,0,0,0,1,0.17955795471708852,0,0.9717855330784554,0,0,0,0,0,0,1,0,1,0,0,0,1
0,-0.01718523736426863,0,0,0,1,0,0.8692971546357213,0,-0.3453813052549101,2,2,1,0,0,0,1,0,1,0,0,0,1
1,0.512486259227765,1,1,1,1,0,0.3008855730160285,0,-0.47969310232064855,2,4,1,1,1,1,0,0,0,0,1,1,0
0,-0.9542963467194051,1,1,0,0,1,0.7728998688639604,0,0.36070741949175233,0,2,1,0,0,0,1,0,1,0,0,0,1
0,1.368109446030281,1,0,1,1,1,1.3679038051793113,1,-0.48250528718763114,3,4,1,1,1,0,1,0,0,1,0,1,0
1,-1.1987601143772668,1,0,0,0,0,0.8992135536683364,1,2.01330310107795,0,2,1,0,0,0,1,0,1,0,0,0,1
0,0.8791819107145575,0,0,0,0,0,-1.485788258098502,0,-0.6244351814428931,3,0,0,1,0,0,0,1,0,0,1,0,0
1,-1.2802480369298874,0,0,1,1,0,-0.8209793907070487,1,1.6733288879315755,0,2,1,0,0,1,0,0,1,0,0,0,1
1,1.2866215234776603,1,1,1,1,0,1.5124997338369521,0,-0.46901373378103106,3,5,1,1,1,0,1,0,0,0,1,0,0
0,-0.05792919864057891,1,0,0,0,1,0.30254759518450747,1,-0.3975226228323406,2,0,0,0,0,0,1,0,1,0,0,0,1
0,-0.7505765403378537,0,0,0,1,1,0.8310706447607126,1,0.03172521953151214,1,2,1,0,0,0,1,0,1,0,0,0,0
0,-0.8320644628904743,0,1,0,1,1,0.6765025830921999,0,0.09748274974237044,0,2,1,1,1,0,1,0,0,1,0,1,0
0,1.4088534073065913,0,1,1,0,1,-0.1279161464514586,0,-0.5624671934241219,3,3,0,1,1,1,0,0,0,1,0,0,0
1,0.10504664646466222,1,1,1,1,0,0.2477008636247124,1,-0.4328251430577212,2,4,1,0,0,1,0,0,1,0,0,0,1
0,0.512486259227765,1,1,1,0,0,0.2909134400051568,0,-0.48045438064827617,2,3,1,1,0,1,0,0,0,0,1,0,0
0,-0.9135523854430948,0,0,0,0,0,-0.62486077482657,0,-0.17895355934738583,0,0,0,0,0,1,0,0,1,0,0,0,0
0,-0.13941712119319946,1,1,0,0,1,-0.2076932105384332,0,-0.4392776817717058,2,2,0,0,1,1,0,0,1,0,0,0,0
0,-0.3431369275747509,1,0,0,0,0,-1.336206262935425,0,-0.5522327765658605,1,0,0,1,1,0,0,1,0,1,0,0,0
1,1.368109446030281,0,0,0,0,1,-1.4974224132778524,0,-0.6326854277204222,3,0,0,1,0,0,0,1,0,0,1,0,0
0,0.7569500268856267,0,1,0,1,0,0.7163911151356868,0,-0.4732563964607712,3,2,1,1,0,0,1,0,0,1,0,0,0
0,0.512486259227765,1,0,0,0,0,-1.3062898639028098,0,-0.602385792789969,2,0,0,1,0,0,0,1,0,0,1,0,0
0,0.6754621043330061,0,0,0,0,0,-1.5223527458050319,0,-0.6227373000818812,3,0,0,1,1,0,0,1,0,1,0,1,0
0,-0.13941712119319946,0,0,0,0,1,-1.504070501951767,0,-0.5910258284121478,2,0,0,1,0,0,0,1,0,0,1,0,0
1,0.3087664528462136,1,1,1,1,1,1.5058516451630375,0,-0.3536334572966171,2,5,1,0,1,0,1,0,1,0,0,1,0
0,0.18653456901728277,1,0,0,1,1,1.055443637505328,1,-0.370509763226685,2,2,1,0,0,0,1,0,1,0,0,0,1
0,-0.3023929662984406,0,0,0,0,0,0.16459975520078074,0,-0.3539455385622581,2,0,0,0,0,0,1,0,1,0,0,0,1
0,-0.42462485012737144,0,0,0,1,1,-0.47195473532653576,0,-0.41028989478526234,1,3,1,0,0,1,0,0,1,0,0,0,1
0,1.6125732136881425,0,1,1,1,1,0.02665191521705399,0,-0.5621979446360736,3,6,1,1,1,1,0,0,0,0,1,0,0
0,-1.0357842692720256,0,0,0,0,1,-0.8209793907070487,1,-0.08198861599584464,0,2,1,0,1,1,0,0,1,0,0,1,0
1,0.02355872391204165,0,0,1,1,0,0.5751192308150029,0,-0.3852274180776781,2,5,1,1,1,1,0,0,0,0,1,1,0
0,-0.38388088885106114,0,0,1,0,1,0.47539790070628496,0,-0.28237398912360784,1,2,0,0,0,0,1,0,1,0,0,0,0
0,-0.3431369275747509,1,0,0,1,1,1.2116737213423197,1,-0.19434060918155652,1,3,1,0,0,0,1,0,1,0,0,0,1
0,-1.2802480369298874,0,0,0,1,0,0.49035610022259274,1,3.9758151898413585,0,1,1,0,0,0,1,0,1,0,0,0,1
0,1.4903413298592119,1,1,1,1,0,0.8593250216248496,0,-0.5159299507157239,3,6,1,1,0,1,0,0,0,0,1,0,0
1,-1.1987601143772668,0,0,0,0,1,-1.4708300585821945,0,-0.0673974480496483,0,0,0,1,1,0,0,1,0,1,0,1,0
0,0.9606698332671781,0,0,1,1,1,0.36404241541821675,0,-0.51196729668402,3,4,1,1,1,1,0,0,0,1,0,0,0
0,1.3273654847539706,1,1,1,1,1,1.5025276008260804,0,-0.4725455446890334,3,5,1,1,1,0,1,0,0,1,0,1,0
0,1.5718292524118322,0,0,0,0,0,-1.4608579255713225,0,-0.6332915782296298,3,0,0,1,0,0,0,1,0,1,0,0,1
0,-0.7505765403378537,1,0,0,0,1,0.5169484549182508,0,-0.04181426691731742,1,1,0,0,1,0,1,0,1,0,0,0,0
0,-1.2395040756535771,0,0,0,0,1,0.17789593254861,0,2.062426699830145,0,0,0,0,0,0,1,0,1,0,0,0,1
0,-0.01718523736426863,1,0,0,1,0,0.6399380953856697,1,-0.3697883498194568,2,1,1,1,0,0,1,0,0,1,0,0,1
0,0.3087664528462136,0,1,0,0,0,0.08814673545076371,0,-0.47506044518057294,2,3,1,0,0,1,0,0,1,0,0,0,1
0,-1.2802480369298874,0,0,0,0,0,-1.4641819699082799,0,0.5439724888959785,0,0,0,0,1,0,0,1,1,0,0,1,0
0,-1.2802480369298874,0,0,0,1,1,0.8078023344020117,1,4.533197805386059,0,2,1,0,0,0,1,0,1,0,0,0,1
0,-1.0357842692720256,0,0,0,0,1,0.16958582170621683,0,0.35282818880080646,0,0,0,0,0,0,1,0,1,0,0,0,0
0,-0.7098325790615434,1,0,0,0,1,-0.4553345136417494,0,-0.29429010961300145,1,0,0,0,0,1,0,0,1,0,0,0,1
1,-0.6283446565089229,1,1,0,1,0,0.9839766842607471,1,-0.05491389325123589,1,3,1,0,0,0,1,0,1,0,0,0,1
0,-0.5468567339563023,0,0,0,0,1,0.4471435238421484,1,-0.21039089392237248,1,2,0,0,0,0,1,0,1,0,0,0,1
0,1.5718292524118322,1,0,0,0,0,-1.304627841734331,0,-0.6256717460799496,3,0,0,1,1,0,0,1,0,0,1,0,0
1,0.8791819107145575,1,1,1,0,0,-0.15949456765255274,0,-0.5397533485624226,3,2,0,1,1,1,0,0,0,0,1,0,0
0,-0.05792919864057891,1,1,1,0,1,0.856000977287892,0,-0.3367868862562983,2,3,0,0,1,0,1,0,1,0,0,1,0
0,-0.8728084241667845,0,1,0,0,0,0.38564870360843917,0,0.07608237008794912,0,1,0,0,0,0,1,0,1,0,0,0,1
0,-0.5876006952326126,0,0,0,0,1,0.6698544944182854,0,-0.14519141188910564,1,2,1,0,0,0,1,0,1,0,0,0,1
0,1.6125732136881425,1,1,1,1,1,1.5058516451630375,0,-0.4910410160217463,3,5,1,1,1,0,1,0,0,0,1,0,0
0,1.5718292524118322,1,0,0,1,1,1.1584890119510036,0,-0.5055377966562663,3,3,1,0,1,0,1,0,1,0,0,1,0
0,-1.1172721918246462,0,0,1,1,0,-0.6448050408483137,0,0.21615758237143393,0,3,1,0,1,1,0,0,1,0,0,1,0
0,0.22727853029359305,1,0,1,0,0,0.13966942267360125,0,-0.46057330432292365,2,3,1,1,1,1,0,0,0,1,0,1,0
1,-1.1172721918246462,0,0,1,0,1,-0.5367735998972025,0,0.27938597680495136,0,1,0,0,1,1,0,0,1,0,0,0,0
0,-1.2395040756535771,0,0,0,0,1,-0.6863555950602795,1,1.0507723888938647,0,0,0,0,0,1,0,0,1,0,0,0,1
0,0.797693988161937,1,1,0,0,0,-0.16448063415798858,0,-0.5352783900224914,3,2,0,1,1,1,0,0,0,0,1,0,0
0,-0.9950403079957154,1,0,0,0,1,0.36404241541821675,1,0.31537752440556904,0,0,0,0,0,0,1,0,1,0,0,0,1
0,1.4495973685829016,1,0,0,1,1,0.526920587929123,0,-0.5306564570312763,3,4,1,1,0,1,0,0,0,0,1,0,1
1,1.4903413298592119,0,0,0,0,1,-1.4708300585821945,0,-0.632826050490394,3,0,0,1,1,0,0,1,0,1,0,1,0
0,0.3902543753988342,1,1,1,0,1,0.0532442699127125,0,-0.48684262707972503,2,3,0,0,1,1,0,0,1,0,0,1,0
0,0.7162060656093164,0,0,1,1,1,1.1767712558042684,0,-0.4377556226839849,3,4,1,1,0,0,1,0,0,0,1,0,0
0,-1.2802480369298874,0,0,0,0,1,-1.5190287014680746,1,0.44767078045108266,0,0,0,0,0,0,0,1,1,0,0,0,0
0,-1.2802480369298874,1,1,0,0,1,0.5152864327497723,1,4.019588693679948,0,1,0,0,0,0,1,0,1,0,0,0,1
0,0.02355872391204165,0,0,0,0,1,-0.6730594177124505,0,-0.5141446784023069,2,0,0,0,1,1,0,0,1,0,0,1,0
0,-1.0357842692720256,0,0,0,0,0,-1.477478147256109,0,-0.37016418293322245,0,0,0,0,0,0,0,1,1,0,0,0,0
1,1.2866215234776603,1,1,0,0,1,0.8975515314998579,0,-0.5022367007969858,3,3,0,0,0,0,1,0,1,0,0,0,1
0,-1.2802480369298874,0,0,0,0,1,0.3357880385540801,1,3.704419466042107,0,1,0,0,0,0,1,0,1,0,0,0,1
0,1.082901717096109,0,0,0,0,1,-1.4824642137615447,0,-0.6277955716365625,3,0,0,1,1,0,0,1,0,0,1,0,0
0,-1.076528230548336,1,0,0,0,0,-0.4802648461689289,0,0.17252304203709443,0,0,0,0,0,1,0,0,1,0,0,0,1
0,-1.1987601143772668,0,0,0,0,0,-1.5290008344789465,0,-0.1184665358613355,0,0,0,0,0,0,0,1,1,0,0,0,0
0,-0.7098325790615434,0,0,0,0,0,-1.4741541029191516,0,-0.5178997583884604,1,0,0,0,1,0,0,1,1,0,0,1,0
1,-0.791320501614164,0,0,0,1,1,-0.001602461647082585,0,-0.12722123662905332,1,2,1,1,0,1,0,0,0,1,0,0,1
0,-0.38388088885106114,1,0,0,1,1,1.1269105907499095,0,-0.18704502520845837,1,3,1,0,1,0,1,0,1,0,0,1,0
0,-0.05792919864057891,1,1,0,1,0,0.8194364895813623,0,-0.3407994574415023,2,2,1,0,0,0,1,0,1,0,0,0,1
0,-0.13941712119319946,0,1,1,0,1,-0.20104512186451856,0,-0.4384994861479087,2,3,0,1,0,1,0,0,0,1,0,0,1
0,0.6754621043330061,0,0,0,0,0,-1.4658439920767583,0,-0.6187685024005157,3,0,0,1,1,0,0,1,0,1,0,1,0
0,0.9606698332671781,1,0,0,1,1,0.6914607826085073,0,-0.49179564696191,3,1,1,0,1,0,1,0,1,0,0,0,0
0,1.24587756220135,1,1,1,0,1,0.5152864327497723,0,-0.5206356023783723,3,5,1,1,1,1,0,0,0,0,1,1,0
0,1.24587756220135,1,0,1,1,0,0.49866621106498593,0,-0.5215475503750094,3,4,1,1,1,1,0,0,0,0,1,1,0
1,-0.3431369275747509,1,1,0,0,1,0.5003282332334644,0,-0.29426092727710906,1,1,0,0,0,0,1,0,1,0,0,0,1
0,0.1457906077409725,0,0,1,0,0,-0.3556131835330314,0,-0.4964172212568646,2,2,0,1,1,1,0,0,0,1,0,1,0
0,-0.9542963467194051,0,0,0,1,1,0.5335686766030371,1,0.2766622921216613,0,1,1,0,0,0,1,0,1,0,0,0,1
0,-1.1987601143772668,0,0,0,0,0,-1.3312201964299892,1,0.05516836269840097,0,0,0,0,0,1,0,0,1,0,0,0,1
0,-0.46536881140368175,0,1,1,1,0,0.5352306987715161,0,-0.23784881905748737,1,5,1,1,0,1,0,0,0,1,0,0,0
1,-0.791320501614164,1,0,0,0,0,-1.3395303072723823,0,-0.4628180993915692,1,0,0,1,1,0,0,1,0,1,0,0,0
1,-1.2802480369298874,0,0,0,0,1,-1.4841262359300234,0,0.5089536858251071,0,0,0,0,1,0,0,1,1,0,0,0,0
1,-0.3023929662984406,0,0,0,0,0,-1.4874502802669807,0,-0.5770781683856298,2,0,0,1,0,0,0,1,0,1,0,0,0
1,1.5718292524118322,0,0,0,0,1,-1.5024084797832884,0,-0.6353181293332683,3,0,0,1,1,0,0,1,0,0,1,0,0
0,1.368109446030281,1,1,1,1,1,1.6454615073152428,0,-0.4679576749666473,3,6,1,1,1,0,1,0,0,1,0,0,0
0,0.512486259227765,0,1,0,1,1,1.1800953001412255,0,-0.4125737297681453,2,4,1,1,0,0,1,0,0,1,0,0,1
0,-0.42462485012737144,0,0,0,1,1,0.5053142997389005,0,-0.2610793425702459,1,1,1,0,1,0,1,0,1,0,0,1,0
0,1.4088534073065913,0,0,0,0,1,-1.4608579255713225,0,-0.6313031739702952,3,0,0,1,1,0,0,1,0,1,0,0,0
0,1.4495973685829016,1,0,0,1,1,0.8360567112661487,0,-0.5149233715936384,3,2,1,1,1,0,1,0,0,0,1,0,0
0,0.6754621043330061,1,0,0,0,1,0.8659731102987638,1,-0.45499723337240794,3,2,1,0,1,0,1,0,1,0,0,1,0
0,-1.1580161531009565,1,0,0,0,0,-0.5334495555602452,0,0.47101664916499675,0,0,0,0,0,1,0,0,1,0,0,0,0
0,1.24587756220135,1,1,1,0,0,0.5053142997389005,0,-0.5211827711763546,3,5,1,1,1,1,0,0,0,1,0,1,0
0,-1.2395040756535771,0,0,0,0,0,0.49534216672802883,1,2.434015110193278,0,2,0,0,1,0,1,0,1,0,0,0,0
0,-0.46536881140368175,0,0,0,0,1,-1.477478147256109,0,-0.5591198078364651,1,0,0,1,0,0,0,1,0,1,0,0,0
1,0.9199258719908678,0,1,1,0,0,-0.24093365390800586,1,-0.5471342055949466,3,3,0,1,1,1,0,0,0,0,1,0,0
1,-1.2802480369298874,0,0,0,0,1,-1.4808021915930663,0,0.5147901530035858,0,0,0,0,0,0,0,1,1,0,0,0,0
0,-0.6283446565089229,0,0,0,0,0,-1.509056568457203,0,-0.5412861581244474,1,0,0,1,0,0,0,1,0,0,1,0,0
0,-0.09867315991688919,1,1,0,1,1,1.183419344478183,0,-0.2890419959807405,2,3,1,0,1,0,1,0,1,0,0,0,0
1,-0.42462485012737144,0,1,1,0,1,-0.2276374765601766,0,-0.37298725673150823,1,3,0,0,0,1,0,0,1,0,0,0,0
0,-0.9542963467194051,0,0,1,1,1,-0.17611478933733907,0,0.02744514360062793,0,2,1,0,1,1,0,0,1,0,0,0,0
1,-1.2802480369298874,0,0,0,0,0,-1.5157046571311175,0,0.45350724762956107,0,0,0,0,0,0,0,1,1,0,0,0,0
0,-0.46536881140368175,1,0,0,0,1,0.7213771816411229,1,-0.20813589523977852,1,1,1,0,0,0,1,0,1,0,0,0,1
0,-0.5468567339563023,1,0,1,0,0,-0.17445276716886055,0,-0.3195328301599211,1,2,0,0,0,1,0,0,1,0,0,0,1
1,1.4903413298592119,1,0,0,1,1,1.301422918440166,1,-0.4937513754375054,3,4,1,0,0,0,1,0,1,0,0,0,1
0,-1.2802480369298874,0,0,0,0,1,-1.3195860412506386,1,0.797858811159795,0,0,0,0,0,1,0,0,1,0,0,0,1
0,1.6125732136881425,1,1,1,1,1,1.301422918440166,0,-0.5008750634594568,3,5,1,1,1,0,1,0,0,0,1,0,0
1,1.5310852911355222,1,1,0,1,0,0.1380074005051227,0,-0.5537354613549109,3,3,1,1,1,1,0,0,0,0,1,1,0
0,1.368109446030281,1,1,1,0,1,1.273168541576029,0,-0.48747063986185923,3,5,1,0,1,0,1,0,1,0,0,0,0
1,-1.0357842692720256,0,0,0,0,1,-1.3328822185984677,0,-0.30669260236726836,0,0,0,0,0,1,0,0,1,0,0,0,1
1,0.5532302205040753,1,1,1,1,1,1.509175689499995,0,-0.39340139401349467,2,5,1,0,0,0,1,0,1,0,0,0,1
0,0.2680224915699033,0,1,1,1,1,-0.5268014668863306,1,-0.5242469164450558,2,4,1,0,1,1,0,0,1,0,0,1,0
1,-0.01718523736426863,1,0,0,0,0,-0.07805548139709961,0,-0.446193011064994,2,2,0,0,1,1,0,0,1,0,0,0,0
0,-0.3431369275747509,0,0,0,0,1,0.8227605339183194,0,-0.24896994197211564,1,3,1,0,0,0,1,0,1,0,0,0,1
1,-1.076528230548336,0,0,0,0,1,0.6233178737008834,1,0.7261536429670584,0,2,1,0,1,0,1,0,1,0,0,1,0
0,0.18653456901728277,1,1,1,1,1,0.4687498120323708,0,-0.4247274714899198,2,5,1,0,1,1,0,0,1,0,0,1,0
1,-0.9950403079957154,0,0,0,0,0,-1.477478147256109,0,-0.4031564349004553,0,0,0,0,0,0,0,1,1,0,0,0,0
1,1.6125732136881425,1,1,0,1,1,0.22110850892905437,0,-0.5528436068294711,3,3,1,1,1,1,0,0,0,0,1,0,0
0,1.5718292524118322,0,1,1,0,0,-0.6132266196472196,0,-0.5919499357154069,3,4,0,1,1,1,0,0,0,0,1,1,0
0,-0.6690886177852331,0,0,0,1,1,0.9922867951031402,0,-0.01718666423479612,1,3,1,0,1,0,1,0,1,0,0,0,0
0,1.0014137945434884,0,1,1,0,1,-0.4952230456852367,0,-0.5666669636707046,3,4,1,0,1,1,0,0,1,0,0,0,0
0,1.368109446030281,1,0,0,0,0,-1.3079518860712882,0,-0.6227547223719662,3,0,0,1,1,0,0,1,0,1,0,0,0
0,-0.6283446565089229,0,0,0,1,1,0.8094643565704907,1,-0.08895995179236062,1,3,1,0,0,0,1,0,1,0,0,0,1
1,-0.46536881140368175,0,0,0,0,0,-1.4641819699082799,0,-0.5569974561352001,1,0,0,0,0,0,0,1,1,0,0,0,0
0,1.368109446030281,1,1,0,0,1,0.04327213690184032,0,-0.5519331131763983,3,3,0,1,1,1,0,0,0,0,1,1,0
0,-0.6283446565089229,1,0,0,1,1,0.35240826023886646,0,-0.17812820035244945,1,3,1,0,1,1,0,0,1,0,0,0,0
1,-1.2802480369298874,0,0,0,0,1,0.18786806555948168,1,3.4446966765998117,0,0,0,0,0,0,1,0,1,0,0,0,0
0,1.0421577558197987,0,1,0,0,0,-0.14952243464168102,1,-0.5477931045833161,3,3,0,1,1,1,0,0,0,1,0,1,0
1,-0.9950403079957154,0,0,0,0,0,-1.4542098368974081,0,-0.3940774859561553,0,0,0,0,1,0,0,1,1,0,0,1,0
0,-0.22090504374582004,0,1,1,1,0,0.15130357785295148,0,-0.3779808800472562,2,4,1,1,1,1,0,0,0,1,0,1,0
0,0.06430268518835193,1,0,0,0,0,0.7994922235596185,0,-0.3707686741767078,2,2,1,0,0,0,1,0,1,0,0,0,0
0,-0.09867315991688919,0,0,0,1,1,1.070401837021636,0,-0.30184456914643537,2,3,1,1,1,0,1,0,0,1,0,0,0
0,0.02355872391204165,0,0,0,1,1,0.0532442699127125,0,-0.43912890907892105,2,3,1,0,1,1,0,0,1,0,0,1,0
1,-1.2802480369298874,0,0,0,0,0,-1.3312201964299892,1,0.7774311760351199,0,0,0,0,0,1,0,0,1,0,0,0,1
1,-0.7505765403378537,1,1,0,0,0,0.14631751134751586,0,-0.12858307897069832,1,3,1,0,0,1,0,0,1,0,0,0,0
1,-0.6690886177852331,1,0,1,0,1,0.4886940780541142,0,-0.12121310865120774,1,1,0,1,1,0,1,0,0,1,0,1,0
0,0.6754621043330061,0,0,1,1,0,1.1917294553205762,0,-0.43211828203277214,3,4,1,1,1,0,1,0,0,0,1,1,0
1,-0.5468567339563023,1,0,1,1,0,1.2798166302499436,1,-0.06418739110148512,1,4,1,0,0,0,1,0,1,0,0,0,1
1,1.5310852911355222,1,1,1,1,0,0.49534216672802883,0,-0.536061652293321,3,5,1,1,1,1,0,0,0,0,1,0,0
1,-0.01718523736426863,0,1,1,0,0,-0.11295794693515106,0,-0.44990712654220766,2,3,0,0,1,1,0,0,1,0,0,0,0
0,-0.5876006952326126,0,0,0,0,1,0.1662617773692593,0,-0.23826770426168445,1,0,0,0,0,0,1,0,1,0,0,0,1
0,0.18653456901728277,0,1,1,0,1,-0.8060211911907411,0,-0.542531953750263,2,3,0,1,0,1,0,0,0,0,1,0,0
0,-1.1580161531009565,1,0,0,0,1,0.36071837108125965,0,1.0990205175692875,0,0,0,0,0,0,1,0,1,0,0,0,1
0,-0.6690886177852331,1,1,0,0,0,0.8609870437933281,0,-0.044309070534784625,1,3,0,0,0,0,1,0,1,0,0,0,1
0,-0.6283446565089229,1,0,0,0,1,0.5219345214236869,0,-0.14505488634107108,1,1,0,0,1,0,1,0,1,0,0,0,0
1,-0.5468567339563023,0,1,0,0,1,-0.1395503016308091,0,-0.31340453962251863,1,3,0,0,0,1,0,0,1,0,0,0,1
0,1.1236456783724194,1,0,0,1,0,1.2083496770053626,0,-0.47353423585041504,3,3,1,1,1,0,1,0,0,0,1,1,0
1,0.7569500268856267,1,0,0,0,1,-1.3245721077560746,0,-0.6110868136756106,3,0,0,1,0,0,0,1,0,0,1,0,0
1,-0.18016108246950976,0,0,0,0,1,-1.4791401694245876,0,-0.5853839101396184,2,0,0,1,1,0,0,1,0,0,1,1,0
0,0.4309983366751445,0,0,0,0,1,-0.15949456765255274,0,-0.5079180730434488,2,2,1,1,0,1,0,0,0,0,1,0,1
0,0.3902543753988342,0,0,0,0,0,-1.4808021915930663,0,-0.6121230737247411,2,0,0,1,0,0,0,1,0,0,1,0,1
0,-1.1987601143772668,0,0,0,1,1,0.45545363468454153,1,1.6237189169145079,0,1,1,0,0,0,1,0,1,0,0,0,1
0,-1.2802480369298874,0,0,0,0,0,-0.6664113290385358,0,1.9447246117308277,0,0,0,0,0,1,0,0,1,0,0,0,0
0,-1.1987601143772668,0,0,0,0,0,-1.494098368940895,1,-0.08782508317432317,0,0,0,0,0,0,0,1,1,0,0,0,0
0,1.24587756220135,1,1,0,1,0,1.1036422803912085,0,-0.48835264329741285,3,4,1,1,1,0,1,0,0,0,1,1,0
0,-1.1987601143772668,0,0,0,1,1,0.5019902554019434,1,1.6645741871638577,0,1,1,0,0,0,1,0,1,0,0,0,1
0,1.4495973685829016,1,1,1,1,1,1.4260745810760636,0,-0.4848951708927706,3,5,1,0,0,0,1,0,1,0,0,0,1
0,-0.09867315991688919,1,0,0,1,1,1.160151034119482,1,-0.29167781986779534,2,3,1,0,0,0,1,0,1,0,0,0,1
0,1.1236456783724194,1,0,0,1,0,1.3263532509673455,0,-0.4667409707738253,3,4,1,1,0,0,1,0,0,0,1,0,1
0,-0.7098325790615434,1,0,1,0,1,-0.20603118836995443,1,-0.23957322981476517,1,2,0,0,1,1,0,0,1,0,0,1,0
0,0.512486259227765,1,0,0,1,1,0.9673564625759608,0,-0.42881433409086817,2,2,1,0,1,0,1,0,1,0,0,0,0
0,1.5310852911355222,0,1,1,1,0,0.7197151594726443,0,-0.524964144277904,3,6,1,1,1,1,0,0,0,0,1,1,0
0,-0.9135523854430948,1,0,0,1,1,1.1202625020759949,1,0.3781637622346564,0,3,1,0,0,0,1,0,1,0,0,0,1
0,-1.1580161531009565,0,0,0,0,0,-1.509056568457203,0,-0.21418459758838354,0,0,0,0,0,0,0,1,1,0,0,0,0
0,-1.2802480369298874,0,0,0,0,1,-0.4769408018319716,1,2.2774032409041043,0,1,0,0,0,1,0,0,1,0,0,0,0
0,1.4495973685829016,1,0,0,0,1,-1.3245721077560746,0,-0.624885796695408,3,0,0,1,1,0,0,1,0,0,1,1,0
1,-0.42462485012737144,0,1,0,0,0,0.3391120828910372,0,-0.2864552868245004,1,1,0,0,1,0,1,0,1,0,0,0,0
1,0.22727853029359305,1,0,0,1,1,0.9922867951031402,1,-0.3838013129752444,2,3,1,0,0,0,1,0,1,0,0,0,1
0,-1.2802480369298874,1,0,0,1,1,1.178433277972747,1,5.183963895786416,0,3,1,0,1,0,1,0,1,0,0,1,0
0,-0.5876006952326126,0,0,1,0,0,0.44548150167366984,0,-0.18666104710461107,1,2,0,0,0,0,1,0,1,0,0,0,1
0,-0.13941712119319946,0,0,1,1,1,0.9773285955868325,0,-0.30056431182986587,2,3,1,0,0,0,1,0,1,0,0,0,1
0,-0.6690886177852331,1,0,0,0,1,0.7861960462117896,1,-0.0597585424778161,1,2,1,0,0,0,1,0,1,0,0,0,1
0,-1.2802480369298874,0,0,0,0,1,0.1679237995377378,1,3.40967787352894,0,0,0,0,0,0,1,0,1,0,0,0,1
0,-0.8320644628904743,0,1,0,0,0,0.5618230534671742,1,0.06650457779506118,0,2,0,0,1,0,1,0,1,0,0,0,0
0,-0.05792919864057891,0,0,0,1,1,-0.49023697917980086,0,-0.48452246171153623,2,3,1,1,0,1,0,0,0,1,0,0,1
0,-1.1580161531009565,0,0,0,0,1,0.5019902554019434,1,1.1982404596034226,0,1,1,0,0,0,1,0,1,0,0,0,1
0,0.6347181430566958,1,0,1,0,1,0.1579516665268661,0,-0.5014102497145702,2,3,1,1,0,1,0,0,0,1,0,0,0
0,-0.7098325790615434,1,0,0,0,1,-1.3096139082397669,1,-0.48178661772162445,1,0,0,0,1,0,0,1,1,0,0,1,0
0,0.7162060656093164,0,1,1,0,1,0.8410427777715843,0,-0.4608726103320764,3,4,0,1,1,0,1,0,0,1,0,1,0
0,-1.0357842692720256,0,0,0,0,1,-0.6697353733754932,0,-0.015598801840651322,0,0,0,0,1,1,0,0,1,0,0,0,0
0,0.3495104141225239,1,1,0,0,1,0.6299659623747981,1,-0.434330581020424,2,2,0,0,1,0,1,0,1,0,0,0,0
1,1.4495973685829016,0,1,0,0,0,0.5169484549182508,0,-0.5311639759163614,3,2,0,1,1,0,1,0,0,0,1,1,0
0,-0.26164900502213034,1,0,0,1,1,1.1069663247281656,0,-0.24297783566887765,2,3,1,0,1,0,1,0,1,0,0,0,0
0,1.0014137945434884,0,0,1,1,0,-0.3805435160602109,0,-0.5597235803032043,3,4,1,1,1,1,0,0,0,0,1,1,0
0,-1.1987601143772668,0,0,0,0,0,-1.504070501951767,0,-0.09657978394204099,0,0,0,0,0,0,0,1,1,0,0,0,1
0,-1.2802480369298874,0,0,0,0,0,-1.4591959034028439,1,0.5527271896636962,0,0,0,0,0,0,0,1,1,0,0,0,0
1,-0.5468567339563023,0,1,0,0,1,-0.5268014668863306,0,-0.3813993822517936,1,1,0,1,1,1,0,0,0,1,0,0,0
0,-1.1987601143772668,0,0,0,1,1,-0.3522891391960741,0,0.9145881547293657,0,1,1,0,0,1,0,0,1,0,0,0,1
0,1.082901717096109,1,0,0,0,0,-1.3411923294408608,0,-0.619527243133718,3,0,0,1,0,0,0,1,0,0,1,0,1
0,-1.2802480369298874,0,0,0,0,1,0.1529656000214305,1,3.3834137712257872,0,0,0,0,0,0,1,0,1,0,0,0,0
0,0.3902543753988342,0,1,0,1,1,-0.8193173685385702,0,-0.5581018193751026,2,2,1,0,1,1,0,0,1,0,0,0,0
0,-1.0357842692720256,1,0,0,0,1,0.3357880385540801,1,0.42578402853178815,0,0,0,0,0,0,1,0,1,0,0,0,1
0,1.4088534073065913,1,0,0,0,0,-1.3029658195658524,0,-0.6231492860003619,3,0,0,1,1,0,0,1,0,0,1,1,0
0,-1.2802480369298874,0,0,0,0,1,0.18454402122252414,0,3.4388602094213327,0,0,0,0,0,0,1,0,1,0,0,0,1
0,1.368109446030281,1,1,1,1,0,0.8942274871629008,0,-0.5073320505587712,3,6,1,1,1,1,0,0,0,0,1,0,0
0,1.1643896396487294,1,0,0,0,0,0.8111263787389692,0,-0.4991548144059679,3,2,1,0,0,0,1,0,1,0,0,0,0
1,-1.1580161531009565,1,0,0,0,0,-1.3528264846202114,0,-0.104459014632987,0,0,0,1,1,0,0,1,0,1,0,1,0
0,0.3902543753988342,0,1,0,0,1,0.31085770602690066,1,-0.46580419887823266,2,1,0,0,1,0,1,0,1,0,0,1,0
1,1.2866215234776603,1,0,0,0,1,-0.3639232943754246,0,-0.5703886790810659,3,1,0,1,1,1,0,0,0,1,0,0,0
0,0.8791819107145575,1,1,1,1,1,1.6886740836956873,0,-0.421750593972093,3,6,1,1,1,0,1,0,0,1,0,0,0
0,-1.2802480369298874,0,0,0,0,1,-1.4974224132778524,0,0.4856078171111931,0,0,0,0,1,0,0,1,1,0,0,1,0
1,0.8791819107145575,1,0,0,0,1,-1.35448850678869,0,-0.6160518922228966,3,0,0,1,1,0,0,1,0,0,1,0,0
1,-0.5876006952326126,1,0,0,0,0,-1.3129379525767242,0,-0.5116601142009423,1,0,0,1,1,0,0,1,0,0,1,1,0
0,-1.1987601143772668,0,0,0,0,0,0.6482482062280629,0,1.7929764650903854,0,2,1,0,0,0,1,0,1,0,0,0,1
0,-1.2802480369298874,0,0,0,0,1,0.17623391038013098,1,3.4242690414751364,0,0,0,0,0,0,1,0,1,0,0,0,1
1,1.6125732136881425,1,1,1,1,0,0.829408622592234,0,-0.5235813193318938,3,6,1,1,1,1,0,0,0,0,1,1,0
0,1.1236456783724194,0,0,0,1,1,1.10198025822273,0,-0.479657742398327,3,4,1,1,0,0,1,0,0,1,0,0,1
1,-0.8728084241667845,0,0,0,0,1,-1.4891123024354593,0,-0.4725455446890334,0,0,0,1,0,0,0,1,0,1,0,0,0
1,-0.8320644628904743,1,1,0,0,1,0.44880554601062694,1,0.035975364861481146,0,1,0,0,0,0,1,0,1,0,0,0,1
1,1.1643896396487294,0,0,1,1,0,1.2997608962716873,0,-0.4714786635918922,3,5,1,1,1,0,1,0,0,1,0,1,0
0,0.2680224915699033,0,0,0,0,0,-1.4658439920767583,0,-0.6066870153410652,2,0,0,1,1,0,0,1,0,0,1,1,0
0,0.9199258719908678,1,0,0,1,1,1.0637537483477213,1,-0.46531944246806,3,2,1,0,0,0,1,0,1,0,0,0,1
0,-0.6283446565089229,1,1,0,1,1,0.9839766842607471,1,-0.05491389325123589,1,3,1,0,0,0,1,0,1,0,0,0,1
0,0.18653456901728277,0,0,0,0,0,-1.4841262359300234,0,-0.6051971802981377,2,0,0,1,1,0,0,1,0,1,0,1,0
0,1.6125732136881425,1,0,0,0,1,-1.2896696422180234,0,-0.6255196159423065,3,0,0,1,0,0,0,1,0,0,1,0,0
0,1.6125732136881425,1,0,1,1,0,0.4172271248095328,0,-0.5434093174176838,3,4,1,1,1,1,0,0,0,0,1,1,0
0,-0.9950403079957154,0,1,1,0,0,0.041610114733361785,0,0.18956923189169836,0,3,1,0,1,1,0,0,1,0,0,0,0
1,-0.42462485012737144,0,0,0,0,0,-1.4924363467724167,0,-0.5660981925063852,1,0,0,0,0,0,0,1,1,0,0,0,0
0,-1.2802480369298874,0,0,0,1,0,0.6482482062280629,1,4.253047380819089,0,2,1,0,0,0,1,0,1,0,0,0,1
0,0.22727853029359305,1,0,1,0,0,0.11141504580946467,0,-0.463117405400722,2,3,1,0,1,1,0,0,1,0,0,1,0
1,-0.6283446565089229,0,0,1,1,0,0.5335686766030371,0,-0.14278514910499615,1,5,1,1,0,1,0,0,0,1,0,0,1
0,1.5310852911355222,1,0,1,1,1,0.35573230457582355,0,-0.5429667683918027,3,4,1,1,1,1,0,0,0,0,1,0,0
1,1.6125732136881425,1,1,1,1,0,0.9191578196900803,1,-0.5192639326519234,3,6,1,1,1,1,0,0,0,0,1,1,0
0,-0.18016108246950976,0,0,0,0,1,0.525258565760644,0,-0.3426673785104766,2,1,1,0,0,0,1,0,1,0,0,0,1
0,-0.7098325790615434,0,0,0,1,1,0.6116837185215331,0,-0.060101864076550125,1,2,1,0,1,0,1,0,1,0,0,0,0
1,1.6125732136881425,1,1,1,1,1,0.7562796471791741,0,-0.5270991899600177,3,6,1,1,1,1,0,0,0,0,1,0,0
0,-0.8728084241667845,1,0,0,1,1,1.155164967614046,1,0.3012727287242459,0,3,1,0,0,0,1,0,1,0,0,0,1
0,-0.9950403079957154,1,0,0,0,1,0.5468648539508664,1,0.3867121232536402,0,1,0,0,0,0,1,0,1,0,0,0,1
0,1.0014137945434884,1,0,1,1,1,1.4825833348043371,0,-0.44691875776743806,3,5,1,1,1,0,1,0,0,1,0,0,0
1,-1.2802480369298874,0,0,0,0,0,-1.4907743246039378,1,0.49728075146815015,0,0,0,0,1,0,0,1,1,0,0,0,0
0,0.5532302205040753,0,1,0,1,0,-0.6398189743428778,0,-0.5539663314980212,2,3,1,0,0,1,0,0,1,0,0,0,1
0,-0.09867315991688919,0,0,0,0,0,-1.4658439920767583,0,-0.5891493728354111,2,0,0,1,1,0,0,1,0,1,0,1,0
0,-0.9135523854430948,0,1,0,0,0,0.3490842159019089,0,0.13197096488792529,0,1,0,0,0,0,1,0,1,0,0,0,1
0,-0.38388088885106114,1,1,0,1,1,1.1451928346031743,1,-0.18436997775165564,1,4,1,0,0,0,1,0,1,0,0,0,1
0,-0.01718523736426863,0,1,0,0,1,0.9507362408911745,0,-0.3367150358080784,2,4,1,0,1,0,1,0,1,0,0,1,0
0,-0.791320501614164,0,1,0,0,1,0.2975615286790714,0,-0.05218094433432923,1,1,0,0,1,0,1,0,1,0,0,1,0
0,0.2680224915699033,0,0,1,0,1,0.5202724992552084,1,-0.4323225583840189,2,2,0,1,0,0,1,0,0,0,1,0,1
0,0.4717422979514547,0,0,0,1,1,0.776223913200918,0,-0.4384346365125922,2,3,1,0,1,0,1,0,1,0,0,1,0
0,-0.9542963467194051,0,0,1,0,0,-0.5184913560439374,0,-0.09278608027602997,0,1,0,0,0,1,0,0,1,0,0,0,0
0,1.4088534073065913,0,0,0,0,0,-1.5007464576148097,0,-0.6333631035626994,3,0,0,1,0,0,0,1,0,0,1,0,0
1,-0.9542963467194051,1,0,0,0,1,0.48370801154867815,1,0.2591528905862258,0,1,0,0,1,0,1,0,1,0,0,0,0
0,-0.7098325790615434,1,0,0,0,1,0.4970041888965074,1,-0.08527162878373884,1,1,0,0,0,0,1,0,1,0,0,0,1
0,1.5718292524118322,1,0,0,1,1,1.3413114504836532,0,-0.4966209718002574,3,4,1,1,1,0,1,0,0,0,1,0,0
0,-1.2802480369298874,0,0,1,0,0,-0.525139444717852,0,2.1927744668161653,0,1,0,0,1,1,0,0,1,0,0,1,0
1,-0.09867315991688919,1,0,0,1,1,1.1717851892988325,1,-0.2903599079242679,2,3,1,0,0,0,1,0,1,0,0,0,1
0,-1.2802480369298874,0,0,0,0,1,0.15130357785295148,1,3.3804955376365475,0,0,0,0,0,0,1,0,1,0,0,0,1
0,-0.6283446565089229,0,0,0,1,1,-0.498547090022194,0,-0.3441432667625056,1,3,1,0,0,1,0,0,1,0,0,0,0
0,-1.1987601143772668,0,0,1,0,0,0.6981088712824219,1,1.8367499689289744,0,2,1,0,0,0,1,0,1,0,0,0,1
1,1.4088534073065913,1,1,0,1,1,0.49534216672802883,1,-0.5302807935428064,3,4,1,1,0,1,0,0,0,0,1,0,1
0,-1.2802480369298874,0,0,0,0,0,-1.4575338812343652,0,0.5556454232529355,0,0,0,0,1,0,0,1,1,0,0,0,0
0,-1.2802480369298874,1,0,0,0,0,-0.47361675749501453,1,2.283239708082583,0,0,0,0,0,1,0,0,1,0,0,0,0
0,-0.01718523736426863,1,0,0,0,0,0.4820459893801996,0,-0.3865903007878041,2,1,0,0,0,0,1,0,1,0,0,0,0
1,0.3495104141225239,0,0,0,0,0,-1.5057325241202457,0,-0.6128986839810173,2,0,0,1,1,0,0,1,0,1,0,0,0
0,-1.2802480369298874,0,0,0,1,1,0.5235965435921655,1,4.034179861626144,0,1,1,0,0,0,1,0,1,0,0,0,1
0,-1.2802480369298874,0,0,0,0,0,-0.6863555950602795,0,1.9097058086599559,0,0,0,0,1,1,0,0,1,0,0,0,0
1,-0.8320644628904743,1,0,0,0,1,0.6548962949019775,1,0.09164628256389182,0,2,0,0,0,0,1,0,1,0,0,0,1
1,1.2051336009250397,1,1,0,1,1,1.3529456056630036,0,-0.47161912132737016,3,4,1,0,0,0,1,0,1,0,0,0,1
0,-0.42462485012737144,0,0,0,0,1,0.6482482062280629,1,-0.239256030511587,1,2,1,0,0,0,1,0,1,0,0,0,0
1,-0.6283446565089229,1,0,1,0,1,0.9274679305324735,0,-0.06593833125502864,1,3,0,0,1,0,1,0,1,0,0,1,0
1,1.6125732136881425,1,0,0,0,1,-1.28135953137563,0,-0.6251198579163832,3,0,0,1,1,0,0,1,0,0,1,0,0
1,0.9606698332671781,1,0,1,1,1,1.0687398148531573,0,-0.46855217240902186,3,3,1,0,1,0,1,0,1,0,0,1,0
0,-0.9542963467194051,0,0,0,0,1,-1.4741541029191516,0,-0.42838294303854585,0,0,0,0,1,0,0,1,1,0,0,1,0
0,1.6125732136881425,1,1,1,1,1,1.695322172369602,0,-0.4819265330306976,3,6,1,1,1,0,1,0,0,0,1,0,0
0,-0.506112772679992,0,1,1,1,1,1.4426948027608497,0,-0.06566040424652966,1,6,1,0,1,0,1,0,1,0,0,0,0
1,-0.5468567339563023,0,0,0,0,0,-1.4824642137615447,0,-0.5491978136330516,1,0,0,1,0,0,0,1,0,0,1,0,0
0,-1.2395040756535771,0,0,0,0,1,0.09811886846163541,1,1.9690432249744876,0,0,0,0,0,0,1,0,1,0,0,0,1
0,0.8384379494382472,0,0,1,1,0,-0.3290208288373734,0,-0.5484196180092544,3,4,1,1,1,1,0,0,0,1,0,1,0
0,-0.22090504374582004,1,0,0,0,1,0.679826627429157,1,-0.31169528852024997,2,1,1,0,0,0,1,0,1,0,0,0,1
0,-1.076528230548336,0,0,0,0,0,-1.4841262359300234,0,-0.3310806973630537,0,0,0,0,1,0,0,1,1,0,0,0,0
1,-0.9542963467194051,1,0,0,1,1,0.8493528886139774,0,0.3875551685127537,0,2,1,1,0,0,1,0,0,1,0,0,1
1,-0.9950403079957154,1,0,0,0,0,-0.30076645197323654,0,0.05597898313985634,0,1,0,0,0,1,0,0,1,0,0,0,1
1,1.5718292524118322,1,1,1,1,0,1.6554336403261145,0,-0.48130024545675126,3,6,1,1,1,0,1,0,0,0,1,0,0
0,-0.9135523854430948,1,0,0,0,1,0.5069763219073791,1,0.18237681779296727,0,1,0,0,1,0,1,0,1,0,0,0,0
0,-1.2802480369298874,0,0,0,0,0,-1.4891123024354593,1,0.5001989850573895,0,0,0,0,0,0,0,1,1,0,0,0,0
0,1.5718292524118322,0,1,1,1,0,0.06654044726054129,0,-0.5587955596598829,3,6,1,1,1,1,0,0,0,1,0,0,0
0,1.4495973685829016,0,0,1,1,1,1.1800953001412255,0,-0.49741397005820287,3,4,1,1,0,0,1,0,0,1,0,0,1
0,0.06430268518835193,1,0,1,1,1,1.3479595391575674,0,-0.3157391264939101,2,4,1,0,0,0,1,0,1,0,0,0,1
0,-0.26164900502213034,0,0,1,0,1,0.6781646052606785,0,-0.29874852204100594,2,3,0,1,0,0,1,0,0,1,0,0,1
0,-0.42462485012737144,0,1,0,0,1,-0.5317875333917667,1,-0.41942523471679405,1,1,0,0,1,1,0,0,1,0,0,1,0
0,-1.0357842692720256,0,0,0,0,1,-1.5240147679735105,0,-0.39059181805789733,0,0,0,0,0,0,0,1,1,0,0,0,0
0,-0.506112772679992,0,0,0,0,1,0.1662617773692593,0,-0.2791083467737448,1,0,0,0,1,0,1,0,1,0,0,0,0
0,1.1236456783724194,1,0,0,1,1,1.374551893853226,0,-0.4639662568693027,3,4,1,0,0,0,1,0,1,0,0,0,1
1,1.6125732136881425,0,0,0,0,0,-1.4708300585821945,0,-0.634234340907432,3,0,0,1,0,0,0,1,0,0,1,0,1
0,1.6125732136881425,1,0,0,1,1,1.3612557165053967,0,-0.49799680567280974,3,4,1,1,1,0,1,0,0,1,0,1,0
0,-1.1580161531009565,1,0,0,0,0,-1.3145999747452028,0,-0.07761126561198578,0,0,0,0,0,0,0,1,1,0,0,0,0
1,-0.6690886177852331,0,0,0,0,0,-1.4974224132778524,0,-0.5314824191383755,1,0,0,0,0,0,0,1,1,0,0,0,1
0,1.2051336009250397,1,1,0,1,1,1.331339317472781,0,-0.4728234716975324,3,4,1,1,0,0,1,0,0,1,0,0,1
0,-0.9135523854430948,0,0,1,0,1,-0.1279161464514586,0,-0.02030776967783284,0,2,1,0,0,1,0,0,1,0,0,0,0
0,-0.05792919864057891,1,0,0,0,1,0.5435408096139093,0,-0.3710761309298597,2,1,0,0,0,0,1,0,1,0,0,0,1
0,1.5718292524118322,0,0,0,0,0,-1.5190287014680746,0,-0.6361287497747236,3,0,0,1,1,0,0,1,0,0,1,1,0
0,1.0421577558197987,0,0,0,0,0,-1.4625199477398012,0,-0.6259424108714186,3,0,0,1,0,0,0,1,0,0,1,0,0
1,1.5310852911355222,1,1,1,1,1,0.8427047999400633,0,-0.5188810658101941,3,6,1,1,1,1,0,0,0,0,1,1,0
0,1.5718292524118322,1,1,1,1,0,0.8410427777715843,0,-0.5210206470880635,3,6,1,1,0,1,0,0,0,0,1,0,1
0,1.4903413298592119,1,1,1,0,0,0.3091956838584216,0,-0.5435281026596724,3,4,1,1,1,1,0,0,0,0,1,1,0
0,-1.2802480369298874,1,0,0,0,1,0.6731785387552424,1,4.296820884657678,0,1,1,0,0,0,1,0,1,0,0,0,1
1,1.6125732136881425,1,1,1,1,1,1.7933814803098413,0,-0.477209388324804,3,6,1,1,1,0,1,0,0,0,1,0,0
0,-0.26164900502213034,0,0,1,0,0,0.7014329156193795,0,-0.29572220572623925,2,2,1,0,1,0,1,0,1,0,0,1,0
0,0.02355872391204165,1,0,1,0,1,1.0039209502824906,0,-0.340938931840988,2,3,1,0,1,0,1,0,1,0,0,1,0
1,-0.9135523854430948,0,0,0,0,0,-1.4841262359300234,0,-0.45326751673587706,0,0,0,1,0,0,0,1,0,0,1,0,0
0,1.0014137945434884,1,1,1,0,0,1.213335743510798,0,-0.4632206143693953,3,4,1,1,1,0,1,0,0,0,1,1,0
0,-0.9135523854430948,0,0,0,0,1,-1.449223770391972,0,-0.44212517030423626,0,0,0,0,0,0,0,1,1,0,0,0,1
1,0.2680224915699033,1,0,0,0,1,-1.349502440283254,0,-0.5964731977787276,2,0,0,1,0,0,0,1,0,1,0,0,0
0,-0.8728084241667845,0,0,0,0,0,-1.4791401694245876,0,-0.4696273110997942,0,0,0,0,1,0,0,1,1,0,0,0,0
1,-0.46536881140368175,0,0,1,1,1,1.2631964085651572,1,-0.1216500634132329,1,5,1,0,0,0,1,0,1,0,0,0,1
1,1.4495973685829016,1,0,1,1,0,0.6814886495976356,0,-0.5227899143124574,3,5,1,1,1,1,0,0,0,0,1,0,0
0,-0.5876006952326126,1,0,0,1,1,0.8244225560867979,0,-0.11662344096286867,1,2,1,1,1,0,1,0,0,1,0,1,0
0,-1.076528230548336,0,0,1,1,1,1.1684611449618754,1,0.9996338193300528,0,4,1,0,0,0,1,0,1,0,0,0,0
0,-0.5876006952326126,1,1,0,0,0,-0.2841462302884502,0,-0.32151415717577303,1,1,0,0,0,1,0,0,1,0,0,0,0
1,0.797693988161937,0,0,0,0,1,-0.46032058014718524,0,-0.5548801099804005,3,1,0,1,1,1,0,0,0,1,0,0,0
1,0.9606698332671781,1,1,1,1,0,1.6969841945380804,0,-0.4298471795412168,3,6,1,1,0,0,1,0,0,0,1,0,0
0,0.512486259227765,1,0,1,1,1,1.2914507854292943,0,-0.40407278844297,2,4,1,0,1,0,1,0,1,0,0,0,0
0,1.4088534073065913,1,0,0,0,1,-1.286345597881066,0,-0.622290982003527,3,0,0,1,0,0,0,1,0,0,1,0,0
0,-1.1987601143772668,0,1,1,0,0,-0.987181607554912,0,0.3572055391846653,0,2,0,0,0,1,0,0,1,0,0,0,0
0,1.3273654847539706,0,0,0,1,1,1.1402067680977384,0,-0.4918235726421898,3,4,1,0,1,0,1,0,1,0,0,0,0
0,1.24587756220135,1,0,1,0,0,0.08149864677684908,0,-0.544437445090605,3,3,1,1,0,1,0,0,0,0,1,0,0
1,-0.8728084241667845,1,0,0,0,0,-1.322910085587596,0,-0.4239083182017123,0,0,0,1,0,0,0,1,0,0,1,0,0
1,-1.2802480369298874,0,0,1,0,1,-0.17445276716886055,0,2.808521754145651,0,2,1,0,0,1,0,0,1,0,0,0,0
0,0.9199258719908678,1,0,0,1,1,0.4321853243258406,0,-0.5049240411791643,3,3,1,1,1,1,0,0,0,0,1,0,0
1,-0.3023929662984406,1,0,1,0,1,-0.32237274016345874,0,-0.4197180340735739,2,1,0,1,0,1,0,0,0,1,0,0,0
0,1.6125732136881425,1,1,1,1,1,1.7618030591087472,1,-0.47872846882331205,3,6,1,1,1,0,1,0,0,1,0,0,0
0,1.6125732136881425,1,0,0,0,1,-1.3511644624517327,0,-0.6284778253341381,3,0,0,1,1,0,0,1,0,0,1,1,0
1,1.3273654847539706,0,0,1,1,0,-0.6497911073537496,0,-0.5870641052364532,3,3,1,1,0,1,0,0,0,0,1,0,0
0,0.8791819107145575,1,0,0,0,1,0.4886940780541142,1,-0.4983674903877567,3,1,0,0,0,0,1,0,1,0,0,0,1
1,-1.0357842692720256,0,0,0,0,0,-1.4808021915930663,0,-0.3716232997278421,0,0,0,0,0,0,0,1,1,0,0,0,0
0,1.6125732136881425,1,1,1,0,0,-0.001602461647082585,0,-0.5635571219242125,3,3,0,1,1,1,0,0,0,0,1,0,0
0,-0.46536881140368175,0,0,0,1,0,-0.33899296184824507,0,-0.37739344341565606,1,1,1,0,1,1,0,0,1,0,0,0,0
0,-1.2395040756535771,0,0,0,0,1,-1.4658439920767583,0,0.13833801999172005,0,0,0,0,1,0,0,1,1,0,0,0,0
0,-1.1580161531009565,0,0,0,1,1,0.9956108394400973,0,1.5449266100050476,0,3,1,0,0,0,1,0,1,0,0,0,1
0,-1.1987601143772668,1,0,1,0,1,0.4936801445595503,1,1.6572786031907596,0,1,0,0,1,0,1,0,1,0,0,0,0
0,1.6125732136881425,1,1,1,1,0,1.695322172369602,0,-0.4819265330306976,3,6,1,1,1,0,1,0,0,0,1,1,0
0,-1.076528230548336,0,1,0,0,1,-0.5101812452015443,0,0.1575149835781497,0,1,0,0,0,1,0,0,1,0,0,0,1
0,0.797693988161937,0,0,0,0,1,0.6316279845432766,0,-0.4825299413717137,3,2,1,0,1,0,1,0,1,0,0,1,0
0,1.4903413298592119,1,0,0,0,1,1.0155551054618408,0,-0.5080924090760528,3,3,1,0,1,0,1,0,1,0,0,0,0
0,-0.9950403079957154,0,0,0,1,1,0.9939488172716188,1,0.5611576422548319,0,3,1,0,0,0,1,0,1,0,0,0,1
0,-0.9950403079957154,0,0,0,0,1,0.3075336616899431,0,0.2933286483979835,0,1,0,0,1,0,1,0,1,0,0,0,0
0,1.24587756220135,1,0,0,0,1,0.8244225560867979,0,-0.5036733696409189,3,2,1,0,1,0,1,0,1,0,0,0,0
0,1.1236456783724194,1,1,1,1,1,1.7219145270652598,0,-0.44396918079877784,3,6,1,1,1,0,1,0,0,1,0,1,0
0,-0.8320644628904743,0,1,1,0,0,-0.3522891391960741,0,-0.1804228797559538,0,2,0,0,1,1,0,0,1,0,0,0,0
0,-0.791320501614164,0,0,0,0,1,-1.5123806127941604,0,-0.5061747127174099,1,0,0,0,0,0,0,1,1,0,0,0,0
0,-0.42462485012737144,1,1,0,0,0,0.00836967136378912,0,-0.33695341589046685,1,3,0,0,0,1,0,0,1,0,0,0,0
0,-1.1172721918246462,1,0,0,1,1,0.9208198418585588,1,1.1324829293925642,0,2,1,0,0,0,1,0,1,0,0,0,1
1,-1.2802480369298874,0,0,0,0,0,-1.5073945462887242,1,0.46809841557575743,0,0,0,0,0,0,0,1,1,0,0,0,0
1,1.6125732136881425,1,0,0,0,1,-1.35448850678869,0,-0.6286377285445074,3,0,0,1,1,0,0,1,0,0,1,0,0
0,-1.2395040756535771,0,0,0,0,0,-1.5306628566474252,0,0.06246394667149913,0,0,0,0,1,0,0,1,1,0,0,0,0
1,0.3087664528462136,0,0,0,0,0,-1.4841262359300234,0,-0.6097262488596144,2,0,0,1,1,0,0,1,0,0,1,0,0
1,0.4717422979514547,0,0,0,0,0,-1.4891123024354593,0,-0.6152147423851755,2,0,0,1,1,0,0,1,0,1,0,0,0
0,1.5718292524118322,0,1,1,1,1,0.20615030941274656,0,-0.551986347951658,3,4,1,1,1,1,0,0,0,1,0,0,0
0,-1.2395040756535771,1,0,0,0,1,0.3573943267443021,1,2.2725395182553716,0,0,0,0,0,0,1,0,1,0,0,0,1
0,-0.26164900502213034,1,0,0,1,1,0.9573843295650886,0,-0.26243272626380615,2,2,1,0,0,0,1,0,1,0,0,0,1
1,-1.2802480369298874,0,0,0,0,1,0.1729098660431739,1,3.4184325742966584,0,0,0,0,0,0,1,0,1,0,0,0,1
0,-1.2802480369298874,0,0,0,0,0,-1.3428543516093396,0,0.757003540910445,0,0,0,0,0,1,0,0,1,0,0,0,0
1,1.3273654847539706,0,1,1,1,1,0.3324639942171226,1,-0.5348011945928046,3,4,1,1,1,1,0,0,0,0,1,0,0
0,-1.1987601143772668,1,0,1,1,1,0.015017760037703748,0,1.2370529663403047,0,2,1,0,0,1,0,0,1,0,0,0,0
0,-0.791320501614164,0,0,1,0,1,-0.47361675749501453,0,-0.24561814224961798,1,1,0,0,0,1,0,0,1,0,0,0,0
0,0.02355872391204165,1,0,0,1,1,1.3163811179564737,1,-0.308666701559989,2,4,1,0,0,0,1,0,1,0,0,0,1
0,-1.2802480369298874,0,0,0,0,1,0.19617817640187488,0,3.4592878445460085,0,0,0,0,0,0,1,0,1,0,0,0,0
1,-1.1580161531009565,0,0,0,0,0,-0.6497911073537496,0,0.38930610866629733,0,0,0,0,0,1,0,0,1,0,0,0,0
0,-1.2395040756535771,0,0,0,0,1,0.18288199905404562,0,2.068263167008623,0,0,0,0,0,0,1,0,1,0,0,0,1
0,1.6125732136881425,1,1,1,1,1,1.4676251352880292,0,-0.492879902940993,3,5,1,1,1,0,1,0,0,0,1,1,0
1,0.18653456901728277,1,0,0,0,0,-1.2747114427017154,0,-0.5858446838642353,2,0,0,0,0,0,0,1,1,0,0,0,0
0,-0.7098325790615434,0,1,0,1,0,0.7114050486302511,1,-0.038215112157255614,1,2,1,0,0,0,1,0,1,0,0,0,1
0,-0.38388088885106114,0,0,0,0,1,-1.5007464576148097,0,-0.5715223005907321,1,0,0,1,1,0,0,1,0,1,0,1,0
1,-0.09867315991688919,0,0,1,1,0,-0.4520104693047921,1,-0.4743027606137367,2,3,1,0,1,1,0,0,1,0,0,1,0
1,0.3902543753988342,0,0,0,0,1,-1.5206907236365534,0,-0.6153806368011012,2,0,0,1,0,0,0,1,0,1,0,0,1
0,-0.01718523736426863,1,1,0,1,0,0.33080197204864403,0,-0.4026848011890631,2,3,1,1,0,1,0,0,0,1,0,0,0
1,-0.42462485012737144,1,0,0,0,1,0.36570443758669524,0,-0.28239513574381964,1,0,0,0,1,0,1,0,1,0,0,0,0
0,0.3902543753988342,0,0,0,0,1,-1.3195860412506386,0,-0.5989570896244524,2,0,0,0,1,1,0,0,1,0,0,1,0
0,-0.9950403079957154,0,0,0,0,0,-0.6763834620494076,0,-0.09058119267527137,0,0,0,0,0,1,0,0,1,0,0,0,0
1,1.3273654847539706,1,1,0,1,1,1.3130570736195162,0,-0.48262671527004186,3,4,1,1,1,0,1,0,0,0,1,1,0
0,-1.2395040756535771,0,0,0,0,0,-1.5057325241202457,1,0.09164628256389182,0,0,0,0,0,0,0,1,1,0,0,0,0
1,1.5310852911355222,1,1,1,1,1,0.8044782900650546,0,-0.5207717523609687,3,6,1,1,1,1,0,0,0,0,1,0,0
1,-0.42462485012737144,0,0,0,0,0,-1.4841262359300234,0,-0.5648293952936724,1,0,0,0,1,0,0,1,1,0,0,1,0
0,-1.1580161531009565,1,0,0,0,1,0.3357880385540801,1,1.0815111160338517,0,0,0,0,0,0,1,0,1,0,0,0,1
0,-1.2395040756535771,1,0,0,0,0,0.3357880385540801,1,2.2472481604819654,0,0,0,0,1,0,1,0,1,0,0,1,0
1,1.4088534073065913,0,1,0,0,0,-0.9522791420168608,0,-0.6050390716671419,3,2,0,1,1,1,0,0,0,0,1,0,0
0,-0.3023929662984406,0,0,0,0,1,-1.5157046571311175,0,-0.5808943200023273,2,0,0,0,1,0,0,1,1,0,0,1,0
0,-0.506112772679992,0,0,0,0,0,-1.5140426349626388,0,-0.5600925523662115,1,0,0,0,1,0,0,1,1,0,0,0,0
1,-1.2395040756535771,0,1,0,0,1,-0.11960603560906545,0,1.7141841581809254,0,2,1,0,1,1,0,0,1,0,0,1,0
0,0.7569500268856267,0,0,0,0,0,-1.4741541029191516,0,-0.6211883914845158,3,0,0,1,0,0,0,1,0,0,1,0,0
1,0.5532302205040753,0,1,0,0,0,-0.9888436297233908,0,-0.5800441635720743,2,2,0,0,1,1,0,0,1,0,0,0,0
0,-0.3023929662984406,1,0,0,1,1,1.178433277972747,1,-0.21701303937487698,2,3,1,0,0,0,1,0,1,0,0,0,1
1,-0.791320501614164,0,0,0,0,0,-0.6913416615657154,0,-0.3002307994196671,1,0,0,0,0,1,0,0,1,0,0,0,0
0,-0.3023929662984406,1,1,0,1,1,1.2631964085651572,1,-0.2055645845247845,2,4,1,0,0,0,1,0,1,0,0,0,0
1,-0.26164900502213034,0,0,0,0,0,-0.4802648461689289,0,-0.4494158414261741,2,1,0,1,0,1,0,0,0,1,0,0,0
0,0.4309983366751445,1,0,1,1,1,1.1701231671303538,1,-0.4018004879802027,2,3,1,1,0,0,1,0,0,1,0,0,1
1,-0.5468567339563023,0,0,0,0,1,-1.4891123024354593,0,-0.5503651070687473,1,0,0,0,0,0,0,1,1,0,0,0,1
0,-0.9135523854430948,0,0,1,1,1,1.1651371006249178,1,0.3924896362181945,0,4,1,0,0,0,1,0,1,0,0,0,1
1,-1.2395040756535771,1,0,0,1,1,0.9773285955868325,1,2.9982069374462035,0,2,1,0,1,0,1,0,1,0,0,0,0
0,1.6125732136881425,1,1,1,1,1,0.7180531373041658,0,-0.5289380768792644,3,5,1,1,1,1,0,0,0,0,1,0,0
0,-0.5876006952326126,1,1,0,0,1,-0.21267927704386905,0,-0.3083053104034269,1,2,0,0,1,1,0,0,1,0,0,1,0
0,-0.9542963467194051,1,0,0,0,1,0.6332900067117551,1,0.3116810951925327,0,1,1,0,0,0,1,0,1,0,0,0,1
0,-0.22090504374582004,1,0,0,0,0,0.7812099797063535,1,-0.2989801278814217,2,2,1,0,1,0,1,0,1,0,0,1,0
0,-0.3431369275747509,1,0,0,1,1,0.974004551249875,0,-0.22772520144245376,1,2,1,0,0,0,1,0,1,0,0,0,1
0,1.4903413298592119,0,0,1,1,1,1.304746962777123,1,-0.4935846192324061,3,5,1,1,1,0,1,0,0,1,0,0,0
0,0.5532302205040753,1,0,1,1,1,1.4659631131195507,0,-0.3966300779845679,2,5,1,1,1,0,1,0,0,0,1,1,0
0,1.6125732136881425,1,1,1,0,1,1.4161024480651918,0,-0.49535840270171666,3,5,1,1,1,0,1,0,0,0,1,0,0
0,-0.42462485012737144,0,0,0,1,1,0.9939488172716188,1,-0.18647406646273756,1,3,1,0,1,0,1,0,1,0,0,1,0
0,1.5310852911355222,1,1,0,0,1,0.8659731102987638,0,-0.5177302131271138,3,2,1,0,0,0,1,0,1,0,0,0,1
0,-1.2395040756535771,0,0,0,0,0,-1.4924363467724167,0,0.10721019503983453,0,0,0,0,0,0,0,1,1,0,0,0,1
0,-0.05792919864057891,0,0,1,0,1,0.0532442699127125,0,-0.4248810627314587,2,3,1,0,1,1,0,0,1,0,0,1,0
0,0.9606698332671781,1,0,0,1,1,1.1917294553205762,1,-0.4609750044931023,3,3,1,0,1,0,1,0,1,0,0,0,0
1,-0.6690886177852331,0,1,0,1,0,1.1933914774890548,0,0.02435524921202166,1,4,1,0,1,0,1,0,1,0,0,0,0
1,0.797693988161937,1,0,0,0,0,-1.3029658195658524,0,-0.6107119752537706,3,0,0,1,1,0,0,1,0,0,1,1,0
1,-0.791320501614164,0,0,0,0,1,-1.494098368940895,0,-0.5015889170771767,1,0,0,0,0,0,0,1,1,0,0,0,0
0,0.10504664646466222,0,0,0,0,0,-1.4641819699082799,0,-0.5998129539975238,2,0,0,1,0,0,0,1,0,1,0,0,0
0,1.082901717096109,0,0,0,1,0,1.0305133049781485,0,-0.48071659873890343,3,3,1,1,0,0,1,0,0,0,1,0,1
0,1.6125732136881425,0,0,0,1,1,0.9922867951031402,0,-0.5157460620237992,3,3,1,0,0,0,1,0,1,0,0,0,1
0,1.368109446030281,1,0,0,1,1,0.5235965435921655,1,-0.526757904003558,3,4,1,1,1,1,0,0,0,0,1,0,0
0,0.6754621043330061,1,1,1,0,0,1.3911721155380123,0,-0.4181107608044236,3,5,1,1,1,0,1,0,0,0,1,1,0
0,-1.2395040756535771,0,0,0,0,1,-0.6298468413320059,0,1.1169190169166214,0,0,0,0,0,1,0,0,1,0,0,0,0
0,-0.46536881140368175,1,0,0,1,1,1.3147190957879948,0,-0.11342595057083134,1,4,1,0,0,0,1,0,1,0,0,0,1
0,0.8791819107145575,0,0,0,1,1,-0.3107385849841083,0,-0.5494100488031781,3,4,1,1,0,1,0,0,0,1,0,0,1
0,-0.3431369275747509,1,1,0,0,1,0.46708778986389177,1,-0.2989301010198919,1,1,0,0,0,0,1,0,1,0,0,0,1
0,-1.2802480369298874,1,1,0,0,0,-0.12126805777754422,0,2.9019052290013074,0,2,0,0,0,1,0,0,1,0,0,0,1
0,-1.076528230548336,0,1,0,0,1,0.47041183420084937,0,0.6494457886213406,0,2,0,0,0,0,1,0,1,0,0,0,1
0,-1.2802480369298874,0,0,0,0,1,-0.6763834620494076,1,1.927215210195392,0,0,0,0,0,1,0,0,1,0,0,0,0
1,0.6754621043330061,1,1,0,1,1,1.4759352461304225,0,-0.4121575642823755,3,5,1,1,1,0,1,0,0,1,0,1,0
1,0.9606698332671781,0,1,0,0,1,-0.11628199127210836,0,-0.5415592092205165,3,3,0,1,1,1,0,0,0,0,1,1,0
0,0.9606698332671781,1,1,0,0,1,1.0654157705161997,0,-0.46875696073107376,3,3,1,0,0,0,1,0,1,0,0,0,1
1,-1.076528230548336,0,0,1,0,0,-0.8060211911907411,0,0.009101961039695348,0,3,0,1,0,1,0,0,0,0,1,0,0
0,-0.01718523736426863,0,0,0,0,0,-1.495760391109374,0,-0.5970568444965756,2,0,0,1,0,0,0,1,0,1,0,0,0
1,0.7162060656093164,1,1,0,1,1,1.4443568249293284,0,-0.41933069688525854,3,5,1,1,0,0,1,0,0,1,0,0,1
1,1.0421577558197987,1,0,1,1,1,1.3379874061466956,0,-0.4592568651809722,3,4,1,1,1,0,1,0,0,1,0,0,0
1,1.3273654847539706,1,1,1,1,1,0.8526769329509349,0,-0.5071221911554744,3,6,1,1,0,1,0,0,0,0,1,0,0
0,1.2866215234776603,1,1,1,1,1,0.7180531373041658,0,-0.5119342154935348,3,6,1,1,1,1,0,0,0,0,1,1,0
0,1.368109446030281,1,1,0,0,0,0.06986449159749883,0,-0.5505393299695974,3,3,0,1,1,1,0,0,0,0,1,0,0
0,0.22727853029359305,1,1,1,1,1,1.5257959111847814,0,-0.33576269850622875,2,5,1,1,0,0,1,0,0,1,0,0,1
0,-0.506112772679992,0,0,0,0,1,-1.4891123024354593,0,-0.5559236472387268,1,0,0,1,0,0,0,1,0,1,0,0,0
0,0.1457906077409725,1,0,0,0,1,0.6681924722498068,1,-0.39924792985300567,2,1,1,0,0,0,1,0,1,0,0,0,1
0,1.2866215234776603,1,0,1,1,0,1.2399280982064562,0,-0.48373958943134615,3,4,1,1,0,0,1,0,0,1,0,0,1
0,-1.2802480369298874,0,0,0,0,0,-1.4808021915930663,1,0.5147901530035858,0,0,0,0,0,0,0,1,1,0,0,0,0
0,1.1236456783724194,0,0,1,1,1,0.17789593254861,0,-0.5328557055333116,3,4,1,1,1,1,0,0,0,1,0,1,0
0,-1.2802480369298874,0,0,0,0,1,0.3175057947008148,1,3.6723188965604745,0,1,0,0,0,0,1,0,1,0,0,0,1
1,0.7162060656093164,1,1,1,0,1,0.5069763219073791,0,-0.4838751574472565,3,5,1,1,1,1,0,0,0,1,0,0,0
0,-1.2802480369298874,1,0,1,0,0,-0.09135165874492887,1,2.9544334336076146,0,2,0,0,0,1,0,0,1,0,0,0,0
0,1.6125732136881425,0,1,0,0,1,-0.5184913560439374,0,-0.5884220711366348,3,4,1,1,0,1,0,0,0,0,1,0,1
0,1.1236456783724194,0,0,0,0,1,-1.472492080750673,0,-0.6278657368157573,3,0,0,1,1,0,0,1,0,0,1,0,0
0,0.5532302205040753,0,1,1,0,0,-0.8824742109407582,0,-0.5720966337971248,2,3,0,1,0,1,0,0,0,0,1,0,0
1,1.4903413298592119,0,0,0,1,1,-0.3273588066688946,0,-0.575461915936205,3,4,1,1,1,1,0,0,0,0,1,1,0
0,-0.05792919864057891,1,0,1,1,1,1.0571056596738067,0,-0.3147177447376764,2,3,1,0,1,0,1,0,1,0,0,0,0
1,-0.5468567339563023,0,0,0,0,0,-1.4924363467724167,0,-0.5509487537865951,1,0,0,1,0,0,0,1,0,1,0,0,0
1,1.5718292524118322,0,0,0,0,0,-1.4924363467724167,0,-0.634831757068395,3,0,0,1,1,0,0,1,0,0,1,1,0
0,-0.8320644628904743,0,1,0,0,1,0.6582203392389346,0,0.09254420059135006,0,3,0,0,0,0,1,0,1,0,0,0,1
1,0.2680224915699033,0,1,1,1,0,0.5053142997389005,1,-0.43363576349917654,2,5,1,1,1,1,0,0,0,1,0,1,0
0,0.4717422979514547,1,0,1,1,1,0.679826627429157,0,-0.4459571942092979,2,5,1,1,1,1,0,0,0,1,0,0,0
1,0.9606698332671781,1,1,1,1,0,0.5468648539508664,0,-0.5007039389711668,3,5,1,1,1,1,0,0,0,0,1,1,0
0,1.6125732136881425,1,1,1,1,1,1.6853500393587302,0,-0.4824062426618054,3,6,1,1,1,0,1,0,0,0,1,0,0
0,-1.1172721918246462,1,0,0,1,0,1.3064089849456015,1,1.3581596602937342,0,4,1,0,0,0,1,0,1,0,0,0,0
0,-0.8728084241667845,1,1,0,0,1,0.47207385636932786,0,0.10137372786135601,0,1,0,0,1,0,1,0,1,0,0,0,0
0,-0.3431369275747509,0,1,0,0,0,-0.8542198340766214,1,-0.4845297572955094,1,2,1,0,1,1,0,0,1,0,0,0,0
0,-0.7098325790615434,0,0,0,1,1,0.9922867951031402,0,0.023432572415423958,1,3,1,0,0,0,1,0,1,0,0,0,1
0,1.6125732136881425,0,0,0,0,1,-1.4625199477398012,0,-0.6338345828815088,3,0,0,1,0,0,0,1,0,0,1,0,0
0,0.9606698332671781,1,0,0,0,0,-0.17611478933733907,0,-0.5452453990174504,3,2,0,1,1,1,0,0,0,0,1,1,0
0,1.2866215234776603,0,0,0,0,1,-1.4874502802669807,0,-0.6310879377372427,3,0,0,1,1,0,0,1,0,0,1,0,0
0,0.06430268518835193,1,0,0,1,1,1.1850813666466615,0,-0.33208123459364997,2,3,1,0,0,0,1,0,1,0,0,0,1
0,-1.2395040756535771,1,0,0,0,1,0.3889727479453962,1,2.309503810385736,0,0,0,0,0,0,1,0,1,0,0,0,1
0,0.10504664646466222,0,0,0,0,0,-1.4691680364137156,0,-0.600299326262397,2,0,0,1,1,0,0,1,0,1,0,0,0
0,-0.42462485012737144,0,0,0,0,0,-1.4791401694245876,0,-0.5640681169660448,1,0,0,1,1,0,0,1,0,1,0,1,0
0,-1.1172721918246462,0,0,1,0,1,-0.5184913560439374,1,0.2900861666321622,0,1,0,0,0,1,0,0,1,0,0,0,1
0,-0.9542963467194051,0,1,0,0,0,-0.8392616345603138,0,-0.20542989682066579,0,3,0,1,0,1,0,0,0,1,0,0,0
0,-0.8728084241667845,1,0,0,0,0,-1.3844049058213055,1,-0.4419040920020212,0,0,0,0,1,0,0,1,1,0,0,1,0
0,-0.38388088885106114,0,0,0,0,0,-1.4741541029191516,0,-0.5676313224717463,1,0,0,1,0,0,0,1,0,1,0,0,0
1,-1.1580161531009565,0,0,0,0,0,0.5335686766030371,1,1.2204190348816408,0,1,1,0,0,0,1,0,1,0,0,0,1
0,1.4495973685829016,1,0,0,0,0,-1.3145999747452028,0,-0.624378277810323,3,0,0,1,1,0,0,1,0,0,1,0,0
0,0.02355872391204165,0,0,0,1,0,0.8792692876465931,0,-0.35381349179351423,2,2,1,0,0,0,1,0,1,0,0,0,1
0,-0.05792919864057891,0,1,1,1,1,0.25434895229862703,0,-0.40281192121283677,2,5,1,0,1,1,0,0,1,0,0,0,0
0,-1.2802480369298874,1,0,1,0,0,-0.15617052331559542,1,2.840622323627283,0,2,0,0,0,1,0,0,1,0,0,0,0
0,0.9606698332671781,0,0,0,0,0,-1.499084435446331,0,-0.6267511511940981,3,0,0,1,1,0,0,1,0,0,1,0,0
0,-1.2802480369298874,0,0,0,1,1,0.47041183420084937,1,3.9407963867704874,0,1,1,0,0,0,1,0,1,0,0,0,1
1,1.368109446030281,0,1,1,1,1,0.3424361272279943,0,-0.5362530520998887,3,5,1,1,0,1,0,0,0,1,0,0,1
1,1.6125732136881425,1,0,0,0,0,-1.322910085587596,0,-0.6271186480459993,3,0,0,1,1,0,0,1,0,0,1,0,0
0,0.06430268518835193,0,0,0,0,0,0.14465548917903734,0,-0.4364706189858661,2,0,0,0,1,0,1,0,1,0,0,1,0
1,1.0421577558197987,0,0,0,1,1,0.8892414206574647,0,-0.48596612176045023,3,3,1,0,0,0,1,0,1,0,0,0,1
0,-1.2395040756535771,0,0,0,0,1,-0.6531151516907069,1,1.0896821700837216,0,0,0,0,0,1,0,0,1,0,0,0,1
0,0.18653456901728277,0,0,0,1,0,-0.9639132971962113,0,-0.5571231216964593,2,1,1,1,1,1,0,0,0,0,1,1,0
0,1.5718292524118322,1,1,1,1,1,1.6072349974402345,0,-0.4836510447369718,3,6,1,1,1,0,1,0,0,0,1,1,0
1,-1.2802480369298874,0,0,0,0,0,-1.494098368940895,0,0.49144428428967174,0,0,0,1,1,0,0,1,0,1,0,1,0
1,1.5718292524118322,0,0,0,0,0,-1.495760391109374,0,-0.6349938811566861,3,0,0,1,1,0,0,1,0,0,1,1,0
1,0.10504664646466222,0,0,0,0,0,-1.4924363467724167,0,-0.602569063498472,2,0,0,1,0,0,0,1,0,1,0,0,1
1,-1.076528230548336,0,0,0,0,0,-1.499084435446331,0,-0.3385847265925261,0,0,0,1,0,0,0,1,0,1,0,0,0
0,-1.1987601143772668,0,0,0,1,1,0.48537003371715715,1,1.6499830192176614,0,1,1,0,0,0,1,0,1,0,0,0,1
1,1.4903413298592119,0,0,1,0,0,-0.1894109666851681,0,-0.5685415334245805,3,3,0,1,1,1,0,0,0,1,0,0,0
0,0.4717422979514547,0,0,0,1,1,-0.36059925003846727,1,-0.527148937625466,2,4,1,1,0,1,0,0,0,1,0,0,0
0,0.8384379494382472,1,0,1,0,1,0.875945243309636,0,-0.47005964200190364,3,2,1,1,0,0,1,0,0,1,0,0,1
0,-0.3431369275747509,0,0,0,1,1,1.1468548567716528,1,-0.20344549797998304,1,4,1,0,1,0,1,0,1,0,0,1,0
0,-1.1172721918246462,0,0,0,0,1,0.1380074005051227,0,0.6743202558819992,0,0,0,0,0,0,1,0,1,0,0,0,1
1,-1.2395040756535771,0,0,0,0,0,-0.44037631412544187,0,1.338704769698806,0,1,0,0,0,1,0,0,1,0,0,0,0
1,1.2051336009250397,1,0,0,0,1,-1.3428543516093396,0,-0.6218849905891509,3,0,0,1,0,0,0,1,0,0,1,0,0
0,-0.5468567339563023,0,0,0,1,1,1.0637537483477213,0,-0.10212442776159564,1,3,1,0,0,0,1,0,1,0,0,0,1
0,-0.9542963467194051,0,0,0,0,0,0.17457188821165245,0,0.15059460106652503,0,0,0,0,0,0,1,0,1,0,0,0,0
0,0.8384379494382472,0,0,0,0,0,-1.5057325241202457,0,-0.6249421876826398,3,0,0,1,1,0,0,1,0,0,1,1,0
0,-1.1172721918246462,0,0,0,0,0,0.4637637455269347,0,0.8649781837122981,0,1,1,0,0,0,1,0,1,0,0,0,0
1,1.5718292524118322,1,1,0,1,0,0.14631751134751586,0,-0.5549045815408973,3,3,1,1,0,1,0,0,0,1,0,0,1
0,-1.2802480369298874,0,0,0,0,1,-1.504070501951767,0,0.47393488275423606,0,0,0,0,0,0,0,1,1,0,0,0,0
0,-0.5876006952326126,1,0,0,0,1,0.526920587929123,1,-0.17160910543379798,1,1,0,0,0,0,1,0,1,0,0,0,1
0,1.6125732136881425,1,0,0,1,1,1.2914507854292943,0,-0.5013547730905645,3,4,1,1,0,0,1,0,0,0,1,0,1
0,-1.1580161531009565,0,1,0,0,0,-0.33566891751128775,0,0.609924568012786,0,2,0,0,0,1,0,0,1,0,0,0,0
0,1.082901717096109,1,0,0,0,0,-0.35395116136455285,0,-0.5617462180667805,3,1,0,1,1,1,0,0,0,0,1,1,0
0,-1.2802480369298874,0,0,0,0,0,0.20947435374970363,1,3.482633713259922,0,0,0,0,0,0,1,0,1,0,0,0,0
0,-0.05792919864057891,1,0,0,0,1,0.6665304500813278,0,-0.3575793005796281,2,1,1,0,0,0,1,0,1,0,0,0,1
0,-1.1987601143772668,0,0,0,0,0,-1.4891123024354593,0,-0.0834477327904643,0,0,0,0,1,0,0,1,1,0,0,0,0
0,1.3273654847539706,1,0,0,1,1,1.377875938190183,1,-0.47917789375548636,3,4,1,1,0,0,1,0,0,1,0,0,1
0,0.6754621043330061,0,0,1,1,1,1.1451928346031743,0,-0.4353867036527201,3,4,1,1,1,0,1,0,0,1,0,1,0
0,-1.2395040756535771,0,0,0,0,0,-1.5107185906256815,0,0.08580981538541331,0,0,0,0,0,0,0,1,1,0,0,0,0
0,0.8384379494382472,0,0,0,0,0,-1.4625199477398012,1,-0.6221320368189278,3,0,0,1,1,0,0,1,0,1,0,0,0
0,0.9199258719908678,0,1,0,1,1,0.9956108394400973,0,-0.46959257022373185,3,3,1,1,0,0,1,0,0,1,0,0,1
1,1.6125732136881425,1,1,1,1,1,1.6371513964728497,0,-0.4847248392121599,3,6,1,1,1,0,1,0,0,0,1,1,0
0,0.1457906077409725,1,0,0,0,1,0.3357880385540801,0,-0.4307964010880248,2,0,0,0,1,0,1,0,1,0,0,0,0
1,-0.9135523854430948,0,0,0,0,1,-1.495760391109374,0,-0.4569816322130907,0,0,0,0,1,0,0,1,1,0,0,0,0
0,-1.2802480369298874,1,0,0,1,1,0.9706805069129179,1,4.819184697131507,0,2,1,0,0,0,1,0,1,0,0,0,1
1,1.6125732136881425,1,1,1,0,0,0.5335686766030371,0,-0.5378127050547592,3,5,1,1,1,1,0,0,0,0,1,0,0
0,-0.18016108246950976,0,0,1,0,0,-0.3373309396797665,0,-0.4471200152563511,2,2,0,0,1,1,0,0,1,0,0,0,0
0,0.22727853029359305,1,1,0,1,0,0.8942274871629008,0,-0.3926308402452504,2,2,1,0,1,0,1,0,1,0,0,0,0
0,1.1643896396487294,1,1,1,1,1,1.7883954138044051,0,-0.44380251277781657,3,6,1,1,0,0,1,0,0,1,0,0,1
1,0.797693988161937,1,0,0,0,0,-1.3378682851039039,0,-0.613024537720715,3,0,0,1,0,0,0,1,0,0,1,0,0
0,1.4088534073065913,0,0,0,0,1,-1.5073945462887242,0,-0.6337064251614335,3,0,0,1,0,0,0,1,0,1,0,0,0
1,0.06430268518835193,1,1,1,1,1,1.7069563275489525,0,-0.2797197861924425,2,6,1,1,1,0,1,0,0,0,1,1,0
0,0.8791819107145575,0,1,1,1,0,0.525258565760644,0,-0.4960329035163653,3,5,1,1,0,1,0,0,0,0,1,0,1
0,-1.2802480369298874,0,0,0,0,1,-1.4791401694245876,0,0.5177083865928251,0,0,0,0,1,0,0,1,1,0,0,0,0
0,-0.7098325790615434,1,0,0,0,0,0.8327326669291911,1,-0.011586230655447349,1,2,1,0,0,0,1,0,1,0,0,0,1
0,-1.1580161531009565,0,0,0,0,1,-0.62486077482657,1,0.40681551020173273,0,0,0,0,0,1,0,0,1,0,0,0,0
0,-0.9542963467194051,0,0,1,1,0,0.048258203407276413,1,0.10623745051008816,0,3,1,0,0,1,0,0,1,0,0,0,0
1,0.5532302205040753,0,0,0,1,1,1.1634750784564392,0,-0.4192308657820806,2,4,1,0,0,0,1,0,1,0,0,0,1
0,-0.42462485012737144,1,0,1,1,1,0.8377187334346272,1,-0.21032745406173683,1,2,1,0,0,0,1,0,1,0,0,0,1
0,0.22727853029359305,0,0,0,0,1,0.18786806555948168,1,-0.45623336719020885,2,0,0,1,1,0,1,0,0,1,0,0,0
1,0.9199258719908678,1,1,1,1,1,0.3391120828910372,0,-0.5107605083576429,3,4,1,1,1,1,0,0,0,1,0,1,0
0,-1.2802480369298874,0,0,0,0,0,-1.4924363467724167,0,0.49436251787891083,0,0,0,0,0,0,0,1,1,0,0,0,0
0,1.2866215234776603,0,1,0,0,0,0.5152864327497723,0,-0.5228888154285253,3,2,0,1,1,0,1,0,0,1,0,1,0
1,0.8384379494382472,0,0,0,0,0,-1.4974224132778524,1,-0.6244017740550029,3,0,0,1,1,0,0,1,0,0,1,0,0
0,1.0421577558197987,1,1,1,1,1,0.6482482062280629,0,-0.5003099817753551,3,5,1,1,0,1,0,0,0,0,1,0,1
0,0.9606698332671781,0,0,1,1,1,-0.35727520570151017,0,-0.5564063625692777,3,4,1,1,1,1,0,0,0,1,0,0,0
1,1.6125732136881425,0,1,1,1,1,1.33300133964126,0,-0.4993559829609485,3,5,1,1,1,0,1,0,0,0,1,1,0
0,-1.2802480369298874,0,1,1,0,1,-0.36059925003846727,1,2.4816795921508534,0,2,0,0,0,1,0,0,1,0,0,0,1
0,1.6125732136881425,1,0,0,1,1,1.078711947864029,0,-0.511588578554198,3,3,1,1,1,0,1,0,0,1,0,1,0
0,-0.42462485012737144,1,0,0,0,0,0.606697652016097,0,-0.24560001657515063,1,1,1,0,0,0,1,0,1,0,0,0,1
0,-0.9950403079957154,1,0,0,1,1,1.3529456056630036,1,0.7012328545383167,0,4,1,0,0,0,1,0,1,0,0,0,1
1,-0.6690886177852331,0,0,0,1,1,0.5385547431084732,1,-0.11091346068918684,1,1,1,0,0,0,1,0,1,0,0,0,1
0,0.2680224915699033,0,0,1,0,0,-0.7877389473374761,0,-0.5471550501205841,2,3,0,0,1,1,0,0,1,0,0,0,0
0,-0.8320644628904743,0,0,0,0,1,-0.6581012181961428,0,-0.26303133828211156,0,0,0,0,1,1,0,0,1,0,0,0,0
0,0.8791819107145575,0,1,0,1,1,0.32415388337472945,0,-0.508873131309018,3,4,1,1,1,1,0,0,0,0,1,0,0
0,-0.5876006952326126,0,1,1,0,1,-0.8176553463700914,0,-0.42011973424375254,1,3,0,1,0,1,0,0,0,1,0,0,0
0,-0.01718523736426863,0,1,1,0,0,0.18953008772796023,0,-0.41771812573968964,2,4,1,1,0,1,0,0,0,1,0,0,0
0,0.3495104141225239,0,0,0,0,1,-1.4974224132778524,0,-0.6122038664597699,2,0,0,1,0,0,0,1,0,1,0,0,0
1,1.4088534073065913,1,0,0,0,0,-1.3345442407669466,0,-0.6247800635943487,3,0,0,1,1,0,0,1,0,0,1,0,0
0,1.3273654847539706,1,1,0,1,1,1.3113950514510377,0,-0.48271514659092785,3,4,1,0,0,0,1,0,1,0,0,0,1
0,-0.3023929662984406,1,1,1,1,1,0.45046756817910544,0,-0.31533506338155387,2,5,1,0,1,1,0,0,1,0,0,0,0
1,-1.2802480369298874,0,0,0,0,1,0.1662617773692593,1,3.406759639939701,0,0,0,0,0,0,1,0,1,0,0,0,1
0,1.4088534073065913,1,0,1,1,1,1.4925554678152089,0,-0.4787825537327017,3,5,1,1,1,0,1,0,0,1,0,1,0
0,-1.0357842692720256,1,0,0,0,0,0.2975615286790714,1,0.4090041853936623,0,0,0,0,0,0,1,0,1,0,0,0,0
0,0.4309983366751445,0,1,0,0,1,-1.042028339114707,0,-0.5783536201291785,2,2,0,0,1,1,0,0,1,0,0,1,0
0,-0.3431369275747509,0,1,0,1,1,0.9906247729346612,0,-0.22539061457106235,1,3,1,0,0,0,1,0,1,0,0,0,1
0,-0.9542963467194051,1,1,0,0,0,-0.34065498401672384,1,-0.0303358814663096,0,1,0,0,0,1,0,0,1,0,0,0,1
1,1.4903413298592119,0,0,0,0,0,-1.4824642137615447,0,-0.6334096972082419,3,0,0,1,1,0,0,1,0,0,1,0,0
1,0.18653456901728277,0,0,0,0,0,-1.4791401694245876,0,-0.6047364065735211,2,0,0,1,1,0,0,1,0,1,0,0,0
1,-0.506112772679992,0,1,1,0,1,-0.8442477010657496,0,-0.4480879679411234,1,3,0,1,1,1,0,0,0,0,1,1,0
0,-1.0357842692720256,0,0,0,0,0,0.14465548917903734,0,0.3418848128411592,0,0,0,0,1,0,1,0,1,0,0,0,0
0,0.18653456901728277,1,0,0,0,1,0.3806626371030031,1,-0.432867807291482,2,0,0,0,0,0,1,0,1,0,0,0,1
0,-1.1172721918246462,1,0,0,1,1,0.9673564625759608,1,1.1597197762254643,0,2,1,0,0,0,1,0,1,0,0,0,0
0,0.3495104141225239,0,0,0,1,1,-0.44702440279935624,0,-0.5243789317740928,2,3,1,1,0,1,0,0,0,1,0,0,1
0,0.8791819107145575,0,1,0,1,1,1.1717851892988325,0,-0.4547531629267625,3,4,1,1,1,0,1,0,0,1,0,1,0
0,-1.1987601143772668,0,0,0,0,1,0.18620604339100316,1,1.3873419961861273,0,0,0,0,0,0,1,0,1,0,0,0,1
0,1.4903413298592119,0,0,0,0,0,-1.4791401694245876,0,-0.6332429410031425,3,0,0,1,1,0,0,1,0,0,1,1,0
0,0.8384379494382472,0,0,1,0,1,0.9856387064292257,0,-0.4629261821170966,3,4,1,1,1,0,1,0,0,1,0,1,0
1,-0.5876006952326126,0,0,0,1,0,-0.611564597478741,0,-0.38202910634210313,1,3,1,1,1,1,0,0,0,1,0,1,0
0,1.2866215234776603,0,1,1,1,1,1.304746962777123,0,-0.480237709124259,3,5,1,1,1,0,1,0,0,0,1,1,0
1,-0.05792919864057891,1,0,0,0,1,0.875945243309636,1,-0.3345982110643688,2,2,1,0,0,0,1,0,1,0,0,0,1
0,-0.506112772679992,0,0,0,0,0,-1.3262341299245533,0,-0.5286868004058269,1,0,0,0,1,1,0,0,1,0,0,1,0
1,1.0014137945434884,0,1,1,0,0,-0.17279074500038175,0,-0.5471449872461385,3,3,0,1,0,1,0,0,0,1,0,0,0
0,1.24587756220135,1,1,0,1,0,1.4526669357717215,0,-0.4692017353680301,3,5,1,1,1,0,1,0,0,0,1,1,0
1,-0.791320501614164,0,1,1,0,0,-0.8060211911907411,0,-0.32899624479931133,1,3,0,1,0,1,0,0,0,0,1,0,0
0,0.6347181430566958,0,0,0,0,1,-0.19439703319060395,0,-0.5266619036296202,2,2,1,1,1,1,0,0,0,1,0,0,0
0,-1.2395040756535771,0,0,0,0,1,0.20448828724426804,1,2.09355452478203,0,0,0,0,0,0,1,0,1,0,0,0,1
1,1.0014137945434884,0,0,0,0,0,-1.4641819699082799,0,-0.6253335216888596,3,0,0,1,0,0,0,1,0,0,1,0,0
0,1.5718292524118322,1,0,1,1,1,1.6072349974402345,0,-0.4836510447369718,3,5,1,1,1,0,1,0,0,1,0,0,0
1,-1.0357842692720256,1,0,0,0,0,-0.5317875333917667,0,0.044954545136063485,0,0,0,0,0,1,0,0,1,0,0,0,1
0,-0.6690886177852331,1,0,0,0,1,-0.058111215375356205,0,-0.2341659146347042,1,1,1,0,1,1,0,0,1,0,0,0,0
0,0.06430268518835193,1,0,0,1,0,1.1983775439944904,0,-0.33074718495285493,2,3,1,0,0,0,1,0,1,0,0,0,1
0,0.18653456901728277,1,0,0,1,1,1.1535029454455674,1,-0.3614478799758894,2,3,1,0,0,0,1,0,1,0,0,0,1
0,-0.6690886177852331,1,0,0,0,1,0.5235965435921655,0,-0.1140033550777931,1,1,0,0,0,0,1,0,1,0,0,0,0
1,0.6347181430566958,1,1,0,0,1,-0.013236616826432828,0,-0.5136787419468821,2,3,0,1,1,1,0,0,0,1,0,0,0
1,1.0421577558197987,0,0,1,1,1,0.34576017156495187,0,-0.5183139991733736,3,4,1,1,1,1,0,0,0,1,0,1,0
0,1.6125732136881425,1,1,1,1,1,0.6681924722498068,0,-0.5313366250348035,3,5,1,1,1,1,0,0,0,0,1,0,0
0,-1.0357842692720256,0,0,0,0,0,-1.5123806127941604,0,-0.38548490927672857,0,0,0,0,0,0,0,1,1,0,0,0,0
0,0.22727853029359305,0,1,0,0,1,0.6349520288802342,1,-0.4159767089591645,2,3,0,0,1,0,1,0,1,0,0,1,0
0,0.6347181430566958,1,1,1,1,0,1.7501689039293968,1,-0.3873013607965612,2,6,1,0,0,0,1,0,1,0,0,0,1
0,-0.9135523854430948,0,1,0,1,1,1.3163811179564737,1,0.4407731374219717,0,5,1,0,0,0,1,0,1,0,0,0,1
0,-0.09867315991688919,0,1,1,1,0,0.327477927711687,0,-0.38600266039740005,2,5,1,1,1,1,0,0,0,1,0,1,0
0,-0.05792919864057891,1,0,0,1,1,-0.19107298885364687,0,-0.45169233383259455,2,1,1,0,1,1,0,0,1,0,0,1,0
0,0.5532302205040753,1,0,1,0,1,0.14299346701055832,0,-0.4954774795605023,2,3,1,1,1,1,0,0,0,1,0,1,0
0,0.7162060656093164,0,0,0,0,0,-1.4708300585821945,0,-0.6200593916117557,3,0,0,1,0,0,0,1,0,0,1,0,0
0,-0.18016108246950976,0,0,1,0,0,0.39063477011387476,0,-0.3589692351124339,2,1,0,0,1,0,1,0,1,0,0,0,0
0,1.368109446030281,0,1,1,1,1,-0.07639345922862108,0,-0.5582051376070021,3,6,1,1,1,1,0,0,0,0,1,0,0
0,-0.9950403079957154,0,0,0,0,1,-1.1766521347614762,1,-0.2857785949777203,0,1,0,0,0,1,0,0,1,0,0,0,1
1,0.3495104141225239,0,0,0,1,1,1.0005969059455335,0,-0.40334171957278797,2,3,1,0,1,0,1,0,1,0,0,0,0
0,1.6125732136881425,1,0,1,1,1,1.5573743323858755,0,-0.48856251626102243,3,5,1,1,1,0,1,0,0,0,1,0,0
0,-1.0357842692720256,0,0,0,0,0,-1.4924363467724167,0,-0.37673020850901084,0,0,0,1,0,0,0,1,0,1,0,0,0
1,0.22727853029359305,0,0,0,0,0,-1.4741541029191516,0,-0.6058863717665816,2,0,0,0,0,0,0,1,1,0,0,0,0
0,0.4717422979514547,0,1,0,1,1,1.3712278495162684,0,-0.39200229762602967,2,5,1,1,0,0,1,0,0,1,0,0,1
1,0.5939741817803856,1,1,1,1,1,1.6172071304511062,0,-0.3911997833889888,2,6,1,1,1,0,1,0,0,1,0,0,0
1,0.8384379494382472,0,0,1,1,1,0.9224818640270374,0,-0.46703332568713707,3,3,1,0,0,0,1,0,1,0,0,0,1
0,-1.1580161531009565,1,0,0,1,0,0.02665191521705399,0,0.8643945369944501,0,2,1,0,0,1,0,0,1,0,0,0,1
0,-0.506112772679992,1,0,0,1,1,0.6499102283965414,0,-0.19823158730054222,1,1,1,0,0,0,1,0,1,0,0,0,1
0,-1.2395040756535771,0,0,0,0,0,-0.6697353733754932,1,1.0702272794887933,0,0,0,0,0,1,0,0,1,0,0,0,0
0,1.0014137945434884,1,0,0,1,1,0.20947435374970363,0,-0.5240003760211374,3,3,1,1,1,1,0,0,0,1,0,1,0
0,0.4717422979514547,0,1,1,0,1,0.6765025830921999,0,-0.4462165927505636,2,3,0,0,0,0,1,0,1,0,0,0,1
0,-0.3431369275747509,0,0,0,0,1,-0.5018711343591511,0,-0.43503651562201134,1,1,0,0,0,1,0,0,1,0,0,0,0
1,-0.7098325790615434,0,1,0,0,1,-1.150059780065818,0,-0.4467678146507532,1,1,0,0,1,1,0,0,1,0,0,0,0
0,-1.1987601143772668,0,0,0,0,0,-1.3145999747452028,1,0.0697595306445973,0,0,0,0,0,1,0,0,1,0,0,0,1
1,-1.1580161531009565,1,0,0,0,0,0.6399380953856697,1,1.2951258147661662,0,2,0,0,1,0,1,0,1,0,0,0,0
0,0.18653456901728277,1,0,0,1,1,0.6947848269454648,1,-0.4038390626406282,2,1,1,0,0,0,1,0,1,0,0,0,1
0,-1.2802480369298874,0,0,0,0,1,0.32913994988016554,1,3.6927465316851498,0,1,0,0,0,0,1,0,1,0,0,0,1
0,-0.3431369275747509,0,1,1,0,0,-0.28082218595149294,0,-0.4039865102325056,1,2,0,0,1,1,0,0,1,0,0,1,0
0,-1.1172721918246462,1,0,0,1,1,0.8643110881302852,1,1.0994096153811859,0,2,1,0,0,0,1,0,1,0,0,0,1
0,0.02355872391204165,1,0,0,1,0,1.4210885145706273,0,-0.29785207119986706,2,4,1,0,0,0,1,0,1,0,0,0,1
1,1.0421577558197987,0,0,0,0,1,-1.494098368940895,0,-0.6278219511492337,3,0,0,1,0,0,0,1,0,0,1,0,0
1,1.6125732136881425,1,1,0,1,1,1.033837349315106,0,-0.5137472718941832,3,3,1,1,1,0,1,0,0,0,1,0,0
0,1.5718292524118322,1,0,0,0,0,-1.3611365954626045,0,-0.6284278555808978,3,0,0,1,0,0,0,1,0,0,1,0,0
0,-0.18016108246950976,1,0,0,1,1,1.374551893853226,1,-0.23982480167590647,2,4,1,0,0,0,1,0,1,0,0,0,1
0,0.7569500268856267,0,1,1,1,1,0.6332900067117551,0,-0.47886838413238525,3,6,1,1,1,1,0,0,0,0,1,1,0
0,-0.09867315991688919,0,1,1,1,0,0.6831506717661141,1,-0.34571220955241927,2,6,1,1,1,1,0,0,0,1,0,0,0
0,1.6125732136881425,0,1,1,0,1,0.6648684279128493,0,-0.5314965282451729,3,3,0,1,1,0,1,0,0,0,1,1,0
0,0.1457906077409725,1,1,0,1,1,0.8659731102987638,1,-0.38047658946816937,2,2,1,0,0,0,1,0,1,0,0,0,1
1,-0.7505765403378537,0,1,1,0,0,0.375676570597567,0,-0.07488758092869578,1,5,1,1,1,1,0,0,0,0,1,0,0
1,1.6125732136881425,1,1,1,1,0,0.32415388337472945,0,-0.5478866073080235,3,4,1,1,0,1,0,0,0,0,1,0,0
1,-0.42462485012737144,0,0,0,1,0,-0.8508957897396641,0,-0.4681470476849627,1,2,1,0,0,1,0,0,1,0,0,0,1
0,-1.2395040756535771,1,0,0,0,0,0.49035610022259274,0,2.4281786430147996,0,1,0,0,0,0,1,0,1,0,0,0,1
0,-0.7098325790615434,0,0,0,0,0,-1.5024084797832884,0,-0.524101004765594,1,0,0,0,0,0,0,1,1,0,0,0,0
1,0.7569500268856267,0,0,0,0,0,-1.504070501951767,0,-0.6232087070462967,3,0,0,1,1,0,0,1,0,0,1,1,0
0,1.5310852911355222,0,1,1,0,1,-0.8525578119081428,0,-0.6027289041488998,3,3,0,1,1,1,0,0,0,0,1,1,0
1,1.5718292524118322,0,0,0,0,0,-1.485788258098502,0,-0.6345075088918128,3,0,0,1,1,0,0,1,0,0,1,0,0
1,0.2680224915699033,1,0,1,1,1,1.1684611449618754,0,-0.3754170033938531,2,3,1,0,1,0,1,0,1,0,0,1,0
1,1.1643896396487294,1,1,0,0,0,-0.16614265632646738,0,-0.5545071160341191,3,2,0,0,0,1,0,0,1,0,0,0,1
0,0.797693988161937,0,1,0,0,1,-0.5002091121906725,0,-0.5575230385140512,3,1,0,0,1,1,0,0,1,0,0,0,0
0,-1.2802480369298874,0,0,0,1,1,-0.9655753193646899,1,1.4194425656677592,0,1,1,0,0,1,0,0,1,0,0,0,1
0,1.2866215234776603,1,1,1,1,1,1.4526669357717215,0,-0.4722462386798807,3,5,1,1,0,0,1,0,0,1,0,0,0
0,1.2051336009250397,0,0,1,0,1,-0.1545085011471169,0,-0.5556457202302278,3,3,0,1,1,1,0,0,0,0,1,1,0
0,-0.09867315991688919,0,0,0,0,0,-1.5206907236365534,0,-0.5953623862834689,2,0,0,1,0,0,0,1,0,0,1,0,0
1,-1.1580161531009565,0,0,0,0,0,-0.62486077482657,1,0.40681551020173273,0,0,0,0,0,1,0,0,1,0,0,0,1
0,1.24587756220135,0,1,1,1,1,0.6382760732171912,0,-0.5138871872032564,3,6,1,1,1,1,0,0,0,1,0,0,0
0,-1.2802480369298874,0,0,0,0,1,-0.6730594177124505,0,1.9330516773738704,0,0,0,0,1,1,0,0,1,0,0,1,0
0,-0.7098325790615434,1,0,1,1,1,1.2848026967553796,0,0.08763371137868785,1,4,1,0,0,0,1,0,1,0,0,0,1
1,-0.22090504374582004,0,1,0,0,1,0.526920587929123,0,-0.3308722521066794,2,2,0,1,1,0,1,0,0,1,0,1,0
1,-1.1580161531009565,0,1,0,1,1,-0.2525678090873561,0,0.6682892397975715,0,5,1,0,0,1,0,0,1,0,0,0,0
0,1.6125732136881425,1,1,0,1,1,1.52745793335326,0,-0.490001645154346,3,5,1,1,0,0,1,0,0,0,1,0,1
0,0.512486259227765,1,0,0,0,0,-1.3328822185984677,0,-0.6044158683303095,2,0,0,1,1,0,0,1,0,1,0,1,0
0,0.512486259227765,1,1,1,1,1,1.0720638591901144,0,-0.420820911650778,2,4,1,0,0,0,1,0,1,0,0,0,1
0,0.1457906077409725,0,1,1,1,1,0.3839866814399601,0,-0.4262218727589471,2,5,1,1,0,1,0,0,0,1,0,0,0
1,-0.6283446565089229,0,1,0,1,1,0.8177744674128837,1,-0.08733871090944997,1,3,1,0,0,0,1,0,1,0,0,0,1
0,-1.2802480369298874,0,0,0,0,0,-1.5256767901419892,0,0.43599784609412545,0,0,0,0,0,0,0,1,1,0,0,0,0
0,-0.6690886177852331,1,0,0,0,1,0.32082983903777235,0,-0.1558885901233449,1,0,0,0,1,0,1,0,1,0,0,0,0
0,-1.1987601143772668,0,0,0,0,1,-1.495760391109374,1,-0.08928419996894281,0,0,0,0,0,0,0,1,1,0,0,0,0
1,-1.1580161531009565,1,0,0,0,1,-0.461982602315664,1,0.5212102668999121,0,0,0,0,0,1,0,0,1,0,0,0,1
0,1.5718292524118322,0,1,1,1,1,0.6515722505650204,0,-0.5302617201206545,3,6,1,1,1,1,0,0,0,0,1,1,0
1,-0.9135523854430948,1,0,0,0,1,-1.3428543516093396,0,-0.40816754308399744,0,0,0,0,0,0,0,1,1,0,0,0,0
1,-0.506112772679992,0,0,0,0,0,-1.4874502802669807,0,-0.5556457202302278,1,0,0,1,0,0,0,1,0,0,1,0,0
0,-1.1580161531009565,0,0,0,1,1,0.5385547431084732,1,1.223920915188728,0,1,1,0,0,0,1,0,1,0,0,0,1
0,-0.26164900502213034,1,0,0,1,1,1.1152764355705587,1,-0.24189700841360387,2,3,1,0,0,0,1,0,1,0,0,0,1
0,-1.1580161531009565,0,0,0,1,0,-0.30907656281562973,0,0.6286012629839172,0,1,1,0,1,1,0,0,1,0,0,1,0
0,-1.1172721918246462,0,0,0,1,1,-0.4586585579787067,1,0.3251049697030333,0,3,1,0,0,1,0,0,1,0,0,0,0
0,-1.1580161531009565,1,0,0,1,1,0.8925654649944222,1,1.472554416991914,0,2,1,0,0,0,1,0,1,0,0,0,1
0,-0.13941712119319946,1,0,0,0,1,0.6482482062280629,0,-0.3390849952078242,2,1,1,0,0,0,1,0,1,0,0,0,1
0,-1.2395040756535771,0,1,0,1,0,1.1767712558042684,0,3.231665624585345,0,4,1,0,0,0,1,0,1,0,0,0,1
0,-0.13941712119319946,0,0,0,0,0,-1.509056568457203,0,-0.5916094751299956,2,0,0,1,0,0,0,1,0,0,1,0,0
1,-1.2802480369298874,0,0,0,1,1,0.8659731102987638,1,4.635335981009433,0,2,1,0,0,0,1,0,1,0,0,0,1
0,-1.2802480369298874,0,0,0,0,0,0.1529656000214305,1,3.3834137712257872,0,0,0,0,0,0,1,0,1,0,0,0,0
0,-0.9950403079957154,0,0,0,1,1,0.9856387064292257,1,0.5579151604890107,0,3,1,0,1,0,1,0,1,0,0,1,0
0,-0.791320501614164,0,0,0,0,1,-1.4758161250876303,0,-0.4970031214369435,1,0,0,0,0,0,0,1,1,0,0,0,1
0,1.082901717096109,1,1,0,1,1,0.9956108394400973,0,-0.4827593622513709,3,3,1,0,0,0,1,0,1,0,0,0,1
1,-1.2802480369298874,0,0,0,0,1,-1.4841262359300234,1,0.5089536858251071,0,0,0,0,1,0,0,1,1,0,0,1,0
0,0.7162060656093164,1,0,0,1,1,1.0271892606411914,1,-0.44805527064600587,3,2,1,0,0,0,1,0,1,0,0,0,1
0,-0.5876006952326126,0,0,0,0,1,-0.6797075063863649,0,-0.3946235881482937,1,0,0,0,1,1,0,0,1,0,0,0,0
1,-0.6283446565089229,0,1,0,1,0,0.32415388337472945,0,-0.18364041935434586,1,4,1,0,0,1,0,0,1,0,0,0,0
0,0.5939741817803856,0,0,0,1,0,0.2925754621736353,0,-0.4881094571649762,2,4,1,1,0,1,0,0,0,0,1,0,1
0,-0.26164900502213034,1,0,0,0,1,0.3374500607225587,1,-0.3430624395072318,2,0,0,0,1,0,1,0,1,0,0,0,0
0,-1.076528230548336,0,0,0,1,1,-0.5600419102559032,1,0.13250155281324164,0,3,1,0,0,1,0,0,1,0,0,0,1
1,-0.5468567339563023,1,0,0,0,0,-0.4885749570113221,0,-0.37468744499654333,1,0,0,0,1,1,0,0,1,0,0,1,0
0,-1.1987601143772668,1,0,1,1,1,-0.039828971522091104,1,1.188902112117857,0,2,1,0,0,1,0,0,1,0,0,0,1
1,1.4495973685829016,0,0,0,1,1,-0.3921776712395614,0,-0.5774327809399521,3,4,1,1,0,1,0,0,0,0,1,0,1
0,-1.2395040756535771,0,0,0,0,0,-1.494098368940895,0,0.1052647059803418,0,0,0,0,1,0,0,1,1,0,0,0,0
0,-1.0357842692720256,0,0,0,0,1,-1.344516373777818,0,-0.31179951114843707,0,0,0,1,1,1,0,0,0,1,0,1,0
0,-0.5876006952326126,0,0,0,0,1,-1.504070501951767,0,-0.5469860997548913,1,0,0,0,0,0,0,1,1,0,0,0,0
0,1.5718292524118322,1,0,0,0,0,-1.3212480634191175,0,-0.6264823665214049,3,0,0,1,1,0,0,1,0,0,1,1,0
0,-0.791320501614164,1,1,0,0,0,0.9640324182390032,0,0.11499215127780599,1,3,1,0,1,0,1,0,1,0,0,1,0
0,-1.1987601143772668,0,0,1,0,1,-0.9290108316581599,1,0.40827462699635253,0,2,0,0,0,1,0,0,1,0,0,0,0
0,1.6125732136881425,1,0,0,1,1,1.2947748297662514,0,-0.5011948698801951,3,4,1,1,1,0,1,0,0,0,1,0,0
1,1.368109446030281,0,0,0,1,1,-0.2675260086036639,0,-0.5682229544058831,3,4,1,1,1,1,0,0,0,0,1,1,0
1,-0.3431369275747509,0,0,0,0,1,-1.4625199477398012,0,-0.5699756367884352,1,0,0,1,1,0,0,1,0,1,0,1,0
0,-1.2802480369298874,0,0,0,0,1,-0.6880176172287581,1,1.9067875750707168,0,0,0,0,0,1,0,0,1,0,0,0,1
1,0.9606698332671781,1,0,0,0,1,-1.3411923294408608,0,-0.6170237058966337,3,0,0,1,0,0,0,1,0,0,1,0,0
0,-0.42462485012737144,1,0,0,0,0,-1.3029658195658524,0,-0.537169616056535,1,0,0,1,1,0,0,1,0,1,0,0,0
0,-0.7505765403378537,0,0,0,1,1,-0.4669686688210999,1,-0.27216017156127037,1,3,1,0,0,1,0,0,1,0,0,0,1
0,1.1643896396487294,1,0,0,1,1,1.3163811179564737,1,-0.4705372979179441,3,4,1,1,1,0,1,0,0,1,0,1,0
0,0.3087664528462136,0,0,0,1,1,-0.847571745402707,1,-0.5552051042411441,2,2,1,0,0,1,0,0,1,0,0,0,1
0,0.3902543753988342,0,1,0,0,0,-0.17112872283190322,0,-0.5051664193842507,2,3,0,0,1,1,0,0,1,0,0,0,0
1,1.6125732136881425,1,1,1,1,1,0.6150077628584902,0,-0.533895076400712,3,5,1,1,1,1,0,0,0,0,1,0,0
0,-0.8320644628904743,1,0,1,0,1,0.49035610022259274,0,0.04719934020470907,0,1,0,0,1,0,1,0,1,0,0,1,0
0,1.5718292524118322,1,0,0,0,0,-1.3411923294408608,0,-0.6274551110511513,3,0,0,1,1,0,0,1,0,0,1,0,0
0,-0.26164900502213034,0,0,0,0,0,-1.5157046571311175,0,-0.5840869174332899,2,0,0,1,0,0,0,1,0,1,0,0,0
1,-1.0357842692720256,0,1,0,0,0,-1.1633559574136474,0,-0.232277645841667,0,1,0,0,0,1,0,0,1,0,0,0,0
1,-1.076528230548336,0,0,0,0,0,-0.6414809965113564,0,0.09164628256389182,0,0,0,0,0,1,0,0,1,0,0,0,0
0,1.0421577558197987,0,1,0,1,1,1.3845240268640977,1,-0.45648701635050776,3,5,1,1,0,0,1,0,0,1,0,0,1
0,0.7569500268856267,0,0,0,0,1,-1.155045846571254,0,-0.599638358825518,3,1,0,0,1,1,0,0,1,0,0,1,0
1,1.6125732136881425,0,1,1,1,1,0.028313937385533002,0,-0.562117993030889,3,6,1,1,1,1,0,0,0,0,1,0,0
0,-0.5876006952326126,0,1,0,1,1,1.0388234158205416,1,-0.07699690064583017,1,3,1,0,0,0,1,0,1,0,0,0,1
0,-1.0357842692720256,1,0,0,0,1,0.3424361272279943,1,0.42870226212102724,0,0,0,0,1,0,1,0,1,0,0,0,0
0,0.5939741817803856,1,1,1,0,0,0.3075336616899431,0,-0.48701511956901145,2,4,1,1,0,1,0,0,0,0,1,0,0
0,-1.2395040756535771,0,0,0,0,1,-0.6680733512070144,1,1.0721727685482862,0,0,0,0,0,1,0,0,1,0,0,0,1
0,1.2051336009250397,1,0,1,1,1,1.52745793335326,0,-0.461891676029906,3,5,1,1,1,0,1,0,0,1,0,0,0
1,-0.6690886177852331,0,0,0,0,0,-1.499084435446331,0,-0.5318257407371096,1,0,0,1,0,0,0,1,0,0,1,0,0
0,-1.076528230548336,0,0,1,0,1,-0.5085192230330657,0,0.1583487646036465,0,1,0,0,1,1,0,0,1,0,0,1,0
0,-0.5468567339563023,0,0,1,0,1,-0.32569678450041606,1,-0.3460887558219985,1,2,0,0,1,1,0,0,1,0,0,1,0
1,1.4903413298592119,0,1,0,0,1,-0.6930036837341939,0,-0.5938050984971376,3,3,1,1,1,1,0,0,0,0,1,1,0
1,-0.8728084241667845,1,0,0,0,1,0.3175057947008148,1,0.05614110722814733,0,0,0,0,0,0,1,0,1,0,0,0,1
0,1.2866215234776603,1,0,1,1,1,1.5407541107010891,0,-0.46748727313435207,3,5,1,0,0,0,1,0,1,0,0,0,1
0,0.2680224915699033,0,1,1,1,1,1.3263532509673455,1,-0.3615553938449666,2,5,1,1,1,0,1,0,0,1,0,1,0
0,-0.7098325790615434,1,1,0,0,1,-0.3024284741417151,1,-0.26073042333674984,1,1,0,0,0,1,0,0,1,0,0,0,0
0,-0.3023929662984406,0,0,0,0,0,-1.4691680364137156,0,-0.5746088938101197,2,0,0,0,0,0,0,1,1,0,0,0,0
0,-1.076528230548336,0,0,0,0,0,-1.5007464576148097,0,-0.33941850761802306,0,0,0,1,1,0,0,1,0,0,1,1,0
0,1.368109446030281,1,1,1,1,0,1.695322172369602,0,-0.46534433145389575,3,6,1,1,1,0,1,0,0,1,0,0,0
0,1.1643896396487294,1,0,1,1,0,0.7928441348857043,0,-0.5001903166473108,3,5,1,1,1,1,0,0,0,0,1,1,0
0,0.4309983366751445,1,1,0,1,1,0.9873007285977041,0,-0.41639165592639904,2,3,1,0,0,0,1,0,1,0,0,0,1
0,-0.8320644628904743,0,0,0,0,0,-1.485788258098502,0,-0.4866129271192125,0,0,0,0,0,0,0,1,1,0,0,0,0
0,-0.38388088885106114,0,0,0,0,1,-1.0021398070712197,0,-0.4985664608597503,1,1,1,0,1,1,0,0,1,0,0,0,0
0,1.5718292524118322,0,0,0,1,1,-0.41544598159826235,0,-0.5823035524620882,3,4,1,0,1,1,0,0,1,0,0,0,0
0,0.06430268518835193,1,0,1,1,0,0.0067076491953105815,0,-0.4503113840091152,2,2,1,0,0,1,0,0,1,0,0,0,0
0,-1.1172721918246462,0,0,0,0,0,-1.494098368940895,1,-0.2809148723289881,0,0,0,0,1,0,0,1,1,0,0,1,0
0,0.3495104141225239,0,0,1,0,0,-0.9755474523755615,0,-0.5685693261254303,2,2,0,1,0,1,0,0,0,1,0,0,0
1,1.6125732136881425,0,0,0,0,0,-1.499084435446331,0,-0.6355935181955709,3,0,0,1,1,0,0,1,0,0,1,1,0
0,-0.7505765403378537,1,0,0,1,1,1.0238652163042339,0,0.07686056571174617,1,2,1,0,0,0,1,0,1,0,0,0,1
0,0.3495104141225239,0,0,0,0,1,-1.494098368940895,0,-0.6119259394512709,2,0,0,1,0,0,0,1,0,0,1,0,0
1,-0.38388088885106114,1,1,0,0,0,0.5668091199726097,0,-0.2689987518395945,1,1,0,1,1,0,1,0,0,1,0,1,0
1,1.5718292524118322,0,1,1,1,0,1.4792592904673796,0,-0.48989282213617796,3,6,1,1,1,0,1,0,0,0,1,1,0
0,-1.2802480369298874,0,0,0,0,1,0.18288199905404562,1,3.435941975832094,0,0,0,0,0,0,1,0,1,0,0,0,1
0,1.6125732136881425,1,0,0,0,0,-1.3096139082397669,0,-0.6264790352045222,3,0,0,1,0,0,0,1,0,0,1,0,0
1,-1.076528230548336,0,0,0,0,1,0.1662617773692593,0,0.4968638609554017,0,0,0,0,0,0,1,0,1,0,0,0,1
1,-0.38388088885106114,0,0,0,0,1,-1.4891123024354593,0,-0.5698199976636757,1,0,0,1,1,0,0,1,0,1,0,1,0
0,-0.9135523854430948,1,0,0,0,0,0.6897987604400287,1,0.24074148957775265,0,1,1,0,0,0,1,0,1,0,0,0,1
0,1.6125732136881425,0,1,1,1,1,1.4992035564891233,0,-0.4913608224424848,3,6,1,1,0,0,1,0,0,0,1,0,1
0,-1.0357842692720256,0,1,0,0,1,-0.48192686833740767,0,0.066841297055358,0,1,0,0,1,1,0,0,1,0,0,0,0
1,-1.076528230548336,0,0,0,1,0,0.9873007285977041,1,0.9087516875508871,0,3,1,0,0,0,1,0,1,0,0,0,0
1,-0.9542963467194051,0,0,1,1,1,1.2199838321847127,0,0.5177083865928251,0,4,1,0,0,0,1,0,1,0,0,0,1
0,-0.8320644628904743,1,0,0,0,1,0.8094643565704907,0,0.1333994708406999,0,2,1,0,0,0,1,0,1,0,0,0,1
0,-1.2802480369298874,0,0,0,0,1,-1.509056568457203,0,0.4651801819865181,0,0,0,0,0,0,0,1,1,0,0,0,0
1,0.6347181430566958,0,0,0,0,0,-1.16003191307669,0,-0.5958657287458656,2,1,0,1,1,1,0,0,0,1,0,0,0
0,-0.506112772679992,0,0,0,1,0,0.4654257676954133,0,-0.22908148524392877,1,1,1,0,0,0,1,0,1,0,0,0,1
0,-0.6690886177852331,1,0,0,0,1,0.6831506717661141,1,-0.08104448159932609,1,1,1,0,1,0,1,0,1,0,0,1,0
0,-1.2395040756535771,0,0,0,1,1,0.4936801445595503,1,2.432069621133785,0,1,1,0,0,0,1,0,1,0,0,0,0
0,-0.9135523854430948,0,0,0,0,1,-1.5123806127941604,0,-0.46228751146625296,0,0,0,1,0,0,0,1,0,1,0,0,0
0,-1.2395040756535771,0,0,0,0,1,0.4920181223910713,1,2.4301241320742926,0,1,1,0,0,0,1,0,1,0,0,0,1
1,-0.506112772679992,1,0,1,1,0,1.0637537483477213,0,-0.12902776218429673,1,3,1,0,0,0,1,0,1,0,0,0,0
0,-0.506112772679992,0,0,0,0,0,-1.4675060142452372,0,-0.5523105961282401,1,0,0,1,0,0,0,1,0,1,0,0,0
1,-0.5468567339563023,0,0,0,0,0,-1.495760391109374,0,-0.551532400504443,1,0,0,1,0,0,0,1,0,1,0,0,0
0,-0.5468567339563023,1,1,0,1,1,0.8576629994563706,1,-0.13831052426816262,1,2,1,0,0,0,1,0,1,0,0,0,1
0,-0.42462485012737144,0,1,1,1,1,1.323029206630388,0,-0.13622969683931369,1,5,1,0,0,0,1,0,1,0,0,0,1
0,0.10504664646466222,1,0,1,0,0,0.5069763219073791,0,-0.4075337852843142,2,1,0,0,1,0,1,0,1,0,0,1,0
0,-1.2802480369298874,0,0,0,0,0,-0.6531151516907069,0,1.9680704804447413,0,0,0,0,0,1,0,0,1,0,0,0,0
0,0.2680224915699033,1,0,0,0,1,0.277617262657328,0,-0.45362566358546547,2,0,0,0,1,0,1,0,1,0,0,1,0
0,0.8791819107145575,0,0,1,1,1,1.1402067680977384,0,-0.4567693970429642,3,4,1,1,0,0,1,0,0,1,0,0,1
0,-1.2802480369298874,0,0,0,0,1,-1.4824642137615447,1,0.5118719194143465,0,0,0,0,1,0,0,1,1,0,0,0,0
0,1.368109446030281,1,1,0,1,1,1.3712278495162684,1,-0.482331064286781,3,4,1,1,1,0,1,0,0,0,1,1,0
0,0.9606698332671781,1,1,1,1,1,1.3479595391575674,0,-0.45134995335666406,3,4,1,0,0,0,1,0,1,0,0,0,0
1,-0.5876006952326126,0,0,0,0,1,-0.6364949300059205,0,-0.38663684358827044,1,0,0,0,1,1,0,0,1,0,0,1,0
1,-0.6690886177852331,1,0,0,0,1,0.503652277570422,0,-0.11812321426260147,1,1,0,0,1,0,1,0,1,0,0,1,0
0,1.4495973685829016,0,1,0,0,1,-0.34397902835368094,0,-0.5749797729953742,3,2,0,1,1,1,0,0,0,1,0,1,0
0,0.8384379494382472,1,0,0,0,0,-1.3195860412506386,0,-0.612836922423573,3,0,0,1,1,0,0,1,0,0,1,1,0
1,1.6125732136881425,1,1,1,1,0,0.6615443835758922,0,-0.5316564314555421,3,5,1,1,1,1,0,0,0,0,1,1,0
0,-0.9542963467194051,1,0,0,0,1,0.3673664597551738,0,0.21829762033687597,0,0,0,0,0,0,1,0,1,0,0,0,1
0,-0.09867315991688919,0,1,0,0,1,-0.5317875333917667,0,-0.4833398710836389,2,1,0,0,0,1,0,0,1,0,0,0,0
0,0.1457906077409725,1,0,0,1,1,1.1418687902662172,1,-0.35429135834310344,2,3,1,0,0,0,1,0,1,0,0,0,1
0,-0.5876006952326126,0,0,1,0,1,-0.9838575632179547,0,-0.4508379825515343,1,2,0,0,0,1,0,0,1,0,0,0,1
1,0.9199258719908678,1,1,1,1,0,0.3806626371030031,0,-0.508154942652965,3,4,1,1,0,1,0,0,0,1,0,0,1
0,0.2680224915699033,0,1,0,1,0,-0.2957803854678007,1,-0.5039651929998429,2,4,1,0,0,1,0,0,1,0,0,0,1
0,-0.46536881140368175,1,0,0,0,1,0.5834293416573961,1,-0.23015529414040214,1,1,0,0,0,0,1,0,1,0,0,0,1
0,-1.2395040756535771,0,0,1,0,1,-0.811007257696177,1,0.9048607094319013,0,3,0,0,1,1,0,0,1,0,0,1,0
0,0.02355872391204165,1,0,0,0,1,-1.3262341299245533,0,-0.5816073725535441,2,0,0,1,1,0,0,1,0,1,0,0,0
0,0.4717422979514547,0,0,0,1,0,-0.34896509485911703,0,-0.526241042731036,2,4,1,1,1,1,0,0,0,0,1,0,0
1,-0.09867315991688919,0,1,1,0,0,0.04992022557575495,0,-0.41744427390726835,2,3,1,0,1,1,0,0,1,0,0,0,0
0,1.5718292524118322,0,0,0,0,1,-1.4591959034028439,0,-0.6332105161854843,3,0,0,1,1,0,0,1,0,0,1,0,0
0,-1.1580161531009565,1,0,0,0,0,0.35074623807038746,1,1.092016756955113,0,0,0,0,0,0,1,0,1,0,0,0,1
1,0.10504664646466222,0,0,0,1,1,0.6765025830921999,1,-0.390997128278625,2,2,1,1,0,0,1,0,0,1,0,0,1
0,-1.2802480369298874,0,0,0,0,0,0.35074623807038746,0,3.7306835683452597,0,1,0,0,1,0,1,0,1,0,0,1,0
0,-0.38388088885106114,1,0,0,1,1,1.3180431401249524,0,-0.15907861997824863,1,4,1,0,0,0,1,0,1,0,0,0,1
1,-0.42462485012737144,0,0,0,1,1,-0.5101812452015443,0,-0.4161263619637409,1,3,1,1,1,1,0,0,0,1,0,1,0
1,0.6754621043330061,0,0,0,0,0,-1.5073945462887242,0,-0.621686735989755,3,0,0,1,1,0,0,1,0,1,0,1,0
1,0.3902543753988342,0,0,0,1,1,0.9091856866792086,0,-0.41694075273283093,2,3,1,0,0,0,1,0,1,0,0,0,1
1,0.02355872391204165,0,0,0,1,1,0.9640324182390032,1,-0.3450587910257964,2,3,1,1,0,0,1,0,0,1,0,0,1
1,-1.0357842692720256,0,0,0,0,0,-1.494098368940895,0,-0.3774597669063206,0,0,0,1,0,0,0,1,0,0,1,0,0
1,1.4088534073065913,1,1,1,0,1,1.178433277972747,0,-0.49500449927288465,3,4,1,1,1,0,1,0,0,1,0,0,0
0,-0.7098325790615434,1,0,1,0,0,1.0271892606411914,0,0.031092935587177017,1,3,1,0,0,0,1,0,1,0,0,0,1
0,1.4088534073065913,1,0,0,0,1,0.9424261300487813,0,-0.5071924160279427,3,3,1,1,0,0,1,0,0,0,1,0,1
1,0.8384379494382472,0,1,1,1,1,0.1629377330323022,0,-0.5164271312531498,3,4,1,1,0,1,0,0,0,0,1,0,0
1,-0.46536881140368175,0,0,0,0,0,-1.495760391109374,0,-0.5620380414257043,1,0,0,1,0,0,0,1,0,1,0,0,0
1,0.3087664528462136,0,1,1,0,1,0.2177844645920968,0,-0.4639569222556626,2,4,1,0,0,1,0,0,1,0,0,0,0
1,-0.42462485012737144,0,0,0,0,0,-1.4641819699082799,0,-0.5617842819831618,1,0,0,1,1,0,0,1,0,1,0,0,0
0,0.2680224915699033,0,0,1,0,1,-0.8043591690222623,0,-0.5486141669152037,2,2,1,0,0,1,0,0,1,0,0,0,1
0,0.512486259227765,0,0,0,0,1,-1.4758161250876303,1,-0.6153275243596389,2,0,0,1,0,0,0,1,0,1,0,0,1
0,-1.2395040756535771,0,0,0,0,0,-1.477478147256109,0,0.12471959657527029,0,0,0,0,0,0,0,1,1,0,0,0,0
1,1.0014137945434884,0,0,0,0,0,-1.4974224132778524,0,-0.62734609657799,3,0,0,1,1,0,0,1,0,0,1,0,0
1,-0.9950403079957154,0,0,0,1,1,-0.3456410505221597,0,0.03846958160442068,0,1,1,0,0,1,0,0,1,0,0,0,1
0,-1.0357842692720256,1,1,0,0,1,0.9939488172716188,1,0.7146891538664757,0,3,1,0,1,0,1,0,1,0,0,1,0
0,-1.076528230548336,0,0,0,0,1,-1.1400876470549464,1,-0.1584880250851884,0,1,0,0,1,1,0,0,1,0,0,1,0
1,-1.0357842692720256,0,0,0,0,0,-1.4741541029191516,0,-0.3687050661386028,0,0,0,0,0,0,0,1,1,0,0,0,0
0,0.6754621043330061,1,0,1,1,1,0.044934159070319335,0,-0.5126615290957759,3,2,1,1,1,1,0,0,0,0,1,0,0
0,1.3273654847539706,1,1,1,0,1,0.8327326669291911,0,-0.508183367006107,3,3,0,1,0,0,1,0,0,1,0,0,1
0,0.9199258719908678,0,0,0,0,0,-0.6564391960276642,0,-0.5731898626417259,3,0,0,1,1,1,0,0,0,1,0,0,0
1,1.5718292524118322,1,1,1,1,0,0.7330113368204731,0,-0.5262896799575233,3,6,1,1,1,1,0,0,0,0,1,0,0
0,0.10504664646466222,1,1,1,0,1,1.0620917261792426,0,-0.35338433979509665,2,4,0,0,0,0,1,0,1,0,0,0,0
0,-1.1987601143772668,1,0,0,0,1,0.40559296963018254,1,1.579945413075919,0,0,0,0,0,0,1,0,1,0,0,0,1
1,-0.8728084241667845,0,0,0,0,0,-1.485788258098502,1,-0.47157280015928704,0,0,0,0,1,0,0,1,1,0,0,1,0
0,-1.2802480369298874,0,0,0,0,0,0.3490842159019089,1,3.7277653347560205,0,1,0,0,0,0,1,0,1,0,0,0,1
0,-0.6283446565089229,1,1,1,1,1,1.3911721155380123,0,0.024526910011388726,1,5,1,0,1,0,1,0,1,0,0,0,0
0,1.6125732136881425,1,1,1,1,1,1.5075136673315166,0,-0.4909610644165616,3,5,1,1,1,0,1,0,0,0,1,1,0
1,-0.18016108246950976,0,1,0,0,1,0.6000495633421824,0,-0.3336107915093892,2,2,1,1,1,0,1,0,0,1,0,0,0
0,-0.5876006952326126,0,0,0,0,0,-1.485788258098502,0,-0.5436070924410352,1,0,0,1,0,0,0,1,0,0,1,0,0
0,0.3087664528462136,0,0,1,1,1,1.143530812434696,1,-0.38466638034316153,2,4,1,1,1,0,1,0,0,1,0,1,0
0,0.797693988161937,0,0,0,0,1,-0.17777681150581762,0,-0.5361593662003751,3,2,1,0,0,1,0,0,1,0,0,0,1
0,0.5939741817803856,0,0,0,1,1,-0.20603118836995443,0,-0.5245873770304671,2,2,1,0,1,1,0,0,1,0,0,0,0
0,-0.38388088885106114,0,0,0,0,0,-0.5018711343591511,0,-0.42536743499633195,1,1,0,0,1,1,0,0,1,0,0,1,0
1,1.368109446030281,0,1,1,0,0,0.034962026059447156,0,-0.5523686704285236,3,4,0,1,0,1,0,0,0,0,1,0,0
0,-0.9950403079957154,1,0,0,0,1,0.28925141783667824,0,0.2861951885131763,0,0,0,0,0,0,1,0,1,0,0,0,1
0,0.5939741817803856,0,1,0,0,0,0.6881367382715502,1,-0.45917030740502013,2,2,1,0,0,0,1,0,1,0,0,0,0
0,-1.0357842692720256,0,0,0,0,0,-1.4874502802669807,1,-0.37454153331708134,0,0,0,0,0,0,0,1,1,0,0,0,0
1,1.5718292524118322,1,1,1,1,0,1.6238552191250208,0,-0.4828404242955164,3,6,1,1,1,0,1,0,0,0,1,1,0
0,0.7162060656093164,1,1,0,0,1,0.6183318071954478,0,-0.47620764174219643,3,2,0,0,0,0,1,0,1,0,0,0,1
0,0.5532302205040753,0,1,1,0,0,0.028313937385533002,0,-0.5040459100991197,2,4,0,1,0,1,0,0,0,0,1,0,0
0,-1.2802480369298874,0,0,0,0,0,0.18620604339100316,1,3.441778443010573,0,0,0,0,0,0,1,0,1,0,0,0,1
0,1.368109446030281,0,1,1,1,1,-0.1146199691036296,0,-0.5602087009667782,3,5,1,1,1,1,0,0,0,0,1,0,0
0,0.3902543753988342,1,0,1,0,1,0.7014329156193795,0,-0.4339072270888732,2,2,0,0,1,0,1,0,1,0,0,1,0
0,-1.1172721918246462,0,0,1,0,1,0.36071837108125965,0,0.8046680228680199,0,1,0,0,0,0,1,0,1,0,0,0,0
1,-1.0357842692720256,0,1,0,0,1,-0.5002091121906725,1,0.05881615468495005,0,1,0,1,0,1,0,0,0,1,0,0,1
0,-0.13941712119319946,1,0,0,0,0,0.2028262650757895,0,-0.39122410200223245,2,3,1,1,1,1,0,0,0,1,0,1,0
1,-0.22090504374582004,0,0,0,0,0,-0.4968850678537152,0,-0.45927453003320723,2,1,0,0,0,1,0,0,1,0,0,0,0
0,-0.7098325790615434,0,0,0,0,1,0.3490842159019089,1,-0.11773697746402573,1,1,0,0,1,0,1,0,1,0,0,1,0
1,-0.3023929662984406,0,0,0,0,0,-1.485788258098502,0,-0.5768536888787653,2,0,0,1,0,0,0,1,0,0,1,0,0
0,-0.8728084241667845,1,0,0,1,1,0.9706805069129179,1,0.24728540732331944,0,2,1,0,0,0,1,0,1,0,0,0,1
0,1.0014137945434884,1,1,1,1,1,1.2715065194075503,0,-0.4596986083134169,3,5,1,0,0,0,1,0,1,0,0,0,1
0,1.4088534073065913,1,1,1,1,1,1.780085302962012,1,-0.4639338945874549,3,6,1,1,1,0,1,0,0,1,0,0,0
0,0.5939741817803856,1,0,0,1,0,1.160151034119482,0,-0.42463787659902213,2,3,1,0,0,0,1,0,1,0,0,0,1
0,-0.791320501614164,0,0,0,1,1,0.5684711421410888,0,0.0157722092436709,1,1,1,0,0,0,1,0,1,0,0,0,0
0,-0.9950403079957154,0,1,0,0,1,-1.1417496692234248,1,-0.27216017156127037,0,1,0,0,0,1,0,0,1,0,0,0,1
0,0.4717422979514547,1,0,0,1,1,1.0404854379890203,1,-0.4178124524819681,2,2,1,0,0,0,1,0,1,0,0,0,1
1,1.5718292524118322,1,1,0,1,1,0.04659618123879787,0,-0.5597683041896294,3,2,1,1,0,1,0,0,0,1,0,0,1
0,-0.3431369275747509,1,0,0,1,1,1.3113950514510377,1,-0.18033308795320802,1,4,1,0,0,0,1,0,1,0,0,0,1
0,-0.7098325790615434,1,0,0,0,1,0.5119623884128152,1,-0.08198861599584464,1,1,0,0,0,0,1,0,1,0,0,0,1
0,-1.2802480369298874,0,0,0,0,0,-1.4974224132778524,0,0.4856078171111931,0,0,0,0,0,0,0,1,1,0,0,0,1
0,-1.2395040756535771,1,0,0,0,1,0.2593350188040626,0,2.1577556637452937,0,0,0,0,0,0,1,0,1,0,0,0,0
0,0.9199258719908678,1,1,1,1,1,1.7185904827283027,0,-0.42425572696233604,3,6,1,0,0,0,1,0,1,0,0,0,1
0,1.5718292524118322,1,0,1,1,1,1.3961581820434479,0,-0.49394592434345475,3,4,1,1,0,0,1,0,0,0,1,0,1
1,0.7162060656093164,1,0,0,0,0,-1.3245721077560746,0,-0.6099886247155575,3,0,0,1,0,0,0,1,0,0,1,0,0
0,-1.2802480369298874,0,0,0,1,1,0.8127884009074476,0,4.541952506153777,0,2,1,0,0,0,1,0,1,0,0,0,1
0,-1.1172721918246462,0,0,0,0,1,-1.5140426349626388,0,-0.2925878066859452,0,0,0,0,0,0,0,1,1,0,0,0,0
0,1.368109446030281,1,1,1,1,1,1.3213671844619093,0,-0.4849444077995327,3,5,1,1,1,0,1,0,0,1,0,0,0
1,0.6754621043330061,0,1,1,1,1,0.7446454919998238,0,-0.4635184754529867,3,6,1,1,0,1,0,0,0,1,0,0,0
0,-1.1987601143772668,0,0,0,0,1,-1.1317775362125533,0,0.2302623780527571,0,1,0,0,0,1,0,0,1,0,0,0,1
1,1.368109446030281,1,0,0,0,1,-1.2996417752288951,0,-0.6223191651198409,3,0,0,1,1,0,0,1,0,1,0,1,0
1,-0.8728084241667845,1,0,0,0,0,0.7114050486302511,0,0.17141133400309852,0,1,1,0,0,0,1,0,1,0,0,0,1
0,-0.18016108246950976,0,0,1,0,1,-1.1533838244027754,0,-0.5459374423126602,2,1,0,0,1,1,0,0,1,0,0,1,0
0,1.3273654847539706,1,1,0,1,1,1.1485168789401314,0,-0.4913814160377597,3,4,1,1,0,0,1,0,0,0,1,0,1
0,1.2051336009250397,0,0,0,0,1,-1.5157046571311175,0,-0.6315197935504488,3,0,0,1,1,0,0,1,0,0,1,1,0
0,-1.2395040756535771,0,0,0,0,0,-1.485788258098502,0,0.11499215127780599,0,0,0,0,1,0,0,1,1,0,0,0,0
0,-1.2395040756535771,0,0,0,0,0,-1.477478147256109,0,0.12471959657527029,0,0,0,0,1,0,0,1,1,0,0,1,0
1,0.9199258719908678,1,0,0,0,1,-1.3013037973973738,0,-0.6136282423783272,3,0,0,1,1,0,0,1,0,0,1,1,0
0,0.3495104141225239,0,0,0,1,1,0.9889627507661827,0,-0.40431446410253435,2,3,1,0,0,0,1,0,1,0,0,0,1
1,-0.6283446565089229,1,1,0,1,1,1.309733029282559,1,0.00863874935886372,1,4,1,0,0,0,1,0,1,0,0,0,1
0,-0.09867315991688919,0,0,1,1,1,0.9839766842607471,0,-0.3116347721554961,2,3,1,1,1,0,1,0,0,1,0,0,0
0,-0.6283446565089229,0,1,0,0,0,-0.2891322967938861,0,-0.30328799651315586,1,2,0,1,0,1,0,0,0,1,0,0,0
1,-0.6690886177852331,0,1,1,0,0,0.11473909014642174,0,-0.19846046836636488,1,4,1,1,1,1,0,0,0,0,1,0,0
0,1.6125732136881425,1,0,0,0,0,-1.3312201964299892,0,-0.6275184060719224,3,0,0,1,1,0,0,1,0,0,1,0,0
0,-0.9542963467194051,1,0,0,0,1,0.3806626371030031,0,0.22296679407965891,0,0,0,0,0,0,1,0,1,0,0,0,1
0,-1.2802480369298874,0,0,0,0,0,0.3175057947008148,0,3.6723188965604745,0,1,0,0,0,0,1,0,1,0,0,0,1
1,-0.38388088885106114,0,0,1,0,0,-0.35395116136455285,0,-0.403723869209474,1,2,0,0,0,1,0,0,1,0,0,0,1
1,-0.9950403079957154,0,0,0,0,0,-1.5073945462887242,0,-0.4148293692574124,0,0,0,0,1,0,0,1,1,0,0,0,0
1,-0.5468567339563023,0,1,0,0,1,-0.9921676740603479,0,-0.4631099227504932,1,2,0,0,0,1,0,0,1,0,0,0,0
0,-1.0357842692720256,1,1,0,0,1,-0.37057138304933923,0,0.11572170967511577,0,1,0,0,0,1,0,0,1,0,0,0,1
0,-1.2802480369298874,0,0,0,0,1,0.16127571086382367,1,3.398004939171984,0,0,0,0,0,0,1,0,1,0,0,0,1
0,1.1643896396487294,1,1,0,1,0,1.3030849406086444,0,-0.4712903904571025,3,4,1,1,0,0,1,0,0,1,0,0,1
0,1.0014137945434884,0,1,1,1,1,0.18454402122252414,0,-0.5255098071879852,3,4,1,1,1,1,0,0,0,0,1,1,0
0,-0.9542963467194051,0,0,0,0,1,0.5319066544345585,1,0.2760786454038136,0,1,1,0,0,0,1,0,1,0,0,0,1
1,-0.7098325790615434,0,1,0,0,0,0.0017215826898744927,0,-0.19397582998290164,1,3,1,1,0,1,0,0,0,1,0,0,0
0,-1.2802480369298874,0,0,0,0,0,-1.5007464576148097,0,0.4797713499327145,0,0,0,0,0,0,0,1,1,0,0,0,0
0,-0.8320644628904743,0,0,0,0,0,-0.6281848191635273,0,-0.2549500760349875,0,0,0,0,1,1,0,0,1,0,0,0,0
0,0.8791819107145575,0,0,0,0,0,-1.4891123024354593,0,-0.6246474166130196,3,0,0,1,0,0,0,1,0,0,1,0,0
1,-1.1580161531009565,0,0,0,0,0,-0.6647493068700573,0,0.37880046774503573,0,0,0,0,0,1,0,0,1,0,0,0,1
0,-1.0357842692720256,0,0,0,1,1,0.5152864327497723,1,0.5045763354412482,0,1,1,0,0,0,1,0,1,0,0,0,0
0,-0.506112772679992,0,0,0,0,0,-1.477478147256109,0,-0.553978158179234,1,0,0,1,0,0,0,1,0,1,0,0,0
1,-0.26164900502213034,0,1,1,0,0,-0.6315088635004846,0,-0.4690868974721573,2,3,1,0,0,1,0,0,1,0,0,0,0
0,0.1457906077409725,1,0,0,0,1,0.6416001175541483,1,-0.40177180755180725,2,1,1,0,0,0,1,0,1,0,0,0,1
0,0.8384379494382472,1,0,1,1,1,1.4676251352880292,0,-0.4315821917141563,3,5,1,1,1,0,1,0,0,1,0,0,0
0,-1.1987601143772668,0,0,1,1,1,0.15130357785295148,1,1.3567005434991146,0,3,1,0,0,1,0,0,1,0,0,0,1
0,1.4495973685829016,0,1,1,1,0,-0.01489863899491184,0,-0.5582316497875661,3,6,1,1,1,1,0,0,0,0,1,1,0
1,1.6125732136881425,1,1,1,1,1,0.8643110881302852,0,-0.5219023356230164,3,6,1,1,1,1,0,0,0,0,1,1,0
0,-0.8320644628904743,1,0,0,0,0,-1.3245721077560746,0,-0.44306390278748803,0,0,0,1,1,0,0,1,0,1,0,1,0
1,0.06430268518835193,1,0,0,0,1,0.4920181223910713,1,-0.40161857212009433,2,1,0,0,0,0,1,0,1,0,0,0,0
0,1.4495973685829016,1,1,0,0,1,0.6615443835758922,0,-0.5238049520826277,3,2,0,1,1,0,1,0,0,0,1,0,0
1,0.7162060656093164,0,1,1,1,1,0.19950222073883195,0,-0.5050466560358551,3,4,1,1,1,1,0,0,0,1,0,1,0
0,-1.2802480369298874,0,0,0,1,1,-0.9423070090059888,1,1.460297835917109,0,1,1,0,0,1,0,0,1,0,0,0,1
0,0.3495104141225239,1,0,0,1,1,1.3163811179564737,0,-0.37693865376538505,2,4,1,0,0,0,1,0,1,0,0,0,1
0,-0.09867315991688919,1,0,1,1,1,1.2199838321847127,0,-0.2848999870153686,2,3,1,0,0,0,1,0,1,0,0,0,1
0,-1.2802480369298874,1,0,0,0,0,-0.34896509485911703,0,2.502107227275528,0,1,0,0,0,1,0,0,1,0,0,0,1
1,-0.13941712119319946,1,0,0,1,1,1.301422918440166,0,-0.26262727516975537,2,3,1,0,0,0,1,0,1,0,0,0,1
1,-0.38388088885106114,1,1,1,1,1,0.874283221141157,0,-0.22400931733882246,1,6,1,1,1,1,0,0,0,0,1,1,0
1,1.1236456783724194,0,0,0,0,0,-1.4907743246039378,0,-0.6289182145036798,3,0,0,1,0,0,0,1,0,0,1,0,0
0,1.6125732136881425,1,0,0,0,0,-1.2747114427017154,0,-0.6248000514956449,3,0,0,1,1,0,0,1,0,0,1,1,0
1,-0.42462485012737144,0,0,0,1,1,0.8177744674128837,1,-0.21337256737224736,1,3,1,0,0,0,1,0,1,0,0,0,1
0,1.6125732136881425,0,1,1,1,1,0.3424361272279943,0,-0.5470071396509926,3,5,1,1,1,1,0,0,0,0,1,0,0
0,1.368109446030281,1,0,0,1,0,1.4393707584238922,0,-0.47875949481935387,3,4,1,1,1,0,1,0,0,1,0,0,0
0,1.6125732136881425,1,0,1,1,1,1.5075136673315166,0,-0.4909610644165616,3,5,1,1,0,0,1,0,0,0,1,0,1
0,0.5939741817803856,1,1,0,0,0,0.5169484549182508,1,-0.4716943932255053,2,1,0,0,0,0,1,0,1,0,0,0,1
0,0.7569500268856267,1,0,1,1,1,1.5523882658804395,0,-0.4167998004843346,3,5,1,1,0,0,1,0,0,1,0,0,1
1,1.5310852911355222,1,0,0,1,1,1.3861860490325761,0,-0.4920004352839619,3,4,1,1,0,0,1,0,0,1,0,0,1
0,-0.9542963467194051,0,0,0,0,1,-1.4924363467724167,0,-0.43480305693487226,0,0,0,1,0,0,0,1,0,1,0,0,1
1,1.082901717096109,1,1,1,1,1,1.5390920885326103,0,-0.4509506161286629,3,5,1,1,0,0,1,0,0,0,1,0,0
1,-1.1987601143772668,0,0,1,1,0,0.19617817640187488,0,1.396096696953845,0,3,1,0,0,1,0,0,1,0,0,0,0
0,0.22727853029359305,0,0,0,0,1,-1.327896152093032,0,-0.5927169073638607,2,0,0,0,0,1,0,0,1,0,0,0,1
0,0.18653456901728277,1,1,0,0,0,0.8776072654781145,0,-0.38694402607134826,2,3,0,0,1,0,1,0,1,0,0,0,0
0,0.18653456901728277,0,1,1,0,0,0.02665191521705399,0,-0.46558274173926956,2,4,0,1,1,1,0,0,0,0,1,0,0
0,-0.3431369275747509,0,0,0,0,1,-0.8026971468537838,1,-0.4772925379941961,1,2,1,0,1,1,0,0,1,0,0,1,0
1,-0.7505765403378537,0,1,1,0,0,-0.17777681150581762,0,-0.2044571522909193,1,3,0,0,1,1,0,0,1,0,0,0,0
0,1.6125732136881425,1,1,1,1,1,1.500865578657602,0,-0.49128087083730015,3,5,1,1,1,0,1,0,0,0,1,1,0
0,0.8384379494382472,0,0,1,1,1,-0.14453636813624496,1,-0.5364224354757152,3,5,1,1,0,1,0,0,0,1,0,0,1
0,-0.9950403079957154,1,0,0,0,1,0.6681924722498068,1,0.4340523570346327,0,1,1,0,0,0,1,0,1,0,0,0,1
1,1.6125732136881425,0,1,0,0,0,-0.874164100098365,0,-0.6055317146461472,3,3,0,1,1,1,0,0,0,0,1,1,0
0,-0.6283446565089229,1,0,0,1,1,0.9224818640270374,0,-0.06691107578477512,1,2,1,0,0,0,1,0,1,0,0,0,1
1,-1.2395040756535771,0,0,0,0,1,0.2909134400051568,1,2.1947199558756583,0,1,0,0,1,0,1,0,1,0,0,0,0
0,-0.9950403079957154,0,0,0,0,0,-1.4841262359300234,1,-0.4057504203131124,0,0,0,0,1,0,0,1,1,0,0,0,0
0,0.6347181430566958,0,0,0,0,0,-1.000477784902741,1,-0.5844310175390506,2,2,0,1,0,1,0,0,0,1,0,0,0
0,-0.9135523854430948,1,0,0,0,1,-1.3395303072723823,0,-0.407106367233365,0,0,0,0,0,0,0,1,1,0,0,0,0
0,-1.2802480369298874,0,0,0,0,0,-1.4691680364137156,0,0.5352177881282607,0,0,0,0,0,0,0,1,1,0,0,0,0
0,-0.13941712119319946,0,1,1,0,0,-0.22597545439169808,0,-0.4414177197371479,2,3,0,1,1,1,0,0,0,1,0,1,0
1,1.3273654847539706,1,0,0,1,1,1.4177644702336702,0,-0.4770555420542214,3,4,1,1,0,0,1,0,0,1,0,0,1
0,-0.9950403079957154,1,1,0,0,1,0.023327870880096913,0,0.1824357720068913,0,3,0,0,1,1,0,0,1,0,0,0,0
0,1.1643896396487294,1,0,0,0,0,-1.3079518860712882,0,-0.6191789378343572,3,0,0,1,1,0,0,1,0,0,1,0,0
0,0.512486259227765,1,0,0,1,1,1.17510923363579,0,-0.4129543689319591,2,3,1,1,1,0,1,0,0,1,0,0,0
1,1.6125732136881425,1,0,0,1,1,1.3180431401249524,0,-0.5000755474076103,3,4,1,1,1,0,1,0,0,1,0,1,0
1,-0.8320644628904743,0,0,0,0,1,-1.4508857925604508,0,-0.47718478783090096,0,0,0,0,0,0,0,1,1,0,0,0,1
0,-1.0357842692720256,1,0,0,1,0,1.0438094823259778,0,0.7365759057857703,0,2,1,0,0,0,1,0,1,0,0,0,1
0,-0.9542963467194051,0,0,0,0,1,-0.6780454842178864,0,-0.14881616518942398,0,0,0,0,0,1,0,0,1,0,0,0,0
0,0.4309983366751445,1,0,1,1,1,1.4210885145706273,1,-0.381770793799515,2,4,1,1,0,0,1,0,0,1,0,0,1
1,1.0421577558197987,1,0,1,0,0,0.9823146620922681,0,-0.48042642409952147,3,3,1,1,1,0,1,0,0,0,1,0,0
0,-0.6690886177852331,1,0,0,1,1,1.128572612918388,1,0.01096570686139437,1,3,1,0,0,0,1,0,1,0,0,0,1
1,-1.2395040756535771,0,0,0,0,0,-1.4791401694245876,0,0.12277410751577734,0,0,0,0,0,0,0,1,1,0,0,0,0
0,-0.9950403079957154,0,0,0,1,0,1.2083496770053626,1,0.6448136718130243,0,4,1,0,0,0,1,0,1,0,0,0,1
0,0.3087664528462136,1,1,0,1,0,1.3612557165053967,0,-0.3660181559436325,2,4,1,1,1,0,1,0,0,1,0,0,0
0,-0.9542963467194051,1,1,0,0,1,0.5435408096139093,0,0.2801641724287486,0,1,0,0,0,0,1,0,1,0,0,0,1
0,0.3495104141225239,0,0,1,1,1,0.8227605339183194,0,-0.41821081452748327,2,3,1,1,0,0,1,0,0,1,0,0,1
0,-0.26164900502213034,0,0,0,0,1,-0.33400689534280925,0,-0.4303932817333551,2,2,0,0,1,1,0,0,1,0,0,1,0
0,0.02355872391204165,0,0,1,0,1,-0.3672473387123819,0,-0.482559091318776,2,2,0,1,1,1,0,0,0,1,0,1,0
1,1.4495973685829016,0,0,1,1,0,1.3612557165053967,0,-0.48819404364582375,3,5,1,1,1,0,1,0,0,1,0,1,0
0,1.3273654847539706,0,0,1,1,1,1.3645797608423538,0,-0.4798853443225747,3,5,1,1,1,0,1,0,0,0,1,1,0
0,0.9199258719908678,0,0,1,0,1,-0.019884705500347457,0,-0.5332725960460601,3,3,1,1,0,1,0,0,0,1,0,0,1
0,-0.506112772679992,1,0,0,1,1,0.7945061570541828,1,-0.1740519375611311,1,2,1,0,0,0,1,0,1,0,0,0,1
0,-0.5468567339563023,0,0,1,0,1,0.7612657136846102,0,-0.15523627908575033,1,2,1,1,1,0,1,0,0,1,0,1,0
0,0.512486259227765,1,0,0,0,1,0.8144504230759262,0,-0.44048726844782526,2,2,1,0,1,0,1,0,1,0,0,1,0
1,1.5310852911355222,0,0,0,0,1,-1.4841262359300234,0,-0.6339663341182216,3,0,0,1,1,0,0,1,0,0,1,1,0
0,-1.2395040756535771,0,0,0,1,1,0.4970041888965074,1,2.4359605992527706,0,1,1,0,0,0,1,0,1,0,0,0,1
0,-0.22090504374582004,1,0,0,1,1,0.9889627507661827,1,-0.27292447083464255,2,2,1,0,0,0,1,0,1,0,0,0,0
0,-0.8320644628904743,0,0,0,0,1,-1.4874502802669807,0,-0.48706188613294166,0,0,0,1,0,0,0,1,0,0,1,0,1
1,1.6125732136881425,0,1,1,1,0,0.07983662460837054,0,-0.5596394932701653,3,6,1,1,1,1,0,0,0,0,1,1,0
0,-0.8320644628904743,1,0,0,1,0,0.9889627507661827,0,0.18188704432344457,0,2,1,0,0,0,1,0,1,0,0,0,1
0,-1.1172721918246462,0,0,0,0,1,0.14133144484207977,1,0.6762657449414919,0,0,0,0,0,0,1,0,1,0,0,0,0
0,1.5718292524118322,1,1,0,1,1,1.419426492402149,0,-0.4928110557254173,3,5,1,0,0,0,1,0,1,0,0,0,1
0,0.10504664646466222,0,0,1,1,1,0.2726311961518919,0,-0.4303932817333551,2,4,1,1,0,1,0,0,0,1,0,0,1
1,1.5310852911355222,1,1,1,1,0,1.6604197068315507,0,-0.47843681437623004,3,6,1,1,1,0,1,0,0,0,1,1,0
0,-0.05792919864057891,1,0,0,0,1,0.37401454842908843,0,-0.3896798700612601,2,0,0,0,0,0,1,0,1,0,0,0,1
1,0.797693988161937,1,0,1,0,1,1.0454715044944562,1,-0.4551095578350881,3,3,1,1,1,0,1,0,0,0,1,0,0
0,0.18653456901728277,1,0,0,1,1,1.2066876548368837,1,-0.35653296024664427,2,3,1,0,0,0,1,0,1,0,0,0,1
0,1.4903413298592119,1,0,1,1,1,1.3263532509673455,1,-0.4925007038992601,3,4,1,1,1,0,1,0,0,1,0,0,0
0,-0.09867315991688919,1,0,0,0,0,0.43550936866279816,0,-0.3737649066360741,2,0,0,0,0,0,1,0,1,0,0,0,0
0,0.02355872391204165,1,1,0,0,1,0.8593250216248496,0,-0.3558734213859183,2,2,1,0,0,0,1,0,1,0,0,0,1
0,0.8791819107145575,1,0,1,1,1,1.5174858003423883,0,-0.4326807052336073,3,5,1,1,0,0,1,0,0,0,1,0,1
0,1.082901717096109,1,1,1,0,0,0.12969728966272953,0,-0.5334393522511596,3,3,1,1,1,1,0,0,0,1,0,0,0
0,0.9199258719908678,0,1,0,1,1,-0.6630872847015785,0,-0.5736067531544743,3,3,1,0,0,1,0,0,1,0,0,0,1
0,1.4903413298592119,0,0,0,0,1,-1.1633559574136474,0,-0.6174011015187009,3,1,0,1,1,1,0,0,0,1,0,1,0
0,1.368109446030281,1,0,0,1,1,0.8011542457280975,0,-0.5122102917825742,3,2,1,1,1,0,1,0,0,1,0,0,0
1,0.18653456901728277,0,1,1,0,1,-0.20104512186451856,0,-0.4866247418301002,2,3,0,1,0,1,0,0,0,1,0,0,0
0,-0.9542963467194051,0,0,0,0,0,-1.494098368940895,0,-0.4353867036527201,0,0,0,1,1,0,0,1,0,1,0,1,0
1,1.4903413298592119,1,1,1,1,0,0.7346733589889521,0,-0.5221833084069509,3,5,1,1,1,1,0,0,0,0,1,0,0
0,-0.9135523854430948,0,0,0,1,1,-0.17112872283190322,0,-0.034103055736054835,0,2,1,0,0,1,0,0,1,0,0,0,0
1,0.3087664528462136,0,1,0,0,1,-0.3173866736580229,1,-0.5097945425354209,2,2,0,0,0,1,0,0,1,0,0,0,0
1,-0.791320501614164,0,0,0,1,0,0.0532442699127125,0,-0.11346384970835392,1,2,1,0,1,1,0,0,1,0,0,1,0
0,-1.076528230548336,1,0,0,1,1,0.8410427777715843,1,0.8353789573071567,0,2,1,0,0,0,1,0,1,0,0,0,1
1,1.4903413298592119,0,0,0,0,0,-1.4841262359300234,0,-0.6334930753107916,3,0,0,1,1,0,0,1,0,0,1,0,0
0,1.368109446030281,1,0,1,1,1,1.4393707584238922,0,-0.47875949481935387,3,5,1,1,1,0,1,0,0,1,0,1,0
0,-0.8728084241667845,1,0,0,0,0,-0.3672473387123819,1,-0.1442442658996157,0,1,0,0,0,1,0,0,1,0,0,0,1
1,0.5532302205040753,0,1,1,0,0,-0.26253994209822806,0,-0.5257774368274972,2,3,0,1,0,1,0,0,0,1,0,0,0
0,-1.076528230548336,0,0,0,1,0,0.8144504230759262,1,0.8220384608992058,0,2,1,0,0,0,1,0,1,0,0,0,1
1,0.9606698332671781,1,1,1,1,1,1.4892314234782513,0,-0.4426464496694592,3,5,1,0,0,0,1,0,1,0,0,0,0
1,1.5310852911355222,1,0,0,0,0,-1.3179240190821602,0,-0.6257459578105052,3,0,0,1,1,0,0,1,0,0,1,1,0
1,0.02355872391204165,1,0,1,1,1,0.47705992287476395,0,-0.39535540524033197,2,4,1,1,0,1,0,0,0,1,0,0,1
1,1.6125732136881425,1,1,1,0,0,0.06487842509206275,0,-0.560359057716827,3,3,0,1,1,1,0,0,0,0,1,1,0
0,-1.1987601143772668,1,0,0,1,1,1.010569038956405,1,2.1110639263174655,0,2,1,0,0,0,1,0,1,0,0,0,1
1,-0.5468567339563023,0,0,1,0,0,-0.5317875333917667,0,-0.3822748523285654,1,1,0,0,0,1,0,0,1,0,0,0,0
0,-1.1172721918246462,0,0,0,1,0,-0.6348329078374417,1,0.22199404954991256,0,2,1,0,0,1,0,0,1,0,0,0,1
0,1.5718292524118322,0,0,1,1,1,0.5285826100976015,0,-0.5362603113874241,3,5,1,1,1,1,0,0,0,0,1,1,0
0,-0.9950403079957154,0,1,0,0,1,0.3224918612062509,1,0.29916511557646214,0,1,0,0,0,0,1,0,1,0,0,0,1
0,-1.2802480369298874,0,0,0,0,0,-1.4708300585821945,0,0.5322995545390214,0,0,0,0,1,0,0,1,1,0,0,1,0
0,-1.2802480369298874,0,0,0,1,1,0.4936801445595503,1,3.9816516570198375,0,1,1,0,0,0,1,0,1,0,0,0,1
0,1.1643896396487294,1,1,1,1,1,1.672053862010901,0,-0.45039207249545365,3,6,1,1,0,0,1,0,0,1,0,0,0
1,1.5718292524118322,0,1,1,1,0,-0.16946670066342445,0,-0.570306369928549,3,5,1,1,1,1,0,0,0,0,1,0,0
0,1.4495973685829016,1,0,0,0,0,0.7197151594726443,0,-0.5208444252529646,3,2,0,1,1,0,1,0,0,1,0,1,0
0,0.5532302205040753,0,0,1,0,0,-1.0337182282723136,0,-0.5833970276958812,2,2,0,1,1,1,0,0,0,1,0,1,0
0,0.02355872391204165,1,1,0,0,0,0.5086383440758576,0,-0.39209385005235875,2,1,0,1,1,0,1,0,0,1,0,0,0
1,0.8384379494382472,1,1,1,0,1,1.304746962777123,0,-0.4421742988158396,3,5,1,1,1,0,1,0,0,0,1,0,0
0,0.7162060656093164,1,1,0,1,0,1.4609770466141145,0,-0.4181862915561451,3,5,1,0,1,0,1,0,1,0,0,0,0
0,1.0014137945434884,0,1,1,0,1,-0.7877389473374761,0,-0.5843776226950532,3,3,0,1,1,1,0,0,0,1,0,1,0
1,0.8791819107145575,0,0,0,0,1,-1.477478147256109,0,-0.6239045935175769,3,0,0,1,1,0,0,1,0,0,1,0,0
0,1.1236456783724194,1,0,0,1,1,1.3662417830108327,0,-0.4644446558183583,3,4,1,0,0,0,1,0,1,0,0,0,1
0,-0.18016108246950976,1,0,1,1,1,1.213335743510798,1,-0.2593467781004727,2,3,1,0,1,0,1,0,1,0,0,1,0
1,-1.2802480369298874,0,0,0,1,1,0.5069763219073791,1,4.004997525733751,0,1,1,0,0,0,1,0,1,0,0,0,0
1,-0.13941712119319946,1,0,0,0,1,0.8111263787389692,1,-0.3200192024247943,2,2,1,0,0,0,1,0,1,0,0,0,1
1,-0.9135523854430948,0,0,1,0,1,0.023327870880096913,0,0.027975731525944094,0,3,1,0,0,1,0,0,1,0,0,0,1
1,0.4309983366751445,0,1,0,0,1,-0.8093452355276982,0,-0.5597830427431103,2,3,0,0,0,1,0,0,1,0,0,0,1
0,-0.791320501614164,0,0,0,0,0,0.18786806555948168,0,-0.07969571817572806,1,0,0,0,1,0,1,0,1,0,0,0,0
0,0.4309983366751445,0,1,1,1,1,0.4654257676954133,0,-0.45804280806372316,2,5,1,1,0,1,0,0,0,0,1,0,1
1,-0.5468567339563023,1,0,0,0,1,0.626641918037841,1,-0.17887397115858839,1,1,1,0,0,0,1,0,1,0,0,0,1
1,-1.2802480369298874,0,0,0,1,1,0.8410427777715843,0,4.591562477170844,0,2,1,0,0,0,1,0,1,0,0,0,1
0,1.4903413298592119,0,1,1,1,1,0.5867533859943537,0,-0.5296039595338736,3,5,1,1,1,1,0,0,0,0,1,1,0
0,1.1643896396487294,0,0,0,0,0,-1.4808021915930663,0,-0.6289691408434179,3,0,0,1,1,0,0,1,0,0,1,1,0
0,0.4309983366751445,1,1,1,0,0,0.048258203407276413,0,-0.4913372003773166,2,3,0,0,1,1,0,0,1,0,0,0,0
0,-1.076528230548336,0,0,0,0,0,-1.5057325241202457,1,-0.3419198506945138,0,0,0,0,1,0,0,1,1,0,0,0,0
0,-1.2802480369298874,0,0,1,0,0,-0.45034844713631356,1,2.3240949783319325,0,1,0,0,0,1,0,0,1,0,0,0,0
0,0.9606698332671781,0,0,0,1,0,0.8277466004237555,0,-0.48339932575778305,3,2,1,0,0,0,1,0,1,0,0,0,0
0,1.5310852911355222,0,1,1,1,0,-0.008250550320997212,0,-0.5609693925057012,3,6,1,1,1,1,0,0,0,0,1,0,0
0,-1.2802480369298874,0,0,0,0,1,-0.638156952174399,1,1.9943345827478949,0,0,0,0,0,1,0,0,1,0,0,0,1
1,0.6754621043330061,1,0,0,1,1,0.9590463517335676,0,-0.448460390132512,3,3,1,1,0,0,1,0,0,1,0,0,1
0,-1.076528230548336,0,0,1,0,1,-0.5035331565276299,1,0.1608501076801373,0,1,0,0,1,1,0,0,1,0,0,0,0
1,-0.01718523736426863,0,1,1,0,0,0.2925754621736353,0,-0.40675264194982086,2,5,1,1,0,1,0,0,0,0,1,0,0
0,1.6125732136881425,1,1,1,1,1,1.4942174899836873,0,-0.49160067725803874,3,5,1,1,0,0,1,0,0,0,1,0,0
1,0.18653456901728277,0,1,1,0,0,-0.11129592476667229,0,-0.478330814786999,2,3,0,1,1,1,0,0,0,0,1,1,0
0,1.4903413298592119,0,1,1,1,1,1.382862004695619,0,-0.48966584841257055,3,5,1,1,1,0,1,0,0,1,0,1,0
0,-0.26164900502213034,0,0,1,1,0,0.5684711421410888,0,-0.3130154418106201,2,5,1,0,1,1,0,0,1,0,0,0,0
1,1.0421577558197987,1,0,0,1,1,1.3429734726521318,0,-0.4589600956634224,3,4,1,1,1,0,1,0,0,1,0,1,0
0,-0.3431369275747509,1,0,1,0,0,-0.33899296184824507,0,-0.4121575642823755,1,1,0,1,1,1,0,0,0,1,0,0,0
1,-1.1172721918246462,0,0,0,0,0,-1.4708300585821945,0,-0.2672964489125382,0,0,0,1,0,0,0,1,0,1,0,0,1
1,-0.7098325790615434,0,0,0,0,1,-1.4891123024354593,1,-0.5211827711763546,1,0,0,0,0,0,0,1,1,0,0,0,1
1,-0.09867315991688919,0,0,0,0,0,-1.499084435446331,0,-0.5929148355312037,2,0,0,1,0,0,0,1,0,0,1,0,0
0,0.9199258719908678,1,1,1,0,1,0.041610114733361785,0,-0.5294163588031369,3,3,0,1,1,1,0,0,0,1,0,1,0
0,-0.3023929662984406,0,0,0,1,1,-1.0237460952614421,1,-0.5144483859704179,2,1,1,0,1,1,0,0,1,0,0,0,0
0,-0.9135523854430948,0,0,1,1,1,0.9208198418585588,1,0.3144932111967086,0,4,1,0,0,0,1,0,1,0,0,0,0
1,0.4717422979514547,0,1,1,0,1,-0.35727520570151017,0,-0.5268895390842003,2,5,1,1,1,1,0,0,0,0,1,1,0
0,0.5939741817803856,0,1,1,0,1,-0.19605905535908272,0,-0.5238578186331573,2,3,0,1,0,1,0,0,0,1,0,0,0
1,-0.791320501614164,0,0,0,1,0,0.7828720018748321,1,0.069551085388223,1,2,1,0,0,0,1,0,1,0,0,0,1
1,0.6754621043330061,1,0,1,1,1,1.4343846919184566,1,-0.41507579787161475,3,5,1,1,1,0,1,0,0,0,1,0,0
0,1.2866215234776603,0,1,1,1,1,1.0670777926846788,0,-0.4930779369169118,3,4,1,1,0,0,1,0,0,1,0,0,0
0,-1.2802480369298874,0,0,0,0,0,-1.5190287014680746,0,0.44767078045108266,0,0,0,0,0,0,0,1,1,0,0,0,0
0,-0.506112772679992,0,0,1,0,0,-0.4918990013482794,0,-0.38916744213934007,1,1,0,0,0,1,0,0,1,0,0,0,0
0,0.18653456901728277,0,1,1,1,0,-0.6448050408483137,0,-0.5276336033209889,2,3,1,1,0,1,0,0,0,0,1,0,1
1,-0.09867315991688919,1,0,0,1,0,0.6864747161030716,0,-0.34533566328284,2,1,1,0,0,0,1,0,1,0,0,0,1
0,0.22727853029359305,1,1,0,1,0,0.6416001175541483,0,-0.4153780969408591,2,5,1,1,1,1,0,0,0,1,0,0,0
0,-1.2802480369298874,1,0,0,0,1,0.32082983903777235,1,3.6781553637389535,0,0,0,0,0,0,1,0,1,0,0,0,0
0,0.18653456901728277,0,0,0,1,1,-0.001602461647082585,1,-0.468193792845431,2,2,1,0,0,1,0,0,1,0,0,0,1
0,0.797693988161937,0,1,1,1,0,0.048258203407276413,0,-0.5211827711763546,3,6,1,1,1,1,0,0,0,0,1,1,0
1,1.5718292524118322,0,1,1,1,1,0.4022689252932255,0,-0.5424210267424848,3,5,1,1,1,1,0,0,0,0,1,1,0
0,-0.26164900502213034,0,0,0,1,0,0.8310706447607126,1,-0.2788613005439679,2,3,1,0,0,0,1,0,1,0,0,0,1
0,1.368109446030281,1,1,0,0,1,0.325815905543208,0,-0.5371241666041393,3,4,1,1,1,1,0,0,0,0,1,1,0
0,1.6125732136881425,1,1,1,1,1,1.7335486822446107,0,-0.48008764611145094,3,6,1,1,1,0,1,0,0,0,1,1,0
1,-0.3023929662984406,0,1,0,1,1,-0.8026971468537838,0,-0.48459261155743144,2,2,1,1,1,1,0,0,0,1,0,1,0
1,1.4903413298592119,1,1,1,1,1,1.6471235294837214,0,-0.4764087301071692,3,6,1,1,1,0,1,0,0,0,1,0,0
1,0.8384379494382472,1,1,0,0,0,0.1629377330323022,0,-0.5164271312531498,3,3,1,1,1,1,0,0,0,0,1,0,0
0,-0.8320644628904743,0,0,0,1,0,1.0205411719672768,1,0.1904172655842978,0,3,1,1,0,0,1,0,0,1,0,0,0
0,-0.26164900502213034,0,0,1,1,1,1.1252485685814309,0,-0.24060001570727527,2,4,1,0,0,0,1,0,1,0,0,0,1
0,-0.46536881140368175,0,0,0,0,0,-0.10464783609275789,0,-0.33998699468086185,1,2,1,0,0,1,0,0,1,0,0,0,0
1,-1.2802480369298874,0,0,0,1,1,0.8161124452444047,0,4.547788973332255,0,2,1,0,0,0,1,0,1,0,0,0,1
0,0.6347181430566958,1,1,1,0,1,1.0172171276303197,0,-0.43982956540286805,2,3,1,0,0,0,1,0,1,0,0,0,1
0,-0.26164900502213034,0,1,0,0,0,-0.9772094745440403,0,-0.5140493112915475,2,2,0,1,1,1,0,0,0,1,0,1,0
0,1.1236456783724194,0,0,0,0,0,-1.4907743246039378,0,-0.6289182145036798,3,0,0,1,0,0,0,1,0,0,1,0,0
0,-0.5876006952326126,0,0,0,0,0,-1.5140426349626388,0,-0.5488291946533581,1,0,0,0,0,0,0,1,1,0,0,0,0
0,-0.9135523854430948,0,0,1,0,1,-1.1683420239190832,1,-0.35245581092579326,0,1,0,0,0,1,0,0,1,0,0,0,1
1,-1.1172721918246462,1,1,0,0,1,0.6548962949019775,1,0.9768438046331367,0,2,0,0,0,0,1,0,1,0,0,0,1
1,-1.1580161531009565,0,0,0,0,1,-1.4758161250876303,0,-0.19083872887446937,0,0,0,1,0,0,0,1,0,1,0,0,0
1,1.3273654847539706,1,0,0,0,0,-1.3312201964299892,0,-0.623320946799729,3,0,0,1,1,0,0,1,0,0,1,1,0
1,1.5310852911355222,1,0,0,0,0,-1.3112759304082455,0,-0.6254171427581967,3,0,0,1,0,0,0,1,0,0,1,0,0
0,-0.5876006952326126,1,0,0,0,1,0.8609870437933281,1,-0.10986542633515663,1,2,1,0,1,0,1,0,1,0,0,1,0
1,1.2051336009250397,0,0,0,0,0,-1.4891123024354593,0,-0.6300375161717877,3,0,0,1,1,0,0,1,0,0,1,0,0
1,1.368109446030281,0,1,0,1,1,-0.1678046784949459,0,-0.56299626738038,3,2,1,1,0,1,0,0,0,0,1,0,1
1,1.3273654847539706,1,1,1,1,1,0.5884154081628322,0,-0.5211827711763546,3,5,1,1,1,1,0,0,0,0,1,0,0
0,-1.1987601143772668,0,0,0,0,1,0.18288199905404562,1,1.3844237625968878,0,0,0,0,0,0,1,0,1,0,0,0,1
0,0.06430268518835193,0,0,0,0,0,-1.477478147256109,0,-0.5992246751628676,2,0,0,0,0,0,0,1,1,0,0,0,0
1,-0.6690886177852331,1,0,0,1,1,0.8643110881302852,0,-0.043622427337316666,1,2,1,0,1,0,1,0,1,0,0,0,0
0,0.8791819107145575,1,1,0,1,1,1.301422918440166,1,-0.4464759912918293,3,4,1,1,1,0,1,0,0,1,0,0,0
0,0.7162060656093164,1,0,1,1,1,1.3346633618097385,0,-0.42688377205740724,3,4,1,0,0,0,1,0,1,0,0,0,1
0,1.5718292524118322,0,0,1,1,1,1.3446354948206103,0,-0.49645884771196636,3,5,1,1,0,0,1,0,0,0,1,0,1
0,-0.9135523854430948,1,0,0,0,1,0.33080197204864403,1,0.12613449770944687,0,0,0,0,0,0,1,0,1,0,0,0,1
0,-1.2802480369298874,0,0,1,0,1,-0.46530664665262134,1,2.297830876028779,0,1,0,0,0,1,0,0,1,0,0,0,1
0,-0.5876006952326126,1,0,0,0,0,-1.3644606397995618,0,-0.5211827711763546,1,0,0,1,0,0,0,1,0,1,0,0,0
0,-1.1580161531009565,0,0,1,1,1,-0.11628199127210836,0,0.7640073015246193,0,2,1,0,0,1,0,0,1,0,0,0,1
1,1.0421577558197987,1,1,1,1,0,0.36570443758669524,0,-0.5171269211031746,3,4,1,1,0,1,0,0,0,0,1,0,0
0,0.9606698332671781,1,1,0,1,1,1.1036422803912085,0,-0.4664018950274771,3,3,1,1,0,0,1,0,0,1,0,0,1
0,-1.2395040756535771,0,0,0,1,1,0.5136244105812937,1,2.4554154898476996,0,1,1,0,0,0,1,0,1,0,0,0,1
0,-0.01718523736426863,1,0,0,0,1,0.4687498120323708,1,-0.3880052019219807,2,1,0,0,0,0,1,0,1,0,0,0,1
1,0.9606698332671781,0,1,1,1,1,-0.42541811460913403,0,-0.5606045231713412,3,4,1,1,0,1,0,0,0,1,0,0,0
0,0.1457906077409725,1,0,0,0,1,0.6632064057443707,1,-0.399721156921531,2,1,1,0,0,0,1,0,1,0,0,0,1
0,-1.1580161531009565,1,0,1,1,1,-0.013236616826432828,0,0.8363794945377533,0,2,1,0,0,1,0,0,1,0,0,0,0
0,0.8384379494382472,1,0,0,1,0,0.6864747161030716,1,-0.48238107271202507,3,1,1,0,1,0,1,0,1,0,0,0,0
0,-0.9135523854430948,0,0,0,0,1,-0.6315088635004846,0,-0.1810759110486508,0,0,0,0,1,1,0,0,1,0,0,1,0
0,-1.1580161531009565,0,0,1,0,0,-1.1400876470549464,0,0.044954545136063485,0,1,0,0,0,1,0,0,1,0,0,0,1
1,-1.2802480369298874,0,0,0,0,0,-1.4924363467724167,1,0.49436251787891083,0,0,0,0,0,0,0,1,1,0,0,0,0
0,0.7569500268856267,0,0,0,0,0,0.14465548917903734,0,-0.5118668716414754,3,0,0,0,0,0,1,0,1,0,0,0,0
0,-0.8320644628904743,1,0,0,1,1,1.151840923277089,1,0.22588502766889823,0,3,1,0,0,0,1,0,1,0,0,0,1
0,-1.076528230548336,0,0,1,1,1,-0.5168293338754589,0,0.15417985947616186,0,3,1,1,0,1,0,0,0,1,0,0,0
1,1.24587756220135,0,0,1,0,0,-0.8459097232342282,0,-0.5953241433029647,3,3,0,1,1,1,0,0,0,0,1,0,0
0,-1.2802480369298874,0,0,0,0,1,0.1928541320649173,1,3.453451377367529,0,0,0,0,0,0,1,0,1,0,0,0,1
0,0.6347181430566958,1,0,1,1,1,1.3396494283151743,0,-0.4167219198390959,2,4,1,0,1,0,1,0,1,0,0,1,0
0,-1.1172721918246462,0,0,0,1,1,0.5385547431084732,1,0.9087516875508871,0,1,1,0,1,0,1,0,1,0,0,1,0
1,0.10504664646466222,0,0,0,0,1,-1.485788258098502,0,-0.6019205671453077,2,0,0,1,1,0,0,1,0,1,0,1,0
0,-1.076528230548336,0,0,0,1,1,0.6665304500813278,1,0.7478319496299787,0,2,1,0,0,0,1,0,1,0,0,0,1
0,-1.2395040756535771,0,0,0,0,0,-1.4974224132778524,0,0.10137372786135601,0,0,0,0,0,0,0,1,1,0,0,0,0
0,0.7162060656093164,0,0,0,0,0,-1.4974224132778524,0,-0.6218904401383372,3,0,0,1,1,0,0,1,0,1,0,0,0
0,0.02355872391204165,0,0,0,0,1,0.18620604339100316,0,-0.42539604512955975,2,0,0,0,1,0,1,0,1,0,0,0,0
0,-0.05792919864057891,0,0,0,0,0,-1.4741541029191516,0,-0.5924971045133892,2,0,0,1,0,0,0,1,0,0,1,0,0
1,-0.9542963467194051,0,0,0,0,0,-1.477478147256109,0,-0.42955023647424156,0,0,0,1,0,0,0,1,0,0,1,0,0
1,0.8791819107145575,1,0,1,1,1,0.7114050486302511,0,-0.4841477339892817,3,5,1,0,0,1,0,0,1,0,0,0,1
0,0.5532302205040753,0,1,0,1,1,1.025527238472713,0,-0.42953781845896816,2,4,1,1,1,0,1,0,0,1,0,1,0
1,0.06430268518835193,1,1,0,1,1,1.2964368519347298,0,-0.3209085688519911,2,4,1,1,0,0,1,0,0,1,0,0,1
1,1.5718292524118322,1,1,0,1,1,1.0770499256955504,0,-0.5095098368193975,3,3,1,1,0,0,1,0,0,0,1,0,1
1,1.24587756220135,0,1,1,0,0,-0.041490993690569876,0,-0.5511858602657208,3,4,0,1,0,1,0,0,0,0,1,0,0
0,0.7569500268856267,1,0,0,0,0,-1.3245721077560746,0,-0.6110868136756106,3,0,0,1,1,0,0,1,0,0,1,0,0
0,-0.26164900502213034,1,0,0,1,1,0.8094643565704907,1,-0.28167145140767974,2,2,1,0,0,0,1,0,1,0,0,0,1
0,1.2866215234776603,0,1,0,1,1,1.1368827237607813,0,-0.4893066812015872,3,4,1,1,1,0,1,0,0,0,1,0,0
0,-1.2802480369298874,0,0,0,0,1,-1.3295581742615106,1,0.7803494096243593,0,0,0,0,0,1,0,0,1,0,0,0,1
0,1.1643896396487294,1,0,1,0,1,0.6897987604400287,0,-0.5060267838257894,3,2,0,1,1,0,1,0,0,1,0,0,0
0,-0.7098325790615434,0,0,0,1,1,0.9706805069129179,0,0.018690442832910107,1,3,1,0,1,0,1,0,1,0,0,1,0
0,1.2866215234776603,1,0,1,1,1,1.3579316721684396,1,-0.47736437143639265,3,4,1,1,1,0,1,0,0,1,0,1,0
0,-0.5876006952326126,1,0,0,0,1,-0.48192686833740767,0,-0.35806887266203336,1,0,0,0,0,1,0,0,1,0,0,0,1
1,1.0014137945434884,0,0,0,1,1,1.0039209502824906,0,-0.47589983617091763,3,3,1,1,0,0,1,0,0,1,0,0,1
1,-0.7505765403378537,0,1,0,0,1,-0.11295794693515106,0,-0.18928233762687516,1,3,1,1,1,1,0,0,0,0,1,0,0
0,-0.5876006952326126,1,0,0,0,1,0.5235965435921655,0,-0.1722234703999537,1,1,0,0,1,0,1,0,1,0,0,1,0
0,1.6125732136881425,1,1,0,0,0,0.45545363468454153,0,-0.5415704304984372,3,1,0,1,1,0,1,0,0,0,1,0,0
0,1.5310852911355222,1,1,1,1,0,1.6454615073152428,0,-0.47917664824392464,3,6,1,1,1,0,1,0,0,0,1,1,0
0,0.22727853029359305,0,0,0,0,0,-1.4874502802669807,0,-0.6070835958031926,2,0,0,1,0,0,0,1,0,0,1,0,0
1,1.4495973685829016,0,1,1,0,0,-0.07140739272318523,0,-0.5611075901363817,3,4,0,1,1,1,0,0,0,0,1,1,0
0,-0.791320501614164,0,0,0,0,1,0.5335686766030371,1,0.0070175084759529684,1,1,1,0,0,0,1,0,1,0,0,0,1
0,1.3273654847539706,1,1,0,1,1,0.9274679305324735,0,-0.5031427817156028,3,3,1,1,1,0,1,0,0,0,1,1,0
0,-0.09867315991688919,1,0,0,1,0,1.1850813666466615,0,-0.2888537228459509,2,3,1,0,0,0,1,0,1,0,0,0,1
0,0.7569500268856267,1,0,1,1,1,0.34576017156495187,0,-0.49828586147616954,3,3,1,1,1,1,0,0,0,0,1,0,0
0,-0.05792919864057891,1,1,0,0,1,0.6632064057443707,0,-0.357944079778283,2,2,0,0,1,0,1,0,1,0,0,1,0
0,-0.9542963467194051,0,0,0,1,0,0.8194364895813623,1,0.37704952759149235,0,2,1,0,0,0,1,0,1,0,0,0,1
1,1.6125732136881425,1,1,1,0,1,0.4886940780541142,0,-0.5399713983947444,3,5,1,1,1,1,0,0,0,0,1,0,0
0,-0.9135523854430948,1,0,0,1,1,0.24437681928775531,1,0.09854392559300287,0,2,1,0,1,1,0,0,1,0,0,1,0
0,0.18653456901728277,0,0,0,0,1,-1.495760391109374,0,-0.6062723189889101,2,0,0,1,0,0,0,1,0,1,0,0,1
0,-1.2395040756535771,0,0,1,1,0,0.38564870360843917,1,2.3056128322667506,0,4,1,0,0,1,0,0,1,0,0,0,1
0,0.9199258719908678,0,1,0,1,1,1.2000395661629695,0,-0.4567731869567164,3,4,1,1,0,0,1,0,0,1,0,0,0
1,0.02355872391204165,1,1,0,0,1,1.0138930832933621,0,-0.33990896704478596,2,3,1,0,1,0,1,0,1,0,0,0,0
1,0.5532302205040753,0,0,1,0,0,0.8692971546357213,0,-0.44121075281592526,2,3,1,1,1,0,1,0,0,1,0,0,0
1,-1.2802480369298874,0,1,1,0,0,-0.3423170061852024,0,2.513780161632485,0,2,0,0,0,1,0,0,1,0,0,0,1
0,-0.506112772679992,1,0,0,0,1,-0.10630985826123643,1,-0.3246883761675772,1,1,1,0,0,1,0,0,1,0,0,0,0
0,-0.9542963467194051,0,0,0,0,1,0.5019902554019434,1,0.2655730044825523,0,2,0,0,0,0,1,0,1,0,0,0,1
0,-0.01718523736426863,1,0,0,1,1,1.0421474601574994,1,-0.32698759051061416,2,2,1,0,1,0,1,0,1,0,0,1,0
1,-0.5468567339563023,0,0,0,0,1,-0.5051951786961084,0,-0.3776056785857826,1,1,0,0,1,1,0,0,1,0,0,0,0
0,1.5310852911355222,1,1,1,0,0,0.016679782206182287,1,-0.5597363360595439,3,3,0,1,1,1,0,0,0,0,1,1,0
1,1.1643896396487294,1,0,0,0,1,-1.322910085587596,0,-0.6200261669409105,3,0,0,1,1,0,0,1,0,0,1,1,0
0,-0.26164900502213034,0,0,0,0,0,-0.6431430186798349,0,-0.4706000556295406,2,0,0,0,0,1,0,0,1,0,0,0,1
0,0.512486259227765,1,0,0,1,1,1.427736603244542,0,-0.3936686512987257,2,4,1,0,1,0,1,0,1,0,0,0,0
1,1.2051336009250397,1,0,0,1,1,0.8078023344020117,0,-0.5020058075899251,3,2,1,1,1,0,1,0,0,0,1,1,0
0,-1.2802480369298874,0,0,0,0,0,-1.5007464576148097,1,0.4797713499327145,0,0,0,0,0,0,0,1,1,0,0,0,0
0,-1.1987601143772668,0,0,0,0,0,-0.6664113290385358,0,0.6388150805462547,0,0,0,0,0,1,0,0,1,0,0,0,0
1,0.3495104141225239,1,1,0,0,1,1.2233078765216698,0,-0.38472061000335644,2,4,1,1,1,0,1,0,0,1,0,0,0
1,1.4088534073065913,0,0,1,1,0,1.2748305637445079,0,-0.4900263360912412,3,5,1,1,1,0,1,0,0,0,1,0,0
0,-1.2802480369298874,1,0,0,1,1,0.6598823614074136,1,4.273475015943764,0,1,1,0,0,0,1,0,1,0,0,0,0
0,1.5718292524118322,1,1,0,1,0,1.025527238472713,0,-0.512022760187909,3,3,1,1,0,0,1,0,0,1,0,0,0
1,0.18653456901728277,0,1,0,1,0,0.3424361272279943,0,-0.4364004058468769,2,4,1,1,1,1,0,0,0,1,0,0,0
0,1.1236456783724194,0,1,1,0,1,-0.1146199691036296,0,-0.5496953485400694,3,3,0,1,0,1,0,0,0,0,1,0,0
0,-1.2802480369298874,0,0,0,0,1,0.1579516665268661,1,3.3921684719935046,0,0,0,0,0,0,1,0,1,0,0,0,1
0,-1.076528230548336,0,0,0,0,0,-1.499084435446331,0,-0.3385847265925261,0,0,0,0,1,0,0,1,1,0,0,1,0
0,-0.791320501614164,0,0,0,0,1,-1.1218054032016815,1,-0.40820544222152005,1,1,0,0,0,1,0,0,1,0,0,0,1
1,-0.8728084241667845,0,1,0,0,0,-0.4586585579787067,0,-0.17099474046764235,0,1,0,0,1,1,0,0,1,0,0,0,0
0,-1.0357842692720256,0,1,0,0,1,-0.4586585579787067,1,0.07705511461769549,0,1,0,0,0,1,0,0,1,0,0,0,0
1,-0.9135523854430948,0,0,0,1,1,0.7994922235596185,0,0.27576029264862373,0,2,1,0,0,0,1,0,1,0,0,0,1
0,0.06430268518835193,0,0,0,0,0,-1.4874502802669807,0,-0.6002252123934639,2,0,0,1,1,0,0,1,0,0,1,1,0
0,1.2051336009250397,0,1,1,0,1,0.010031693532267658,0,-0.5464741289497617,3,3,1,1,0,1,0,0,0,0,1,0,0
0,1.2866215234776603,1,0,1,0,1,0.17789593254861,0,-0.5411165513859275,3,3,1,1,0,1,0,0,0,1,0,0,0
1,-1.2802480369298874,0,0,0,0,1,-0.6797075063863649,1,1.9213787430169131,0,0,0,0,1,1,0,0,1,0,0,0,0
0,-0.3023929662984406,0,0,0,0,1,-1.4641819699082799,0,-0.5739354552895259,2,0,0,1,0,0,0,1,0,0,1,0,0
0,-0.26164900502213034,0,0,0,0,1,-0.29079431896236485,0,-0.42477298000593133,2,2,0,1,0,1,0,0,0,1,0,0,0
1,-0.9135523854430948,0,0,0,0,1,-1.4907743246039378,0,-0.455389868437142,0,0,0,1,1,0,0,1,0,1,0,0,0
0,0.8384379494382472,1,1,0,1,0,1.123586546412952,0,-0.45395531589832405,3,4,1,1,0,0,1,0,0,1,0,0,0
0,-1.0357842692720256,0,0,0,1,1,0.49534216672802883,1,0.4958216346735306,0,1,1,0,0,0,1,0,1,0,0,0,1
0,0.02355872391204165,0,0,0,0,1,0.47207385636932786,0,-0.395870387638433,2,2,0,0,1,0,1,0,1,0,0,1,0
0,1.5718292524118322,0,0,0,0,0,0.8194364895813623,0,-0.5220744536619555,3,3,1,1,1,0,1,0,0,0,1,1,0
0,-0.13941712119319946,1,0,0,0,1,0.3125197281953792,0,-0.3783838742095797,2,0,0,0,0,0,1,0,1,0,0,0,1
1,-0.3431369275747509,1,1,1,1,0,0.5385547431084732,0,-0.2888913774729088,1,4,1,0,1,1,0,0,1,0,0,0,0
1,-0.506112772679992,0,0,0,0,1,-0.5051951786961084,0,-0.3913908582073319,1,1,0,0,0,1,0,0,1,0,0,0,1
0,-1.2802480369298874,1,0,0,1,1,0.6582203392389346,0,4.270556782354524,0,1,1,0,0,0,1,0,1,0,0,0,1
1,0.8791819107145575,1,0,0,0,1,-0.32569678450041606,1,-0.5503651070687473,3,1,0,0,1,1,0,0,1,0,0,1,0
0,-1.1172721918246462,0,0,0,1,1,0.6665304500813278,1,0.9836530163413615,0,2,1,0,0,0,1,0,1,0,0,0,0
1,1.6125732136881425,1,1,1,1,1,0.6449241618911058,0,-0.5324559475073884,3,5,1,1,1,1,0,0,0,0,1,0,0
0,0.797693988161937,0,1,1,1,1,1.3795379603586615,0,-0.4329750313657639,3,6,1,1,0,0,1,0,0,0,1,0,1
0,-0.9542963467194051,0,0,0,0,0,0.14133144484207977,0,0.1389216667095679,0,0,0,0,0,0,1,0,1,0,0,0,1
0,-1.2802480369298874,0,0,0,0,1,-0.6448050408483137,0,1.9826616483909376,0,0,0,0,0,1,0,0,1,0,0,0,0
0,-1.2802480369298874,1,0,0,0,1,0.29423748434211433,1,3.6314636263111253,0,0,0,0,0,0,1,0,1,0,0,0,1
1,0.02355872391204165,0,0,1,1,1,0.30254759518450747,1,-0.41337978917386864,2,4,1,1,0,1,0,0,0,1,0,0,0
0,0.9199258719908678,1,0,0,0,1,0.43052330215736206,1,-0.5050282638073514,3,1,0,0,0,0,1,0,1,0,0,0,1
1,1.4903413298592119,1,0,1,1,1,1.1485168789401314,0,-0.5014221608720772,3,3,1,1,0,0,1,0,0,0,1,0,1
0,-1.2802480369298874,0,1,0,0,1,-0.4669686688210999,0,2.29491264243954,0,1,0,0,0,1,0,0,1,0,0,0,0
0,0.8791819107145575,1,1,1,1,0,0.7413214476628662,0,-0.48223761745814325,3,5,1,1,1,1,0,0,0,0,1,0,0
1,0.02355872391204165,0,0,0,0,1,-1.4841262359300234,0,-0.5979151484934107,2,0,0,1,0,0,0,1,0,1,0,0,0
0,0.512486259227765,1,0,1,1,1,1.1269105907499095,0,-0.416633880848826,2,4,1,1,1,0,1,0,0,1,0,0,0
1,-0.8728084241667845,0,0,0,0,0,-1.3162619969136813,0,-0.42196282914221944,0,0,0,0,0,1,0,0,1,0,0,0,1
0,-1.076528230548336,0,1,0,0,1,-0.3024284741417151,0,0.26173761176526633,0,2,0,0,1,1,0,0,1,0,0,0,0
0,-0.46536881140368175,0,1,0,1,0,0.018341804374660826,0,-0.32035524144416133,1,3,1,0,1,1,0,0,1,0,0,0,0
1,1.3273654847539706,1,0,0,0,1,-1.3129379525767242,0,-0.6223482022699826,3,0,0,1,1,0,0,1,0,0,1,0,0
0,-1.076528230548336,1,0,0,0,1,0.6499102283965414,1,0.7394941393750093,0,1,1,0,0,0,1,0,1,0,0,0,1
0,-0.9950403079957154,0,1,0,1,0,0.6698544944182854,1,0.43470085338779707,0,2,1,0,0,0,1,0,1,0,0,0,1
0,-0.8728084241667845,0,0,1,0,1,0.3008855730160285,1,0.051277384579415185,0,1,0,0,0,0,1,0,1,0,0,0,1
1,0.4309983366751445,1,0,0,0,0,-1.3478404181147754,0,-0.6027606646937251,2,0,0,1,0,0,0,1,0,0,1,0,0
1,0.6754621043330061,0,0,0,1,1,-0.4320662032830487,1,-0.5461628507002428,3,3,1,1,1,1,0,0,0,1,0,0,0
0,-1.2802480369298874,0,0,0,0,0,-0.62486077482657,1,2.017680451461809,0,0,0,0,0,1,0,0,1,0,0,0,1
0,-0.7098325790615434,0,0,0,0,1,0.48537003371715715,1,-0.08782508317432317,1,1,1,0,0,0,1,0,1,0,0,0,1
1,1.1236456783724194,0,1,0,0,0,-0.1428743459677664,0,-0.5513219049668585,3,3,0,1,1,1,0,0,0,0,1,0,0
0,-0.6283446565089229,0,0,0,0,0,-1.3195860412506386,0,-0.5043218659940832,1,0,0,0,1,1,0,0,1,0,0,1,0
0,-0.6690886177852331,0,0,0,0,1,0.2327426641084046,1,-0.17408463485624864,1,0,0,0,1,0,1,0,1,0,0,0,0
1,0.10504664646466222,0,0,0,0,0,-1.4874502802669807,0,-0.6020826912335988,2,0,0,1,1,0,0,1,0,1,0,0,0
0,0.4717422979514547,1,0,0,0,0,0.7845340240433111,1,-0.4377861401594279,2,2,1,1,0,0,1,0,0,1,0,0,0
1,-0.8320644628904743,0,0,1,0,0,-1.1483977578973394,0,-0.3954742473322015,0,1,0,1,1,1,0,0,0,1,0,1,0
0,-1.2802480369298874,0,0,0,0,0,-1.4824642137615447,0,0.5118719194143465,0,0,0,0,0,0,0,1,1,0,0,0,0
0,-0.18016108246950976,0,1,1,0,1,-0.16281861198951006,0,-0.42598797892048057,2,3,0,1,0,1,0,0,0,1,0,0,1
0,1.5310852911355222,1,0,0,0,0,-1.3179240190821602,0,-0.6257459578105052,3,0,0,1,1,0,0,1,0,0,1,0,0
1,-1.1172721918246462,0,0,0,0,0,-0.62486077482657,1,0.22783051672839105,0,0,0,0,0,1,0,0,1,0,0,0,0
0,-0.5876006952326126,0,0,0,1,0,1.213335743510798,0,-0.04474273992265932,1,4,1,0,1,0,1,0,1,0,0,1,0
0,1.5310852911355222,1,1,1,1,1,0.403930947461704,0,-0.540582859262565,3,4,1,1,1,1,0,0,0,0,1,1,0
1,-0.9542963467194051,1,0,0,0,1,-0.3157246514895444,0,-0.021581180698591877,0,1,0,0,0,1,0,0,1,0,0,0,0
0,1.4088534073065913,0,1,1,1,1,0.9191578196900803,0,-0.508394041623512,3,4,1,1,1,0,1,0,0,0,1,0,0
0,-1.2802480369298874,0,1,0,0,1,-0.543421688571117,0,2.160673897334534,0,1,0,0,1,1,0,0,1,0,0,0,0
1,-0.5876006952326126,0,0,0,0,0,-1.5107185906256815,0,-0.5482148296872026,1,0,0,1,0,0,0,1,0,0,1,0,0
0,-1.1580161531009565,1,0,0,0,0,-0.4337282254515272,1,0.5410542553067391,0,0,0,0,1,1,0,0,1,0,0,1,0
1,1.5718292524118322,0,1,0,0,1,0.7280252703150375,0,-0.52653286608996,3,3,0,1,1,0,1,0,0,1,0,0,0
1,-0.09867315991688919,1,1,0,1,1,0.9839766842607471,1,-0.3116347721554961,2,3,1,0,0,0,1,0,1,0,0,0,1
0,-1.2802480369298874,0,1,0,0,0,-0.3024284741417151,0,2.5838177677742276,0,2,0,0,0,1,0,0,1,0,0,0,0
0,0.9199258719908678,1,1,0,0,1,0.6465861840595843,0,-0.49147932214302636,3,2,0,1,1,0,1,0,0,1,0,1,0
0,1.082901717096109,0,0,1,1,1,-0.0049265059840396625,0,-0.5413185829421054,3,3,1,0,0,1,0,0,1,0,0,0,1
0,-1.2802480369298874,0,0,0,0,1,0.17789593254861,1,3.4271872750643766,0,0,0,0,0,0,1,0,1,0,0,0,0
0,-1.0357842692720256,0,0,0,0,1,0.14631751134751586,0,0.342614371238469,0,0,0,0,1,0,1,0,1,0,0,0,0
1,0.512486259227765,0,1,1,0,0,-0.3373309396797665,0,-0.5284149152888171,2,2,0,1,1,1,0,0,0,0,1,0,0
1,0.8791819107145575,1,0,0,0,1,-1.3312201964299892,0,-0.6145662460320112,3,0,0,1,1,0,0,1,0,1,0,0,0
1,0.7569500268856267,1,0,0,0,1,-1.3578125511256471,0,-0.6133316087442562,3,0,0,1,0,0,0,1,0,1,0,0,0
0,1.6125732136881425,1,0,0,1,0,1.3363253839782172,0,-0.4991960797505793,3,4,1,1,1,0,1,0,0,1,0,1,0
0,0.4717422979514547,0,1,1,0,1,-0.16448063415798858,0,-0.511844423690789,2,3,0,1,1,1,0,0,0,1,0,0,0
0,-1.2395040756535771,0,0,0,0,0,-1.4874502802669807,0,0.11304666221831315,0,0,0,0,0,0,0,1,1,0,0,0,0
0,1.368109446030281,1,0,0,1,1,0.9091856866792086,0,-0.5065480475049458,3,2,1,1,1,0,1,0,0,1,0,0,0
1,1.4495973685829016,0,1,0,1,0,-0.6647493068700573,0,-0.5913049637989445,3,3,1,1,0,1,0,0,0,1,0,0,0
0,-0.05792919864057891,0,0,0,0,0,-1.4591959034028439,0,-0.5908555981194421,2,0,0,1,1,0,0,1,0,0,1,1,0
0,-0.46536881140368175,1,0,0,1,1,1.0172171276303197,0,-0.1609135698866339,1,2,1,0,1,0,1,0,1,0,0,0,0
1,-0.46536881140368175,1,1,0,0,0,0.5169484549182508,0,-0.24076705264672674,1,1,0,0,0,0,1,0,1,0,0,0,1
1,0.9199258719908678,1,1,1,1,1,0.6748405609237209,0,-0.4897075374638453,3,5,1,1,1,1,0,0,0,0,1,0,0
0,-0.9542963467194051,0,0,0,1,1,-1.000477784902741,1,-0.26204362845190754,0,1,1,0,1,1,0,0,1,0,0,1,0
0,1.5718292524118322,1,1,1,1,1,1.6703918398424222,0,-0.48057068705944145,3,6,1,1,1,0,1,0,0,0,1,0,0
0,-1.2802480369298874,0,0,0,0,1,0.5418787874454303,1,4.066280431107776,0,1,1,0,0,0,1,0,1,0,0,0,1
1,-0.42462485012737144,0,0,0,0,0,-1.4907743246039378,0,-0.5658444330638425,1,0,0,1,0,0,0,1,0,1,0,0,0
1,-1.2802480369298874,0,0,0,0,0,-1.4708300585821945,1,0.5322995545390214,0,0,0,0,0,0,0,1,1,0,0,0,0
0,1.1643896396487294,1,0,1,1,1,1.3895100933695332,1,-0.4663952889525722,3,4,1,1,0,0,1,0,0,0,1,0,1
0,1.4088534073065913,1,0,1,1,0,0.7097430264617727,0,-0.5192086719836339,3,5,1,1,1,1,0,0,0,0,1,0,0
0,-0.7505765403378537,0,1,0,0,0,0.46708778986389177,0,-0.05348720127427456,1,2,0,0,0,0,1,0,1,0,0,0,1
0,1.082901717096109,1,1,1,1,1,1.3944961598749692,1,-0.45941349353745675,3,5,1,0,0,0,1,0,1,0,0,0,1
0,-0.46536881140368175,0,0,0,1,0,0.7230392038096014,0,-0.2078706012771204,1,2,1,0,1,0,1,0,1,0,0,0,0
0,-1.1580161531009565,0,1,1,0,0,-0.7445263709570317,0,0.32277038283164194,0,3,0,0,0,1,0,0,1,0,0,0,0
0,-1.1987601143772668,0,0,0,1,1,0.8194364895813623,1,1.9432654949362076,0,2,1,0,0,0,1,0,1,0,0,0,1
0,1.5310852911355222,1,0,0,0,0,-1.3478404181147754,0,-0.6272256255458942,3,0,0,1,1,0,0,1,0,0,1,0,0
0,-1.1987601143772668,0,0,1,1,1,1.1003182360542514,1,2.1898562332269265,0,4,1,0,0,0,1,0,1,0,0,0,1
0,-0.46536881140368175,0,0,0,0,0,-1.472492080750673,0,-0.5583239259484908,1,0,0,1,1,0,0,1,0,1,0,0,0
0,-0.506112772679992,0,0,0,0,1,-1.5024084797832884,0,-0.5581470633067186,1,0,0,0,1,0,0,1,1,0,0,1,0
1,-0.42462485012737144,0,0,0,0,0,-1.4808021915930663,0,-0.5643218764085873,1,0,0,1,1,0,0,1,0,1,0,0,0
0,-1.2802480369298874,0,0,0,0,1,-0.3024284741417151,1,2.5838177677742276,0,1,1,0,0,1,0,0,1,0,0,0,0
0,1.24587756220135,0,0,0,0,1,-1.4691680364137156,0,-0.6295221931768624,3,0,0,1,0,0,0,1,0,0,1,0,0
1,1.5310852911355222,0,0,0,0,0,-1.495760391109374,0,-0.6345417604597616,3,0,0,1,1,0,0,1,0,0,1,0,0
0,-0.791320501614164,0,0,0,0,1,0.49866621106498593,1,-0.0017371922917647543,1,2,0,0,0,0,1,0,1,0,0,0,1
0,-1.1172721918246462,0,0,0,1,0,0.5119623884128152,0,0.8931877750749443,0,1,1,0,0,0,1,0,1,0,0,0,1
1,1.6125732136881425,1,1,1,1,1,1.7152664383913456,0,-0.4809671137684819,3,6,1,1,1,0,1,0,0,0,1,1,0
0,-0.791320501614164,0,0,0,0,1,-1.1018611371799378,0,-0.40320275606853845,1,1,0,0,0,1,0,0,1,0,0,0,1
0,1.1643896396487294,0,0,1,0,0,0.9756665734183539,0,-0.48983529423388117,3,4,1,0,1,0,1,0,1,0,0,1,0
0,-1.2802480369298874,0,0,0,0,0,-1.4675060142452372,0,0.5381360217174999,0,0,0,0,0,0,0,1,1,0,0,0,1
0,0.9606698332671781,1,0,1,0,1,0.40060690312474645,0,-0.5097146251414494,3,1,0,0,1,0,1,0,1,0,0,0,0
0,-1.1580161531009565,0,0,0,0,0,-1.4841262359300234,0,-0.196675196052948,0,0,0,0,0,0,0,1,1,0,0,0,0
0,0.10504664646466222,1,1,0,0,0,-0.3173866736580229,0,-0.48794733307668514,2,1,0,1,0,1,0,0,0,0,1,0,0
0,-0.5876006952326126,0,0,0,1,1,-0.8558818562451002,1,-0.4271849313545424,1,2,1,0,0,1,0,0,1,0,0,0,1
0,1.6125732136881425,1,0,0,1,0,0.5767812529834819,0,-0.5357339633199586,3,4,1,1,1,1,0,0,0,0,1,0,0
0,0.6754621043330061,1,1,1,0,0,1.269844497239072,0,-0.4266320028850023,3,5,1,1,1,0,1,0,0,1,0,0,0
0,0.4717422979514547,1,1,1,0,1,1.0072449946194475,0,-0.4204064378946252,2,4,0,0,1,0,1,0,1,0,0,1,0
0,-1.1987601143772668,0,0,1,1,1,0.6349520288802342,1,1.7813035307334286,0,2,1,0,0,0,1,0,1,0,0,0,0
1,0.18653456901728277,1,0,0,0,1,1.0089070167879266,0,-0.37481031798977443,2,3,1,0,0,0,1,0,1,0,0,0,1
0,1.1643896396487294,1,0,0,1,1,0.49866621106498593,0,-0.5168524890761931,3,4,1,1,0,1,0,0,0,1,0,0,1
0,1.5310852911355222,1,1,1,0,1,0.3324639942171226,0,-0.544117621074883,3,4,1,1,1,1,0,0,0,0,1,1,0
0,-1.2802480369298874,0,0,0,0,1,0.1679237995377378,1,3.40967787352894,0,0,0,0,0,0,1,0,1,0,0,0,1
0,0.3495104141225239,0,0,0,0,0,-1.4741541029191516,0,-0.6102583774002771,2,0,0,0,0,0,0,1,1,0,0,0,1
1,1.5310852911355222,1,1,1,0,0,0.45046756817910544,0,-0.5382811538964044,3,5,1,1,1,1,0,0,0,1,0,0,0
0,-1.2802480369298874,0,0,0,1,1,-0.3738954273862965,1,2.458333723436939,0,1,1,0,0,1,0,0,1,0,0,0,0
0,0.7569500268856267,0,0,0,0,0,-1.5190287014680746,0,-0.6242188648271872,3,0,0,1,0,0,0,1,0,1,0,0,1
1,0.3902543753988342,0,0,0,0,0,-1.4891123024354593,0,-0.6128017326989829,2,0,0,1,0,0,0,1,0,0,1,0,0
1,1.5310852911355222,1,1,1,0,0,0.9673564625759608,1,-0.5127157835794068,3,4,0,1,1,0,1,0,0,0,1,0,0
0,0.6347181430566958,0,0,0,0,0,-1.4907743246039378,0,-0.6195689321849928,2,0,0,1,1,0,0,1,0,1,0,0,0
1,1.4495973685829016,1,1,1,1,1,1.6072349974402345,1,-0.4756752444803915,3,6,1,1,0,0,1,0,0,0,1,0,1
0,0.6347181430566958,1,0,0,0,0,-1.3561505289571687,0,-0.6099208946042426,2,0,0,1,1,0,0,1,0,0,1,1,0
0,-0.26164900502213034,0,0,0,0,0,0.6698544944182854,1,-0.2998293492962797,2,2,1,0,0,0,1,0,1,0,0,0,1
0,-0.8728084241667845,1,0,0,0,1,0.5219345214236869,1,0.11596489580755236,0,1,0,0,1,0,1,0,1,0,0,0,0
0,-1.2802480369298874,0,0,0,0,1,-1.5123806127941604,1,0.4593437148080397,0,0,0,0,0,0,0,1,1,0,0,0,0
0,-0.22090504374582004,0,0,0,0,0,-1.5173666792995961,0,-0.5872599174469867,2,0,0,1,0,0,0,1,0,1,0,0,0
0,0.5532302205040753,0,0,0,1,1,0.8809313098150715,0,-0.4403414917467902,2,3,1,1,1,0,1,0,0,1,0,0,0
0,-1.2802480369298874,0,0,0,0,1,-0.5035331565276299,1,2.2307115034762757,0,1,0,0,0,1,0,0,1,0,0,0,0
0,0.5532302205040753,0,0,1,0,0,-0.34730307269063826,1,-0.5321106246169102,2,2,0,1,1,1,0,0,0,0,1,1,0
1,-0.3023929662984406,0,0,0,0,1,-1.5173666792995961,0,-0.581118799509192,2,0,0,0,0,0,0,1,1,0,0,0,0
0,-1.1580161531009565,0,0,0,1,1,0.7861960462117896,1,1.3978476371073887,0,2,1,0,0,0,1,0,1,0,0,0,1
0,-0.791320501614164,0,0,0,0,0,-1.4974224132778524,0,-0.5024226981026736,1,0,0,1,0,0,0,1,0,0,1,0,0
0,-0.05792919864057891,0,1,1,0,1,0.35573230457582355,0,-0.39168615565386206,2,5,1,1,1,1,0,0,0,1,0,1,0
1,-0.38388088885106114,1,0,0,1,1,0.6299659623747981,0,-0.25975767880700346,1,1,1,0,0,0,1,0,1,0,0,0,1
0,-1.2395040756535771,0,0,0,0,0,-1.509056568457203,0,0.08775530444490603,0,0,0,0,0,0,0,1,1,0,0,0,0
0,1.3273654847539706,1,0,0,0,0,-1.273049420533237,0,-0.6202258505687177,3,0,0,1,1,0,0,1,0,0,1,0,0
0,-0.42462485012737144,1,0,1,1,1,0.8543389551194135,1,-0.20778985963631139,1,2,1,0,1,0,1,0,1,0,0,0,0
1,0.9199258719908678,0,0,0,0,0,-1.5173666792995961,0,-0.6271771840426523,3,0,0,1,1,0,0,1,0,1,0,1,0
0,-0.9542963467194051,0,0,1,1,1,0.9989348837770544,1,0.44008337311906043,0,4,1,0,0,0,1,0,1,0,0,0,0
1,-1.0357842692720256,0,0,0,0,1,0.17124784387469535,1,0.3535577471981162,0,0,0,0,1,0,1,0,1,0,0,0,0
1,0.10504664646466222,0,0,1,1,0,-0.7943870360113907,0,-0.5344769464162223,2,2,1,1,0,1,0,0,0,1,0,0,0
0,-1.076528230548336,0,1,1,1,1,0.5136244105812937,0,0.6711240952842608,0,5,1,1,0,1,0,0,0,0,1,0,0
0,-1.2802480369298874,0,1,0,0,1,-0.5384356220656811,1,2.169428598102251,0,1,0,0,1,1,0,0,1,0,0,1,0
0,-0.6283446565089229,0,0,0,0,1,0.19950222073883195,0,-0.20795903259800647,1,0,0,0,0,0,1,0,1,0,0,0,1
1,-0.9135523854430948,0,0,0,1,0,-0.15284647897863812,0,-0.028266588557576317,0,2,1,0,0,1,0,0,1,0,0,0,0
1,-0.7098325790615434,0,0,1,0,0,-0.3190486958265014,0,-0.2643782153232989,1,2,0,1,1,1,0,0,0,1,0,1,0
0,0.3087664528462136,0,1,0,1,1,-0.29910442980475804,1,-0.5082286610972925,2,4,1,0,0,1,0,0,1,0,0,0,1
1,-0.791320501614164,0,1,1,0,0,-0.35395116136455285,0,-0.21560202533172831,1,2,0,1,1,1,0,0,0,1,0,0,0
0,-0.13941712119319946,1,0,0,0,1,0.5103003662443366,1,-0.35523255440161483,2,1,0,0,1,0,1,0,1,0,0,0,0
0,-1.1987601143772668,1,0,0,0,1,0.35573230457582355,1,1.5361719092373298,0,0,0,0,0,0,1,0,1,0,0,0,1
0,1.0421577558197987,1,0,1,1,1,1.183419344478183,0,-0.46845672022501456,3,3,1,0,1,0,1,0,1,0,0,0,0
0,0.512486259227765,0,1,1,0,1,-0.07473143706014254,0,-0.5083679193279561,2,3,0,1,1,1,0,0,0,1,0,1,0
1,1.6125732136881425,1,1,1,0,1,0.18786806555948168,0,-0.5544426389331638,3,4,0,1,1,1,0,0,0,0,1,0,0
1,1.4495973685829016,1,1,0,0,1,0.6881367382715502,0,-0.5224515683890674,3,2,0,1,1,0,1,0,0,1,0,0,0
0,-1.2802480369298874,0,0,0,0,1,-1.4824642137615447,1,0.5118719194143465,0,0,0,0,1,0,0,1,1,0,0,0,0
1,0.22727853029359305,0,1,0,0,0,-0.3423170061852024,0,-0.5039726756500716,2,2,0,0,0,1,0,0,1,0,0,0,1
0,-1.2395040756535771,0,0,0,0,0,-1.4641819699082799,0,0.140283509051213,0,0,0,0,0,0,0,1,1,0,0,0,0
0,-0.8728084241667845,0,0,0,0,0,-1.477478147256109,0,-0.4691409388349209,0,0,0,0,0,0,0,1,1,0,0,0,0
0,-0.506112772679992,0,0,0,1,1,0.8709591768041999,0,-0.16126729517017815,1,2,1,1,1,0,1,0,0,1,0,0,0
0,1.6125732136881425,1,0,0,1,1,1.3296772953043026,0,-0.49951588617131787,3,4,1,1,1,0,1,0,0,0,1,0,0
0,-1.1987601143772668,1,0,0,0,1,0.33080197204864403,1,1.5142851573180354,0,0,0,0,1,0,1,0,1,0,0,1,0
0,-0.38388088885106114,1,0,1,1,1,1.304746962777123,1,-0.16102410903774156,1,4,1,0,0,0,1,0,1,0,0,0,0
0,0.3087664528462136,0,0,1,0,1,-0.4553345136417494,0,-0.5216098297503896,2,1,0,0,0,1,0,0,1,0,0,0,1
0,1.2051336009250397,1,0,0,0,1,0.8310706447607126,0,-0.5007088148835965,3,2,1,0,1,0,1,0,1,0,0,0,0
1,-0.42462485012737144,0,0,0,0,1,-1.4708300585821945,0,-0.562799319753332,1,0,0,0,0,0,0,1,1,0,0,0,1
0,-0.8728084241667845,0,1,0,0,0,-0.024870772005783543,0,-0.04405157933573423,0,3,1,0,1,1,0,0,1,0,0,0,0
0,-1.0357842692720256,1,0,0,0,1,0.33412601638560113,0,0.42505447013447817,0,0,0,0,0,0,1,0,1,0,0,0,1
0,-0.791320501614164,1,1,0,1,1,1.0587676818422855,1,0.13875491050446867,1,3,1,0,0,0,1,0,1,0,0,0,1
0,-1.2802480369298874,0,0,0,0,0,-1.4874502802669807,1,0.5031172186466287,0,0,0,0,0,0,0,1,1,0,0,0,0
0,0.2680224915699033,1,0,0,1,1,1.2848026967553796,1,-0.3652031858315157,2,4,1,0,0,0,1,0,1,0,0,0,1
0,-1.1987601143772668,0,0,0,0,0,-1.322910085587596,0,0.06246394667149913,0,0,0,0,0,1,0,0,1,0,0,0,0
0,1.0421577558197987,0,0,0,0,0,-1.4791401694245876,0,-0.6269316425965843,3,0,0,1,1,0,0,1,0,0,1,1,0
1,-1.076528230548336,1,0,0,0,0,-1.2780354870386728,0,-0.22769185020143382,0,0,0,0,0,0,0,1,1,0,0,0,0
1,-1.2802480369298874,0,0,0,0,1,-1.4924363467724167,1,0.49436251787891083,0,0,0,0,0,0,0,1,1,0,0,0,1
0,-0.42462485012737144,0,0,0,0,1,-0.33566891751128775,0,-0.38948162049677365,1,2,0,0,0,1,0,0,1,0,0,0,0
0,-0.7505765403378537,0,0,0,1,0,-0.6132266196472196,1,-0.3064007790083444,1,2,1,0,0,1,0,0,1,0,0,0,1
1,1.2866215234776603,1,0,0,0,0,0.8460288442770204,0,-0.5050202466821064,3,2,1,1,1,0,1,0,0,1,0,1,0
0,-1.2802480369298874,0,0,0,0,0,-1.4907743246039378,1,0.49728075146815015,0,0,0,0,0,0,0,1,1,0,0,0,1
0,-1.076528230548336,0,0,0,0,0,-1.4675060142452372,0,-0.32274288710808435,0,0,0,0,0,0,0,1,1,0,0,0,0
0,-1.2802480369298874,0,0,0,0,0,0.4920181223910713,1,3.9787334234305978,0,1,1,0,0,0,1,0,1,0,0,0,1
1,0.2680224915699033,1,0,0,0,0,-1.3079518860712882,0,-0.5928254057921786,2,0,0,1,1,0,0,1,0,1,0,0,0
0,-0.506112772679992,0,0,0,0,0,-1.5057325241202457,0,-0.5587029173237166,1,0,0,1,0,0,0,1,0,1,0,0,0
0,-1.2802480369298874,0,0,1,0,1,0.3690284819236528,1,3.7627841378268925,0,1,0,0,0,0,1,0,1,0,0,0,1
0,-1.2802480369298874,0,0,0,0,0,0.3790006149345245,1,3.7802935393623276,0,1,0,0,0,0,1,0,1,0,0,0,1
0,1.2866215234776603,1,1,0,1,1,0.044934159070319335,0,-0.5482998956055933,3,2,1,1,1,1,0,0,0,1,0,1,0
1,-1.2802480369298874,0,0,0,0,0,-1.5140426349626388,1,0.4564254812188004,0,0,0,0,0,0,0,1,1,0,0,0,0
0,0.5532302205040753,0,0,0,1,1,0.14299346701055832,0,-0.4954774795605023,2,3,1,0,1,1,0,0,1,0,0,1,0
1,-0.18016108246950976,0,0,0,0,1,-0.8542198340766214,0,-0.5097110943083105,2,2,1,1,0,1,0,0,0,1,0,0,1
0,0.02355872391204165,0,0,0,0,0,-1.4874502802669807,0,-0.5982584700921447,2,0,0,0,0,0,0,1,1,0,0,0,0
1,0.2680224915699033,0,1,0,0,0,-0.16614265632646738,0,-0.49258408200180975,2,3,0,1,0,1,0,0,0,1,0,0,1
0,0.3902543753988342,1,0,1,0,1,0.6482482062280629,1,-0.43825064452402007,2,2,0,0,0,0,1,0,1,0,0,0,1
0,-1.2802480369298874,0,0,0,0,1,-0.5384356220656811,0,2.169428598102251,0,1,0,0,0,1,0,0,1,0,0,0,1
0,-1.0357842692720256,0,0,0,1,1,0.47207385636932786,1,0.4856078171111931,0,1,1,0,0,0,1,0,1,0,0,0,1
0,1.5310852911355222,0,1,0,1,0,1.3479595391575674,0,-0.49389112183473666,3,5,1,1,1,0,1,0,0,0,1,1,0
0,1.3273654847539706,1,0,0,0,1,-1.3195860412506386,0,-0.6227019275535268,3,0,0,1,1,0,0,1,0,0,1,0,0
0,-1.2802480369298874,0,1,0,0,0,-0.5002091121906725,0,2.2365479706547546,0,1,0,0,0,1,0,0,1,0,0,0,1
0,-0.5876006952326126,1,0,0,1,1,0.9956108394400973,0,-0.08498364520585343,1,2,1,0,0,0,1,0,1,0,0,0,1
0,-0.3431369275747509,1,0,0,1,1,0.9374400635433452,0,-0.23286129255951482,1,2,1,0,0,0,1,0,1,0,0,0,1
0,1.24587756220135,1,1,1,0,1,0.23606670844536215,0,-0.5359563287218785,3,4,1,1,1,1,0,0,0,0,1,0,0
1,0.4717422979514547,1,0,0,1,1,0.4238752134834474,0,-0.4659308818867578,2,3,1,1,0,1,0,0,0,1,0,0,0
0,-1.1580161531009565,0,0,0,0,1,-1.494098368940895,0,-0.20367895666712216,0,0,0,0,0,0,0,1,1,0,0,0,1
0,-1.2802480369298874,0,0,0,0,1,0.18121997688556707,1,3.4330237422428547,0,0,0,0,0,0,1,0,1,0,0,0,1
1,0.18653456901728277,1,0,0,1,1,1.0122310611248837,0,-0.3745031355066966,2,2,1,0,0,0,1,0,1,0,0,0,1
0,-0.9135523854430948,0,0,0,0,1,0.6582203392389346,1,0.23066031899674422,0,2,1,0,1,0,1,0,1,0,0,1,0
0,0.06430268518835193,0,0,0,0,1,-1.3212480634191175,0,-0.5835495918835252,2,0,0,0,1,1,0,0,1,0,0,0,0
0,0.10504664646466222,0,1,0,1,0,-0.38719160473412556,0,-0.4947565447849101,2,4,1,1,1,1,0,0,0,1,0,1,0
0,-1.1580161531009565,0,0,0,0,0,-1.4841262359300234,0,-0.196675196052948,0,0,0,0,0,0,0,1,1,0,0,0,1
0,0.2680224915699033,1,0,1,1,1,1.2116737213423197,0,-0.3716232997278421,2,3,1,0,0,0,1,0,1,0,0,0,1
0,0.4309983366751445,0,0,0,1,1,1.1884054109836186,0,-0.40034137118558305,2,4,1,1,1,0,1,0,0,1,0,0,0
1,-0.6283446565089229,1,0,0,0,0,-1.3528264846202114,1,-0.5108068295257261,1,0,0,0,0,0,0,1,1,0,0,0,0
0,1.1643896396487294,1,0,0,0,0,-1.3129379525767242,0,-0.6194613475365416,3,0,0,1,1,0,0,1,0,0,1,0,0
0,0.6754621043330061,1,1,0,0,0,0.2327426641084046,0,-0.49947111327241445,3,4,1,1,0,1,0,0,0,1,0,0,1
0,-1.1580161531009565,0,0,0,0,0,-1.499084435446331,0,-0.2071808369742093,0,0,0,1,0,0,0,1,0,1,0,0,0
1,1.2866215234776603,0,0,1,0,0,-0.4968850678537152,0,-0.5775720233007319,3,4,1,1,0,1,0,0,0,0,1,0,1
0,-1.1987601143772668,0,0,0,0,1,0.15961368869534465,0,1.3639961274722128,0,0,0,0,0,0,1,0,1,0,0,0,0
1,-1.2802480369298874,0,0,0,0,0,-1.4974224132778524,0,0.4856078171111931,0,0,0,0,0,0,0,1,1,0,0,0,1
0,0.3087664528462136,0,0,0,0,0,0.5319066544345585,0,-0.43705223209145666,2,2,0,1,0,0,1,0,0,1,0,0,1
1,-1.2802480369298874,0,1,1,0,1,-0.15949456765255274,1,2.8347858564488044,0,3,0,0,0,1,0,0,1,0,0,0,1
0,-0.9950403079957154,1,0,0,0,1,0.7230392038096014,1,0.45545273668905406,0,1,1,0,0,0,1,0,1,0,0,0,1
0,-1.2802480369298874,0,0,0,0,1,-1.4608579255713225,1,0.5498089560744571,0,0,0,0,0,0,0,1,1,0,0,0,0
0,0.06430268518835193,0,0,1,1,0,-0.019884705500347457,0,-0.45297948329070536,2,3,1,1,1,1,0,0,0,1,0,0,0
0,-1.2802480369298874,0,0,0,0,0,-0.9905056518918693,0,1.37566906182917,0,1,1,0,0,1,0,0,1,0,0,0,1
0,0.2680224915699033,0,0,0,1,1,-0.4669686688210999,1,-0.5189940959844251,2,3,1,0,0,1,0,0,1,0,0,0,1
0,1.0421577558197987,0,1,1,1,1,1.3529456056630036,1,-0.4583665566283229,3,5,1,1,1,0,1,0,0,1,0,1,0
1,0.512486259227765,0,0,0,0,0,-1.5157046571311175,0,-0.6183726376701494,2,0,0,1,0,0,0,1,0,0,1,0,1
0,-1.076528230548336,0,1,0,1,1,0.6765025830921999,1,0.7528346357829604,0,2,1,0,1,0,1,0,1,0,0,0,0
0,0.4309983366751445,0,1,1,0,1,0.8593250216248496,0,-0.42660547348873645,2,4,0,1,1,0,1,0,0,1,0,1,0
1,0.3495104141225239,0,0,0,0,1,-1.4891123024354593,0,-0.6115090489385224,2,0,0,1,0,0,0,1,0,0,1,0,0
0,-1.1172721918246462,0,0,0,0,1,0.327477927711687,0,0.7852131322730915,0,1,0,0,0,0,1,0,1,0,0,0,1
0,1.6125732136881425,0,1,1,1,1,-0.11960603560906545,0,-0.5692336858923217,3,5,1,1,1,1,0,0,0,0,1,1,0
0,-1.1580161531009565,0,0,0,0,0,-1.4907743246039378,0,-0.20134436979573078,0,0,0,1,0,0,0,1,0,1,0,0,0
1,-0.9542963467194051,0,0,1,0,0,-0.3323448731743307,0,-0.027417647877070392,0,2,0,0,0,1,0,0,1,0,0,0,0
0,1.6125732136881425,1,0,0,1,1,0.2875893956681997,0,-0.5496455426220855,3,3,1,1,1,1,0,0,0,0,1,1,0
0,0.02355872391204165,0,0,1,0,1,-0.4437003584623989,0,-0.4904554880896587,2,1,0,1,0,1,0,0,0,1,0,0,0
0,1.6125732136881425,1,1,0,0,0,0.5202724992552084,0,-0.5384523178962363,3,1,0,1,1,0,1,0,0,0,1,0,0
0,-0.42462485012737144,0,1,1,0,1,-0.3522891391960741,1,-0.3920192149221991,1,2,0,0,0,1,0,0,1,0,0,0,1
0,1.5310852911355222,1,0,1,1,1,1.4859073791412942,1,-0.4870682094993322,3,5,1,1,0,0,1,0,0,1,0,0,1
1,-0.46536881140368175,1,0,0,1,0,1.3163811179564737,1,-0.11316065660817315,1,4,1,0,0,0,1,0,1,0,0,0,1
0,-0.7098325790615434,0,0,0,1,0,0.6814886495976356,0,-0.044781137733044006,1,2,1,0,0,0,1,0,1,0,0,0,1
0,-0.13941712119319946,1,0,1,0,1,0.4820459893801996,0,-0.3585398858027527,2,1,0,0,0,0,1,0,1,0,0,0,1
1,-0.7098325790615434,0,0,1,1,0,0.3889727479453962,0,-0.1089822766963079,1,5,1,0,1,1,0,0,1,0,0,0,0
1,1.5718292524118322,1,1,0,1,1,1.3396494283151743,1,-0.496702033844403,3,4,1,0,1,0,1,0,1,0,0,1,0
0,1.6125732136881425,1,0,0,0,0,-1.3096139082397669,0,-0.6264790352045222,3,0,0,1,1,0,0,1,0,0,1,0,0
0,-0.5468567339563023,1,0,0,1,1,0.7330113368204731,0,-0.16019727618745713,1,1,1,0,0,0,1,0,1,0,0,0,1
0,-1.2802480369298874,0,0,0,0,0,-1.5007464576148097,0,0.4797713499327145,0,0,0,0,0,0,0,1,1,0,0,0,0
0,-1.2802480369298874,0,0,0,0,1,0.3623803932497382,1,3.751111203469935,0,1,0,0,0,0,1,0,1,0,0,0,1
0,-1.2395040756535771,0,0,0,0,0,-0.6398189743428778,0,1.1052460825596644,0,0,0,0,0,1,0,0,1,0,0,0,1
1,-0.8728084241667845,1,0,0,0,1,0.4421574573367123,0,0.09261902709363819,0,1,0,0,1,0,1,0,1,0,0,1,0
0,-0.8320644628904743,0,0,0,0,0,-1.5123806127941604,0,-0.4937962713388784,0,0,0,1,0,0,0,1,0,1,0,0,0
0,1.5310852911355222,1,0,1,1,1,1.5191478225108668,0,-0.4854241342377889,3,5,1,1,0,0,1,0,0,0,1,0,1
0,-0.506112772679992,1,0,0,1,0,0.8643110881302852,1,-0.16237900320417406,1,2,1,0,0,0,1,0,1,0,0,0,1
0,-0.38388088885106114,0,0,0,0,1,-1.4791401694245876,0,-0.5683608808690561,1,0,0,0,1,0,0,1,1,0,0,0,0
0,0.6754621043330061,1,1,1,0,0,0.5501888982878235,0,-0.4771758086506265,3,5,1,1,1,1,0,0,0,0,1,1,0
1,-1.1580161531009565,1,0,0,1,1,1.10198025822273,1,1.619633389889573,0,3,1,0,0,0,1,0,1,0,0,0,1
0,-0.01718523736426863,1,1,1,1,1,1.4410327805923713,1,-0.28454055648531573,2,5,1,0,1,0,1,0,1,0,0,1,0
1,-1.2395040756535771,0,0,0,0,1,-0.3157246514895444,0,1.4846164491607694,0,1,1,0,0,1,0,0,1,0,0,0,1
0,1.4903413298592119,0,1,0,1,0,-0.2741740972775785,0,-0.5727938166546147,3,4,1,1,1,1,0,0,0,0,1,1,0
0,-1.076528230548336,0,0,0,1,1,0.5219345214236869,1,0.6752930004117456,0,1,1,0,1,0,1,0,1,0,0,1,0
1,-0.3431369275747509,0,0,0,0,1,-1.499084435446331,0,-0.5751117279054963,1,0,0,1,0,0,0,1,0,0,1,0,0
0,-0.01718523736426863,1,0,0,1,1,1.304746962777123,0,-0.29904329311062605,2,4,1,1,1,0,1,0,0,1,0,1,0
0,-0.22090504374582004,0,1,0,0,0,-0.39716373774499725,0,-0.4467678146507532,2,2,0,1,1,1,0,0,0,0,1,0,0
0,-0.22090504374582004,1,1,1,1,1,1.3130570736195162,1,-0.232277645841667,2,4,1,0,1,0,1,0,1,0,0,0,0
0,1.0421577558197987,1,0,1,0,0,0.526920587929123,0,-0.5075313733690657,3,1,0,0,1,0,1,0,1,0,0,0,0
0,-1.2802480369298874,0,0,0,0,1,0.2177844645920968,1,3.4972248812061184,0,0,0,0,0,0,1,0,1,0,0,0,0
1,-0.5876006952326126,1,0,0,0,1,-1.3345442407669466,0,-0.5156534864809539,1,0,0,1,1,0,0,1,0,0,1,1,0
1,0.5939741817803856,0,0,0,0,1,-1.445899726055015,0,-0.6152958044293211,2,0,0,1,1,0,0,1,0,0,1,0,0
1,1.5310852911355222,1,0,1,1,1,1.509175689499995,0,-0.48591735681625187,3,5,1,1,0,0,1,0,0,0,1,0,1
0,-0.791320501614164,1,0,1,0,0,0.8177744674128837,1,0.07830578615594093,1,3,0,0,0,0,1,0,1,0,0,0,1
1,0.1457906077409725,0,1,0,0,0,-0.4569965358102282,0,-0.5060395049835453,2,1,0,0,1,1,0,0,1,0,0,1,0
0,1.4088534073065913,0,0,0,0,1,-1.495760391109374,0,-0.6331056123636489,3,0,0,1,0,0,0,1,0,0,1,0,0
0,-0.9135523854430948,0,0,0,0,1,-1.4924363467724167,0,-0.45592045636245826,0,0,0,0,0,0,0,1,1,0,0,0,0
0,-0.5468567339563023,0,1,0,0,1,0.7479695363367809,0,-0.1575708659571417,1,2,1,0,0,0,1,0,1,0,0,0,1
1,1.5718292524118322,0,0,0,0,0,-1.494098368940895,0,-0.6349128191125405,3,0,0,1,1,0,0,1,0,0,1,0,0
1,1.6125732136881425,1,1,1,1,1,0.8177744674128837,0,-0.5241409805681861,3,6,1,1,0,1,0,0,0,0,1,0,0
1,0.6347181430566958,0,0,0,0,0,-1.4891123024354593,0,-0.6194498206099218,2,0,0,1,0,0,0,1,0,0,1,0,0
0,-1.2802480369298874,0,0,0,0,0,-1.4874502802669807,0,0.5031172186466287,0,0,0,0,0,0,0,1,1,0,0,0,0
1,-0.5876006952326126,0,1,1,1,0,0.6133457406900117,0,-0.15563561631375145,1,5,1,0,0,1,0,0,1,0,0,0,1
0,-1.2802480369298874,0,0,0,0,0,-1.4691680364137156,1,0.5352177881282607,0,0,0,0,0,0,0,1,1,0,0,0,0
0,1.4088534073065913,1,0,1,1,0,1.2665204529021148,0,-0.4904554880896587,3,4,1,1,1,0,1,0,0,0,1,0,0
1,1.4903413298592119,0,1,1,0,0,-0.8542198340766214,0,-0.6018927744444578,3,3,0,1,0,1,0,0,0,0,1,0,0
0,-0.5468567339563023,1,0,0,1,1,1.1684611449618754,1,-0.08373955614938816,1,3,1,0,0,0,1,0,1,0,0,0,1
0,1.6125732136881425,1,1,1,1,1,1.6521095959891574,0,-0.4840052747654982,3,6,1,1,0,0,1,0,0,0,1,0,0
0,0.22727853029359305,0,0,0,0,0,-1.4824642137615447,0,-0.6066346367894635,2,0,0,1,0,0,0,1,0,0,1,0,0
0,0.3087664528462136,0,0,0,0,0,-0.29910442980475804,0,-0.5082286610972925,2,1,1,1,0,1,0,0,0,1,0,0,1
1,1.1643896396487294,1,0,0,0,1,-1.349502440283254,0,-0.6215323520192275,3,0,0,1,0,0,0,1,0,0,1,0,0
0,-0.9135523854430948,1,0,0,0,1,0.5385547431084732,1,0.19245798837397562,0,1,0,0,1,0,1,0,1,0,0,1,0
0,-0.01718523736426863,1,1,1,1,1,0.26598310747797727,0,-0.4095824442181741,2,3,1,1,1,1,0,0,0,1,0,1,0
0,-0.46536881140368175,1,0,0,1,1,1.1651371006249178,0,-0.13730240721006176,1,3,1,0,1,0,1,0,1,0,0,1,0
0,1.082901717096109,1,0,0,1,1,1.1535029454455674,0,-0.4735182892187799,3,3,1,1,0,0,1,0,0,1,0,0,1
0,-0.791320501614164,0,0,0,0,1,0.17789593254861,1,-0.08219706125221884,1,0,0,0,0,0,1,0,1,0,0,0,1
0,0.5939741817803856,0,0,0,0,0,-1.4808021915930663,0,-0.6178492588199054,2,0,0,1,1,0,0,1,0,0,1,1,0
1,1.4903413298592119,1,0,0,0,1,-1.2896696422180234,0,-0.6237378373124774,3,0,0,1,1,0,0,1,0,0,1,0,0
0,-1.2395040756535771,0,0,0,0,1,-1.4924363467724167,0,0.10721019503983453,0,0,0,0,1,0,0,1,1,0,0,1,0
1,-0.42462485012737144,0,0,0,0,0,-1.5206907236365534,0,-0.5704121030296083,1,0,0,0,1,0,0,1,1,0,0,0,0
0,-0.7098325790615434,1,1,0,1,1,1.0537816153368496,0,0.03692940276565553,1,3,1,0,0,0,1,0,1,0,0,0,1
0,0.8384379494382472,0,0,0,0,0,-1.494098368940895,0,-0.624185608603948,3,0,0,1,1,0,0,1,0,0,1,1,0
0,-0.18016108246950976,1,0,0,0,0,-1.2996417752288951,0,-0.5636481013370088,2,0,0,0,0,0,0,1,1,0,0,0,0
0,-0.42462485012737144,0,0,0,0,0,-1.4791401694245876,0,-0.5640681169660448,1,0,0,1,0,0,0,1,0,1,0,0,0
0,-1.2802480369298874,0,0,0,0,1,0.17789593254861,1,3.4271872750643766,0,0,0,0,0,0,1,0,1,0,0,0,0
0,-0.6690886177852331,0,0,1,0,1,0.8892414206574647,0,-0.038472603356306215,1,3,1,0,0,0,1,0,1,0,0,0,1
1,0.6347181430566958,0,1,1,0,0,-0.8442477010657496,0,-0.5732345294823774,2,3,0,1,0,1,0,0,0,0,1,0,0
0,-0.09867315991688919,1,1,1,1,1,1.359593694336918,0,-0.2690850436930397,2,5,1,0,1,0,1,0,1,0,0,0,0
0,-1.1987601143772668,0,0,0,0,1,0.18121997688556707,0,1.3829646458022682,0,0,0,0,0,0,1,0,1,0,0,0,1
0,1.0014137945434884,1,1,1,0,0,0.9623703960705247,0,-0.47841555478233083,3,3,1,1,0,0,1,0,0,0,1,0,1
0,1.4495973685829016,1,1,0,0,1,1.055443637505328,1,-0.5037579561217664,3,3,1,1,1,0,1,0,0,1,0,1,0
0,-0.38388088885106114,0,0,1,1,0,-0.15949456765255274,0,-0.37527109171439116,1,2,1,1,1,1,0,0,0,1,0,0,0
0,1.3273654847539706,0,0,1,1,1,-0.16614265632646738,0,-0.561330590858616,3,2,1,1,1,1,0,0,0,0,1,1,0
0,0.4717422979514547,0,0,0,1,1,0.8593250216248496,0,-0.4319496729809494,2,2,1,1,1,0,1,0,0,1,0,0,0
1,1.5718292524118322,1,1,0,1,1,1.4692871574565078,0,-0.49037919440105115,3,5,1,1,1,0,1,0,0,0,1,0,0
0,0.18653456901728277,1,1,1,0,0,0.10975302364098566,0,-0.45790317966232413,2,3,0,1,1,1,0,0,0,1,0,1,0
0,-0.8320644628904743,0,0,0,0,0,-1.4758161250876303,0,-0.4839191730368378,0,0,0,0,0,0,0,1,1,0,0,0,0
1,1.4903413298592119,1,0,1,1,1,0.5701331643095673,0,-0.5304377405593705,3,5,1,1,1,1,0,0,0,0,1,0,0
0,0.10504664646466222,0,1,0,0,0,-0.14121232379928786,0,-0.4707621797178317,2,3,0,0,0,1,0,0,1,0,0,0,1
0,-1.1172721918246462,0,0,1,0,1,0.02665191521705399,0,0.6091463723889886,0,3,1,0,1,1,0,0,1,0,0,0,0
1,1.0421577558197987,1,0,0,1,0,0.5884154081628322,0,-0.5038712159859521,3,1,1,1,1,0,1,0,0,0,1,0,0
0,1.6125732136881425,1,1,1,0,1,0.5817673194889176,0,-0.5354941085044047,3,5,1,1,1,1,0,0,0,0,1,0,0
0,1.6125732136881425,1,1,1,0,0,0.11141504580946467,0,-0.558120412771657,3,4,0,1,0,1,0,0,0,0,1,0,0
0,-1.2802480369298874,0,0,0,0,0,-1.4791401694245876,0,0.5177083865928251,0,0,0,0,1,0,0,1,1,0,0,1,0
0,0.2680224915699033,0,1,1,1,1,1.0222031941357554,1,-0.3882572311865059,2,4,1,1,0,0,1,0,0,1,0,0,1
1,0.8384379494382472,0,0,0,0,0,-1.4824642137615447,0,-0.6234290295252564,3,0,0,1,1,0,0,1,0,1,0,1,0
0,-0.22090504374582004,0,0,1,0,1,0.8111263787389692,0,-0.29522811326668547,2,3,1,0,0,0,1,0,1,0,0,0,1
0,-1.2802480369298874,0,0,0,0,1,0.16127571086382367,1,3.398004939171984,0,0,0,0,0,0,1,0,1,0,0,0,1
0,-1.2802480369298874,0,0,0,1,1,0.8144504230759262,1,4.544870739743016,0,2,1,0,0,0,1,0,1,0,0,0,1
0,-0.5876006952326126,0,1,0,0,0,0.3324639942171226,0,-0.2075494559539027,1,1,0,0,0,0,1,0,1,0,0,0,1
1,0.5532302205040753,0,0,0,0,1,-1.4824642137615447,0,-0.6169256689339493,2,0,0,1,0,0,0,1,0,0,1,0,0
0,1.6125732136881425,1,1,1,1,1,0.6515722505650204,0,-0.5321361410866499,3,5,1,1,1,1,0,0,0,0,1,1,0
0,0.1457906077409725,0,0,1,0,1,0.7562796471791741,1,-0.3908875849757256,2,3,1,0,0,0,1,0,1,0,0,0,1
0,-1.1580161531009565,0,0,0,0,1,-1.3179240190821602,0,-0.07994585248337725,0,0,0,0,0,1,0,0,1,0,0,0,1
0,-0.3023929662984406,0,0,0,0,0,-1.495760391109374,0,-0.5782005659199526,2,0,0,1,1,0,0,1,0,0,1,1,0
1,0.3087664528462136,0,0,0,1,1,-0.46364462448414256,0,-0.522321594040448,2,3,1,0,0,1,0,0,1,0,0,0,1
0,1.24587756220135,1,0,0,1,1,1.2499002312173284,0,-0.4803275009270049,3,4,1,0,0,0,1,0,1,0,0,0,1
0,-0.7098325790615434,0,1,1,0,1,1.047133526662935,1,0.03547028597103588,1,4,1,0,0,0,1,0,1,0,0,0,0
0,-0.7505765403378537,1,0,0,0,1,-0.30907656281562973,0,-0.23519587943090625,1,1,0,0,1,1,0,0,1,0,0,1,0
0,1.6125732136881425,1,0,1,1,1,1.4942174899836873,0,-0.49160067725803874,3,5,1,1,1,0,1,0,0,0,1,0,0
0,0.2680224915699033,1,1,0,1,1,1.382862004695619,0,-0.3565943967432598,2,4,1,0,0,0,1,0,1,0,0,0,1
1,0.5939741817803856,0,1,0,1,1,-0.15949456765255274,0,-0.5211827711763546,2,5,1,1,1,1,0,0,0,0,1,1,0
0,-0.5468567339563023,1,1,1,0,1,0.7978302013911399,0,-0.14881616518942398,1,3,0,0,1,0,1,0,1,0,0,1,0
0,-1.1172721918246462,1,0,0,1,1,0.6781646052606785,1,0.9904622280495867,0,1,1,0,0,0,1,0,1,0,0,0,1
0,-0.791320501614164,0,0,0,0,1,-0.987181607554912,1,-0.37443731068889424,1,1,1,0,0,1,0,0,1,0,0,0,1
0,-0.6283446565089229,1,0,0,0,0,0.5069763219073791,0,-0.14797311993031037,1,1,0,0,1,0,1,0,1,0,0,0,0
0,0.06430268518835193,1,0,0,0,1,0.3573943267443021,0,-0.41512582473314463,2,0,0,0,0,0,1,0,1,0,0,0,1
0,0.3902543753988342,0,0,0,0,1,-0.5068572008645872,0,-0.532584241943615,2,1,0,0,0,1,0,0,1,0,0,0,1
0,-1.1172721918246462,1,0,0,0,1,0.5485268761193449,1,0.9145881547293655,0,1,0,0,0,0,1,0,1,0,0,0,1
1,1.5718292524118322,1,0,0,0,0,-1.359474573294126,0,-0.6283467935367522,3,0,0,1,1,0,0,1,0,0,1,1,0
0,-0.5468567339563023,0,1,0,1,0,0.0532442699127125,0,-0.2795530299873431,1,3,1,0,1,1,0,0,1,0,0,0,0
1,-1.2395040756535771,0,0,0,0,1,-1.5024084797832884,1,0.0955372606828776,0,0,0,0,0,0,0,1,1,0,0,0,1
0,1.0014137945434884,0,0,0,0,0,-1.5290008344789465,0,-0.6292580427226641,3,0,0,1,1,0,0,1,0,0,1,1,0
0,1.6125732136881425,1,0,1,1,1,1.4493428914347644,0,-0.49375937059802394,3,5,1,1,0,0,1,0,0,0,1,0,1
0,-1.076528230548336,0,0,0,0,1,0.703094937787858,0,0.7661751321909114,0,2,1,0,0,0,1,0,1,0,0,0,0
1,-0.6283446565089229,1,0,0,0,1,0.6864747161030716,1,-0.11295431685943907,1,1,1,0,0,0,1,0,1,0,0,0,1
0,1.1643896396487294,1,0,0,1,0,0.5352306987715161,0,-0.5147814845935071,3,4,1,1,1,1,0,0,0,0,1,0,0
1,-1.2802480369298874,0,0,0,0,1,0.20615030941274656,1,3.4767972460814436,0,0,0,0,0,0,1,0,1,0,0,0,1
1,0.6347181430566958,1,1,1,1,0,1.5623603988913113,0,-0.40076096877958317,2,6,1,1,1,0,1,0,0,0,1,1,0
0,-0.6690886177852331,0,0,0,0,1,-1.4691680364137156,0,-0.5256459519598969,1,0,0,0,1,0,0,1,1,0,0,1,0
0,-0.9542963467194051,1,0,0,0,1,0.6731785387552424,1,0.32568861642088104,0,1,1,0,0,0,1,0,1,0,0,0,1
0,-1.1987601143772668,0,0,0,0,0,-0.6713973955439717,0,0.6344377301623958,0,0,0,0,0,1,0,0,1,0,0,0,1
1,-1.2802480369298874,0,0,0,0,1,-0.6780454842178864,1,1.9242969766061522,0,0,0,0,0,1,0,0,1,0,0,0,1
0,1.3273654847539706,1,0,0,1,0,1.3396494283151743,0,-0.4812118141358653,3,4,1,1,1,0,1,0,0,0,1,1,0
1,1.5310852911355222,1,1,1,1,1,1.67371588417938,0,-0.47777918427161276,3,6,1,1,1,0,1,0,0,0,1,1,0
0,1.1236456783724194,0,1,0,1,1,-0.16614265632646738,0,-0.5526614220242142,3,2,1,1,0,1,0,0,0,1,0,0,0
0,1.4903413298592119,1,0,0,0,1,-1.2796975092071516,0,-0.6232375686971794,3,0,0,1,0,0,0,1,0,1,0,0,1
0,0.10504664646466222,0,0,0,0,0,0.19119210989643878,0,-0.4383373620596176,2,0,0,0,0,0,1,0,1,0,0,0,1
0,-0.42462485012737144,0,0,0,0,1,-1.4874502802669807,0,-0.5653369141787574,1,0,0,0,0,0,0,1,1,0,0,0,0
1,1.368109446030281,1,0,0,1,0,0.5003282332334644,0,-0.5279774643095088,3,4,1,1,1,1,0,0,0,0,1,0,0
0,-1.2802480369298874,0,0,0,0,1,0.18288199905404562,1,3.435941975832094,0,0,0,0,0,0,1,0,1,0,0,0,1
0,-1.2802480369298874,0,0,0,1,1,0.48370801154867815,1,3.964142255484401,0,1,1,0,1,0,1,0,1,0,0,0,0
1,0.06430268518835193,1,0,0,0,1,0.8393807556031058,0,-0.3667665252543224,2,2,1,0,1,0,1,0,1,0,0,1,0
1,1.6125732136881425,1,0,0,0,0,-1.3411923294408608,0,-0.6279981157030302,3,0,0,1,1,0,0,1,0,0,1,0,0
1,-0.05792919864057891,0,1,1,1,0,-0.1611565898210313,0,-0.4484093210447003,2,5,1,1,0,1,0,0,0,1,0,0,1
1,-0.09867315991688919,1,0,0,0,0,-1.3112759304082455,0,-0.5716399712999756,2,0,0,1,1,0,0,1,0,1,0,0,0
0,-0.9542963467194051,0,0,0,1,1,0.8643110881302852,1,0.39280798897338437,0,2,1,0,1,0,1,0,1,0,0,0,0
1,-0.506112772679992,0,0,0,0,1,0.18786806555948168,1,-0.2754952956632581,1,0,0,0,0,0,1,0,1,0,0,0,1
0,-0.5468567339563023,0,0,0,0,1,-1.0137739622505704,0,-0.46690362641650424,1,2,0,0,1,1,0,0,1,0,0,1,0
0,1.3273654847539706,1,1,0,1,1,1.3379874061466956,0,-0.48130024545675126,3,4,1,0,0,0,1,0,1,0,0,0,1
1,-0.09867315991688919,0,0,0,0,0,-1.5123806127941604,0,-0.5944210206095207,2,0,0,1,0,0,0,1,0,0,1,0,0
0,-1.076528230548336,0,0,0,0,0,-1.5173666792995961,0,-0.3477563178729924,0,0,0,1,0,0,0,1,0,1,0,0,0
0,-1.2395040756535771,0,0,0,1,0,-0.4453623806308777,0,1.3328683025203274,0,3,1,0,0,1,0,0,1,0,0,0,1
1,0.8384379494382472,1,1,1,0,0,0.23440468627688316,0,-0.5117795740554725,3,3,1,0,0,1,0,0,1,0,0,0,1
0,-1.0357842692720256,1,0,0,0,1,0.35240826023886646,0,0.43307961250488636,0,0,0,0,0,0,1,0,1,0,0,0,1
1,1.1643896396487294,0,1,0,0,1,-0.5018711343591511,0,-0.5735227026478718,3,1,0,1,1,1,0,0,0,1,0,0,0
0,1.5310852911355222,0,0,0,1,1,-0.6497911073537496,1,-0.592700045053486,3,2,1,1,0,1,0,0,0,1,0,0,1
0,-0.791320501614164,1,1,0,1,1,0.4637637455269347,0,-0.01049189305948258,1,4,1,0,0,1,0,0,1,0,0,0,1
0,0.10504664646466222,1,0,0,0,1,0.5584990091302167,0,-0.402507938547291,2,1,0,1,1,0,1,0,0,1,0,0,0
0,-1.2395040756535771,0,0,0,0,1,0.18620604339100316,0,2.0721541451276093,0,0,0,0,1,0,1,0,1,0,0,1,0
0,-1.1987601143772668,1,0,0,0,1,0.36570443758669524,1,1.5449266100050476,0,0,0,0,0,0,1,0,1,0,0,0,1
0,-1.1987601143772668,1,0,0,0,0,0.375676570597567,0,1.5536813107727652,0,0,0,0,0,0,1,0,1,0,0,0,1
0,1.2051336009250397,1,0,0,1,1,0.9706805069129179,0,-0.4929268586456252,3,2,1,1,1,0,1,0,0,1,0,0,0
1,1.6125732136881425,1,1,1,0,0,1.301422918440166,0,-0.5008750634594568,3,5,1,1,1,0,1,0,0,0,1,1,0
0,1.24587756220135,0,0,0,0,1,-1.4907743246039378,0,-0.6307077255724909,3,0,0,1,1,0,0,1,0,0,1,0,0
0,-0.506112772679992,0,0,0,0,0,0.21612244242361828,1,-0.2707705365187755,1,0,0,0,1,0,1,0,1,0,0,1,0
0,0.10504664646466222,1,1,1,1,1,1.5291199555217385,0,-0.3078274709853059,2,6,1,1,1,0,1,0,0,1,0,0,0
0,-0.46536881140368175,0,0,0,0,1,0.14299346701055832,1,-0.3004581942448027,1,0,0,0,0,0,1,0,1,0,0,0,1
0,1.2051336009250397,1,1,0,0,0,1.0404854379890203,0,-0.4890358805266395,3,3,1,1,0,0,1,0,0,1,0,0,1
0,-0.7098325790615434,1,0,0,0,1,-0.5317875333917667,0,-0.31106995275112725,1,0,0,0,0,1,0,0,1,0,0,0,0
0,0.9199258719908678,0,1,0,0,1,-0.47361675749501453,0,-0.561725373541143,3,1,0,0,1,1,0,0,1,0,0,1,0
0,-0.8728084241667845,0,0,0,0,1,-0.6697353733754932,0,-0.23276401810654024,0,0,0,0,0,1,0,0,1,0,0,0,0
1,-0.6283446565089229,1,0,0,1,0,0.779547957537875,1,-0.09479641897083925,1,2,1,0,0,0,1,0,1,0,0,0,1
0,1.1643896396487294,0,0,0,0,0,-1.5073945462887242,0,-0.6304753259217349,3,0,0,1,1,0,0,1,0,1,0,0,0
0,1.5718292524118322,1,1,1,1,0,0.8144504230759262,0,-0.522317639794392,3,6,1,1,1,1,0,0,0,0,1,1,0
0,-1.2395040756535771,0,0,0,0,0,0.1729098660431739,1,2.056590232651666,0,0,0,0,1,0,1,0,1,0,0,0,0
0,0.10504664646466222,0,0,0,0,0,-1.5140426349626388,0,-0.6046766766462559,2,0,0,1,0,0,0,1,0,0,1,0,0
0,-0.6283446565089229,0,0,0,0,0,0.18953008772796023,0,-0.2099045216574993,1,0,0,0,1,0,1,0,1,0,0,0,0
0,-0.46536881140368175,1,0,0,1,1,1.0820359922009861,1,-0.1505671053429675,1,2,1,0,0,0,1,0,1,0,0,0,1
0,0.5939741817803856,0,0,0,0,0,-1.5007464576148097,0,-0.619308375614525,2,0,0,1,1,0,0,1,0,0,1,0,0
0,-1.1987601143772668,0,0,0,0,0,-1.4608579255713225,0,-0.058642747281930474,0,0,0,0,0,0,0,1,1,0,0,0,0
0,-1.1987601143772668,0,0,0,0,1,-1.5007464576148097,0,-0.09366155035280178,0,0,0,0,0,0,0,1,1,0,0,0,0
0,0.4717422979514547,0,0,0,0,1,-1.5107185906256815,0,-0.6169008329034027,2,0,0,1,1,0,0,1,0,0,1,1,0
0,-1.2802480369298874,0,0,0,0,1,-0.6913416615657154,0,1.9009511078922385,0,0,0,0,0,1,0,0,1,0,0,0,0
1,0.4717422979514547,1,0,0,0,0,0.9839766842607471,0,-0.42222222768348516,2,3,1,1,0,0,1,0,0,1,0,0,1
1,-1.1172721918246462,1,0,0,0,1,-1.2929936865549807,1,-0.163212784229671,0,0,0,0,1,0,0,1,1,0,0,0,0
0,-0.3431369275747509,1,1,0,0,1,-0.30409049631019386,1,-0.40725493185245354,1,1,0,0,1,1,0,0,1,0,0,0,0
1,-1.2802480369298874,0,0,0,0,1,0.16127571086382367,1,3.398004939171984,0,0,0,0,0,0,1,0,1,0,0,0,1
0,-0.5876006952326126,0,1,0,0,1,0.35240826023886646,0,-0.20386326615696881,1,1,0,0,0,0,1,0,1,0,0,0,1
0,-0.9135523854430948,1,0,0,1,1,1.1900674331520973,1,0.40044845509793797,0,3,1,0,0,0,1,0,1,0,0,0,1
0,1.3273654847539706,0,1,0,0,0,0.20615030941274656,0,-0.5415219749801434,3,4,1,1,1,1,0,0,0,0,1,0,0
0,-1.2802480369298874,0,0,0,0,1,0.7047569599563366,1,4.3522673228532245,0,2,1,0,0,0,1,0,1,0,0,0,1
0,0.8384379494382472,1,1,0,1,1,1.4011442485488839,1,-0.4359055007352515,3,4,1,1,1,0,1,0,0,1,0,1,0
0,-1.1987601143772668,0,0,0,0,0,-1.449223770391972,0,-0.048428929719593096,0,0,0,1,0,0,0,1,0,1,0,0,0
0,0.02355872391204165,0,1,1,0,1,-0.12459210211450154,0,-0.45749661461119173,2,3,0,1,0,1,0,0,0,0,1,0,0
0,-1.1987601143772668,0,0,0,0,1,-1.1700040460875616,1,0.19670269177650554,0,1,0,0,0,1,0,0,1,0,0,0,1
0,0.06430268518835193,0,1,1,1,1,0.503652277570422,0,-0.40045127868439856,2,5,1,1,1,1,0,0,0,1,0,0,0
1,-0.7505765403378537,0,0,0,0,1,-1.499084435446331,0,-0.5137899127502817,1,0,0,1,0,0,0,1,0,0,1,0,0
0,-0.791320501614164,0,0,0,0,1,-1.4791401694245876,0,-0.49783690246244044,1,0,0,0,0,0,0,1,1,0,0,0,0
0,0.5532302205040753,0,0,1,1,1,-0.16281861198951006,1,-0.5183266276634821,2,5,1,1,1,1,0,0,0,1,0,0,0
1,-0.38388088885106114,1,0,0,0,0,-1.344516373777818,0,-0.548662804141691,1,0,0,1,0,0,0,1,0,1,0,0,0
1,0.5939741817803856,0,0,0,0,0,-1.4974224132778524,0,-0.6190651894820884,2,0,0,1,0,0,0,1,0,0,1,0,0
1,-0.6283446565089229,0,1,0,0,1,-0.48192686833740767,0,-0.34090078499668425,1,1,0,0,0,1,0,0,1,0,0,0,0
1,0.6754621043330061,1,0,0,1,1,1.0238652163042339,1,-0.4439079457332988,3,2,1,0,0,0,1,0,1,0,0,0,1
0,1.082901717096109,0,0,0,1,1,-0.4835888905058862,0,-0.5693336253988025,3,3,1,0,0,1,0,0,1,0,0,0,1
0,1.4903413298592119,1,1,1,1,1,0.6831506717661141,0,-0.5247680295859914,3,5,1,1,1,1,0,0,0,0,1,1,0
0,-0.8728084241667845,0,0,0,1,1,-0.7711187256526897,1,-0.2624327262638061,0,2,1,1,0,1,0,0,0,1,0,0,1
0,-0.9135523854430948,0,1,0,0,1,-0.43705226978848455,0,-0.11899712378665177,0,1,0,0,0,1,0,0,1,0,0,0,0
1,-0.8320644628904743,1,0,0,0,1,-1.3561505289571687,0,-0.45159412404834126,0,0,0,1,1,0,0,1,0,0,1,0,0
0,0.512486259227765,1,0,0,1,1,1.1983775439944904,1,-0.4111780528341613,2,3,1,0,1,0,1,0,1,0,0,1,0
1,0.2680224915699033,0,0,0,1,1,-0.16448063415798858,0,-0.4924381703223478,2,2,1,0,0,1,0,0,1,0,0,0,0
0,1.5718292524118322,1,0,0,0,0,-1.3079518860712882,0,-0.6258338701682407,3,0,0,1,1,0,0,1,0,0,1,1,0
1,1.5718292524118322,1,0,0,0,0,-1.359474573294126,0,-0.6283467935367522,3,0,0,1,1,0,0,1,0,0,1,1,0
1,0.02355872391204165,1,0,0,0,0,-1.3511644624517327,0,-0.5841822845440494,2,0,0,1,1,0,0,1,0,1,0,1,0
0,1.4088534073065913,1,0,0,0,1,0.3623803932497382,0,-0.5371472255174871,3,0,0,0,0,0,1,0,1,0,0,0,0
1,0.18653456901728277,0,1,0,0,0,-0.8176553463700914,1,-0.5436070924410352,2,3,0,0,1,1,0,0,1,0,0,0,0
1,0.6754621043330061,1,0,0,1,0,0.6548962949019775,1,-0.46982186000574355,3,1,1,0,0,0,1,0,1,0,0,0,1
0,-0.9542963467194051,0,0,0,0,0,-0.46364462448414256,0,-0.07352573858705079,0,1,0,0,0,1,0,0,1,0,0,0,0
0,0.797693988161937,1,1,1,0,1,0.8909034428259432,0,-0.46535090590298445,3,3,0,1,1,0,1,0,0,0,1,1,0
0,1.5310852911355222,1,0,0,1,0,1.1335586794238242,0,-0.5044954072716906,3,3,1,1,0,0,1,0,0,1,0,0,1
0,-1.2802480369298874,0,0,0,0,1,0.6715165165867639,0,4.293902651068439,0,2,1,0,0,0,1,0,1,0,0,0,1
0,-0.7505765403378537,1,0,0,0,1,0.47041183420084937,1,-0.0527090056504773,1,1,0,0,0,0,1,0,1,0,0,0,1
0,-1.2802480369298874,0,0,0,0,1,-0.6813695285548437,0,1.918460509427674,0,0,0,0,0,1,0,0,1,0,0,0,0
0,-1.2802480369298874,0,0,0,0,0,-1.4824642137615447,1,0.5118719194143465,0,0,0,0,0,0,0,1,1,0,0,0,0
0,0.797693988161937,1,0,0,0,1,0.5119623884128152,0,-0.4904587269726657,3,1,0,1,0,0,1,0,0,1,0,0,0
0,-1.076528230548336,0,0,0,1,0,-0.1295781686199374,0,0.3484508384169474,0,2,1,0,0,1,0,0,1,0,0,0,0
0,-1.0357842692720256,0,1,0,0,0,-1.0170980065875275,0,-0.16807650687840306,0,2,0,0,0,1,0,0,1,0,0,0,0
0,0.5939741817803856,1,0,0,0,1,0.6781646052606785,1,-0.45989986580232994,2,2,0,0,1,0,1,0,1,0,0,0,0
0,-0.26164900502213034,0,1,1,0,1,0.7429834698313453,0,-0.2903180694498702,2,3,0,1,1,0,1,0,0,1,0,1,0
1,-0.3023929662984406,0,1,1,0,0,-0.34896509485911703,0,-0.42330970618340685,2,2,0,0,0,1,0,0,1,0,0,0,1
0,1.4903413298592119,0,0,0,0,1,-1.5190287014680746,0,-0.6352440154643352,3,0,0,1,0,0,0,1,0,0,1,0,0
0,1.6125732136881425,1,1,1,1,1,1.5939388200924054,0,-0.4868035809469604,3,6,1,1,1,0,1,0,0,0,1,1,0
0,-1.1580161531009565,0,0,0,0,1,-1.4907743246039378,0,-0.20134436979573078,0,0,0,0,0,0,0,1,1,0,0,0,0
1,1.082901717096109,0,0,0,0,0,-1.5057325241202457,0,-0.6291574139782076,3,0,0,1,0,0,0,1,0,0,1,0,0
0,1.4088534073065913,0,1,0,0,0,0.024989893048575452,0,-0.5545707966532392,3,3,1,1,1,1,0,0,0,0,1,0,0
0,-0.26164900502213034,0,0,0,0,1,0.4654257676954133,0,-0.32641769977601526,2,1,1,0,0,0,1,0,1,0,0,0,1
0,-0.22090504374582004,0,0,1,1,0,0.44548150167366984,0,-0.34108606966901683,2,5,1,1,0,1,0,0,0,1,0,0,0
1,1.6125732136881425,1,1,0,1,0,1.3446354948206103,0,-0.4987963217246561,3,4,1,1,1,0,1,0,0,0,1,0,0
0,-1.076528230548336,0,0,1,0,1,0.8127884009074476,0,0.821204679873709,0,3,1,0,0,0,1,0,1,0,0,0,1
1,1.2051336009250397,0,0,0,0,0,-1.4675060142452372,0,-0.6288331658016254,3,0,0,1,1,0,0,1,0,0,1,1,0
0,-0.506112772679992,1,0,1,1,1,0.12969728966272953,0,-0.2852227409607223,1,3,1,1,0,1,0,0,0,1,0,0,1
0,-1.076528230548336,0,1,1,1,0,0.4604397011899776,0,0.644443102468359,0,5,1,0,1,1,0,0,1,0,0,1,0
0,0.7569500268856267,1,0,0,0,0,-1.3312201964299892,0,-0.6115357726893397,3,0,0,1,0,0,0,1,0,0,1,0,0
1,1.1643896396487294,0,0,0,0,0,-1.4974224132778524,0,-0.6299105065173661,3,0,0,1,1,0,0,1,0,0,1,1,0
0,1.2051336009250397,1,1,0,0,1,0.8078023344020117,0,-0.5020058075899251,3,3,0,0,0,0,1,0,1,0,0,0,1
0,1.6125732136881425,1,1,1,0,1,0.6615443835758922,0,-0.5316564314555421,3,2,0,1,1,0,1,0,0,0,1,0,0
0,-0.791320501614164,0,0,0,1,1,1.1036422803912085,1,0.1500109543486772,1,4,1,0,0,0,1,0,1,0,0,0,1
0,-1.1172721918246462,0,0,0,1,1,0.9856387064292257,1,1.1704199660526748,0,3,1,0,0,0,1,0,1,0,0,0,1
0,-1.1987601143772668,1,0,0,1,1,1.3363253839782172,1,2.3970508180629144,0,4,1,0,0,0,1,0,1,0,0,0,1
0,-0.26164900502213034,1,0,0,0,1,0.9656944404074818,1,-0.26135189900853234,2,3,1,0,0,0,1,0,1,0,0,0,1
0,-0.791320501614164,0,0,0,1,1,-0.16281861198951006,0,-0.16765961636565463,1,2,1,0,0,1,0,0,1,0,0,0,1
1,0.22727853029359305,0,0,0,0,1,-1.4907743246039378,0,-0.6073829018123453,2,0,0,1,0,0,0,1,0,0,1,0,0
0,-0.9950403079957154,1,0,0,0,1,0.6382760732171912,1,0.4223794226776757,0,1,1,0,0,0,1,0,1,0,0,0,1
1,0.06430268518835193,1,0,1,1,1,1.4659631131195507,0,-0.3038994359318536,2,5,1,0,0,0,1,0,1,0,0,0,1
0,-0.5876006952326126,0,1,0,0,0,-1.037042272609271,0,-0.4606678220100245,1,2,0,0,0,1,0,0,1,0,0,0,0
1,0.9606698332671781,0,0,1,0,1,0.6997708934509005,0,-0.4912836761567804,3,3,0,1,0,0,1,0,0,1,0,0,0
0,0.1457906077409725,0,0,1,0,1,-0.9954917183973052,0,-0.5571480283842764,2,2,0,0,1,1,0,0,1,0,0,0,0
0,-0.9542963467194051,0,0,0,1,1,-0.5334495555602452,1,-0.09803890073666065,0,3,1,0,0,1,0,0,1,0,0,0,1
0,-1.2802480369298874,0,0,0,1,1,0.6665304500813278,1,4.285147950300721,0,2,1,0,0,0,1,0,1,0,0,0,1
0,-0.8320644628904743,0,1,1,0,0,-0.2708500529406212,1,-0.1584238880832271,0,2,0,0,0,1,0,0,1,0,0,0,0
1,1.0014137945434884,0,0,1,1,1,1.0138930832933621,0,-0.47529606370417854,3,4,1,0,1,0,1,0,1,0,0,1,0
0,0.3902543753988342,0,1,1,0,0,0.30254759518450747,1,-0.46648285785247434,2,5,1,1,1,1,0,0,0,1,0,1,0
1,0.02355872391204165,1,0,0,0,1,-1.3395303072723823,1,-0.5829806589484803,2,0,0,1,0,0,0,1,0,0,1,0,0
0,1.5310852911355222,0,1,1,0,0,0.6582203392389346,0,-0.5280056835117591,3,3,0,1,1,0,1,0,0,0,1,0,0
0,1.4495973685829016,0,0,1,0,0,-0.6597632403646212,0,-0.591051204356402,3,3,1,0,0,1,0,0,1,0,0,0,1
1,-1.2802480369298874,0,0,0,0,1,-1.3328822185984677,0,0.7745129424458806,0,0,0,0,0,1,0,0,1,0,0,0,1
0,0.18653456901728277,1,0,1,1,0,1.1800953001412255,0,-0.35899042011126686,2,3,1,0,1,0,1,0,1,0,0,1,0
1,-1.1580161531009565,1,0,0,0,1,-1.3079518860712882,0,-0.07294209186920295,0,0,0,0,0,0,0,1,1,0,0,0,0
0,-1.2802480369298874,0,1,0,0,1,-0.46863069098957844,0,2.2919944088503006,0,1,0,0,0,1,0,0,1,0,0,0,0
0,-0.506112772679992,0,1,1,1,1,-0.32569678450041606,0,-0.36137474128944225,1,5,1,0,1,1,0,0,1,0,0,1,0
1,1.6125732136881425,0,1,1,1,0,0.11972515665185783,0,-0.5577206547457338,3,4,1,1,1,1,0,0,0,0,1,0,0
0,-0.05792919864057891,1,0,0,0,1,0.8343946890976701,1,-0.3391579510475552,2,2,1,0,0,0,1,0,1,0,0,0,1
0,-0.5876006952326126,0,0,0,0,0,0.4571156568530201,1,-0.18451076972306632,1,1,1,0,0,0,1,0,1,0,0,0,1
0,-0.8728084241667845,0,0,0,1,1,-0.3240347623319375,0,-0.1315985870129123,0,1,1,0,1,1,0,0,1,0,0,0,0
1,0.02355872391204165,0,0,0,0,0,-1.495760391109374,0,-0.5991167740889798,2,0,0,1,1,0,0,1,0,0,1,1,0
0,1.2051336009250397,1,0,0,1,0,0.653234272733499,0,-0.5106215448533935,3,1,1,1,0,0,1,0,0,1,0,0,1
0,-1.2802480369298874,0,0,1,0,0,-0.960589252859254,0,1.4281972664354767,0,2,0,0,0,1,0,0,1,0,0,0,0
0,-0.6690886177852331,0,1,0,0,0,0.5302446322660801,0,-0.11263006868285698,1,2,0,0,1,0,1,0,1,0,0,0,0
1,-0.42462485012737144,1,0,1,1,1,0.4604397011899776,0,-0.26793084751889457,1,4,1,1,0,1,0,0,0,1,0,0,0
1,0.6754621043330061,0,1,1,0,0,-0.10132379175580057,0,-0.5229337113298981,3,3,0,0,1,1,0,0,1,0,0,0,0
1,0.1457906077409725,0,1,0,0,1,-0.03650492718513379,0,-0.46613068887124626,2,3,1,1,1,1,0,0,0,1,0,1,0
0,0.3902543753988342,1,0,1,0,1,1.151840923277089,1,-0.39712391068497355,2,4,1,0,0,0,1,0,1,0,0,0,1
0,-1.1580161531009565,0,0,0,0,1,-1.3162619969136813,1,-0.07877855904768147,0,0,0,0,1,1,0,0,1,0,0,0,0
0,-0.8320644628904743,1,0,1,1,0,0.3075336616899431,1,-0.002186151305493871,0,3,1,1,0,1,0,0,0,1,0,0,0
0,-0.05792919864057891,0,1,1,0,0,0.7579416693476526,0,-0.3475478726166181,2,3,0,0,0,0,1,0,1,0,0,0,1
0,-1.1172721918246462,1,1,0,0,1,0.8094643565704907,0,1.067309045899554,0,2,1,0,0,0,1,0,1,0,0,0,1
1,1.368109446030281,0,0,0,0,0,-1.4891123024354593,0,-0.632249870468297,3,0,0,1,1,0,0,1,0,0,1,1,0
0,-0.7098325790615434,1,0,1,0,0,-0.32569678450041606,1,-0.2658373321179186,1,1,0,0,1,1,0,0,1,0,0,1,0
0,1.2866215234776603,1,0,0,1,1,1.3163811179564737,0,-0.4796091665050382,3,4,1,1,1,0,1,0,0,0,1,0,0
1,-0.9135523854430948,0,0,0,0,1,-1.4874502802669807,0,-0.45432869258650954,0,0,0,0,1,0,0,1,1,0,0,1,0
1,-1.0357842692720256,0,0,1,1,1,0.829408622592234,1,0.6424628725328038,0,3,1,0,0,0,1,0,1,0,0,0,1
0,-0.13941712119319946,0,0,1,0,0,-1.0137739622505704,0,-0.5336339011571087,2,2,0,0,0,1,0,0,1,0,0,0,1
0,1.0014137945434884,0,0,0,0,0,-1.4675060142452372,0,-0.6255347791777726,3,0,0,1,1,0,0,1,0,0,1,0,0
0,0.5532302205040753,1,1,0,0,0,0.6465861840595843,0,-0.4578508932822258,2,2,0,0,0,0,1,0,1,0,0,0,0
0,0.8384379494382472,0,0,0,0,0,-1.5007464576148097,0,-0.6246179395060576,3,0,0,1,1,0,0,1,0,0,1,0,0
0,-0.6283446565089229,0,1,1,1,0,0.5003282332334644,0,-0.14927011263663895,1,5,1,1,1,1,0,0,0,1,0,1,0
1,0.22727853029359305,0,0,0,0,1,-1.4824642137615447,0,-0.6066346367894635,2,0,0,1,0,0,0,1,0,0,1,0,0
0,-0.7098325790615434,0,0,0,0,0,-1.495760391109374,0,-0.5226418879709742,1,0,0,1,0,0,0,1,0,1,0,0,0
0,-0.42462485012737144,0,0,0,1,1,-0.4802648461689289,0,-0.4115586919979751,1,3,1,0,0,1,0,0,1,0,0,0,1
0,-0.7505765403378537,1,0,0,0,1,0.6765025830921999,1,-0.0044608769750547495,1,1,1,0,0,0,1,0,1,0,0,0,1
0,1.0014137945434884,1,0,1,1,0,0.325815905543208,0,-0.5169563639091805,3,4,1,1,1,1,0,0,0,1,0,0,0
0,-0.8728084241667845,0,0,0,0,1,0.47705992287476395,0,0.10283284465597578,0,1,1,0,1,0,1,0,1,0,0,1,0
1,-1.2802480369298874,0,0,0,0,0,-1.477478147256109,0,0.5206266201820644,0,0,0,1,0,0,0,1,0,0,1,0,0
1,-0.8320644628904743,0,0,0,0,0,-1.4542098368974081,0,-0.4780827058583592,0,0,0,1,1,0,0,1,0,0,1,0,0
0,-1.1987601143772668,1,0,0,1,1,0.9906247729346612,1,2.09355452478203,0,2,1,0,0,0,1,0,1,0,0,0,1
1,0.1457906077409725,0,0,0,1,1,0.9939488172716188,0,-0.36833042804268695,2,3,1,0,0,0,1,0,1,0,0,0,1
0,-0.6690886177852331,0,1,0,1,1,0.978990617755311,1,-0.019933237024668468,1,3,1,0,0,0,1,0,1,0,0,0,1
1,1.3273654847539706,1,1,0,0,0,0.25434895229862703,1,-0.5389574666744483,3,4,1,1,1,1,0,0,0,1,0,1,0
0,-1.2395040756535771,0,0,0,0,0,0.3374500607225587,0,2.249193649541458,0,1,0,0,0,0,1,0,1,0,0,0,1
0,0.3902543753988342,1,1,0,1,1,1.3429734726521318,1,-0.3815147542774147,2,4,1,0,0,0,1,0,1,0,0,0,1
1,1.6125732136881425,0,1,1,1,0,1.5673464653967473,0,-0.48808280662991466,3,6,1,1,1,0,1,0,0,0,1,0,0
0,1.2051336009250397,0,0,0,0,0,-1.494098368940895,0,-0.6303154431802866,3,0,0,1,1,0,0,1,0,0,1,0,0
0,-1.076528230548336,1,0,0,1,1,0.829408622592234,0,0.8295424901286783,0,2,1,0,0,0,1,0,1,0,0,0,1
0,0.6347181430566958,0,0,0,0,1,-1.4874502802669807,0,-0.6193307090348509,2,0,0,1,0,0,0,1,0,0,1,0,0
0,0.10504664646466222,1,1,1,1,1,1.4676251352880292,0,-0.31382606225207543,2,5,1,1,0,0,1,0,0,0,1,0,1
1,0.797693988161937,0,0,0,0,0,-1.5007464576148097,0,-0.6238164958997885,3,0,0,1,1,0,0,1,0,1,0,1,0
0,-1.2802480369298874,0,0,0,0,1,-1.3262341299245533,0,0.7861858768028377,0,0,0,0,0,1,0,0,1,0,0,0,0
0,-1.076528230548336,1,0,0,1,1,0.6000495633421824,1,0.7144807086101014,0,1,1,0,0,0,1,0,1,0,0,0,1
0,1.5718292524118322,1,1,1,1,0,0.9440881522172598,0,-0.5159948003510404,3,6,1,1,1,1,0,0,0,0,1,1,0
1,1.4088534073065913,0,1,0,0,0,0.6648684279128493,0,-0.5215260927750887,3,3,0,1,1,0,1,0,0,1,0,0,0
0,1.1236456783724194,1,1,0,0,1,0.23108064193992606,0,-0.5297939522593558,3,3,1,1,0,1,0,0,0,1,0,0,1
1,-0.38388088885106114,0,0,1,0,1,-1.1450737135603821,0,-0.5194804682492984,1,1,0,0,1,1,0,0,1,0,0,0,0
1,0.2680224915699033,0,0,1,1,0,-0.33068285100585193,0,-0.5070293382685441,2,4,1,1,1,1,0,0,0,1,0,0,0
1,-0.7098325790615434,0,0,0,0,1,-1.5057325241202457,0,-0.5248305631629037,1,0,0,1,0,0,0,1,0,1,0,0,0
0,0.8384379494382472,1,0,0,1,1,1.2980988741032085,1,-0.4426066297179491,3,4,1,0,0,0,1,0,1,0,0,0,1
1,-0.3431369275747509,1,0,0,0,0,-1.349502440283254,0,-0.5541004460629736,1,0,0,1,0,0,0,1,0,0,1,0,0
1,0.18653456901728277,0,0,0,0,0,-1.5107185906256815,0,-0.6076546401627603,2,0,0,0,0,0,0,1,1,0,0,0,1
1,-1.1172721918246462,0,0,0,0,1,0.624979895869362,1,0.9593344030977009,0,2,1,0,0,0,1,0,1,0,0,0,1
0,0.7162060656093164,1,0,1,1,1,1.1917294553205762,0,-0.43672565788778284,3,3,1,1,0,0,1,0,0,1,0,0,1
0,0.8791819107145575,0,0,0,1,1,0.974004551249875,0,-0.46738115554928883,3,3,1,1,1,0,1,0,0,1,0,1,0
0,-1.1987601143772668,0,1,0,0,1,0.32415388337472945,0,1.5084486901395566,0,1,0,0,0,0,1,0,1,0,0,0,1
0,1.4495973685829016,1,0,1,1,0,1.451004913603243,1,-0.4836263736800579,3,5,1,1,0,0,1,0,0,1,0,0,1
0,-1.1172721918246462,0,0,1,0,0,-0.28747027462540753,0,0.4252976562669148,0,2,0,0,0,1,0,0,1,0,0,0,1
0,0.02355872391204165,0,0,0,0,0,-1.477478147256109,0,-0.5972285052959426,2,0,0,1,0,0,0,1,0,0,1,0,0
0,0.3495104141225239,1,0,0,1,1,0.5235965435921655,0,-0.4432242452923913,2,4,1,1,0,1,0,0,0,1,0,0,1
1,0.06430268518835193,0,1,1,1,0,-0.11794401344058691,0,-0.4628180993915692,2,5,1,1,0,1,0,0,0,1,0,0,0
1,-0.791320501614164,0,0,0,0,1,-1.4741541029191516,0,-0.49658623092419507,1,0,0,0,0,0,0,1,1,0,0,0,0
0,-0.506112772679992,0,0,0,0,1,-1.5256767901419892,0,-0.5620380414257043,1,0,0,0,1,0,0,1,1,0,0,1,0
0,0.7569500268856267,0,0,0,0,0,-1.5024084797832884,0,-0.6230964672928644,3,0,0,1,1,0,0,1,0,0,1,1,0
0,-1.1987601143772668,1,0,0,0,1,0.8875793984889861,1,2.003089283515613,0,2,1,0,1,0,1,0,1,0,0,1,0
1,0.3495104141225239,0,0,0,0,0,-0.6514531295222281,0,-0.5414714427967801,2,0,0,0,1,1,0,0,1,0,0,0,0
0,-0.791320501614164,0,0,0,0,0,-1.5073945462887242,0,-0.5049240411791643,1,0,0,0,1,0,0,1,1,0,0,1,0
1,0.10504664646466222,1,0,0,0,0,-1.3079518860712882,0,-0.5845732896981632,2,0,0,1,1,0,0,1,0,0,1,0,0
0,-0.8320644628904743,0,1,1,0,0,0.5335686766030371,1,0.0588722745616661,0,2,0,0,1,0,1,0,1,0,0,0,0
0,-1.1580161531009565,0,1,1,0,1,1.0005969059455335,0,1.5484284903121348,0,4,1,0,0,0,1,0,1,0,0,0,0
0,0.4309983366751445,0,0,0,1,1,-0.5234774225493735,1,-0.5369677619545125,2,3,1,0,1,1,0,0,1,0,0,0,0
1,-0.8320644628904743,0,0,1,0,1,-1.1799761790984336,0,-0.4040044685930547,0,1,0,0,0,1,0,0,1,0,0,0,0
0,1.4495973685829016,1,0,0,1,1,1.346297516989089,1,-0.4889553219734513,3,4,1,0,0,0,1,0,1,0,0,0,1
0,-0.3023929662984406,1,0,0,1,1,0.802816267896576,1,-0.26774540792626733,2,2,1,0,0,0,1,0,1,0,0,0,1
0,-1.0357842692720256,0,0,0,0,0,-1.4808021915930663,0,-0.3716232997278421,0,0,0,1,0,0,0,1,0,1,0,0,0
0,1.368109446030281,1,0,1,1,1,1.530781977690217,1,-0.473968365045976,3,5,1,1,0,0,1,0,0,1,0,0,1
0,0.8384379494382472,0,1,1,1,0,1.5191478225108668,0,-0.4282316272228075,3,6,1,1,0,0,1,0,0,1,0,0,1
0,1.24587756220135,1,1,0,1,1,1.4825833348043371,0,-0.46756022897408306,3,5,1,0,1,0,1,0,1,0,0,0,0
1,1.5310852911355222,1,1,1,1,1,1.6421374629782857,1,-0.4793410557700789,3,6,1,1,1,0,1,0,0,0,1,0,0
0,-0.22090504374582004,0,0,0,0,0,-0.9406449868375103,1,-0.5149294134851276,2,1,1,0,1,1,0,0,1,0,0,0,0
0,-1.2802480369298874,0,0,0,0,0,0.1978401985703534,1,3.4622060781352473,0,0,0,0,0,0,1,0,1,0,0,0,0
0,-1.1172721918246462,0,0,0,0,0,-1.4907743246039378,0,-0.27896938326949533,0,0,0,0,0,0,0,1,1,0,0,0,0
0,0.18653456901728277,0,0,0,0,0,-1.5024084797832884,0,-0.6068866839550657,2,0,0,1,0,0,0,1,0,1,0,0,0
0,-1.1987601143772668,0,0,0,1,1,-0.8193173685385702,1,0.5045763354412482,0,2,1,0,0,1,0,0,1,0,0,0,0
1,-0.8320644628904743,1,0,0,0,1,0.3922967922823533,0,0.020710758394691078,0,0,0,0,0,0,1,0,1,0,0,0,1
1,0.22727853029359305,0,0,0,0,0,-1.5024084797832884,0,-0.6084304728443799,2,0,0,1,1,0,0,1,0,1,0,1,0
0,-0.9542963467194051,0,0,0,0,1,0.6814886495976356,0,0.32860685001012035,0,2,1,0,1,0,1,0,1,0,0,1,0
0,-0.791320501614164,1,1,0,0,1,0.034962026059447156,0,-0.11804964534858708,1,2,1,0,0,1,0,0,1,0,0,0,1
0,-0.13941712119319946,1,0,0,1,1,0.9856387064292257,1,-0.29959156730011943,2,2,1,0,0,0,1,0,1,0,0,0,1
1,0.5939741817803856,0,0,0,0,0,-1.4874502802669807,0,-0.6183356310847785,2,0,0,1,1,0,0,1,0,0,1,1,0
0,1.1643896396487294,1,1,1,1,0,1.1501789011086103,0,-0.47995095465742554,3,4,1,0,1,0,1,0,1,0,0,0,0
0,-0.6690886177852331,0,0,0,0,0,-1.4891123024354593,0,-0.5297658111447053,1,0,0,0,0,0,0,1,1,0,0,0,0
1,0.3495104141225239,0,1,1,1,0,0.45379161251606304,0,-0.4490607124708698,2,5,1,1,0,1,0,0,0,0,1,0,1
1,0.4309983366751445,1,0,0,0,1,-1.3195860412506386,0,-0.6005056660111311,2,0,0,1,0,0,0,1,0,0,1,0,1
1,0.1457906077409725,1,0,0,1,1,1.0820359922009861,1,-0.3599700831654069,2,3,1,0,1,0,1,0,1,0,0,0,0
0,-1.076528230548336,0,0,0,0,1,-0.32569678450041606,0,0.25006467740830923,0,1,1,0,0,1,0,0,1,0,0,0,1
0,1.0421577558197987,1,1,1,0,1,0.20947435374970363,0,-0.5264256993197337,3,4,0,1,1,1,0,0,0,1,0,1,0
0,-0.5468567339563023,0,0,1,1,1,-0.1079718804297152,0,-0.3078598958029641,1,2,1,0,1,1,0,0,1,0,0,1,0
0,-0.8728084241667845,0,0,0,0,1,-0.6281848191635273,0,-0.22060471148470995,0,0,0,0,1,1,0,0,1,0,0,0,0
0,0.2680224915699033,0,1,1,0,1,-0.8143313020331343,0,-0.5494896369919755,2,3,0,1,1,1,0,0,0,1,0,0,0
0,-0.9950403079957154,0,0,0,1,1,0.7413214476628662,0,0.462586196573861,0,2,1,0,0,0,1,0,1,0,0,0,1
1,-0.26164900502213034,1,0,0,0,1,-0.5085192230330657,0,-0.45309065409410504,2,0,0,0,0,1,0,0,1,0,0,0,0
0,0.8384379494382472,0,0,0,0,1,0.2992235508475499,0,-0.5075643477599047,3,1,0,0,1,0,1,0,1,0,0,1,0
1,1.5310852911355222,0,0,0,0,1,-1.5157046571311175,0,-0.6355282056166877,3,0,0,1,0,0,0,1,0,0,1,0,0
0,-1.2802480369298874,0,0,0,1,1,-0.648129085185271,1,1.9768251812124595,0,2,1,0,0,1,0,0,1,0,0,0,0
0,1.082901717096109,1,0,0,0,0,-1.322910085587596,0,-0.6184572241509969,3,0,0,1,0,0,0,1,0,0,1,0,0
0,-1.2395040756535771,0,0,0,1,0,1.002258928114012,1,3.027389273338596,0,3,1,0,0,0,1,0,1,0,0,0,1
0,-1.0357842692720256,0,1,0,0,0,-0.9805335188809976,0,-0.15202622213758715,0,2,0,1,0,1,0,0,0,1,0,0,0
1,-0.8320644628904743,0,0,0,0,1,-0.6730594177124505,1,-0.2670719694056737,0,0,0,0,0,1,0,0,1,0,0,0,1
1,1.082901717096109,0,0,1,1,0,0.3972828587877894,0,-0.5177781653222421,3,5,1,1,1,1,0,0,0,1,0,1,0
1,1.1643896396487294,1,0,1,1,1,0.5385547431084732,0,-0.5145932114587175,3,4,1,1,1,1,0,0,0,0,1,0,0
1,1.6125732136881425,1,1,0,1,1,1.354607627831482,0,-0.4983166120935482,3,4,1,1,1,0,1,0,0,0,1,0,0
1,-0.791320501614164,0,0,0,0,0,-1.5290008344789465,0,-0.5103436178448943,1,0,0,0,0,0,0,1,1,0,0,0,0
1,1.2866215234776603,1,0,0,0,0,-1.3262341299245533,0,-0.6223781328708978,3,0,0,1,0,0,0,1,0,1,0,0,0
0,-1.2802480369298874,0,0,0,0,1,-1.3744327728104335,1,0.7015571027148989,0,0,0,0,0,1,0,0,1,0,0,0,1
0,-0.9135523854430948,0,0,1,0,0,0.003383604858353504,0,0.021608676422149416,0,3,1,1,0,1,0,0,0,1,0,0,0
1,1.3273654847539706,0,1,0,0,0,-0.1146199691036296,0,-0.5585892199111488,3,3,0,1,1,1,0,0,0,1,0,0,0
0,1.2051336009250397,1,1,1,1,0,1.6338273521358926,0,-0.4559625665152611,3,6,1,1,0,0,1,0,0,0,1,0,0
0,0.9199258719908678,1,1,1,1,1,0.8427047999400633,0,-0.4791810520169465,3,6,1,1,0,1,0,0,0,1,0,0,1
0,-0.3023929662984406,1,0,0,0,0,-0.3556131835330314,0,-0.42420762421086505,2,1,0,0,0,1,0,0,1,0,0,0,1
0,-1.2802480369298874,0,1,0,0,0,-1.1666800017506043,1,1.0663363013698075,0,1,0,0,0,1,0,0,1,0,0,0,0
0,-1.2802480369298874,0,1,0,0,1,-0.498547090022194,0,2.2394662042439935,0,1,0,0,1,1,0,0,1,0,0,1,0
0,1.082901717096109,1,0,0,1,0,1.2066876548368837,1,-0.4704055067235914,3,3,1,0,0,0,1,0,1,0,0,0,1
1,1.2866215234776603,1,0,0,0,1,-1.3428543516093396,0,-0.623276050898356,3,0,0,1,1,0,0,1,0,0,1,0,0
0,0.1457906077409725,1,0,0,1,1,1.0039209502824906,0,-0.3673839739056364,2,2,1,0,1,0,1,0,1,0,0,0,0
0,-1.1987601143772668,1,0,0,0,1,-0.4702927131580572,1,0.8109908623113715,0,0,0,0,0,1,0,0,1,0,0,0,0
0,1.1643896396487294,1,1,0,0,1,0.16958582170621683,0,-0.5354915294203666,3,3,1,1,0,1,0,0,0,0,1,0,0
1,-0.26164900502213034,0,0,0,1,1,-0.8259654572124846,0,-0.4943782552455643,2,2,1,1,1,1,0,0,0,1,0,0,0
0,-1.2802480369298874,0,0,0,0,1,-0.31240060715258705,1,2.5663083662387915,0,1,1,0,0,1,0,0,1,0,0,0,1
0,-1.2802480369298874,1,0,0,1,1,0.8576629994563706,1,4.6207448130632365,0,2,1,0,0,0,1,0,1,0,0,0,1
1,1.4495973685829016,0,1,0,1,1,1.278154608081465,0,-0.49242336768819944,3,5,1,1,1,0,1,0,0,0,1,1,0
0,-1.2395040756535771,1,0,0,1,1,0.7330113368204731,1,2.7122200457007546,0,1,1,0,0,0,1,0,1,0,0,0,0
0,1.6125732136881425,1,1,1,0,1,0.978990617755311,0,-0.5163856748652764,3,4,0,1,1,0,1,0,0,0,1,0,0
0,1.5718292524118322,0,0,1,0,1,-0.5899583092885189,0,-0.5908150670973694,3,3,1,1,0,1,0,0,0,0,1,0,1
0,1.0014137945434884,0,0,0,0,0,-1.4708300585821945,0,-0.6257360366666856,3,0,0,1,1,0,0,1,0,0,1,1,0
0,-1.1580161531009565,0,0,0,0,1,-1.5007464576148097,0,-0.20834813040990502,0,0,0,0,0,0,0,1,1,0,0,0,0
0,-1.2802480369298874,0,0,0,0,1,0.17955795471708852,0,3.4301055086536154,0,0,0,0,0,0,1,0,1,0,0,0,1
1,1.6125732136881425,1,1,1,0,0,0.5385547431084732,0,-0.5375728502392052,3,5,1,1,1,1,0,0,0,0,1,1,0
1,-0.46536881140368175,1,1,0,1,1,0.3690284819236528,0,-0.2643782153232989,1,3,1,1,1,1,0,0,0,1,0,0,0
1,1.5718292524118322,1,0,0,0,0,-1.3328822185984677,0,-0.6270498008304236,3,0,0,1,1,0,0,1,0,0,1,0,0
0,-0.13941712119319946,1,0,0,1,1,1.1385447459292597,1,-0.28169306795278526,2,3,1,0,1,0,1,0,1,0,0,0,0
0,1.4903413298592119,1,1,1,1,0,1.5108377116684737,0,-0.4832457345162441,3,5,1,1,1,0,1,0,0,0,1,1,0
0,1.2866215234776603,1,1,1,1,1,0.6715165165867639,0,-0.5144483859704179,3,5,1,1,1,1,0,0,0,0,1,1,0
0,-0.6690886177852331,0,0,0,0,0,-1.4974224132778524,0,-0.5314824191383755,1,0,0,0,1,0,0,1,1,0,0,1,0
0,-1.1580161531009565,1,0,0,0,0,-1.359474573294126,0,-0.10912818837576994,0,0,0,1,0,0,0,1,0,1,0,0,1
0,0.797693988161937,1,1,1,1,1,1.5440781550380462,1,-0.4220729511644549,3,5,1,1,1,0,1,0,0,1,0,1,0
0,-1.2395040756535771,0,1,0,0,1,-0.32237274016345874,1,1.4768344929227981,0,2,0,0,0,1,0,0,1,0,0,0,0
0,-1.2802480369298874,0,0,0,0,0,-1.4907743246039378,0,0.49728075146815015,0,0,0,0,0,0,0,1,1,0,0,0,0
0,-0.5876006952326126,0,0,0,0,0,-1.3179240190821602,0,-0.5125816616501757,1,0,0,0,0,1,0,0,1,0,0,0,0
0,-1.2395040756535771,1,0,0,0,0,-0.35395116136455285,0,1.439870200792434,0,1,0,0,0,1,0,0,1,0,0,0,0
0,-0.5468567339563023,0,0,0,0,1,-0.16614265632646738,0,-0.31807371336530155,1,2,1,0,0,1,0,0,1,0,0,0,0
0,0.3087664528462136,1,0,0,0,0,0.6332900067117551,0,-0.4283687077527447,2,1,1,0,1,0,1,0,1,0,0,0,0
1,1.368109446030281,1,0,0,1,1,1.33300133964126,0,-0.4843346276465572,3,4,1,1,0,0,1,0,0,1,0,0,1
0,-0.46536881140368175,1,0,0,0,0,0.3490842159019089,0,-0.2675617428751964,1,0,0,0,0,0,1,0,1,0,0,0,0
0,-0.9950403079957154,0,0,1,1,1,0.061554380755105664,0,0.1973511881296698,0,3,1,0,0,1,0,0,1,0,0,0,1
1,1.6125732136881425,0,1,1,1,1,1.4859073791412942,0,-0.4920004352839619,3,6,1,1,1,0,1,0,0,0,1,1,0
0,0.6347181430566958,1,0,1,1,1,0.3008855730160285,0,-0.491166654258465,2,4,1,1,1,1,0,0,0,1,0,0,0
0,1.4903413298592119,0,0,0,0,1,-1.5123806127941604,0,-0.6349105030541363,3,0,0,1,1,0,0,1,0,0,1,0,0
0,1.6125732136881425,1,1,1,1,1,1.7750992364565765,0,-0.4780888559818349,3,6,1,1,0,0,1,0,0,0,1,0,1
0,-0.7505765403378537,0,0,0,0,0,-0.4437003584623989,0,-0.26671280219469035,1,1,0,1,1,1,0,0,0,1,0,1,0
0,-1.076528230548336,0,0,0,1,0,-0.17777681150581762,0,0.3242711886775365,0,2,1,0,0,1,0,0,1,0,0,0,1
1,-0.9950403079957154,0,0,0,0,0,-1.5057325241202457,0,-0.4141808729042481,0,0,0,1,1,0,0,1,0,0,1,0,0
0,-0.6283446565089229,0,0,0,0,0,-1.504070501951767,0,-0.5403134135947009,1,0,0,1,0,0,0,1,0,1,0,0,0
0,1.3273654847539706,1,1,1,0,0,0.95572230739661,0,-0.50163944926054,3,3,1,1,0,0,1,0,0,1,0,0,1
1,1.0014137945434884,0,1,1,0,1,-0.1827628780112537,0,-0.5477487597128776,3,3,0,1,0,1,0,0,0,1,0,0,0
0,-0.791320501614164,1,0,0,1,1,1.2449141647118924,1,0.18544664793229693,1,3,1,0,1,0,1,0,1,0,0,1,0
0,-0.5468567339563023,0,0,0,1,1,1.033837349315106,1,-0.10737724822222632,1,3,1,0,1,0,1,0,1,0,0,1,0
0,0.9606698332671781,1,1,0,1,0,1.4958795121521657,0,-0.4422368730253554,3,5,1,1,1,0,1,0,0,1,0,0,0
0,-0.7505765403378537,0,0,0,0,1,0.4421574573367123,0,-0.059323668452753074,1,1,1,0,0,0,1,0,1,0,0,0,1
0,0.797693988161937,0,1,0,0,1,-0.8276274793809634,0,-0.5792170768944337,3,2,1,0,0,1,0,0,1,0,0,0,1
0,1.0421577558197987,0,1,1,0,1,0.003383604858353504,0,-0.5386921727117903,3,4,0,1,1,1,0,0,0,0,1,1,0
0,0.5939741817803856,1,0,1,1,1,1.005582972450969,1,-0.43594603175732427,2,3,1,0,0,0,1,0,1,0,0,0,1
0,1.4088534073065913,0,0,1,1,1,-0.37888149389173237,0,-0.5754275837763316,3,4,1,0,1,1,0,0,1,0,0,1,0
0,-1.2395040756535771,0,0,0,0,1,-1.3262341299245533,0,0.30175910098911907,0,0,0,0,1,1,0,0,1,0,0,1,0
0,-1.076528230548336,0,0,0,0,0,-0.6680733512070144,0,0.07830578615594093,0,0,0,0,1,1,0,0,1,0,0,1,0
1,1.5718292524118322,1,1,1,1,1,1.635489374304371,0,-0.4822729899864977,3,6,1,1,1,0,1,0,0,0,1,0,0
1,0.5532302205040753,0,0,0,0,0,-1.4808021915930663,0,-0.6168014887812158,2,0,0,1,1,0,0,1,0,0,1,0,0
0,-1.1172721918246462,0,1,1,0,0,-0.3639232943754246,1,0.3805514078985794,0,2,0,0,1,1,0,0,1,0,0,1,0
0,1.4088534073065913,1,1,0,0,0,0.6332900067117551,0,-0.5231568703690753,3,2,0,0,1,0,1,0,1,0,0,0,0
1,-1.1987601143772668,0,0,0,0,0,-1.4824642137615447,0,-0.07761126561198578,0,0,0,0,1,0,0,1,1,0,0,0,0
0,-1.1987601143772668,0,0,0,0,0,-1.4907743246039378,0,-0.08490684958508396,0,0,0,0,0,0,0,1,1,0,0,0,0
0,0.797693988161937,1,1,0,1,1,1.309733029282559,1,-0.43760015629965254,3,4,1,0,0,0,1,0,1,0,0,0,1
0,0.3902543753988342,1,0,0,0,1,-0.4835888905058862,1,-0.5306839968157383,2,0,0,0,0,1,0,0,1,0,0,0,1
1,0.7162060656093164,0,0,0,0,1,-1.477478147256109,0,-0.620517153743401,3,0,0,1,0,0,0,1,0,1,0,0,0
0,-0.38388088885106114,0,1,0,0,1,0.8377187334346272,0,-0.22935941225242773,1,3,1,0,0,0,1,0,1,0,0,0,1
1,1.4088534073065913,0,1,1,1,0,-0.3522891391960741,0,-0.5740542973813955,3,5,1,1,1,1,0,0,0,0,1,1,0
0,-0.3023929662984406,0,0,0,1,1,1.1535029454455674,1,-0.22038023197784534,2,4,1,0,0,0,1,0,1,0,0,0,1
0,0.2680224915699033,0,1,0,1,0,1.1402067680977384,0,-0.3778975019447065,2,4,1,1,0,0,1,0,0,1,0,0,0
0,1.4903413298592119,1,1,1,0,1,0.06986449159749883,0,-0.5555345494268283,3,3,0,1,0,1,0,0,0,0,1,0,0
0,-1.2802480369298874,0,0,0,0,0,-1.2946557087234591,0,0.841632314998384,0,0,0,1,0,1,0,0,0,1,0,0,0
0,-0.01718523736426863,0,0,0,1,0,0.8726211989726784,0,-0.34502757997136607,2,2,1,0,0,0,1,0,1,0,0,0,1
0,-0.9542963467194051,0,0,0,0,0,0.20615030941274656,1,0.16168388870563422,0,0,0,0,0,0,1,0,1,0,0,0,1
0,-0.6690886177852331,0,0,0,0,1,0.9440881522172598,1,-0.027142990598083106,1,3,1,0,1,0,1,0,1,0,0,1,0
1,1.1236456783724194,0,0,0,0,1,-1.4575338812343652,0,-0.6270046187074573,3,0,0,1,1,0,0,1,0,0,1,0,0
1,1.6125732136881425,1,0,1,1,1,1.4759352461304225,0,-0.4924801449150697,3,5,1,1,1,0,1,0,0,0,1,0,0
0,-1.1172721918246462,0,0,0,0,0,-1.5107185906256815,1,-0.2906423176264524,0,0,0,0,0,0,0,1,1,0,0,0,0
0,-0.26164900502213034,0,1,0,1,1,0.6981088712824219,0,-0.2961545366283488,2,2,1,0,1,0,1,0,1,0,0,1,0
0,-1.1987601143772668,0,0,0,0,0,-1.494098368940895,1,-0.08782508317432317,0,0,0,0,0,0,0,1,1,0,0,0,0
0,-1.2395040756535771,0,0,0,0,1,-1.5007464576148097,0,0.09748274974237034,0,0,0,0,0,0,0,1,1,0,0,0,1
1,-1.2395040756535771,0,0,0,0,0,-1.472492080750673,0,0.1305560637537487,0,0,0,1,1,0,0,1,0,1,0,0,0
0,0.1457906077409725,1,1,1,1,1,0.8260845782552769,0,-0.3842624060163716,2,5,1,1,1,1,0,0,0,1,0,1,0
0,-1.0357842692720256,0,1,0,0,0,0.3175057947008148,0,0.41775888616138,0,1,0,0,0,0,1,0,1,0,0,0,0
0,1.1236456783724194,0,0,0,1,1,-0.5101812452015443,0,-0.5724671385151168,3,3,1,1,1,1,0,0,0,0,1,1,0
0,-0.5468567339563023,1,0,0,0,1,0.8078023344020117,0,-0.14706522503588035,1,2,1,0,0,0,1,0,1,0,0,0,1
0,0.512486259227765,1,1,1,0,0,0.3440981493964733,0,-0.47639422956759536,2,4,1,1,1,1,0,0,0,0,1,1,0
0,-1.1580161531009565,0,0,0,0,1,0.19451615423339633,0,0.9822911739997167,0,0,0,0,0,0,1,0,1,0,0,0,1
1,-0.05792919864057891,1,0,1,1,1,1.309733029282559,1,-0.2869945256399033,2,4,1,0,0,0,1,0,1,0,0,0,1
1,0.5939741817803856,0,1,0,0,0,0.8393807556031058,0,-0.44810533837915456,2,3,1,0,0,0,1,0,1,0,0,0,1
0,-1.2802480369298874,0,0,0,0,1,0.48038396721172105,1,3.958305788305923,0,1,1,0,0,0,1,0,1,0,0,0,1
0,-1.2802480369298874,0,0,0,0,1,-0.6614252625331,1,1.953479312498545,0,0,0,0,1,1,0,0,1,0,0,0,0
0,-1.2802480369298874,0,0,0,0,0,-1.509056568457203,0,0.4651801819865181,0,0,0,0,1,0,0,1,1,0,0,1,0
1,1.082901717096109,1,0,0,0,1,0.7961681792226614,0,-0.49443229660832794,3,2,1,0,1,0,1,0,1,0,0,1,0
0,-0.9135523854430948,0,0,0,0,1,0.17623391038013098,1,0.0767898206550373,0,0,0,0,0,0,1,0,1,0,0,0,1
0,0.10504664646466222,1,1,0,0,0,0.8709591768041999,0,-0.3720286099485698,2,2,1,0,1,0,1,0,1,0,0,1,0
0,-1.1580161531009565,0,0,0,0,1,-1.1683420239190832,1,0.025110556729236462,0,1,0,0,0,1,0,0,1,0,0,0,1
1,-0.01718523736426863,0,1,0,0,1,0.8643110881302852,0,-0.3459118931802264,2,3,1,1,0,0,1,0,0,1,0,0,1
0,0.4309983366751445,1,0,0,0,1,0.4338473464943191,1,-0.4605631007089752,2,1,0,0,0,0,1,0,1,0,0,0,1
0,-1.1580161531009565,0,0,0,0,0,-0.34896509485911703,1,0.6005862205272202,0,1,1,0,0,1,0,0,1,0,0,0,1
0,0.8791819107145575,0,0,0,0,1,-1.5240147679735105,0,-0.6268758858993477,3,0,0,1,0,0,0,1,0,0,1,0,0
0,-0.8728084241667845,1,0,0,1,1,1.0089070167879266,1,0.2584719694154034,0,2,1,0,1,0,1,0,1,0,0,0,0
0,1.368109446030281,1,1,0,1,1,1.2499002312173284,0,-0.48869020016780995,3,3,1,1,1,0,1,0,0,0,1,0,0
1,1.1643896396487294,1,0,0,1,1,1.1667991227933967,0,-0.4790095889834774,3,3,1,1,0,0,1,0,0,1,0,0,1
1,1.6125732136881425,1,1,1,1,0,0.7945061570541828,0,-0.5252603030407711,3,6,1,1,1,1,0,0,0,0,1,1,0
1,0.4717422979514547,0,0,1,1,1,-0.34896509485911703,0,-0.526241042731036,2,4,1,1,0,1,0,0,0,1,0,0,1
0,0.3495104141225239,1,0,0,0,1,-0.3024284741417151,0,-0.5122891069043873,2,1,0,0,1,1,0,0,1,0,0,0,0
0,0.7162060656093164,1,1,0,1,1,1.301422918440166,0,-0.42917258271563413,3,4,1,1,0,0,1,0,0,1,0,0,1
0,0.5939741817803856,1,1,1,1,1,1.530781977690217,1,-0.39752262283234063,2,5,1,1,1,0,1,0,0,1,0,1,0
1,-0.9950403079957154,0,0,0,0,0,-1.4841262359300234,0,-0.4057504203131124,0,0,0,1,0,0,0,1,0,0,1,0,0
0,-0.5876006952326126,0,0,0,0,0,-1.4874502802669807,0,-0.543914274924113,1,0,0,0,0,0,0,1,1,0,0,0,0
1,1.6125732136881425,1,1,1,1,1,0.902537598005294,0,-0.5200634487037696,3,6,1,1,1,1,0,0,0,0,1,1,0
0,-1.2802480369298874,0,0,0,0,0,0.5219345214236869,1,4.031261628036905,0,1,1,0,0,0,1,0,1,0,0,0,1
0,0.3902543753988342,1,0,0,0,0,-0.30409049631019386,0,-0.5160249629721178,2,1,0,0,0,1,0,0,1,0,0,0,1
0,-0.5876006952326126,0,0,0,0,1,0.32913994988016554,0,-0.2081638209200583,1,1,0,0,0,0,1,0,1,0,0,0,1
1,-0.791320501614164,1,0,0,1,1,1.3080710071140806,0,0.20128848741673872,1,4,1,1,1,0,1,0,0,1,0,1,0
1,1.4495973685829016,1,0,1,0,1,0.626641918037841,0,-0.5255812681804254,3,2,0,1,1,0,1,0,0,1,0,0,0
0,-1.1580161531009565,1,0,0,0,1,0.24603884145623386,1,1.0184772705062837,0,0,0,0,1,0,1,0,1,0,0,0,0
0,1.4903413298592119,1,1,0,1,1,1.504189622994559,0,-0.48357924692644283,3,5,1,1,1,0,1,0,0,0,1,1,0
0,-0.6283446565089229,0,0,1,0,0,-0.44203833629392036,1,-0.33311882875871285,1,1,0,0,0,1,0,0,1,0,0,0,0
1,-0.3023929662984406,1,0,0,0,0,-1.3062898639028098,0,-0.5526099021373929,2,0,0,1,1,0,0,1,0,0,1,1,0
0,0.4309983366751445,0,0,0,1,1,0.8227605339183194,1,-0.42952370707797577,2,2,1,0,0,0,1,0,1,0,0,0,0
1,1.082901717096109,0,0,0,0,0,-1.5057325241202457,0,-0.6291574139782076,3,0,0,1,1,0,0,1,0,0,1,1,0
0,-1.1172721918246462,0,1,0,0,0,0.5285826100976015,0,0.9029152203724087,0,2,0,0,0,0,1,0,1,0,0,0,1
1,-0.46536881140368175,1,1,1,1,0,0.42221319131496887,1,-0.25588880851823925,1,4,1,1,0,1,0,0,0,1,0,0,0
1,1.4903413298592119,1,1,1,1,1,1.3396494283151743,0,-0.4918336790788626,3,5,1,1,1,0,1,0,0,1,0,1,0
0,-0.791320501614164,0,0,0,0,1,-1.3179240190821602,0,-0.4573985227258392,1,0,0,0,1,1,0,0,1,0,0,0,0
0,0.3902543753988342,1,0,0,1,1,1.0122310611248837,1,-0.408525381452234,2,3,1,0,1,0,1,0,1,0,0,0,0
0,0.797693988161937,1,0,1,0,1,1.025527238472713,0,-0.45643102210191344,3,3,1,0,1,0,1,0,1,0,0,1,0
0,0.5532302205040753,0,1,0,0,0,0.6715165165867639,1,-0.455988190991222,2,2,1,0,0,0,1,0,1,0,0,0,1
0,1.1643896396487294,1,1,1,0,1,0.5319066544345585,0,-0.5149697577282969,3,5,1,1,1,1,0,0,0,0,1,0,0
0,-0.13941712119319946,0,0,0,0,1,-1.327896152093032,0,-0.5704036443815236,2,0,0,1,0,1,0,0,0,1,0,0,0
1,-0.3023929662984406,0,0,1,0,1,-0.33400689534280925,0,-0.4212893906216258,2,2,0,1,1,1,0,0,0,1,0,1,0
1,-1.1172721918246462,0,0,1,1,1,0.6964468491139434,1,1.001162417876797,0,2,1,0,0,0,1,0,1,0,0,0,1
0,-0.7098325790615434,0,0,0,1,0,-0.4669686688210999,0,-0.2968435640035858,1,3,1,1,0,1,0,0,0,1,0,0,1
1,-0.5468567339563023,0,0,0,0,0,-1.4841262359300234,0,-0.5494896369919755,1,0,0,1,0,0,0,1,0,0,1,0,0
0,0.4717422979514547,0,0,0,0,0,-1.4874502802669807,0,-0.6150850431145426,2,0,0,1,0,0,0,1,0,0,1,0,0
0,-1.076528230548336,1,0,0,1,1,1.1119523912336016,1,0.9712852644631572,0,3,1,0,0,0,1,0,1,0,0,0,1
1,1.0421577558197987,1,1,1,0,0,0.22609457543448996,0,-0.5254364675945677,3,4,0,1,1,1,0,0,0,0,1,1,0
1,1.2051336009250397,0,1,0,0,1,0.553512942624781,0,-0.516180085023373,3,2,0,1,1,0,1,0,0,1,0,1,0
1,1.5310852911355222,0,0,1,1,1,-0.21267927704386905,0,-0.5710804553641923,3,5,1,1,1,1,0,0,0,1,0,0,0
0,-1.2802480369298874,0,0,0,0,1,-1.2996417752288951,1,0.832877614230666,0,0,0,0,0,1,0,0,1,0,0,0,0
1,-0.9135523854430948,0,1,1,0,0,-0.3689093608808604,0,-0.09724301884868629,0,5,1,1,1,1,0,0,0,0,1,1,0
0,-0.26164900502213034,0,0,0,0,1,-1.5024084797832884,0,-0.5823575938248519,2,0,0,1,1,0,0,1,0,1,0,0,0
0,1.368109446030281,1,0,0,0,0,0.8177744674128837,0,-0.5113391772783237,3,2,1,0,1,0,1,0,1,0,0,1,0
1,-1.0357842692720256,0,0,0,0,1,0.13966942267360125,1,0.3396961376492297,0,0,0,0,0,0,1,0,1,0,0,0,1
1,0.7569500268856267,1,0,1,0,0,0.6449241618911058,0,-0.4780827058583592,3,2,0,1,1,0,1,0,0,1,0,0,0
1,1.6125732136881425,1,1,1,1,1,1.3728898716847469,0,-0.49743714443651726,3,5,1,1,1,0,1,0,0,0,1,1,0
0,1.3273654847539706,1,0,0,0,0,-1.2979797530604165,0,-0.6215523203820081,3,0,0,1,0,0,0,1,0,0,1,0,0
0,-1.2395040756535771,0,0,0,0,0,-0.6231987526580915,1,1.124700973154593,0,0,0,0,1,1,0,0,1,0,0,0,0
1,1.5310852911355222,1,1,1,0,0,0.005045627026832042,0,-0.5603117624010839,3,3,0,1,1,1,0,0,0,1,0,0,0
0,1.6125732136881425,1,0,1,1,1,0.6864747161030716,0,-0.5304571573777725,3,5,1,1,1,1,0,0,0,0,1,1,0
1,-1.2802480369298874,0,0,0,0,0,-1.4874502802669807,0,0.5031172186466287,0,0,0,0,0,0,0,1,1,0,0,0,0
0,-1.2802480369298874,0,0,0,0,1,0.38564870360843917,1,3.791966473719285,0,1,0,0,0,0,1,0,1,0,0,0,0
0,-1.1172721918246462,1,0,0,1,1,1.1867433888151402,1,1.288122054151992,0,3,1,0,0,0,1,0,1,0,0,0,1
0,-1.1987601143772668,0,0,0,0,0,-1.4658439920767583,0,-0.06302009766578943,0,0,0,0,0,0,0,1,1,0,0,0,0
0,1.0421577558197987,1,0,0,0,1,-1.3129379525767242,0,-0.6170393253449258,3,0,0,1,1,0,0,1,0,0,1,1,0
1,-0.42462485012737144,0,1,0,0,0,-0.8226414128755275,1,-0.46383313716173946,1,2,1,0,0,1,0,0,1,0,0,0,0
0,0.02355872391204165,1,0,0,1,1,1.1900674331520973,0,-0.32171292231188225,2,3,1,0,1,0,1,0,1,0,0,0,0
0,-1.2802480369298874,0,0,0,0,0,0.17124784387469535,1,3.415514340707419,0,0,0,0,0,0,1,0,1,0,0,0,1
0,0.8791819107145575,1,0,0,0,0,0.30587163952146457,0,-0.5100404247447138,3,0,0,0,1,0,1,0,1,0,0,0,0
0,1.6125732136881425,1,0,0,1,1,1.1501789011086103,0,-0.5081506595312587,3,3,1,1,0,0,1,0,0,0,1,0,1
1,-1.2802480369298874,1,0,0,1,1,0.9474121965542169,1,4.7783294268821574,0,2,1,0,0,0,1,0,1,0,0,0,1
0,-1.1987601143772668,0,0,0,0,1,-0.5201533782124163,1,0.7672173584727825,0,1,0,0,0,1,0,0,1,0,0,0,1
1,1.6125732136881425,1,1,1,0,0,1.4177644702336702,0,-0.495278451096532,3,5,1,1,1,0,1,0,0,0,1,1,0
1,1.6125732136881425,1,1,0,1,1,0.624979895869362,0,-0.5334153667696041,3,5,1,1,1,1,0,0,0,0,1,1,0
0,0.8791819107145575,1,0,0,1,1,1.1385447459292597,0,-0.45687551462802745,3,3,1,0,1,0,1,0,1,0,0,1,0
0,1.082901717096109,1,0,1,1,1,0.5086383440758576,0,-0.5112607769729411,3,4,1,1,0,1,0,0,0,1,0,0,1
0,0.8791819107145575,0,1,0,1,1,0.016679782206182287,0,-0.5285048845457185,3,3,1,1,1,1,0,0,0,0,1,0,0
0,1.1236456783724194,1,0,0,1,1,0.8227605339183194,0,-0.49573194708659574,3,2,1,1,0,0,1,0,0,0,1,0,1
0,1.1236456783724194,0,0,1,1,0,-0.1329022129568947,0,-0.5507478262279918,3,5,1,1,1,1,0,0,0,0,1,1,0
0,-1.1987601143772668,1,0,0,0,0,0.3224918612062509,0,1.5069895733449372,0,0,0,0,0,0,1,0,1,0,0,0,1
0,1.4903413298592119,1,1,0,1,0,1.1418687902662172,0,-0.501755673282276,3,3,1,1,1,0,1,0,0,0,1,0,0
1,-1.2802480369298874,0,0,0,0,0,-1.5140426349626388,0,0.4564254812188004,0,0,0,0,0,0,0,1,1,0,0,0,1
1,0.7162060656093164,0,1,0,1,1,-0.8425856788972709,0,-0.5768008701712677,3,2,1,0,1,1,0,0,1,0,0,1,0
0,0.9606698332671781,0,0,0,1,1,-0.6630872847015785,0,-0.5752468881980505,3,2,1,0,1,1,0,0,1,0,0,1,0
0,1.1236456783724194,0,1,1,1,1,1.0770499256955504,0,-0.48109293924549384,3,4,1,1,0,0,1,0,0,0,1,0,1
0,1.4903413298592119,1,1,1,1,1,1.5208098446793454,0,-0.482745465900946,3,5,1,1,0,0,1,0,0,1,0,0,0
0,-1.2802480369298874,0,0,0,0,0,-0.9888436297233908,1,1.378587295418409,0,1,1,0,0,1,0,0,1,0,0,0,0
0,-1.2802480369298874,0,0,0,0,1,0.2726311961518919,1,3.5935265896510145,0,1,0,0,0,0,1,0,1,0,0,0,1
0,-1.1987601143772668,0,0,0,0,1,-1.4924363467724167,0,-0.0863659663797036,0,0,0,0,0,0,0,1,1,0,0,0,0
1,1.1236456783724194,0,0,1,1,0,0.403930947461704,0,-0.5198432541189989,3,4,1,1,1,1,0,0,0,0,1,0,0
0,-0.791320501614164,0,0,1,0,0,-0.9772094745440403,0,-0.37193596761240344,1,2,0,1,0,1,0,0,0,0,1,0,0
1,1.2051336009250397,0,0,0,0,0,-1.4741541029191516,0,-0.6292037351462907,3,0,0,1,1,0,0,1,0,0,1,0,0
0,0.512486259227765,1,1,0,0,0,1.0620917261792426,0,-0.4215821899784057,2,3,1,1,1,0,1,0,0,1,0,0,0
0,-0.3023929662984406,0,0,1,1,0,-0.3522891391960741,0,-0.4237586651971359,2,4,1,1,0,1,0,0,0,1,0,0,1
0,0.4717422979514547,0,0,1,1,0,1.173447211467311,0,-0.4074365108313395,2,4,1,1,1,0,1,0,0,0,1,0,0
0,-1.2395040756535771,0,0,0,0,1,-0.6497911073537496,0,1.0935731482027076,0,0,0,0,0,1,0,0,1,0,0,0,0
0,0.02355872391204165,1,0,0,0,1,0.6332900067117551,1,-0.3792192900998326,2,2,0,0,1,0,1,0,1,0,0,1,0
0,-1.2802480369298874,0,0,0,0,1,0.17623391038013098,1,3.4242690414751364,0,0,0,0,0,0,1,0,1,0,0,0,1
0,-0.42462485012737144,0,0,0,0,0,-1.4608579255713225,0,-0.5612767630980767,1,0,0,1,1,0,0,1,0,1,0,0,0
0,0.10504664646466222,0,0,1,0,1,-1.042028339114707,0,-0.5586334355715918,2,2,0,0,0,1,0,0,1,0,0,0,0
1,-0.13941712119319946,0,0,0,0,0,-1.4824642137615447,0,-0.588496692634807,2,0,0,1,0,0,0,1,0,0,1,0,0
0,-0.22090504374582004,1,1,0,0,1,0.7014329156193795,0,-0.3089855001873849,2,2,0,1,0,0,1,0,0,1,0,0,1
1,0.8791819107145575,0,0,1,0,1,-0.12625412428298008,0,-0.5376309968611577,3,3,0,1,0,1,0,0,0,1,0,0,1
0,-1.2395040756535771,0,0,0,0,1,0.19451615423339633,1,2.081881590425073,0,0,0,0,0,0,1,0,1,0,0,0,1
0,1.0014137945434884,1,0,0,1,1,0.7346733589889521,0,-0.492201692772875,3,1,1,1,0,0,1,0,0,1,0,0,1
0,1.2051336009250397,1,1,1,0,0,0.1529656000214305,0,-0.5385068880394576,3,4,0,1,1,1,0,0,0,0,1,0,0
1,-0.7098325790615434,0,0,0,0,0,-1.477478147256109,0,-0.5186293167857703,1,0,0,1,1,0,0,1,0,1,0,1,0
0,-1.2395040756535771,0,0,0,0,0,-1.477478147256109,1,0.12471959657527029,0,0,0,0,0,0,0,1,1,0,0,0,0
0,1.5310852911355222,1,0,1,1,1,1.3130570736195162,0,-0.495617400859357,3,4,1,1,1,0,1,0,0,0,1,0,0
1,-0.46536881140368175,0,0,0,0,1,-0.6597632403646212,0,-0.4285951782086723,1,0,0,0,0,1,0,0,1,0,0,0,1
1,-0.38388088885106114,0,0,1,0,1,-0.5101812452015443,0,-0.42658336565851496,1,1,0,1,0,1,0,0,0,1,0,0,1
0,-1.076528230548336,0,0,0,0,0,-1.4691680364137156,0,-0.3235766681335812,0,0,0,1,0,0,0,1,0,1,0,0,0
1,-1.1580161531009565,0,0,0,0,0,-1.504070501951767,0,-0.2106827172812964,0,0,0,1,1,0,0,1,0,0,1,1,0
0,-1.1987601143772668,0,1,0,1,1,1.1368827237607813,1,2.2219568027085583,0,4,1,0,1,0,1,0,1,0,0,1,0
0,-0.38388088885106114,1,0,0,1,1,0.9540602852281315,0,-0.2123363829818653,1,2,1,0,0,0,1,0,1,0,0,0,1
0,-0.26164900502213034,0,1,1,1,0,-0.34065498401672384,0,-0.4312579435375742,2,4,1,1,1,1,0,0,0,1,0,1,0
1,-0.9950403079957154,0,0,0,0,0,-1.4874502802669807,0,-0.407047413019441,0,0,0,0,0,0,0,1,1,0,0,0,0
0,-0.26164900502213034,1,0,0,0,1,0.6366140510487127,1,-0.3041526583173749,2,1,1,0,0,0,1,0,1,0,0,0,1
0,-1.2395040756535771,1,0,0,0,1,0.4870320558856357,0,2.424287664895814,0,1,0,0,0,0,1,0,1,0,0,0,1
0,1.4088534073065913,1,1,1,1,0,1.708618349717431,1,-0.4676246017738456,3,6,1,1,1,0,1,0,0,0,1,1,0
0,1.5718292524118322,1,0,0,1,1,0.9607083739020461,1,-0.515184179909585,3,2,1,1,1,0,1,0,0,0,1,0,0
0,1.082901717096109,1,1,1,0,0,0.5003282332334644,0,-0.5117471492378143,3,5,1,1,1,1,0,0,0,1,0,1,0
1,0.2680224915699033,1,0,0,1,0,1.1701231671303538,0,-0.37527109171439116,2,3,1,1,0,0,1,0,0,1,0,0,1
1,-0.46536881140368175,0,0,0,0,0,-1.5024084797832884,0,-0.5630992172763368,1,0,0,1,0,0,0,1,0,0,1,0,0
0,-1.2802480369298874,0,0,0,0,0,-1.499084435446331,1,0.4826895835219538,0,0,0,0,0,0,0,1,1,0,0,0,0
1,0.6347181430566958,0,0,0,0,0,-1.4824642137615447,0,-0.6189733743096378,2,0,0,1,1,0,0,1,0,0,1,0,0
0,-0.05792919864057891,0,1,0,0,1,-0.47860282400045034,0,-0.4832457345162441,2,4,1,1,1,1,0,0,0,1,0,1,0
1,1.2866215234776603,1,1,1,1,0,1.6138830861141487,0,-0.4635364338135358,3,6,1,1,0,0,1,0,0,1,0,0,1
1,0.5532302205040753,1,0,0,0,1,0.5053142997389005,0,-0.4684062062645806,2,1,0,0,1,0,1,0,1,0,0,0,0
0,0.797693988161937,1,0,1,1,1,0.5368927209399946,0,-0.488806896639134,3,4,1,1,1,1,0,0,0,0,1,0,0
1,1.4088534073065913,1,0,0,0,1,-1.3262341299245533,0,-0.6243509115959311,3,0,0,1,0,0,0,1,0,0,1,0,0
0,1.4088534073065913,1,0,0,0,0,-0.3290208288373734,0,-0.5728526717858263,3,1,0,0,0,1,0,0,1,0,0,0,1
0,-1.1172721918246462,1,0,0,0,0,0.3573943267443021,1,0.802722533808527,0,0,0,0,0,0,1,0,1,0,0,0,1
0,1.5718292524118322,1,0,1,1,0,1.477597268298901,0,-0.48997388418032356,3,5,1,1,0,0,1,0,0,0,1,0,1
0,-0.9542963467194051,0,0,0,1,1,0.42719925782040497,1,0.23930890217939887,0,1,1,0,1,0,1,0,1,0,0,0,0
0,-0.26164900502213034,1,1,0,0,1,1.0039209502824906,1,-0.2563800936342728,2,3,1,0,0,0,1,0,1,0,0,0,1
0,1.5718292524118322,1,1,1,1,1,1.711942394054388,0,-0.47854413595580303,3,6,1,1,1,0,1,0,0,1,0,0,0
0,-0.01718523736426863,0,0,0,0,0,-1.4924363467724167,0,-0.5967031192130314,2,0,0,0,1,0,0,1,1,0,0,0,0
0,-1.2395040756535771,0,0,0,0,0,0.18454402122252414,0,2.070208656068116,0,0,0,0,0,0,1,0,1,0,0,0,1
0,1.5718292524118322,1,0,0,0,0,-1.3029658195658524,0,-0.625590684035804,3,0,0,1,1,0,0,1,0,0,1,1,0
0,1.1236456783724194,0,1,0,0,1,-0.6763834620494076,0,-0.5820351174962292,3,3,1,1,0,1,0,0,0,1,0,0,1
0,0.9199258719908678,1,0,0,1,1,1.17510923363579,0,-0.4583365263795232,3,3,1,1,0,0,1,0,0,1,0,0,1
0,0.8791819107145575,0,1,1,1,1,1.3496215613260465,1,-0.44339858132499516,3,5,1,1,1,0,1,0,0,1,0,1,0
0,-1.2395040756535771,0,0,0,1,1,1.0321753271466272,1,3.062408076409467,0,3,1,0,0,0,1,0,1,0,0,0,1
0,-1.076528230548336,1,0,0,0,1,0.3008855730160285,0,0.5644001240206532,0,0,0,0,0,0,1,0,1,0,0,0,0
1,0.6347181430566958,0,1,0,0,1,0.17623391038013098,0,-0.5001000223887894,2,4,1,1,1,1,0,0,0,0,1,1,0
1,1.24587756220135,1,0,0,0,0,-1.3145999747452028,0,-0.6210410768081358,3,0,0,1,0,0,0,1,0,0,1,0,0
0,-1.2802480369298874,1,0,0,0,1,0.47705992287476395,1,3.952469321127445,0,1,0,0,0,0,1,0,1,0,0,0,1
1,-0.8320644628904743,0,0,0,0,0,-1.4542098368974081,0,-0.4780827058583592,0,0,0,0,1,0,0,1,1,0,0,1,0
0,0.8791819107145575,0,0,0,0,1,-1.3245721077560746,0,-0.6141417756917583,3,0,0,0,1,1,0,0,1,0,0,0,0
1,-0.09867315991688919,0,0,1,1,1,-0.009912572489475751,0,-0.424222106759695,2,3,1,1,0,1,0,0,0,1,0,0,1
0,-0.09867315991688919,0,0,0,0,0,-1.5007464576148097,1,-0.5931031086659934,2,0,0,0,1,0,0,1,1,0,0,0,0
0,-1.1580161531009565,0,0,0,1,1,0.47207385636932786,1,1.1772291777608999,0,1,1,0,0,0,1,0,1,0,0,0,1
0,0.3087664528462136,1,0,1,1,1,1.3679038051793113,0,-0.3654487445115858,2,4,1,1,1,0,1,0,0,1,0,1,0
1,-0.9542963467194051,0,0,1,0,1,0.3673664597551738,0,0.21829762033687597,0,1,0,0,0,0,1,0,1,0,0,0,1
1,-0.6283446565089229,0,1,1,1,0,0.8992135536683364,1,-0.07145055025692508,1,3,1,0,0,0,1,0,1,0,0,0,1
0,1.2051336009250397,0,0,0,0,1,-0.7046378389135444,0,-0.5863103335012817,3,3,1,1,1,1,0,0,0,0,1,1,0
0,-0.18016108246950976,0,0,1,1,1,0.8792692876465931,0,-0.2997995333719963,2,3,1,1,1,0,1,0,0,1,0,0,0
0,1.5310852911355222,1,1,1,1,0,0.829408622592234,0,-0.5195386959148113,3,6,1,1,1,1,0,0,0,0,1,1,0
0,0.5532302205040753,0,0,1,1,1,1.3163811179564737,0,-0.40780629173059063,2,5,1,1,1,0,1,0,0,0,1,0,0
0,-0.38388088885106114,1,0,0,0,0,0.8427047999400633,0,-0.22862985385511791,1,2,1,0,0,0,1,0,1,0,0,0,0
1,0.5939741817803856,0,1,1,0,0,-0.8143313020331343,0,-0.5690904392663659,2,3,0,1,0,1,0,0,0,1,0,0,1
1,1.4495973685829016,0,1,0,1,1,1.3446354948206103,0,-0.48903990845429884,3,5,1,1,1,0,1,0,0,0,1,0,0
0,1.1236456783724194,1,0,1,1,1,1.3695658273477898,1,-0.4642532962387361,3,4,1,1,0,0,1,0,0,1,0,0,1
1,1.4088534073065913,1,0,1,1,1,1.3030849406086444,0,-0.4885672192966216,3,4,1,1,0,0,1,0,0,0,1,0,1
0,-0.7505765403378537,0,0,1,1,1,0.16127571086382367,0,-0.12508119866361117,1,3,1,0,0,1,0,0,1,0,0,0,1
1,1.0014137945434884,1,0,0,0,1,0.31584377253233625,0,-0.5175601363759197,3,0,0,0,0,0,1,0,1,0,0,0,1
1,0.9199258719908678,1,1,0,1,0,1.2000395661629695,0,-0.4567731869567164,3,3,1,1,0,0,1,0,0,1,0,0,0
0,-1.2802480369298874,0,0,0,0,1,-1.4808021915930663,0,0.5147901530035858,0,0,0,0,0,0,0,1,1,0,0,0,0
1,-1.2802480369298874,0,0,1,0,1,-0.4952230456852367,1,2.245302671422472,0,1,0,0,0,1,0,0,1,0,0,0,0
0,-0.38388088885106114,1,0,1,1,1,1.0670777926846788,0,-0.1957997259761761,1,3,1,0,1,0,1,0,1,0,0,1,0
0,-0.791320501614164,1,1,0,1,1,1.181757322309704,1,0.16960480844785514,1,3,1,0,0,0,1,0,1,0,0,0,1
0,0.5939741817803856,1,0,0,1,1,1.3064089849456015,0,-0.41393768677181153,2,4,1,0,0,0,1,0,1,0,0,0,1
0,0.22727853029359305,0,0,0,0,0,-1.485788258098502,0,-0.6069339427986162,2,0,0,1,0,0,0,1,0,1,0,0,0
0,0.22727853029359305,1,0,0,0,1,0.3374500607225587,1,-0.44276459677833524,2,0,0,0,1,0,1,0,1,0,0,0,0
0,-1.2395040756535771,1,0,0,0,1,-0.2741740972775785,0,1.5332536756480903,0,1,0,0,1,1,0,0,1,0,0,1,0
1,-1.2802480369298874,0,0,1,0,1,-0.5168293338754589,1,2.207365634762362,0,1,0,0,1,1,0,0,1,0,0,1,0
0,-0.7098325790615434,0,0,0,0,1,0.126373245325772,0,-0.16661739008378348,1,0,0,0,1,0,1,0,1,0,0,0,0
0,-0.26164900502213034,0,0,0,0,1,0.14133144484207977,0,-0.36856996273169357,2,0,0,0,1,0,1,0,1,0,0,1,0
1,0.10504664646466222,0,0,0,0,0,-1.499084435446331,0,-0.6032175598516363,2,0,0,1,1,0,0,1,0,0,1,1,0
1,-1.1987601143772668,0,0,0,0,1,-1.4874502802669807,0,-0.08198861599584464,0,0,0,0,0,0,0,1,1,0,0,0,0
1,0.7162060656093164,1,0,1,1,0,1.2931128075977727,1,-0.42974478538019084,3,4,1,0,0,0,1,0,1,0,0,0,1
0,0.3902543753988342,1,1,0,0,1,0.9839766842607471,0,-0.41083282196465576,2,3,1,0,0,0,1,0,1,0,0,0,1
0,-0.9135523854430948,0,1,1,0,1,-0.3273588066688946,0,-0.08397832071578046,0,2,0,0,1,1,0,0,1,0,0,1,0
0,1.1643896396487294,0,1,1,0,0,0.9607083739020461,0,-0.49068252334043444,3,4,1,1,1,0,1,0,0,1,0,0,0
0,1.4495973685829016,1,1,1,1,0,1.5108377116684737,0,-0.4805812603695474,3,5,1,1,1,0,1,0,0,0,1,1,0
0,-0.9135523854430948,0,1,0,1,1,1.1335586794238242,0,0.3824084656371864,0,4,1,1,0,0,1,0,0,1,0,0,1
0,1.3273654847539706,1,1,0,0,0,0.829408622592234,1,-0.5083602296478791,3,3,0,1,0,0,1,0,0,1,0,0,1
1,1.6125732136881425,0,1,1,1,1,0.5202724992552084,0,-0.5384523178962363,3,5,1,1,1,1,0,0,0,0,1,0,0
1,0.9199258719908678,0,0,1,0,0,0.48537003371715715,0,-0.5015889170771767,3,2,0,0,0,0,1,0,1,0,0,0,1
0,-1.2802480369298874,0,0,0,0,1,-1.4791401694245876,1,0.5177083865928251,0,0,0,0,0,0,0,1,1,0,0,0,0
0,-1.0357842692720256,0,0,1,0,0,-0.06642132621774938,0,0.2492308963828123,0,3,1,0,1,1,0,0,1,0,0,0,0
0,-1.2395040756535771,1,0,0,0,1,0.3357880385540801,0,2.2472481604819654,0,0,0,0,0,0,1,0,1,0,0,0,0
0,-0.9542963467194051,0,1,0,0,1,0.33412601638560113,0,0.20662468597991895,0,1,0,0,0,0,1,0,1,0,0,0,1
1,-0.22090504374582004,1,0,0,0,1,-1.2946557087234591,0,-0.5593282530928393,2,0,0,1,1,0,0,1,0,0,1,1,0
0,-1.0357842692720256,1,0,0,1,1,1.2349420317010207,1,0.8204751214763992,0,3,1,0,0,0,1,0,1,0,0,0,1
0,1.2866215234776603,0,0,1,0,1,0.11640111231490027,0,-0.544438848087523,3,4,1,1,0,1,0,0,0,0,1,0,0
0,1.5310852911355222,0,1,1,0,0,-0.5450837107395957,0,-0.5875212079796247,3,4,1,1,1,1,0,0,0,0,1,0,0
0,-1.2395040756535771,1,0,0,1,1,0.9706805069129179,1,2.9904249812082315,0,2,1,0,0,0,1,0,1,0,0,0,1
0,1.4088534073065913,0,1,1,1,1,1.3379874061466956,0,-0.4867647809032679,3,5,1,1,0,0,1,0,0,0,1,0,1
0,0.512486259227765,1,0,0,1,1,0.8144504230759262,1,-0.44048726844782526,2,2,1,0,1,0,1,0,1,0,0,1,0
0,-0.3431369275747509,1,0,0,0,0,-1.3179240190821602,0,-0.5496647310073298,1,0,0,1,1,0,0,1,0,0,1,1,0
1,-1.1580161531009565,0,0,0,0,0,-1.5057325241202457,0,-0.21185001071699214,0,0,0,1,1,0,0,1,0,0,1,1,0
1,0.4717422979514547,0,0,0,1,1,0.9357780413748666,0,-0.42598350653183803,2,3,1,0,1,0,1,0,1,0,0,0,0
1,1.6125732136881425,0,0,0,0,1,-1.4658439920767583,0,-0.6339944860918781,3,0,0,1,0,0,0,1,0,0,1,0,0
0,-1.2802480369298874,0,0,0,0,1,0.31584377253233625,1,3.6694006629712352,0,1,0,0,1,0,1,0,1,0,0,1,0
0,1.368109446030281,0,0,0,0,0,-1.5107185906256815,0,-0.6333823193238226,3,0,0,1,1,0,0,1,0,0,1,0,0
0,-1.2802480369298874,0,0,1,0,1,-0.6697353733754932,1,1.9388881445523487,0,3,1,0,0,1,0,0,1,0,0,0,0
1,-0.791320501614164,0,1,0,0,0,0.6399380953856697,1,0.033698501291854865,1,2,1,0,0,0,1,0,1,0,0,0,1
0,-0.9135523854430948,1,0,0,0,1,0.5285826100976015,1,0.18927446082207833,0,1,0,0,1,0,1,0,1,0,0,0,0
0,1.3273654847539706,1,0,0,1,1,1.3147190957879948,0,-0.4825382839491558,3,4,1,0,0,0,1,0,1,0,0,0,1
1,-1.2802480369298874,0,0,0,0,0,-1.504070501951767,0,0.47393488275423606,0,0,0,0,0,0,0,1,1,0,0,0,0
1,0.22727853029359305,0,1,1,1,0,0.3075336616899431,0,-0.44545835086071,2,5,1,1,0,1,0,0,0,1,0,0,1
1,-0.38388088885106114,0,1,1,0,0,-0.8209793907070487,0,-0.47205917242416023,1,3,0,1,0,1,0,0,0,0,1,0,0
0,-0.9135523854430948,0,0,0,0,0,-1.485788258098502,0,-0.4537981046611933,0,0,0,1,0,0,0,1,0,1,0,0,0
1,-1.1580161531009565,1,0,0,1,1,1.2266319208586274,1,1.707180397566751,0,3,1,0,0,0,1,0,1,0,0,0,1
1,1.6125732136881425,1,1,1,1,1,0.6233178737008834,0,-0.5334953183747888,3,5,1,1,1,1,0,0,0,0,1,1,0
0,0.10504664646466222,0,0,1,0,0,-0.2642019642667066,0,-0.4827593622513709,2,2,0,0,0,1,0,0,1,0,0,0,1
0,-1.2802480369298874,0,0,0,0,0,-1.4758161250876303,1,0.5235448537713036,0,0,0,0,0,0,0,1,1,0,0,0,0
1,1.0421577558197987,0,0,0,0,0,-1.504070501951767,0,-0.6284154901843332,3,0,0,1,1,0,0,1,0,0,1,1,0
1,1.5310852911355222,0,0,1,1,1,1.374551893853226,0,-0.49257586162550204,3,5,1,1,0,0,1,0,0,1,0,0,1
1,0.22727853029359305,1,0,0,1,0,0.47041183420084937,0,-0.43079235641222546,2,4,1,1,1,1,0,0,0,1,0,1,0
1,1.1236456783724194,0,0,0,1,1,-0.5002091121906725,0,-0.57189305977625,3,3,1,0,0,1,0,0,1,0,0,0,1
0,-0.26164900502213034,1,1,0,1,1,0.9174957975216018,0,-0.26762069708912034,2,3,1,0,1,0,1,0,1,0,0,1,0
0,-0.9950403079957154,0,1,1,0,0,-0.21932736571778344,0,0.08775530444490615,0,3,0,1,1,1,0,0,0,1,0,0,0
1,0.3495104141225239,1,0,1,1,1,1.2565483198912426,1,-0.38194133991836665,2,4,1,1,0,0,1,0,0,1,0,0,1
0,0.1457906077409725,1,0,0,1,1,0.902537598005294,0,-0.3770062576323172,2,2,1,0,1,0,1,0,1,0,0,1,0
0,0.8791819107145575,0,0,1,0,0,0.015017760037703748,0,-0.5286110021307818,3,3,1,1,1,1,0,0,0,1,0,0,0
1,1.5718292524118322,1,0,0,1,1,1.3695658273477898,1,-0.4952429170497833,3,4,1,1,1,0,1,0,0,0,1,0,0
0,0.9199258719908678,1,0,0,0,1,0.27595524048884895,0,-0.5147209682287534,3,0,0,0,0,0,1,0,1,0,0,0,1
0,1.6125732136881425,1,1,0,0,0,-0.1678046784949459,0,-0.5715522824426762,3,2,0,1,1,1,0,0,0,0,1,0,0
1,-1.1987601143772668,0,1,1,0,1,-0.32237274016345874,1,0.9408522570325191,0,2,0,0,0,1,0,0,1,0,0,0,0
1,0.8791819107145575,1,0,0,0,1,-0.16614265632646738,0,-0.5401778189026757,3,2,0,1,1,1,0,0,0,0,1,0,0
1,1.6125732136881425,1,1,1,1,1,1.7219145270652598,0,-0.48064730734774336,3,6,1,1,1,0,1,0,0,0,1,0,0
0,0.797693988161937,1,1,1,1,1,1.4792592904673796,0,-0.4263677100316372,3,5,1,1,0,0,1,0,0,0,1,0,1
0,1.1236456783724194,1,1,0,1,1,1.2166597878477559,0,-0.4730558369013594,3,3,1,1,1,0,1,0,0,1,0,0,0
0,0.2680224915699033,0,0,0,1,1,-0.4702927131580572,0,-0.5192859193433491,2,3,1,0,1,1,0,0,1,0,0,1,0
0,-0.7098325790615434,0,0,0,1,0,-0.28747027462540753,0,-0.2574474105488557,1,1,1,1,0,1,0,0,0,1,0,0,0
0,1.4903413298592119,1,0,1,1,1,1.3861860490325761,1,-0.4894990922074711,3,4,1,1,1,0,1,0,0,0,1,0,0
1,0.4309983366751445,0,0,0,0,1,-1.5157046571311175,0,-0.6161580098079599,2,0,0,1,0,0,0,1,0,1,0,0,0
0,1.24587756220135,1,1,1,1,0,0.6050356298476185,0,-0.5157110831965309,3,5,1,1,1,1,0,0,0,1,0,0,0
0,-1.2395040756535771,0,0,0,0,0,0.17623391038013098,0,2.0604812107706514,0,0,0,0,0,0,1,0,1,0,0,0,1
1,1.6125732136881425,0,1,1,1,1,1.4460188470978068,0,-0.4939192738083932,3,6,1,1,1,0,1,0,0,0,1,0,0
1,-0.01718523736426863,1,0,0,0,1,0.8726211989726784,1,-0.34502757997136607,2,2,1,0,1,0,1,0,1,0,0,0,0
1,0.3087664528462136,1,0,0,0,0,-1.3145999747452028,0,-0.5952062573424238,2,0,0,1,1,0,0,1,0,0,1,1,0
0,1.0421577558197987,0,1,0,1,1,-0.6464670630167922,0,-0.577371133165775,3,3,1,1,0,1,0,0,0,1,0,0,1
0,1.4088534073065913,0,1,1,1,0,-0.6946657059026727,0,-0.5917353597161981,3,3,1,1,0,1,0,0,0,0,1,0,1
0,0.7569500268856267,1,1,0,0,1,0.42221319131496887,1,-0.4931228328182848,3,1,0,0,0,0,1,0,1,0,0,0,1
0,-0.05792919864057891,1,0,1,1,1,0.4820459893801996,0,-0.3778245461049755,2,4,1,1,0,1,0,0,0,1,0,0,0
0,1.4903413298592119,1,1,0,0,1,0.6681924722498068,0,-0.5255184325089387,3,2,0,0,1,0,1,0,1,0,0,1,0
0,-0.01718523736426863,1,0,1,0,1,0.48038396721172105,0,-0.3867671634295762,2,1,0,1,0,0,1,0,0,1,0,0,1
0,-0.46536881140368175,0,1,1,1,0,0.2078123315812251,0,-0.29011172970113613,1,4,1,1,1,1,0,0,0,0,1,1,0
0,0.797693988161937,0,1,0,0,0,-0.3672473387123819,0,-0.5487132767352156,3,2,0,1,0,1,0,0,0,1,0,0,1
1,1.6125732136881425,1,0,0,0,0,-1.3478404181147754,0,-0.6283179221237688,3,0,0,1,1,0,0,1,0,0,1,1,0
0,1.6125732136881425,0,0,0,1,1,-0.3522891391960741,1,-0.580426910618171,3,4,1,1,0,1,0,0,0,0,1,0,1
1,0.797693988161937,0,1,0,0,0,-0.6830315507233222,0,-0.56963646095995,3,3,1,1,1,1,0,0,0,1,0,0,0
0,0.3495104141225239,0,0,1,0,0,-0.49023697917980086,0,-0.5279919828845796,2,1,0,1,1,1,0,0,0,1,0,0,0
0,0.3495104141225239,0,0,0,0,0,-1.4841262359300234,0,-0.611092158425774,2,0,0,1,0,0,0,1,0,0,1,0,0
0,-1.076528230548336,0,0,0,0,1,0.1479795335159944,1,0.4876922696749354,0,0,0,0,0,0,1,0,1,0,0,0,0
1,1.4088534073065913,1,1,1,0,1,0.15130357785295148,0,-0.5480476862772926,3,4,0,1,1,1,0,0,0,1,0,1,0
1,-0.6690886177852331,0,0,0,0,0,-1.5107185906256815,0,-0.5342289919282478,1,0,0,0,0,0,0,1,1,0,0,0,0
0,-0.6283446565089229,0,0,0,0,0,-1.5173666792995961,0,-0.5429073990073581,1,0,0,1,0,0,0,1,0,0,1,0,0
0,0.10504664646466222,0,1,0,0,0,-0.12625412428298008,0,-0.469303062923212,2,3,0,0,0,1,0,0,1,0,0,0,0
1,1.0421577558197987,0,0,0,0,0,-1.472492080750673,0,-0.626535949906518,3,0,0,1,1,0,0,1,0,0,1,1,0
0,-1.2802480369298874,0,0,0,0,1,-0.4752787796634931,1,2.2803214744933435,0,1,0,0,0,1,0,0,1,0,0,0,1
1,0.797693988161937,0,0,1,1,0,-0.48525091267436476,0,-0.556531940313932,3,4,1,1,0,1,0,0,0,0,1,0,0
0,1.5310852911355222,0,1,1,1,0,0.4920181223910713,0,-0.5362260598194754,3,5,1,1,1,1,0,0,0,0,1,0,0
1,-0.5468567339563023,1,0,0,0,1,-1.3262341299245533,0,-0.5217664178942024,1,0,0,1,1,0,0,1,0,0,1,0,0
0,-1.2802480369298874,1,0,0,0,1,0.3191678168692938,1,3.675237130149714,0,0,0,0,0,0,1,0,1,0,0,0,1
1,0.10504664646466222,0,1,1,1,1,1.3994822263804054,0,-0.3204731498720093,2,5,1,0,0,0,1,0,1,0,0,0,1
0,-0.01718523736426863,1,0,0,1,1,1.2149977656792768,0,-0.30859387576631825,2,3,1,0,0,0,1,0,1,0,0,0,1
1,-0.6283446565089229,0,1,1,0,1,-0.3140626293210656,0,-0.30815171916188794,1,2,0,0,1,1,0,0,1,0,0,1,0
1,1.4088534073065913,0,0,0,0,0,-0.47361675749501453,0,-0.5803199165582915,3,1,0,1,1,1,0,0,0,1,0,1,0
0,-0.9542963467194051,0,0,0,0,0,-1.5057325241202457,0,-0.43947223067765506,0,0,0,0,1,0,0,1,1,0,0,0,0
1,-0.05792919864057891,1,0,1,1,1,0.4870320558856357,1,-0.3772773773069932,2,4,1,1,0,1,0,0,0,1,0,0,0
0,-1.1580161531009565,1,1,0,1,0,0.8593250216248496,0,1.449208548278,0,2,1,0,0,0,1,0,1,0,0,0,1
1,1.0421577558197987,1,1,1,0,1,0.8327326669291911,0,-0.4893295096260142,3,3,0,1,1,0,1,0,0,1,0,0,0
0,1.1236456783724194,0,1,1,1,0,0.47207385636932786,0,-0.5159203827367428,3,5,1,1,0,1,0,0,0,1,0,0,0
0,1.0421577558197987,1,0,1,1,1,1.3246912287988668,1,-0.4600482505611048,3,4,1,1,0,0,1,0,0,1,0,0,1
0,-1.2802480369298874,0,0,0,0,0,-1.504070501951767,0,0.47393488275423606,0,0,0,0,0,0,0,1,1,0,0,0,0
1,-0.22090504374582004,0,0,0,0,0,-1.4924363467724167,0,-0.5841332386013731,2,0,0,1,0,0,0,1,0,0,1,0,0
1,1.368109446030281,1,1,1,1,1,1.7102803718859096,0,-0.46456032840007033,3,6,1,1,0,0,1,0,0,1,0,0,1
0,-0.7098325790615434,1,1,0,1,1,0.7629277358530887,0,-0.026906956998953468,1,2,1,0,1,0,1,0,1,0,0,0,0
0,0.5939741817803856,1,0,0,1,1,1.1717851892988325,1,-0.423786725135494,2,3,1,0,0,0,1,0,1,0,0,0,1
0,0.3495104141225239,1,1,0,0,1,0.5485268761193449,0,-0.4411397927286489,2,1,0,0,1,0,1,0,1,0,0,1,0
0,1.082901717096109,0,0,0,1,1,-0.6813695285548437,0,-0.580909285302785,3,2,1,0,0,1,0,0,1,0,0,0,1
1,0.7162060656093164,0,0,0,0,0,0.18454402122252414,0,-0.5060766208320573,3,0,0,1,1,0,1,0,0,0,1,1,0
1,-0.6283446565089229,0,1,0,1,0,-0.6763834620494076,0,-0.3788378216567947,1,3,1,1,1,1,0,0,0,1,0,1,0
1,-1.076528230548336,0,1,0,0,1,-0.5201533782124163,0,0.15251229742516798,0,1,0,0,0,1,0,0,1,0,0,0,1
0,0.7569500268856267,0,0,0,0,1,-1.1749901125929976,0,-0.6009852358667054,3,1,0,0,1,1,0,0,1,0,0,1,0
0,0.4717422979514547,0,0,1,1,0,1.1884054109836186,1,-0.40626921739564387,2,4,1,0,0,0,1,0,1,0,0,0,1
0,0.6754621043330061,0,0,0,1,1,0.6814886495976356,0,-0.4679541905086304,3,2,1,0,1,0,1,0,1,0,0,1,0
0,-1.2395040756535771,0,0,0,1,0,1.025527238472713,1,3.054626120171496,0,3,1,0,0,0,1,0,1,0,0,0,1
0,1.082901717096109,1,1,1,0,1,0.14299346701055832,0,-0.5326611566273625,3,3,1,1,0,1,0,0,0,1,0,0,0
0,0.7162060656093164,1,1,0,1,1,0.18454402122252414,0,-0.5060766208320573,3,3,1,0,1,1,0,0,1,0,0,0,0
1,1.082901717096109,0,0,0,0,0,-1.4691680364137156,0,-0.6270173760127654,3,0,0,1,0,0,0,1,0,0,1,0,0
0,-0.5876006952326126,1,0,0,0,0,0.31085770602690066,0,-0.21154282823391427,1,0,0,0,0,0,1,0,1,0,0,0,0
0,-0.9135523854430948,1,0,0,0,0,0.3407741050595158,0,0.12931802526134414,0,0,0,0,0,0,1,0,1,0,0,0,1
0,-0.7505765403378537,0,0,0,0,0,-0.6713973955439717,0,-0.3200192024247943,1,0,0,1,0,1,0,0,0,1,0,0,1
0,0.10504664646466222,0,0,0,0,0,-1.4409136595495788,0,-0.5975432167614488,2,0,0,1,1,0,0,1,0,0,1,0,0
1,-0.9950403079957154,0,0,0,0,1,-0.7096239054189802,0,-0.10355111973855696,0,0,0,1,0,1,0,0,0,1,0,0,0
1,-0.5876006952326126,0,0,0,0,0,-1.4874502802669807,0,-0.543914274924113,1,0,0,1,1,0,0,1,0,1,0,0,0
1,1.1236456783724194,1,1,0,1,0,0.9756665734183539,0,-0.48692940642397237,3,3,1,1,1,0,1,0,0,1,0,0,0
0,-1.2802480369298874,0,0,0,1,0,0.9839766842607471,1,4.842530565845422,0,3,1,0,0,0,1,0,1,0,0,0,1
0,-1.076528230548336,0,0,0,0,0,-1.504070501951767,0,-0.34108606966901683,0,0,0,1,0,0,0,1,0,0,1,0,0
1,-0.5468567339563023,1,1,1,1,1,0.3690284819236528,0,-0.224106591791797,1,4,1,0,0,1,0,0,1,0,0,0,0
1,0.8384379494382472,1,1,1,0,0,-0.021546727668825993,0,-0.5284243137866891,3,3,0,1,1,1,0,0,0,1,0,0,0
0,1.6125732136881425,1,1,0,1,1,1.4875694013097727,0,-0.4919204836787773,3,5,1,1,1,0,1,0,0,0,1,0,0
0,1.1236456783724194,1,0,1,1,1,1.5291199555217385,0,-0.4550680364168682,3,5,1,1,1,0,1,0,0,0,1,1,0
0,-1.2802480369298874,0,0,0,1,1,-0.32569678450041606,1,2.542962497524878,0,1,1,0,1,1,0,0,1,0,0,1,0
1,-0.791320501614164,0,0,1,0,0,-0.3772194717232536,0,-0.22143849251020684,1,2,0,0,0,1,0,0,1,0,0,0,0
1,-1.1172721918246462,0,0,0,0,0,0.17124784387469535,0,0.6937751464769276,0,0,0,0,1,0,1,0,1,0,0,1,0
0,-1.2802480369298874,1,0,0,1,1,1.2183218100162343,1,5.254001501928158,0,3,1,0,0,0,1,0,1,0,0,0,1
1,-0.791320501614164,0,0,0,1,0,1.070401837021636,0,0.14167314409370788,1,3,1,0,0,0,1,0,1,0,0,0,1
0,0.18653456901728277,1,1,1,1,1,0.8576629994563706,0,-0.3887871209698152,2,6,1,1,1,1,0,0,0,1,0,0,0
0,1.2866215234776603,0,1,0,0,1,0.2909134400051568,0,-0.5350107087992114,3,1,0,0,0,0,1,0,1,0,0,0,0
0,-1.1172721918246462,1,0,1,1,0,0.10476695713555004,1,0.6548653652870708,0,3,1,0,1,1,0,0,1,0,0,0,0
0,1.1643896396487294,1,0,1,0,1,0.9823146620922681,0,-0.48945874796430194,3,3,1,1,1,0,1,0,0,0,1,0,0
0,-1.2802480369298874,0,0,0,0,1,0.15628964435838757,1,3.3892502384042658,0,0,0,0,0,0,1,0,1,0,0,0,1
0,-1.2802480369298874,0,0,0,0,1,-1.5273388123104679,1,0.43307961250488636,0,0,0,0,0,0,0,1,1,0,0,0,0
0,-0.26164900502213034,0,0,0,0,0,-1.509056568457203,0,-0.5832222556290709,2,0,0,1,0,0,0,1,0,1,0,0,0
0,-1.2802480369298874,0,0,0,0,1,0.14631751134751586,1,3.37174083686883,0,0,0,0,0,0,1,0,1,0,0,0,1
0,-0.3431369275747509,0,0,0,0,0,-1.4974224132778524,0,-0.5748782692183572,1,0,0,1,0,0,0,1,0,0,1,0,0
0,-0.6283446565089229,0,0,1,1,0,-0.33899296184824507,0,-0.31301544181062013,1,4,1,1,0,1,0,0,0,1,0,0,1
1,-0.26164900502213034,0,0,0,0,1,-1.1633559574136474,0,-0.5382598418096807,2,1,0,0,0,1,0,0,1,0,0,0,0
0,-1.2802480369298874,0,0,0,0,1,0.16127571086382367,1,3.398004939171984,0,0,0,0,0,0,1,0,1,0,0,0,1
0,0.3087664528462136,1,1,0,1,0,1.2316179873640631,1,-0.3771216788685429,2,3,1,0,0,0,1,0,1,0,0,0,1
0,0.797693988161937,1,0,0,1,1,1.2715065194075503,0,-0.4401329628110678,3,4,1,0,0,0,1,0,1,0,0,0,1
0,-1.2802480369298874,0,0,0,0,1,0.5817673194889176,1,4.136318037249518,0,2,0,0,0,0,1,0,1,0,0,0,1
0,-1.2802480369298874,0,0,0,0,0,-1.4791401694245876,0,0.5177083865928251,0,0,0,0,0,0,0,1,1,0,0,0,0
0,-0.46536881140368175,0,1,1,0,0,-0.987181607554912,0,-0.48085808885232106,1,2,0,1,0,1,0,0,0,0,1,0,0
0,1.4088534073065913,1,0,0,1,1,1.359593694336918,0,-0.4856489857073823,3,4,1,1,1,0,1,0,0,1,0,0,0
1,0.4717422979514547,0,1,1,0,0,-0.2841462302884502,0,-0.5211827711763546,2,2,0,0,1,1,0,0,1,0,0,0,0
1,1.5310852911355222,0,0,1,1,0,-0.14786041247320225,0,-0.567874508604183,3,5,1,1,0,1,0,0,0,1,0,0,1
0,-1.1987601143772668,0,0,0,1,0,0.48038396721172105,1,1.6456056688338023,0,1,1,0,0,0,1,0,1,0,0,0,1
1,0.9606698332671781,0,1,0,0,1,-0.16614265632646738,0,-0.5446310340512946,3,3,0,1,1,1,0,0,0,0,1,0,0
0,-0.791320501614164,1,0,0,0,1,0.6582203392389346,1,0.038284296932088034,1,1,1,0,0,0,1,0,1,0,0,0,1
1,1.0421577558197987,1,1,0,0,1,0.9507362408911745,1,-0.48230596437733647,3,3,1,0,1,0,1,0,1,0,0,0,0
1,0.3902543753988342,1,0,0,1,1,0.9773285955868325,1,-0.4113757491440491,2,2,1,0,0,0,1,0,1,0,0,0,1
0,-1.2802480369298874,0,0,0,0,0,-1.3212480634191175,1,0.7949405775705556,0,0,0,0,0,1,0,0,1,0,0,0,1
1,0.5532302205040753,1,1,1,0,0,1.1584890119510036,0,-0.41960340624028136,2,4,1,1,0,0,1,0,0,0,1,0,0
1,1.24587756220135,0,1,0,0,1,-0.4702927131580572,0,-0.5747141185789625,3,1,0,1,1,1,0,0,0,0,1,0,0
0,-0.8728084241667845,0,0,1,0,1,-0.1295781686199374,0,-0.07469303202274648,0,3,0,0,0,1,0,0,1,0,0,0,1
1,-0.7098325790615434,1,0,1,0,1,-0.17112872283190322,0,-0.2319128666430121,1,2,0,0,1,1,0,0,1,0,0,0,0
0,1.6125732136881425,0,1,1,1,1,-0.0032644838155611237,0,-0.5636370735293972,3,6,1,1,0,1,0,0,0,0,1,0,1
0,-0.13941712119319946,0,0,0,0,1,-1.3195860412506386,1,-0.5694308998517772,2,0,0,0,1,1,0,0,1,0,0,1,0
1,-1.2802480369298874,0,0,0,0,0,-0.5268014668863306,1,2.1898562332269265,0,1,0,0,0,1,0,0,1,0,0,0,1
1,-1.076528230548336,0,0,0,1,0,-0.33068285100585193,0,0.24756333433181854,0,1,1,0,0,1,0,0,1,0,0,0,1
0,-1.2802480369298874,0,0,0,0,0,-0.648129085185271,1,1.9768251812124595,0,0,0,0,0,1,0,0,1,0,0,0,1
1,1.24587756220135,1,0,0,0,1,0.8825933319835501,0,-0.5004815516526885,3,2,1,1,0,0,1,0,0,1,0,0,1
0,-1.2395040756535771,0,0,0,0,1,0.6997708934509005,1,2.6733102645108975,0,2,1,0,0,0,1,0,1,0,0,0,1
1,-0.5876006952326126,1,0,0,0,0,-1.3195860412506386,0,-0.5128888441332535,1,0,0,1,0,0,0,1,0,0,1,0,0
0,0.4309983366751445,0,1,1,0,0,-1.0237460952614421,0,-0.5768945033345588,2,2,0,0,1,1,0,0,1,0,0,0,0
0,-0.7098325790615434,0,1,1,0,0,-0.6281848191635273,0,-0.33222714627311195,1,4,0,1,0,1,0,0,0,1,0,0,0
1,-0.9135523854430948,1,0,0,1,0,1.010569038956405,1,0.3431449591637851,0,2,1,0,0,0,1,0,1,0,0,0,1
1,0.9199258719908678,0,0,0,0,0,-1.472492080750673,0,-0.6243631730816002,3,0,0,1,0,0,0,1,0,0,1,0,0
1,0.6754621043330061,1,0,1,1,1,1.1900674331520973,1,-0.4322350113763417,3,3,1,1,1,0,1,0,0,1,0,0,0
1,-1.076528230548336,0,0,0,0,1,-0.3157246514895444,1,0.2550673635612908,0,2,0,0,0,1,0,0,1,0,0,0,0
1,1.5310852911355222,0,0,0,0,0,-1.477478147256109,0,-0.6336375190659128,3,0,0,1,1,0,0,1,0,0,1,1,0
0,-1.2395040756535771,1,0,0,0,1,0.33412601638560113,1,2.245302671422472,0,0,0,0,0,0,1,0,1,0,0,0,0
0,1.24587756220135,0,1,1,0,0,-0.9539411641853394,0,-0.601251805281107,3,2,0,1,1,1,0,0,0,1,0,0,0
0,-0.3023929662984406,0,0,1,0,1,0.03330000389096862,0,-0.37167941960455825,2,3,1,0,1,1,0,0,1,0,0,0,0
0,-0.5876006952326126,0,0,0,0,0,-1.477478147256109,0,-0.5420711800256462,1,0,0,1,1,0,0,1,0,1,0,0,0
0,-0.18016108246950976,1,0,1,1,1,1.3629177386738751,0,-0.24123360409829786,2,4,1,0,0,0,1,0,1,0,0,0,1
0,0.8384379494382472,0,1,1,0,1,1.0620917261792426,0,-0.45795437674283707,3,4,1,1,0,0,1,0,0,1,0,0,0
0,0.10504664646466222,0,0,0,1,1,1.2482382090488493,1,-0.33522644190649675,2,4,1,1,1,0,1,0,0,1,0,0,0
0,-1.2802480369298874,0,0,0,0,0,-1.3428543516093396,0,0.757003540910445,0,0,0,0,0,1,0,0,1,0,0,0,0
0,1.5310852911355222,1,1,1,1,0,1.6903361058641662,1,-0.4769571466408411,3,6,1,1,1,0,1,0,0,1,0,1,0
0,-1.2395040756535771,0,0,1,0,1,0.5003282332334644,1,2.439851577371756,0,2,0,0,0,0,1,0,1,0,0,0,1
0,-0.26164900502213034,0,0,1,1,1,0.27429321832037046,0,-0.35127672664731274,2,4,1,0,0,1,0,0,1,0,0,0,1
0,0.06430268518835193,0,1,0,0,0,-0.01489863899491184,0,-0.4524792146754073,2,3,1,1,0,1,0,0,0,1,0,0,1
1,-0.5468567339563023,0,0,0,0,0,-1.472492080750673,0,-0.5474468734795079,1,0,0,1,0,0,0,1,0,0,1,0,0
0,-0.7098325790615434,1,0,0,0,1,0.3723525262606099,1,-0.11263006868285698,1,0,0,0,0,0,1,0,1,0,0,0,0
1,1.2051336009250397,0,1,0,0,0,-0.33400689534280925,0,-0.5656510925361912,3,2,0,1,1,1,0,0,0,1,0,1,0
0,0.3902543753988342,1,0,0,1,1,1.328015273135824,1,-0.38273634043104976,2,4,1,0,1,0,1,0,1,0,0,0,0
0,-0.9542963467194051,0,1,0,1,1,0.327477927711687,1,0.2042900991085277,0,4,1,0,0,1,0,0,1,0,0,0,1
0,-0.3431369275747509,0,1,0,0,1,-0.4536724914732709,0,-0.4282662136949763,1,1,0,0,0,1,0,0,1,0,0,0,1
0,1.4495973685829016,0,1,0,0,1,-0.7594845704733393,0,-0.5961263932072529,3,3,0,1,0,1,0,0,0,0,1,0,1
1,-0.05792919864057891,0,0,1,0,0,-0.34730307269063826,0,-0.46883695616937526,2,2,0,0,0,1,0,0,1,0,0,0,0
0,-1.2802480369298874,0,0,0,0,1,-0.2841462302884502,1,2.6159183372558594,0,1,1,0,0,1,0,0,1,0,0,0,1
0,-0.46536881140368175,1,0,1,1,1,1.3728898716847469,1,-0.10414066187779734,1,4,1,0,0,0,1,0,1,0,0,0,1
0,1.24587756220135,0,0,0,1,1,1.0371613936520632,0,-0.4920004352839619,3,3,1,1,0,0,1,0,0,1,0,0,1
0,-1.2395040756535771,0,0,0,0,1,0.4970041888965074,1,2.4359605992527706,0,1,1,0,1,0,1,0,1,0,0,0,0
1,1.1643896396487294,0,0,1,1,1,-0.11129592476667229,0,-0.5514006093100903,3,5,1,1,1,1,0,0,0,0,1,0,0
0,-1.2802480369298874,0,0,0,0,0,0.12803526749425098,1,3.3396402673871983,0,0,0,0,0,0,1,0,1,0,0,0,1
0,-0.5876006952326126,0,0,0,0,0,-1.5007464576148097,0,-0.5463717347887357,1,0,0,1,0,0,0,1,0,1,0,0,0
1,-1.076528230548336,0,0,0,0,0,-1.5223527458050319,0,-0.35025766094948313,0,0,0,1,1,0,0,1,0,1,0,1,0
0,0.02355872391204165,1,0,0,1,1,1.1701231671303538,0,-0.3237728519042864,2,3,1,0,0,0,1,0,1,0,0,0,1
0,-0.6690886177852331,0,0,0,0,0,-1.4808021915930663,1,-0.5280492031510352,1,0,0,0,1,0,0,1,1,0,0,0,0
0,0.9606698332671781,0,0,1,1,1,1.1269105907499095,0,-0.464968376773114,3,4,1,0,0,0,1,0,1,0,0,0,1
1,-0.38388088885106114,0,0,0,0,0,-1.495760391109374,0,-0.5707927421934221,1,0,0,1,0,0,0,1,0,1,0,0,0
0,-0.9542963467194051,0,0,0,0,1,0.2992235508475499,0,0.19436810490511408,0,1,0,0,0,0,1,0,1,0,0,0,1
0,-0.7505765403378537,1,0,0,1,1,1.1767712558042684,1,0.11265756440641463,1,3,1,0,0,0,1,0,1,0,0,0,1
1,-0.7098325790615434,1,0,0,0,1,0.3357880385540801,1,-0.12065521105326493,1,0,0,0,1,0,1,0,1,0,0,0,0
0,-1.1172721918246462,0,0,0,0,0,-1.4874502802669807,0,-0.27702389421000245,0,0,0,0,1,0,0,1,1,0,0,1,0
0,1.1643896396487294,1,1,0,1,1,1.3762139160217044,0,-0.4671483814917307,3,4,1,0,0,0,1,0,1,0,0,0,1
1,1.5310852911355222,1,1,1,1,1,1.7202525048967814,0,-0.4754774789054523,3,6,1,1,1,0,1,0,0,0,1,1,0
0,-0.7098325790615434,1,1,0,1,1,1.160151034119482,0,0.0602752714795697,1,3,1,0,0,0,1,0,1,0,0,0,1
1,-0.9950403079957154,0,0,0,0,0,-1.499084435446331,0,-0.411586887491591,0,0,0,1,0,0,0,1,0,0,1,0,0
1,-0.9950403079957154,0,0,0,0,0,-1.5057325241202457,0,-0.4141808729042481,0,0,0,1,0,0,0,1,0,0,1,0,0
0,-1.1580161531009565,0,1,0,0,1,-1.1849622456038695,0,0.013437622372279431,0,1,0,0,0,1,0,0,1,0,0,0,0
0,0.06430268518835193,0,1,0,0,0,-0.32569678450041606,0,-0.4836626250289926,2,2,0,1,0,1,0,0,0,1,0,0,0
0,1.4495973685829016,1,1,1,1,1,0.8643110881302852,0,-0.5134854014192307,3,6,1,1,1,1,0,0,0,0,1,1,0
1,0.512486259227765,0,0,1,0,0,-0.4586585579787067,0,-0.5376771349416201,2,4,1,1,1,1,0,0,0,1,0,0,0
0,-0.9542963467194051,1,0,0,1,1,0.8410427777715843,0,0.38463693492351436,0,2,1,0,0,0,1,0,1,0,0,0,1
0,-0.42462485012737144,1,1,1,0,1,-0.19107298885364687,0,-0.3674045489955723,1,2,0,0,0,1,0,0,1,0,0,0,0
0,-1.2395040756535771,0,0,0,0,0,-1.4791401694245876,0,0.12277410751577734,0,0,0,0,0,0,0,1,1,0,0,0,0
0,1.5310852911355222,1,0,1,1,0,0.27096917398341336,0,-0.547159160308738,3,4,1,1,1,1,0,0,0,0,1,0,0
1,-0.9135523854430948,1,1,1,0,0,0.2909134400051568,0,0.1134003875018573,0,4,1,1,1,1,0,0,0,1,0,1,0
0,1.6125732136881425,1,1,1,1,0,0.6482482062280629,0,-0.5322960442970193,3,5,1,1,1,1,0,0,0,0,1,1,0
1,0.6754621043330061,0,0,0,1,0,0.4388334129997552,0,-0.48499667466978763,3,4,1,1,1,1,0,0,0,1,0,1,0
0,0.8791819107145575,1,0,1,1,0,0.24271479711927632,0,-0.5140728929771171,3,3,1,1,0,1,0,0,0,1,0,0,0
0,1.5718292524118322,1,1,0,1,1,1.3944961598749692,0,-0.49402698638760023,3,5,1,1,1,0,1,0,0,0,1,1,0
0,-0.42462485012737144,0,0,0,0,1,-1.5140426349626388,0,-0.5693970652594381,1,0,0,1,0,0,0,1,0,1,0,0,0
1,0.7162060656093164,0,0,0,0,0,-1.4708300585821945,0,-0.6200593916117557,3,0,0,1,1,0,0,1,0,0,1,1,0
1,0.4309983366751445,0,0,0,0,0,-1.4891123024354593,0,-0.614035658106695,2,0,0,1,0,0,0,1,0,1,0,0,0
1,0.512486259227765,1,0,0,0,1,-1.3345442407669466,0,-0.6045427480515807,2,0,0,1,1,0,0,1,0,0,1,1,0
0,1.2866215234776603,1,1,0,1,1,1.286464718923858,0,-0.48122541895446314,3,4,1,0,1,0,1,0,1,0,0,0,0
1,-0.38388088885106114,1,0,0,0,0,-1.3611365954626045,0,-0.551094665466057,1,0,0,1,0,0,0,1,0,0,1,0,0
0,1.4495973685829016,1,0,0,0,0,-1.296317730891938,0,-0.6234478265210003,3,0,0,1,1,0,0,1,0,0,1,1,0
0,-1.2802480369298874,0,0,0,0,1,0.20116424290731047,1,3.4680425453137254,0,0,0,0,0,0,1,0,1,0,0,0,1
0,-1.2395040756535771,0,0,0,0,1,0.1662617773692593,1,2.048808276413695,0,0,0,0,1,0,1,0,1,0,0,1,0
0,-0.26164900502213034,0,0,1,1,0,-0.17777681150581762,0,-0.4100737293342076,2,2,1,1,1,1,0,0,0,1,0,1,0
0,0.9199258719908678,0,0,1,1,1,-0.34065498401672384,1,-0.5533875632861737,3,4,1,0,1,1,0,0,1,0,0,0,0
0,-0.7505765403378537,0,0,0,0,1,-1.4874502802669807,0,-0.5110662280669918,1,0,0,0,0,0,0,1,1,0,0,0,1
0,1.5718292524118322,0,1,1,1,1,0.5900774303313108,0,-0.5332610157540393,3,5,1,1,0,1,0,0,0,0,1,0,1
0,1.2866215234776603,1,1,1,1,0,0.5468648539508664,0,-0.5211827711763546,3,5,1,1,0,1,0,0,0,1,0,0,1
0,-1.0357842692720256,0,0,1,1,1,0.1978401985703534,1,0.36523068155507327,0,3,1,0,1,1,0,0,1,0,0,1,0
0,1.0014137945434884,0,1,1,1,1,0.31584377253233625,0,-0.5175601363759197,3,5,1,1,1,1,0,0,0,0,1,1,0
0,-0.791320501614164,1,0,0,1,0,0.974004551249875,1,0.11749349435429668,1,3,1,0,0,0,1,0,1,0,0,0,1
1,-1.1987601143772668,0,1,0,0,0,-1.1666800017506043,1,0.19962092536574474,0,1,0,0,1,1,0,0,1,0,0,1,0
0,1.6125732136881425,1,0,1,1,0,1.4925554678152089,0,-0.49168062886322333,3,5,1,1,1,0,1,0,0,0,1,1,0
1,0.3087664528462136,1,0,0,1,1,1.0487955488314133,0,-0.39278049324982683,2,3,1,0,1,0,1,0,1,0,0,1,0
0,-0.7505765403378537,1,0,1,1,1,0.05989235858662666,0,-0.14881616518942398,1,2,1,0,1,1,0,0,1,0,0,1,0
1,-1.2395040756535771,0,0,0,0,1,-0.674721439880929,0,1.0643908123103147,0,0,0,0,0,1,0,0,1,0,0,0,1
0,1.368109446030281,1,0,1,1,0,1.532443999858696,1,-0.4738812535955509,3,5,1,1,1,0,1,0,0,1,0,1,0
0,0.22727853029359305,1,0,1,1,1,1.3363253839782172,1,-0.3528231410279352,2,4,1,0,0,0,1,0,1,0,0,0,1
1,-1.2802480369298874,0,0,0,0,1,-1.3129379525767242,1,0.809531745516752,0,0,0,0,0,1,0,0,1,0,0,0,1
0,-0.42462485012737144,0,0,1,0,1,-0.3207107179949802,1,-0.3871977855138908,1,2,0,1,1,1,0,0,0,1,0,1,0
0,-1.2802480369298874,0,0,0,0,1,-1.485788258098502,1,0.5060354522358681,0,0,0,0,0,0,0,1,1,0,0,0,0
0,-1.1172721918246462,0,0,0,1,1,0.5086383440758576,0,0.8912422860154514,0,1,1,0,0,0,1,0,1,0,0,0,0
1,-0.13941712119319946,1,1,1,1,0,0.14133144484207977,0,-0.398422411522356,2,3,1,1,1,1,0,0,0,1,0,0,0
1,-1.2802480369298874,0,0,0,0,1,0.16958582170621683,1,3.4125961071181803,0,0,0,0,0,0,1,0,1,0,0,0,0
0,-1.1987601143772668,0,0,0,0,0,-1.4758161250876303,0,-0.07177479843350726,0,0,0,0,0,0,0,1,1,0,0,0,0
1,1.5718292524118322,0,0,0,0,0,-1.499084435446331,0,-0.6351560052449772,3,0,0,1,1,0,0,1,0,0,1,1,0
1,-0.9542963467194051,0,0,0,0,1,-0.4885749570113221,0,-0.08228043935476861,0,1,0,0,0,1,0,0,1,0,0,0,1
0,0.4309983366751445,1,0,0,1,1,1.2166597878477559,1,-0.39808637250298906,2,3,1,0,0,0,1,0,1,0,0,0,1
0,0.6347181430566958,1,1,0,1,1,0.6199938293639263,0,-0.46829723184483485,2,5,1,1,1,1,0,0,0,1,0,1,0
0,-0.26164900502213034,1,1,0,0,1,0.726363248146559,0,-0.2924797239604178,2,2,0,0,1,0,1,0,1,0,0,1,0
0,-0.9542963467194051,0,0,0,0,0,-1.4841262359300234,0,-0.431884823345633,0,0,0,0,1,0,0,1,1,0,0,0,0
0,-1.2802480369298874,0,0,0,0,1,0.5319066544345585,1,4.0487710295723405,0,1,1,0,0,0,1,0,1,0,0,0,1
1,0.5532302205040753,0,0,0,0,0,-1.509056568457203,0,-0.6189125513776867,2,0,0,1,1,0,0,1,0,0,1,1,0
0,-1.2395040756535771,1,0,0,0,0,-0.09135165874492887,1,1.7472574721923035,0,1,1,0,1,1,0,0,1,0,0,0,0
0,-1.2802480369298874,1,0,0,0,1,0.38731072577691766,1,3.7948847073085243,0,0,0,0,0,0,1,0,1,0,0,0,1
1,1.2866215234776603,0,1,1,1,1,-0.1578325454840742,0,-0.5592544955405838,3,5,1,1,1,1,0,0,0,0,1,0,0
0,-0.8320644628904743,1,0,0,1,1,0.8809313098150715,1,0.15270470843105188,0,2,1,0,0,0,1,0,1,0,0,0,1
0,-1.076528230548336,0,0,0,1,1,1.02885128280967,1,0.9295962131883104,0,3,1,0,0,0,1,0,1,0,0,0,1
0,1.082901717096109,0,0,0,0,0,-1.477478147256109,0,-0.6275037482776387,3,0,0,1,0,0,0,1,0,1,0,0,0
0,-1.0357842692720256,0,0,0,1,1,0.9723425290813964,0,0.705204894701448,0,3,1,1,0,0,1,0,0,1,0,0,0
0,1.6125732136881425,1,1,0,1,1,0.6416001175541483,0,-0.5326158507177577,3,5,1,1,1,1,0,0,0,0,1,1,0
0,-0.6690886177852331,0,0,0,0,1,0.4637637455269347,0,-0.1263629326322182,1,1,1,0,0,0,1,0,1,0,0,0,1
0,-0.3023929662984406,1,0,0,0,0,-0.3074145406471512,0,-0.4176977185117928,2,1,0,0,1,1,0,0,1,0,0,1,0
0,0.06430268518835193,1,1,1,0,0,-0.07140739272318523,1,-0.4581489256487864,2,3,0,0,0,1,0,0,1,0,0,0,1
0,-1.2802480369298874,1,0,0,0,1,0.3224918612062509,1,3.6810735973281927,0,0,0,0,0,0,1,0,1,0,0,0,1
1,-0.9135523854430948,1,0,0,1,1,1.2399280982064562,1,0.41636609285742493,0,4,1,0,1,0,1,0,1,0,0,1,0
0,-0.3431369275747509,0,0,0,0,0,-1.485788258098502,0,-0.5732440584083831,1,0,0,1,0,0,0,1,0,1,0,0,0
1,-0.9135523854430948,1,1,0,1,0,0.18288199905404562,0,0.07891217235630225,0,3,1,1,0,1,0,0,0,1,0,0,1
0,1.4903413298592119,0,1,0,0,1,-0.37057138304933923,0,-0.577629746602497,3,2,0,1,1,1,0,0,0,1,0,1,0
0,1.0014137945434884,0,0,0,0,0,-1.4641819699082799,0,-0.6253335216888596,3,0,0,1,0,0,0,1,0,0,1,0,0
1,0.7162060656093164,0,0,1,1,1,1.2831406745869012,0,-0.4304314285776589,3,5,1,1,1,0,1,0,0,1,0,0,0
1,-0.18016108246950976,0,1,1,1,0,-0.46530664665262134,0,-0.4626168419026562,2,4,1,1,0,1,0,0,0,1,0,0,0
0,-0.6690886177852331,0,1,0,0,1,-0.48691293484284354,1,-0.32274288710808435,1,1,0,0,0,1,0,0,1,0,0,0,1
0,-0.3023929662984406,0,1,1,1,1,0.47207385636932786,0,-0.3124168297923146,2,5,1,0,0,1,0,0,1,0,0,0,0
0,-1.1987601143772668,0,0,0,0,1,0.325815905543208,0,1.5099078069341763,0,1,0,0,1,0,1,0,1,0,0,0,0
0,1.1643896396487294,1,0,0,1,1,1.0537816153368496,0,-0.48541087556632484,3,2,1,1,1,0,1,0,0,1,0,0,0
0,-1.2395040756535771,0,0,0,0,0,-1.485788258098502,0,0.11499215127780599,0,0,0,0,0,0,0,1,1,0,0,0,0
1,0.7569500268856267,0,0,0,0,0,-1.509056568457203,0,-0.6235454263065936,3,0,0,1,0,0,0,1,0,1,0,0,0
1,1.5718292524118322,0,1,0,1,0,0.4238752134834474,0,-0.5413672201685928,3,4,1,1,1,1,0,0,0,0,1,1,0
1,-0.506112772679992,0,0,0,0,0,-1.4874502802669807,0,-0.5556457202302278,1,0,0,0,0,0,0,1,1,0,0,0,0
1,-1.076528230548336,0,0,0,0,0,-1.494098368940895,0,-0.3360833835160353,0,0,0,0,1,0,0,1,1,0,0,1,0
0,-1.076528230548336,0,0,0,0,0,-1.4824642137615447,0,-0.33024691633755676,0,0,0,0,0,0,0,1,1,0,0,0,0
0,-0.13941712119319946,1,1,1,0,0,0.08814673545076371,0,-0.4046479765127331,2,3,0,0,0,1,0,0,1,0,0,0,0
0,0.1457906077409725,0,0,0,0,1,-1.5373109453213398,0,-0.6085720364973576,2,0,0,1,1,0,0,1,0,0,1,1,0
0,-0.18016108246950976,0,0,0,0,1,-1.1650179795821258,0,-0.5473462447350514,2,1,0,0,0,1,0,0,1,0,0,0,0
0,-1.0357842692720256,1,0,0,1,1,0.7213771816411229,1,0.5950415767076657,0,1,1,0,0,0,1,0,1,0,0,0,1
0,1.24587756220135,1,0,0,0,0,-1.349502440283254,0,-0.6229561676010741,3,0,0,1,0,0,0,1,0,0,1,0,0
1,0.6347181430566958,1,0,0,0,0,-1.3711087284734764,0,-0.6109928987798814,2,0,0,1,0,0,0,1,0,0,1,0,0
0,0.6754621043330061,0,0,0,0,0,-1.4741541029191516,0,-0.6193521491183637,3,0,0,1,1,0,0,1,0,1,0,0,0
0,-0.22090504374582004,1,0,0,0,1,0.553512942624781,1,-0.3275371280046917,2,1,0,0,0,0,1,0,1,0,0,0,1
0,1.6125732136881425,1,1,1,1,0,0.9141717531846443,0,-0.5195037874674772,3,6,1,1,1,1,0,0,0,0,1,1,0
0,-1.2802480369298874,0,0,0,0,1,0.14465548917903734,1,3.368822603279591,0,0,0,0,0,0,1,0,1,0,0,0,1
1,1.6125732136881425,0,0,1,1,0,-0.37057138304933923,0,-0.581306378275202,3,4,1,1,1,1,0,0,0,0,1,1,0
0,0.5939741817803856,0,1,1,0,0,-0.8359375902233565,0,-0.5706711491272038,2,3,0,1,1,1,0,0,0,1,0,1,0
0,-1.2802480369298874,0,0,0,1,1,-0.3373309396797665,0,2.522534862400202,0,1,1,0,0,1,0,0,1,0,0,0,1
0,0.1457906077409725,1,0,0,1,1,1.3296772953043026,0,-0.33646647209531766,2,4,1,1,1,0,1,0,0,1,0,0,0
1,0.4309983366751445,0,0,0,0,0,-1.1799761790984336,0,-0.5893633195794902,2,1,0,0,1,1,0,0,1,0,0,1,0
0,-0.22090504374582004,1,0,1,1,0,0.6332900067117551,0,-0.3175317556987285,2,5,1,0,0,1,0,0,1,0,0,0,1
0,-0.9542963467194051,0,0,0,0,1,0.49035610022259274,1,0.26148747745761725,0,1,1,0,0,0,1,0,1,0,0,0,1
0,0.22727853029359305,1,0,1,1,1,1.2914507854292943,0,-0.3568637721514973,2,4,1,0,0,0,1,0,1,0,0,0,1
0,0.10504664646466222,1,1,0,1,1,1.1385447459292597,0,-0.3459266317337074,2,3,1,0,0,0,1,0,1,0,0,0,1
0,1.082901717096109,0,0,1,1,1,1.1717851892988325,0,-0.4724482702360588,3,4,1,1,0,0,1,0,0,0,1,0,0
0,-0.22090504374582004,0,0,0,0,0,-1.477478147256109,0,-0.582257231294005,2,0,0,1,1,0,0,1,0,0,1,1,0
0,-1.2395040756535771,0,0,0,0,0,-0.6930036837341939,0,1.0429904326558934,0,0,0,0,0,1,0,0,1,0,0,0,1
0,-1.0357842692720256,1,0,0,0,0,-1.372770750641955,0,-0.324202003902704,0,0,0,0,0,0,0,1,1,0,0,0,0
0,0.1457906077409725,1,0,1,0,1,0.19617817640187488,0,-0.4440467590067328,2,3,1,1,0,1,0,0,0,1,0,0,0
1,0.3495104141225239,1,1,0,1,1,0.9806526399237896,0,-0.4050092816237818,2,3,1,0,1,0,1,0,1,0,0,0,0
0,-0.791320501614164,0,0,0,0,0,-1.1849622456038695,0,-0.42404728170596184,1,1,0,0,0,1,0,0,1,0,0,0,1
1,-0.5468567339563023,0,0,0,0,0,-1.4608579255713225,0,-0.5454041099670405,1,0,0,1,1,0,0,1,0,0,1,1,0
0,1.1236456783724194,0,1,1,0,0,-0.9007564547940231,0,-0.5949518891207308,3,3,0,1,1,1,0,0,0,0,1,0,0
1,0.6347181430566958,0,0,1,1,1,1.0205411719672768,1,-0.43959134225272606,2,4,1,1,0,0,1,0,0,0,1,0,0
0,-1.1987601143772668,1,0,0,1,0,0.8726211989726784,1,1.9899572323640358,0,2,1,0,0,0,1,0,1,0,0,0,1
0,1.4903413298592119,1,0,1,1,1,0.9191578196900803,0,-0.512928339023935,3,3,1,1,0,0,1,0,0,0,1,0,0
0,0.4309983366751445,0,0,1,0,0,-0.6863555950602795,0,-0.54996716612476,2,3,1,1,0,1,0,0,0,1,0,0,1
1,-0.8728084241667845,0,1,1,0,1,-0.9556031863538181,0,-0.3164200476647326,0,2,0,1,0,1,0,0,0,1,0,0,0
0,0.512486259227765,0,0,0,0,1,-0.4835888905058862,0,-0.5395803307606891,2,1,0,0,1,1,0,0,1,0,0,1,0
0,1.6125732136881425,1,0,1,1,1,1.4942174899836873,0,-0.49160067725803874,3,5,1,1,1,0,1,0,0,0,1,1,0
0,-1.2395040756535771,1,0,0,0,0,0.4787219450432425,1,2.4145602195983495,0,1,0,0,0,0,1,0,1,0,0,0,1
1,-0.8320644628904743,0,0,0,0,0,-1.4791401694245876,0,-0.48481709106429605,0,0,0,1,1,0,0,1,0,0,1,0,0
1,1.4088534073065913,1,0,1,1,1,1.580642642744576,0,-0.47423354254947575,3,5,1,1,1,0,1,0,0,1,0,1,0
0,0.18653456901728277,1,0,1,1,0,0.9806526399237896,0,-0.37742136909593593,2,3,1,1,0,0,1,0,0,0,1,0,0
0,0.2680224915699033,0,1,1,0,0,-0.7860769251689975,0,-0.5470091384411221,2,3,0,1,1,1,0,0,0,1,0,0,0
0,0.3495104141225239,1,1,1,0,1,0.327477927711687,0,-0.45962193879383095,2,4,1,0,1,1,0,0,1,0,0,0,0
0,-0.3023929662984406,0,0,0,1,1,-0.5500697772450316,0,-0.45047172651401846,2,3,1,0,0,1,0,0,1,0,0,0,1
1,-0.9950403079957154,1,1,1,0,1,0.377338592766046,0,0.32056549523088346,0,4,1,1,1,1,0,0,0,0,1,1,0
1,1.5718292524118322,1,1,1,0,0,0.20947435374970363,0,-0.5518242238633669,3,4,0,1,0,1,0,0,0,0,1,0,0
0,-1.1172721918246462,1,0,0,0,0,1.055443637505328,0,1.2112752363020243,0,3,1,0,0,0,1,0,1,0,0,0,1
0,-0.09867315991688919,1,1,0,1,1,0.4820459893801996,0,-0.3684932588619645,2,4,1,1,1,1,0,0,0,1,0,1,0
0,0.3087664528462136,0,0,1,0,1,0.8244225560867979,0,-0.4119981290814025,2,3,1,1,1,0,1,0,0,1,0,1,0
0,0.8791819107145575,0,0,0,0,1,-1.472492080750673,0,-0.6235862407623871,3,0,0,1,0,0,0,1,0,0,1,0,0
0,1.6125732136881425,1,0,0,1,1,1.3795379603586615,0,-0.4971173380157787,3,4,1,1,1,0,1,0,0,0,1,0,0
1,-0.18016108246950976,0,0,0,1,0,1.181757322309704,0,-0.26317067038982067,2,4,1,1,1,0,1,0,0,1,0,0,0
1,-0.5876006952326126,0,0,1,0,1,0.6914607826085073,0,-0.14119803960909405,1,2,1,0,0,0,1,0,1,0,0,0,1
0,-1.2395040756535771,0,0,0,1,1,-0.6497911073537496,1,1.0935731482027076,0,2,1,0,0,1,0,0,1,0,0,0,1
1,1.082901717096109,1,0,0,1,1,1.374551893853226,0,-0.4605807869731524,3,4,1,1,0,0,1,0,0,1,0,0,1
1,-0.42462485012737144,0,0,1,0,1,-0.4553345136417494,0,-0.4077523003598369,1,1,0,0,0,1,0,0,1,0,0,0,1
0,-1.2802480369298874,0,0,0,0,0,-1.4924363467724167,0,0.49436251787891083,0,0,0,0,0,0,0,1,1,0,0,0,0
0,1.6125732136881425,1,0,0,0,1,-1.2996417752288951,0,-0.6259993255734143,3,0,0,1,1,0,0,1,0,0,1,1,0
0,-0.7505765403378537,1,0,0,0,1,0.31584377253233625,1,-0.08889510215704428,1,0,0,0,0,0,1,0,1,0,0,0,1
0,0.7162060656093164,1,0,1,1,0,1.1501789011086103,0,-0.4395866712105664,3,3,1,1,0,0,1,0,0,1,0,0,1
1,0.6347181430566958,0,1,1,1,0,0.1629377330323022,0,-0.5010529149893572,2,4,1,1,1,1,0,0,0,1,0,0,0
1,0.6754621043330061,1,0,0,1,1,1.1152764355705587,0,-0.43748783183697243,3,3,1,0,0,0,1,0,1,0,0,0,1
1,-0.18016108246950976,0,0,0,1,0,0.6864747161030716,0,-0.3231454020859104,2,2,1,0,0,0,1,0,1,0,0,0,1
0,1.4495973685829016,1,0,0,0,1,1.033837349315106,0,-0.5048575803727842,3,3,1,0,0,0,1,0,1,0,0,0,1
0,-0.791320501614164,1,0,1,1,0,1.1950534996575333,0,0.17293993254984286,1,3,1,0,0,0,1,0,1,0,0,0,1
0,-0.8728084241667845,1,0,0,1,1,0.8111263787389692,0,0.2005936698954912,0,2,1,0,0,0,1,0,1,0,0,0,1
0,-1.1987601143772668,1,0,0,0,1,0.3091956838584216,1,1.49531663898798,0,0,0,0,1,0,1,0,1,0,0,1,0
0,1.0014137945434884,1,0,0,1,0,1.1900674331520973,1,-0.4646294167917867,3,3,1,0,0,0,1,0,1,0,0,0,1
0,-1.1987601143772668,1,0,0,0,0,0.3391120828910372,1,1.5215807412911335,0,0,0,0,0,0,1,0,1,0,0,0,0
0,1.6125732136881425,1,0,0,0,0,-1.2979797530604165,0,-0.6259193739682297,3,0,0,1,1,0,0,1,0,0,1,1,0
1,1.5310852911355222,1,0,1,1,1,0.6416001175541483,0,-0.5288277211425306,3,5,1,1,0,1,0,0,0,0,1,0,1
1,0.6754621043330061,1,0,1,1,0,0.4820459893801996,0,-0.48196171173697877,3,4,1,1,1,1,0,0,0,0,1,0,0
0,1.4088534073065913,1,1,0,1,1,1.404468292885841,0,-0.4833315649159276,3,4,1,1,1,0,1,0,0,1,0,1,0
0,0.5532302205040753,0,0,0,0,0,-1.4874502802669807,0,-0.6172982093921501,2,0,0,1,1,0,0,1,0,0,1,0,0
0,1.2866215234776603,0,1,1,1,1,0.17955795471708852,1,-0.5410267595831816,3,4,1,1,1,1,0,0,0,0,1,1,0
0,0.18653456901728277,0,0,0,0,0,-1.5057325241202457,0,-0.6071938664381435,2,0,0,0,1,0,0,1,1,0,0,0,0
0,-1.2395040756535771,0,0,0,0,0,0.1978401985703534,1,2.0857725685440585,0,0,0,0,0,0,1,0,1,0,0,0,1
0,-0.791320501614164,0,0,0,1,0,-0.648129085185271,0,-0.289391646088207,1,2,1,0,0,1,0,0,1,0,0,0,1
0,1.6125732136881425,1,1,1,1,0,1.67371588417938,0,-0.4829659038980979,3,6,1,1,0,0,1,0,0,0,1,0,1
1,1.4495973685829016,0,0,1,1,1,0.27096917398341336,0,-0.5436827750817935,3,4,1,1,1,1,0,0,0,0,1,0,0
1,-0.7098325790615434,0,0,0,0,0,-1.5007464576148097,0,-0.5237362255669389,1,0,0,1,0,0,0,1,0,1,0,0,0
0,-0.3431369275747509,0,0,0,0,1,-1.504070501951767,0,-0.5758121039669137,1,0,0,1,1,0,0,1,0,0,1,0,0
0,-0.3431369275747509,1,0,1,0,1,0.8227605339183194,0,-0.24896994197211564,1,2,1,0,0,0,1,0,1,0,0,0,1
0,-0.22090504374582004,0,1,0,0,0,-0.4802648461689289,0,-0.45719007746946494,2,1,0,0,0,1,0,0,1,0,0,0,0
0,-0.8320644628904743,0,0,1,0,0,-0.4835888905058862,1,-0.21589064184055418,0,1,0,0,1,1,0,0,1,0,0,0,0
1,1.5718292524118322,0,1,1,1,0,0.7463075141683023,0,-0.5256411836043591,3,6,1,1,1,1,0,0,0,0,1,1,0
1,1.4088534073065913,0,0,0,0,1,-1.4625199477398012,0,-0.6313890043699788,3,0,0,1,0,0,0,1,0,0,1,0,0
0,1.24587756220135,1,0,1,1,1,1.477597268298901,0,-0.4678338133730742,3,5,1,1,1,0,1,0,0,0,1,0,0
0,-1.2802480369298874,0,0,0,0,0,-1.477478147256109,0,0.5206266201820644,0,0,0,0,0,0,0,1,1,0,0,0,0
0,-1.1580161531009565,0,0,0,0,1,-0.2957803854678007,0,0.6379396104694829,0,1,1,0,0,1,0,0,1,0,0,0,1
0,0.3087664528462136,0,1,0,0,1,0.4787219450432425,1,-0.44160752354783017,2,2,0,0,1,0,1,0,1,0,0,1,0
0,-0.8320644628904743,0,0,0,1,1,1.0371613936520632,1,0.19490685572158906,0,3,1,0,0,0,1,0,1,0,0,0,1
1,0.797693988161937,0,1,0,1,0,0.4787219450432425,0,-0.49266116741737453,3,5,1,1,0,1,0,0,0,0,1,0,1
0,-0.9135523854430948,1,0,0,0,1,-1.3561505289571687,0,-0.41241224648652736,0,0,0,0,0,0,0,1,1,0,0,0,1
0,1.4495973685829016,1,1,0,1,0,1.2149977656792768,0,-0.49563765396040504,3,4,1,1,1,0,1,0,0,1,0,0,0
0,0.8791819107145575,1,0,1,1,1,1.173447211467311,1,-0.4546470453416993,3,3,1,0,0,0,1,0,1,0,0,0,1
1,-1.1580161531009565,0,0,1,0,0,-0.27583611944605707,1,0.6519471316978315,0,2,0,0,0,1,0,0,1,0,0,0,0
0,0.797693988161937,0,1,0,0,0,-0.9755474523755615,0,-0.5890179368733882,3,2,0,1,0,1,0,0,0,1,0,0,0
0,-1.2802480369298874,0,0,0,0,1,0.6715165165867639,1,4.293902651068439,0,2,1,0,0,0,1,0,1,0,0,0,1
0,1.5310852911355222,1,1,1,1,0,0.48537003371715715,0,-0.536554874871784,3,5,1,1,1,1,0,0,0,1,0,0,0
0,0.4309983366751445,0,1,0,0,1,-0.9838575632179547,0,-0.5737109757826615,2,2,0,1,1,1,0,0,0,1,0,1,0
0,0.797693988161937,0,0,0,0,0,-1.5007464576148097,0,-0.6238164958997885,3,0,0,1,0,0,0,1,0,0,1,0,0
0,-0.8320644628904743,0,1,1,0,0,-0.4968850678537152,0,-0.21948231395038711,0,4,1,1,0,1,0,0,0,0,1,0,0
1,0.9606698332671781,1,1,0,0,0,0.13135931183120808,0,-0.5263024792276515,3,3,1,1,1,1,0,0,0,1,0,0,0
0,0.3902543753988342,1,0,0,0,0,0.5019902554019434,0,-0.45019504247067377,2,1,0,0,0,0,1,0,1,0,0,0,1
0,-0.42462485012737144,0,0,0,1,1,0.829408622592234,0,-0.2115962512744496,1,2,1,0,1,0,1,0,1,0,0,0,0
1,0.7569500268856267,0,1,0,1,0,-0.1827628780112537,1,-0.5339781030676345,3,5,1,1,0,1,0,0,0,1,0,0,1
0,-0.22090504374582004,0,0,0,0,1,-1.509056568457203,0,-0.5862176911651155,2,0,0,0,1,0,0,1,1,0,0,1,0
0,0.7569500268856267,1,1,0,0,1,0.9590463517335676,0,-0.4568693924596584,3,3,1,1,1,0,1,0,0,1,0,0,0
1,-1.1580161531009565,0,1,0,0,1,-0.5118432673700231,1,0.4861914638290408,0,1,0,0,0,1,0,0,1,0,0,0,1
0,-1.2802480369298874,0,0,0,0,1,-1.4924363467724167,0,0.49436251787891083,0,0,0,0,0,0,0,1,1,0,0,0,0
0,0.10504664646466222,0,0,0,1,0,-0.32569678450041606,1,-0.4887579535181405,2,1,1,0,0,1,0,0,1,0,0,0,0
1,1.5718292524118322,1,0,1,0,1,0.2693071518149348,0,-0.5489059902741277,3,4,1,1,1,1,0,0,0,1,0,0,0
0,-1.2802480369298874,0,0,0,0,1,0.14631751134751586,1,3.37174083686883,0,0,0,0,0,0,1,0,1,0,0,0,1
1,1.4903413298592119,1,0,0,0,1,-1.3029658195658524,0,-0.624404862132875,3,0,0,1,1,0,0,1,0,0,1,0,0
1,-0.7505765403378537,0,0,0,0,0,-1.4974224132778524,0,-0.5134008149383833,1,0,0,1,0,0,0,1,0,1,0,0,0
0,1.0014137945434884,0,1,1,0,0,-0.3024284741417151,0,-0.5549940293137475,3,2,0,0,0,1,0,0,1,0,0,0,1
1,1.6125732136881425,1,1,1,1,0,1.7518309260978755,0,-0.4792081784544199,3,6,1,1,1,0,1,0,0,0,1,1,0
0,0.6347181430566958,0,0,0,0,0,-1.494098368940895,0,-0.6198071553351348,2,0,0,1,1,0,0,1,0,0,1,1,0
1,-1.1580161531009565,0,0,0,1,1,0.4687498120323708,0,1.1748945908895085,0,1,1,0,0,0,1,0,1,0,0,0,0
1,-0.05792919864057891,0,0,0,0,1,-1.4675060142452372,0,-0.5917675461160794,2,0,0,0,0,0,0,1,1,0,0,0,1
0,0.22727853029359305,0,0,1,0,1,-0.0830415479025357,1,-0.4806268069361576,2,3,1,1,0,1,0,0,0,1,0,0,0
0,0.18653456901728277,1,0,0,1,1,0.9208198418585588,1,-0.38295065379133664,2,2,1,0,0,0,1,0,1,0,0,0,1
0,-1.2802480369298874,0,0,0,0,0,-1.5007464576148097,0,0.4797713499327145,0,0,0,0,0,0,0,1,1,0,0,0,0
0,1.0014137945434884,1,0,0,1,1,0.4970041888965074,0,-0.5065916032301583,3,4,1,1,1,1,0,0,0,0,1,0,0
0,1.2051336009250397,0,1,1,1,1,0.503652277570422,0,-0.5189593551083628,3,5,1,1,1,1,0,0,0,0,1,1,0
0,-1.1987601143772668,0,0,1,0,1,-1.16003191307669,0,0.20545739254422327,0,1,0,0,0,1,0,0,1,0,0,0,1
1,1.6125732136881425,0,0,0,0,1,-1.4974224132778524,0,-0.6355135665903862,3,0,0,1,0,0,0,1,0,0,1,0,0
1,-0.13941712119319946,0,1,1,0,1,-0.6581012181961428,0,-0.4920004352839619,2,4,0,0,0,1,0,0,1,0,0,0,0
1,-0.791320501614164,0,0,0,0,0,-0.6647493068700573,0,-0.2935605512156917,1,0,0,0,1,1,0,0,1,0,0,0,0
1,-1.1987601143772668,0,0,0,0,0,0.16127571086382367,1,1.3654552442668328,0,0,0,0,0,0,1,0,1,0,0,0,1
0,-0.8728084241667845,0,0,0,0,0,-0.4553345136417494,0,-0.17002199593789588,0,1,0,0,0,1,0,0,1,0,0,0,1
1,-0.46536881140368175,0,1,1,1,0,-0.38719160473412556,0,-0.3850869683327414,1,5,1,1,0,1,0,0,0,0,1,0,0
0,-0.5468567339563023,1,0,0,0,0,-1.3328822185984677,0,-0.5229337113298982,1,0,0,0,1,0,0,1,1,0,0,0,0
0,1.1643896396487294,1,1,1,1,1,1.5557123102173966,1,-0.4569816322130907,3,5,1,1,1,0,1,0,0,0,1,1,0
0,-0.8728084241667845,0,1,0,0,0,-0.5400976442341598,1,-0.1948269814464297,0,1,0,0,1,1,0,0,1,0,0,1,0
1,0.10504664646466222,1,0,1,1,1,1.500865578657602,0,-0.31058358048625406,2,5,1,0,0,0,1,0,1,0,0,0,1
1,-0.3023929662984406,0,0,0,0,0,-1.4625199477398012,0,-0.5737109757826615,2,0,0,0,0,0,0,1,1,0,0,0,0
0,-1.2802480369298874,0,0,0,0,1,-1.4824642137615447,1,0.5118719194143465,0,0,0,0,0,0,0,1,1,0,0,0,0
0,1.4088534073065913,1,0,0,0,1,-1.3029658195658524,0,-0.6231492860003619,3,0,0,1,1,0,0,1,0,0,1,0,0
0,-0.5468567339563023,0,0,0,1,1,-0.8359375902233565,1,-0.43567852701164406,1,2,1,0,0,1,0,0,1,0,0,0,1
0,0.9606698332671781,1,0,0,0,0,-1.3262341299245533,1,-0.6161021584474003,3,0,0,1,0,0,0,1,0,1,0,0,1
1,1.6125732136881425,1,1,0,1,1,1.4493428914347644,0,-0.49375937059802394,3,5,1,1,1,0,1,0,0,0,1,1,0
0,0.4309983366751445,0,0,0,0,0,-1.504070501951767,0,-0.6152294809386565,2,0,0,1,0,0,0,1,0,0,1,0,0
1,0.9199258719908678,1,1,0,0,1,0.6748405609237209,0,-0.4897075374638453,3,2,0,0,0,0,1,0,1,0,0,0,1
1,-1.2395040756535771,1,1,0,0,0,-0.26918803077214243,1,1.5390901428265693,0,1,0,0,0,1,0,0,1,0,0,0,0
0,-0.22090504374582004,0,0,0,0,1,0.14133144484207977,0,-0.3792315515855016,2,0,0,0,0,0,1,0,1,0,0,0,0
0,-0.791320501614164,0,0,0,0,1,0.17789593254861,0,-0.08219706125221884,1,0,0,0,0,0,1,0,1,0,0,0,0
0,1.5310852911355222,1,1,0,1,1,1.5407541107010891,0,-0.4843554853177858,3,5,1,1,0,0,1,0,0,0,1,0,0
0,-0.7505765403378537,0,1,1,1,0,1.3679038051793113,1,0.15740381277475002,1,5,1,1,0,0,1,0,0,1,0,0,0
1,-0.5468567339563023,1,0,1,0,1,0.8161124452444047,0,-0.1456061082412608,1,2,1,1,1,0,1,0,0,1,0,0,0
0,-0.506112772679992,1,1,0,1,1,0.8078023344020117,0,-0.1718285214931393,1,2,1,0,1,0,1,0,1,0,0,0,0
1,0.4309983366751445,1,1,1,0,1,0.8792692876465931,0,-0.4250137097127878,2,3,0,1,1,0,1,0,0,1,0,1,0
1,-1.1172721918246462,0,1,0,0,1,0.8493528886139774,0,1.0906549146134679,0,3,1,0,0,0,1,0,1,0,0,0,0
0,1.5310852911355222,1,0,1,1,1,1.354607627831482,0,-0.493562306782428,3,4,1,1,1,0,1,0,0,1,0,0,0
0,0.3087664528462136,0,0,0,0,0,-1.5190287014680746,0,-0.6127156588778595,2,0,0,1,0,0,0,1,0,0,1,0,0
1,-1.076528230548336,0,0,0,0,1,-1.4758161250876303,0,-0.32691179223556904,0,0,0,1,1,0,0,1,0,0,1,1,0
0,0.2680224915699033,0,1,0,1,1,1.1850813666466615,0,-0.3739578865992335,2,4,1,1,0,0,1,0,0,0,1,0,1
0,-1.1580161531009565,1,0,0,0,0,0.3374500607225587,1,1.0826784094695474,0,0,0,0,0,0,1,0,1,0,0,0,1
0,-0.7098325790615434,0,0,1,0,1,-1.1666800017506043,1,-0.4504156066373023,1,1,0,0,0,1,0,0,1,0,0,0,1
0,-1.2802480369298874,0,0,0,1,1,-0.4802648461689289,1,2.2715667737256253,0,3,1,0,0,1,0,0,1,0,0,0,1
0,0.512486259227765,0,1,1,0,1,0.6947848269454648,0,-0.4496226083793569,2,3,0,0,1,0,1,0,1,0,0,0,0
0,1.2866215234776603,0,1,1,0,0,-0.5633659545928605,1,-0.5811636954105648,3,4,1,1,0,1,0,0,0,0,1,0,1
0,1.0014137945434884,1,0,0,0,0,0.9706805069129179,0,-0.4779124110600482,3,3,1,0,1,0,1,0,1,0,0,1,0
1,1.6125732136881425,1,1,1,0,0,0.1679237995377378,0,-0.5554020581953795,3,4,0,1,1,1,0,0,0,0,1,0,0
0,-1.2802480369298874,0,0,0,0,1,0.18288199905404562,1,3.435941975832094,0,0,0,0,0,0,1,0,1,0,0,0,1
0,1.6125732136881425,1,0,0,0,0,-1.2946557087234591,0,-0.6257594707578604,3,0,0,1,1,0,0,1,0,0,1,1,0
0,-1.1987601143772668,0,1,1,0,0,0.20947435374970363,0,1.407769631310802,0,4,1,1,0,1,0,0,0,0,1,0,0
0,0.9199258719908678,1,1,0,1,1,1.1302346350868666,1,-0.4611505373405754,3,3,1,0,0,0,1,0,1,0,0,0,1
0,1.082901717096109,1,0,1,1,0,0.9490742187226954,0,-0.4854830469346609,3,3,1,0,0,0,1,0,1,0,0,0,1
0,-0.5876006952326126,1,0,1,1,1,1.1651371006249178,1,-0.053651031931916,1,3,1,0,1,0,1,0,1,0,0,0,0
0,-0.01718523736426863,0,0,0,0,1,0.5152864327497723,1,-0.38305304795236256,2,1,1,0,1,0,1,0,1,0,0,1,0
0,-1.1580161531009565,0,1,0,0,1,-0.47361675749501453,0,0.5130392128500422,0,1,0,0,1,1,0,0,1,0,0,0,0
0,1.368109446030281,1,0,0,0,1,0.5202724992552084,1,-0.526932126904408,3,1,0,0,1,0,1,0,1,0,0,1,0
0,-0.22090504374582004,1,0,0,0,1,0.5485268761193449,0,-0.3281624637738144,2,1,0,0,0,0,1,0,1,0,0,0,1
0,-1.1580161531009565,0,0,0,0,1,-1.4658439920767583,0,-0.1838349682602952,0,0,0,0,1,0,0,1,1,0,0,1,0
1,1.1236456783724194,0,1,1,1,1,0.4737358785378064,0,-0.5158247029469317,3,5,1,0,1,1,0,0,1,0,0,1,0
1,-0.9950403079957154,0,0,0,0,0,-1.5206907236365534,0,-0.4200173400827266,0,0,0,1,0,0,0,1,0,0,1,0,0
1,-0.9950403079957154,0,0,0,0,0,-1.5024084797832884,0,-0.4128838801979195,0,0,0,1,1,0,0,1,0,0,1,1,0
0,0.10504664646466222,0,0,0,0,1,-1.4824642137615447,0,-0.6015963189687256,2,0,0,1,0,0,0,1,0,0,1,0,0
0,-1.0357842692720256,1,0,0,0,1,0.7313493146519946,1,0.5994189270915246,0,1,1,0,0,0,1,0,1,0,0,0,1
1,0.8384379494382472,0,0,0,0,0,-1.4591959034028439,0,-0.6219158713678731,3,0,0,1,0,0,0,1,0,0,1,0,0
0,-0.5876006952326126,1,0,1,1,1,1.2897887632608152,0,-0.030612345701079634,1,4,1,0,1,0,1,0,1,0,0,1,0
0,-0.7098325790615434,0,0,0,0,1,-0.8641919670874934,0,-0.384025792482109,1,2,1,1,0,1,0,0,0,0,1,0,0
0,1.4088534073065913,1,0,0,1,1,0.7845340240433111,0,-0.5153463039978761,3,2,1,1,1,0,1,0,0,1,0,0,0
0,-1.076528230548336,0,0,0,0,1,0.6449241618911058,1,0.7369927962985187,0,2,1,0,0,0,1,0,1,0,0,0,1
0,-1.076528230548336,0,0,0,1,1,0.49534216672802883,0,0.6619525040037947,0,1,1,0,0,0,1,0,1,0,0,0,1
0,-0.791320501614164,1,0,1,1,1,1.1368827237607813,1,0.1583487646036465,1,3,1,0,0,0,1,0,1,0,0,0,0
0,-0.8728084241667845,1,0,0,1,1,1.1950534996575333,1,0.3129456630812031,0,3,1,0,0,0,1,0,1,0,0,0,1
1,-1.2802480369298874,0,0,0,0,1,-1.5123806127941604,0,0.4593437148080397,0,0,0,0,0,0,0,1,1,0,0,0,0
0,-1.1172721918246462,0,1,1,0,1,-0.30076645197323654,0,0.41751570002894345,0,2,0,0,0,1,0,0,1,0,0,0,0
0,-0.791320501614164,0,0,0,0,1,-1.4907743246039378,0,-0.5007551360516798,1,0,0,1,0,0,0,1,0,1,0,0,0
0,-0.9542963467194051,1,1,0,0,0,0.8958895093313793,1,0.40389727661249364,0,3,0,0,1,0,1,0,1,0,0,0,0
0,-0.13941712119319946,0,0,1,1,0,0.8260845782552769,0,-0.3182682622712507,2,3,1,0,0,0,1,0,1,0,0,0,0
0,-1.2802480369298874,0,0,0,0,1,-0.6298468413320059,0,2.0089257506940914,0,0,0,0,0,1,0,0,1,0,0,0,0
0,-1.2802480369298874,1,0,0,0,1,0.49035610022259274,1,3.9758151898413585,0,1,0,0,0,0,1,0,1,0,0,0,0
1,-0.5876006952326126,0,0,0,1,0,-0.29411836329932195,0,-0.32335725207424,1,1,1,0,0,1,0,0,1,0,0,0,0
0,-1.2395040756535771,0,0,0,1,0,0.13966942267360125,0,2.017680451461809,0,3,1,0,1,1,0,0,1,0,0,1,0
1,-0.09867315991688919,1,0,1,0,1,0.6233178737008834,0,-0.35249004240484594,2,2,0,0,1,0,1,0,1,0,0,0,0
1,1.368109446030281,1,1,1,0,0,0.02997595955401154,0,-0.5526300047797986,3,3,0,1,1,1,0,0,0,0,1,0,0
1,0.22727853029359305,1,0,1,1,1,1.0005969059455335,0,-0.3830530479523625,2,3,1,1,1,0,1,0,0,0,1,0,0
1,0.4717422979514547,0,0,1,0,1,-0.09633772525036473,0,-0.5065267535948418,2,3,0,0,0,1,0,0,1,0,0,0,0
0,0.8791819107145575,1,0,1,1,0,1.5390920885326103,1,-0.4313011766277851,3,5,1,0,0,0,1,0,1,0,0,0,1
0,-1.2395040756535771,0,0,0,0,0,-1.4891123024354593,0,0.11110117315882032,0,0,0,0,0,0,0,1,1,0,0,0,0
0,0.3902543753988342,0,1,1,0,1,0.09645684629315687,0,-0.4833136004136683,2,4,1,1,0,1,0,0,0,1,0,0,0
1,1.0421577558197987,1,0,0,0,0,-1.3179240190821602,0,-0.6173360948624756,3,0,0,1,1,0,0,1,0,0,1,1,0
1,1.0421577558197987,0,0,0,1,1,0.9324539970379091,0,-0.48339411927501896,3,3,1,0,0,0,1,0,1,0,0,0,1
1,-0.3023929662984406,1,0,0,0,1,0.8078023344020117,1,-0.2670719694056737,2,2,1,0,0,0,1,0,1,0,0,0,1
0,1.5718292524118322,1,1,1,1,0,1.545740177206525,0,-0.4866503403703566,3,6,1,1,0,0,1,0,0,0,1,0,0
0,0.18653456901728277,1,0,0,1,1,1.233280009532542,1,-0.35407550038202174,2,4,1,0,1,0,1,0,1,0,0,0,0
1,-0.7505765403378537,1,0,1,1,1,0.8925654649944222,1,0.04612183857175927,1,2,1,0,0,0,1,0,1,0,0,0,1
0,-1.1580161531009565,1,0,0,0,1,0.7994922235596185,1,1.4071859845929542,0,2,1,0,0,0,1,0,1,0,0,0,1
0,0.6347181430566958,1,1,1,0,1,-0.1395503016308091,0,-0.5227312216522775,2,2,0,1,1,1,0,0,0,1,0,0,0
0,-1.1987601143772668,0,0,0,0,0,-1.3129379525767242,1,0.07121864743921696,0,0,0,0,0,1,0,0,1,0,0,0,1
0,-0.9950403079957154,0,1,1,0,0,0.023327870880096913,0,0.1824357720068913,0,3,1,1,0,1,0,0,0,0,1,0,0
0,-1.2802480369298874,1,0,0,1,1,1.0188791497987983,1,4.903813471219446,0,2,1,0,0,0,1,0,1,0,0,0,1
0,1.4088534073065913,0,0,0,0,0,-1.4907743246039378,0,-0.6328481211645984,3,0,0,1,1,0,0,1,0,0,1,0,0
0,-0.791320501614164,0,0,0,1,1,0.874283221141157,1,0.09248006358938875,1,2,1,0,0,0,1,0,1,0,0,0,1
1,0.512486259227765,0,0,1,0,1,-0.35395116136455285,1,-0.5296837125015299,2,2,0,1,1,1,0,0,0,1,0,1,0
0,0.6754621043330061,1,0,0,0,1,0.325815905543208,0,-0.4929342700325185,3,0,0,0,1,0,1,0,1,0,0,0,0
0,0.797693988161937,1,0,0,1,0,0.9906247729346612,0,-0.45874358456885783,3,3,1,0,1,0,1,0,1,0,0,0,0
0,1.24587756220135,0,1,0,0,1,0.5435408096139093,0,-0.5190852907840889,3,2,0,1,1,0,1,0,0,1,0,1,0
1,1.4495973685829016,1,1,1,1,1,0.8061403122335331,0,-0.5164459282488938,3,6,1,1,1,1,0,0,0,0,1,0,0
0,-0.05792919864057891,0,0,1,0,1,-0.5184913560439374,0,-0.48762308490010303,2,1,0,0,0,1,0,0,1,0,0,0,0
0,1.2866215234776603,0,0,0,0,0,-1.5073945462887242,0,-0.6321654393701926,3,0,0,1,1,0,0,1,0,0,1,1,0
0,1.2051336009250397,0,1,1,1,1,1.3130570736195162,0,-0.4738425373953621,3,5,1,1,0,0,1,0,0,1,0,0,1
0,-1.2802480369298874,0,0,0,0,0,0.1629377330323022,1,3.400923172761223,0,0,0,0,1,0,1,0,1,0,0,0,0
0,-1.076528230548336,0,0,0,1,1,0.8210985117498408,1,0.8253735850011937,0,2,1,0,0,0,1,0,1,0,0,0,1
0,-0.46536881140368175,0,0,1,1,1,0.706418982124815,0,-0.21052354090370157,1,2,1,0,0,0,1,0,1,0,0,0,1
1,1.6125732136881425,1,0,0,0,0,-1.3162619969136813,0,-0.6267988416252607,3,0,0,1,1,0,0,1,0,0,1,0,0
1,-0.01718523736426863,0,1,0,0,1,-0.9855195853864335,0,-0.542760013472548,2,2,0,0,0,1,0,0,1,0,0,0,1
0,1.5718292524118322,1,1,1,1,1,1.1584890119510036,0,-0.5055377966562663,3,4,1,1,1,0,1,0,0,1,0,1,0
1,0.06430268518835193,0,1,0,1,1,1.3479595391575674,0,-0.3157391264939101,2,5,1,0,1,0,1,0,1,0,0,0,0
0,-1.1987601143772668,0,0,0,0,1,-0.9855195853864335,1,0.3586646559792849,0,1,1,0,0,1,0,0,1,0,0,0,1
1,-0.8320644628904743,1,0,0,0,1,0.2975615286790714,1,-0.004879905387868571,0,0,0,0,1,0,1,0,1,0,0,1,0
0,-0.9950403079957154,1,0,0,1,0,1.2149977656792768,1,0.6474076572256814,0,3,1,0,0,0,1,0,1,0,0,0,1
1,0.10504664646466222,1,0,0,0,0,-1.346178395946297,0,-0.5883021437288578,2,0,0,1,1,0,0,1,0,0,1,0,0
1,-1.1987601143772668,0,0,0,1,1,0.5285826100976015,0,1.6879200558777718,0,1,1,0,0,0,1,0,1,0,0,0,1
0,-1.1987601143772668,0,0,1,1,1,0.8327326669291911,0,1.9549384292931649,0,3,1,0,0,0,1,0,1,0,0,0,0
0,0.8384379494382472,0,0,0,0,1,-0.12293007994602276,0,-0.5350173600438592,3,2,1,1,0,1,0,0,0,1,0,0,1
0,-1.1580161531009565,0,1,0,0,1,-1.1882862899408269,0,0.011103035500888064,0,1,0,0,0,1,0,0,1,0,0,0,1
1,0.6347181430566958,0,1,0,1,1,1.160151034119482,0,-0.42958596994676285,2,4,1,1,1,0,1,0,0,1,0,0,0
1,-1.076528230548336,0,1,0,0,0,-0.2957803854678007,1,0.2650727358672541,0,2,0,0,1,1,0,0,1,0,0,1,0
0,-1.1987601143772668,1,0,0,1,1,1.3662417830108327,1,2.4233149203660678,0,4,1,0,0,0,1,0,1,0,0,0,1
1,0.8791819107145575,0,0,1,0,0,-0.62486077482657,0,-0.5694662723801316,3,3,1,1,1,1,0,0,0,0,1,1,0
0,-1.2802480369298874,0,0,0,0,0,-0.6930036837341939,1,1.8980328743029995,0,0,0,0,0,1,0,0,1,0,0,0,0
0,1.2051336009250397,0,0,1,1,1,0.5186104770867298,0,-0.5181255740828659,3,5,1,0,1,1,0,0,1,0,0,0,0
1,-0.42462485012737144,0,0,0,1,1,1.1717851892988325,0,-0.15932180611068533,1,4,1,1,0,0,1,0,0,1,0,0,0
0,-1.2802480369298874,0,0,0,0,1,-0.6547771738591854,1,1.9651522468555023,0,0,0,0,1,1,0,0,1,0,0,0,0
0,0.7569500268856267,0,0,0,1,1,0.9706805069129179,0,-0.4560837141856325,3,3,1,1,1,0,1,0,0,1,0,0,0
0,-0.09867315991688919,1,0,0,1,1,0.1380074005051227,0,-0.40746579776341796,2,3,1,1,1,1,0,0,0,1,0,1,0
0,0.9606698332671781,1,1,1,0,1,0.12138717882033637,0,-0.5269168441938072,3,4,0,1,1,1,0,0,0,1,0,1,0
0,0.10504664646466222,1,0,1,1,1,0.13966942267360125,0,-0.4433632087966407,2,3,1,1,0,1,0,0,0,1,0,0,1
0,1.2866215234776603,0,0,1,1,1,-0.6963277280711512,0,-0.5883470396302307,3,3,1,0,0,1,0,0,1,0,0,0,1
1,-0.09867315991688919,0,0,0,1,1,-0.674721439880929,0,-0.4995313606755471,2,2,1,0,0,1,0,0,1,0,0,0,1
1,-0.3023929662984406,0,0,0,0,1,-1.5323248788159036,0,-0.5831391150709729,2,0,0,1,0,0,0,1,0,0,1,0,0
0,0.3495104141225239,0,0,0,0,0,0.18121997688556707,1,-0.47185072716778603,2,0,0,0,1,0,1,0,1,0,0,0,0
1,-0.9542963467194051,0,0,0,1,0,-0.3140626293210656,1,-0.020997533980743933,0,1,1,0,0,1,0,0,1,0,0,0,1
0,-1.2802480369298874,0,1,0,0,1,-0.3738954273862965,0,2.458333723436939,0,2,0,0,0,1,0,0,1,0,0,0,0
1,1.5310852911355222,1,1,1,1,1,1.6554336403261145,0,-0.47868342566546157,3,6,1,1,0,0,1,0,0,0,1,0,1
1,1.0014137945434884,0,0,0,0,1,-1.485788258098502,0,-0.6266416953667944,3,0,0,1,1,0,0,1,0,0,1,0,0
0,-0.9542963467194051,1,0,0,1,1,0.6881367382715502,0,0.33094143688151195,0,1,1,0,0,0,1,0,1,0,0,0,1
1,1.4903413298592119,1,0,1,1,1,1.4609770466141145,0,-0.4857470775927349,3,5,1,1,1,0,1,0,0,1,0,0,0
0,0.4309983366751445,1,0,0,1,1,1.269844497239072,1,-0.39384166910045926,2,4,1,0,0,0,1,0,1,0,0,0,1
0,1.6125732136881425,1,0,0,1,1,1.0986562138857725,0,-0.5106291592919825,3,3,1,1,0,0,1,0,0,0,1,0,1
1,0.4717422979514547,0,0,0,0,0,-1.504070501951767,0,-0.6163820358208711,2,0,0,1,1,0,0,1,0,0,1,0,0
0,1.6125732136881425,1,1,0,0,1,0.6399380953856697,0,-0.5326958023229424,3,2,0,1,1,0,1,0,0,0,1,0,0
0,0.02355872391204165,0,1,1,1,1,1.2947748297662514,1,-0.3108982919517603,2,5,1,1,0,0,1,0,0,1,0,0,1
0,0.8791819107145575,1,0,0,0,0,0.8177744674128837,0,-0.477356208545234,3,2,1,0,1,0,1,0,1,0,0,1,0
1,-0.22090504374582004,0,0,0,0,0,-1.499084435446331,0,-0.58496701962687,2,0,0,1,1,0,0,1,0,0,1,1,0
0,0.8791819107145575,1,0,0,0,1,0.5003282332334644,0,-0.497624667292314,3,1,0,0,1,0,1,0,1,0,0,0,0
0,-1.1987601143772668,0,0,0,0,0,0.32082983903777235,0,1.5055304565503176,0,1,0,0,1,0,1,0,1,0,0,1,0
0,0.8384379494382472,1,1,0,0,0,0.3091956838584216,0,-0.5069158514067404,3,4,1,1,1,1,0,0,0,1,0,0,0
0,-1.2802480369298874,0,0,0,0,1,0.15130357785295148,1,3.3804955376365475,0,0,0,0,0,0,1,0,1,0,0,0,1
0,-0.7098325790615434,0,0,0,0,0,-1.5290008344789465,0,-0.5299374719440725,1,0,0,1,0,0,0,1,0,1,0,0,0
0,0.9606698332671781,0,0,0,0,1,0.3008855730160285,1,-0.5158582748030058,3,1,0,0,0,0,1,0,1,0,0,0,1
1,-1.1172721918246462,1,1,1,0,0,-0.013236616826432828,0,0.5858005036750747,0,3,0,0,1,1,0,0,1,0,0,1,0
1,0.6347181430566958,0,0,0,0,1,-0.29910442980475804,0,-0.5341659328590925,2,2,0,1,1,1,0,0,0,1,0,1,0
1,-0.3023929662984406,0,0,0,0,0,-1.4874502802669807,0,-0.5770781683856298,2,0,0,0,1,0,0,1,1,0,0,1,0
0,-1.1987601143772668,1,0,0,0,1,0.3440981493964733,1,1.5259580916749926,0,0,0,0,1,0,1,0,1,0,0,1,0
0,1.0421577558197987,0,1,0,1,0,1.1418687902662172,0,-0.47092979953792924,3,4,1,1,1,0,1,0,0,1,0,0,0
0,-0.9135523854430948,0,0,0,0,1,-0.2675260086036639,0,-0.06487715540439622,0,1,1,0,1,1,0,0,1,0,0,0,0
0,-1.2802480369298874,0,0,0,0,1,0.15961368869534465,1,3.395086705582744,0,0,0,0,0,0,1,0,1,0,0,0,1
0,1.5718292524118322,1,0,1,1,1,1.3080710071140806,0,-0.4982422126831681,3,4,1,1,1,0,1,0,0,0,1,1,0
1,1.3273654847539706,1,0,1,1,1,1.5291199555217385,0,-0.47113064355485684,3,5,1,1,1,0,1,0,0,0,1,1,0
1,-1.1172721918246462,1,0,0,0,1,0.5103003662443366,1,0.892215030545198,0,1,0,0,0,0,1,0,1,0,0,0,1
0,-0.18016108246950976,0,0,1,0,1,-0.9655753193646899,0,-0.5231953460654851,2,2,0,0,0,1,0,0,1,0,0,0,0
1,1.4088534073065913,1,0,1,0,1,0.16958582170621683,0,-0.547103551880774,3,3,1,1,1,1,0,0,0,0,1,0,0
0,0.10504664646466222,0,1,1,0,1,0.8111263787389692,0,-0.3778650771270483,2,3,1,1,0,0,1,0,0,1,0,0,1
1,1.6125732136881425,0,1,1,0,0,-0.30409049631019386,0,-0.5781083140678165,3,5,1,1,1,1,0,0,0,0,1,1,0
1,1.1643896396487294,0,1,1,0,1,-0.46863069098957844,0,-0.5716399712999756,3,4,1,1,1,1,0,0,0,1,0,0,0
0,1.4495973685829016,0,0,0,0,1,-1.4891123024354593,0,-0.633259858299312,3,0,0,1,1,0,0,1,0,0,1,1,0
1,-1.2802480369298874,0,1,0,0,0,-1.1400876470549464,1,1.113028038797636,0,1,0,0,1,1,0,0,1,0,0,0,0
0,-1.1987601143772668,0,0,0,0,1,-1.5190287014680746,0,-0.10971183509361768,0,0,0,0,0,0,0,1,1,0,0,0,0
1,1.5310852911355222,1,0,0,1,0,1.1136144134020802,1,-0.5054818524286167,3,3,1,1,1,0,1,0,0,0,1,0,0
1,0.6347181430566958,0,0,0,0,0,-0.6398189743428778,0,-0.5585838057486456,2,3,1,0,1,1,0,0,1,0,0,1,0
1,1.4495973685829016,1,0,0,1,1,1.205025632668405,0,-0.49614517284549015,3,3,1,1,1,0,1,0,0,1,0,1,0
0,0.5939741817803856,0,1,1,1,1,1.2931128075977727,0,-0.41491043130155786,2,5,1,1,0,0,1,0,0,1,0,0,1
1,-0.01718523736426863,0,0,1,0,1,-0.9489550976799035,0,-0.5388690353535622,2,2,0,1,0,1,0,0,0,1,0,0,0
1,-1.1172721918246462,0,1,0,0,1,-0.5118432673700231,0,0.29397714475114767,0,1,0,0,0,1,0,0,1,0,0,0,0
0,0.6754621043330061,0,0,0,0,1,-1.4924363467724167,0,-0.6206361718976289,3,0,0,1,1,0,0,1,0,0,1,1,0
0,0.6347181430566958,1,0,0,1,1,1.4161024480651918,1,-0.4112427873858303,2,4,1,0,1,0,1,0,1,0,0,0,0
0,-0.791320501614164,1,0,0,0,1,0.5717951864780458,1,0.016605990269167727,1,1,1,0,0,0,1,0,1,0,0,0,1
0,-0.7098325790615434,0,0,0,0,1,-1.495760391109374,0,-0.5226418879709742,1,0,0,0,0,0,0,1,1,0,0,0,0
0,-0.8320644628904743,0,0,0,0,1,-0.6564391960276642,0,-0.2625823792683825,0,0,0,0,0,1,0,0,1,0,0,0,1
0,1.4088534073065913,1,1,1,0,1,-0.008250550320997212,0,-0.5562874046469093,3,3,0,1,1,1,0,0,0,0,1,0,0
0,-0.9542963467194051,0,0,1,1,0,0.7130670707987297,0,0.3396961376492297,0,2,1,0,0,0,1,0,1,0,0,0,1
1,-0.791320501614164,0,0,0,0,1,-1.4974224132778524,0,-0.5024226981026736,1,0,0,1,1,0,0,1,0,0,1,0,0
0,0.22727853029359305,0,0,0,1,1,0.8078023344020117,0,-0.4004127964832218,2,2,1,1,0,0,1,0,0,1,0,0,0
0,0.3902543753988342,1,0,0,1,1,1.0222031941357554,0,-0.407710990683144,2,3,1,0,0,0,1,0,1,0,0,0,1
0,-0.3431369275747509,1,0,0,0,1,0.35240826023886646,1,-0.31503875043249263,1,0,0,0,1,0,1,0,1,0,0,1,0
0,-0.22090504374582004,0,1,0,1,1,1.2116737213423197,1,-0.24499280648049526,2,4,1,0,0,0,1,0,1,0,0,0,1
1,-0.9542963467194051,1,0,0,1,1,1.2565483198912426,0,0.5305486143854778,0,4,1,0,1,0,1,0,1,0,0,1,0
0,0.6754621043330061,0,0,1,1,1,-0.2824842081199717,0,-0.5356572097789815,3,4,1,1,1,1,0,0,0,1,0,1,0
0,1.1643896396487294,1,1,1,0,1,0.9773285955868325,0,-0.48974115766648635,3,4,0,0,1,0,1,0,1,0,0,1,0
1,0.7162060656093164,0,1,0,1,1,-0.7229200827668095,0,-0.568561151801651,3,3,1,1,1,1,0,0,0,1,0,0,0
0,-0.3023929662984406,1,0,0,1,1,0.8210985117498408,1,-0.26527613335075717,2,2,1,0,0,0,1,0,1,0,0,0,1
0,-0.42462485012737144,1,0,0,0,1,0.3191678168692938,1,-0.2895004001350109,1,0,0,0,1,0,1,0,1,0,0,0,0
0,-1.2802480369298874,0,0,0,0,0,-1.472492080750673,1,0.5293813209497821,0,0,0,0,0,0,0,1,1,0,0,0,0
0,-1.1580161531009565,1,0,0,0,1,0.3175057947008148,1,1.0686708882411988,0,0,0,0,0,0,1,0,1,0,0,0,1
0,-0.5876006952326126,1,0,1,1,0,1.1618130562879607,1,-0.05426539689807161,1,3,1,0,1,0,1,0,1,0,0,0,0
0,0.9606698332671781,1,0,1,1,1,1.5673464653967473,1,-0.43783392410124,3,5,1,1,0,0,1,0,0,1,0,0,1
0,0.8384379494382472,0,0,1,1,1,0.9706805069129179,0,-0.46389892664684307,3,4,1,1,0,0,1,0,0,1,0,0,1
0,0.7569500268856267,1,0,0,1,1,1.131896657255345,0,-0.44519645810270136,3,3,1,1,0,0,1,0,0,1,0,0,1
1,-0.3431369275747509,1,1,0,0,0,-0.01489863899491184,0,-0.366633120290243,1,3,0,1,0,1,0,0,0,0,1,0,1
0,1.2051336009250397,0,1,0,1,1,0.23939075278231922,0,-0.5336894865588087,3,4,1,1,1,1,0,0,0,0,1,1,0
0,-0.3431369275747509,0,0,0,0,1,-0.5018711343591511,0,-0.43503651562201134,1,1,0,0,0,1,0,0,1,0,0,0,0
1,1.5310852911355222,1,1,1,1,0,0.5285826100976015,0,-0.5344175770317777,3,5,1,1,0,1,0,0,0,0,1,0,1
1,-1.2802480369298874,0,0,0,0,0,-1.349502440283254,0,0.7453306065534879,0,0,0,0,0,1,0,0,1,0,0,0,0
0,-0.6690886177852331,0,0,0,1,1,-0.8575438784135787,1,-0.3993036036257734,1,2,1,0,0,1,0,0,1,0,0,0,0
0,-0.9950403079957154,0,0,1,1,1,0.021665848711618373,0,0.18178727565372702,0,3,1,0,0,1,0,0,1,0,0,0,1
1,1.6125732136881425,0,1,1,0,1,0.3175057947008148,0,-0.5482064137287621,3,5,1,1,0,1,0,0,0,0,1,0,1
0,-0.38388088885106114,0,0,1,0,0,0.6116837185215331,0,-0.2624327262638061,1,3,0,0,1,0,1,0,1,0,0,0,0
1,-0.05792919864057891,0,0,0,0,0,-1.322910085587596,0,-0.5758996509745908,2,0,0,0,1,1,0,0,1,0,0,1,0
1,0.18653456901728277,0,1,1,0,1,-0.8176553463700914,0,-0.5436070924410352,2,3,0,1,0,1,0,0,0,1,0,0,1
0,-0.09867315991688919,1,0,1,1,1,0.974004551249875,1,-0.31276441096423396,2,3,1,0,1,0,1,0,1,0,0,1,0
0,0.10504664646466222,1,1,0,1,1,1.4476808692662855,0,-0.3157715513115683,2,5,1,1,0,0,1,0,0,1,0,0,1
1,-0.38388088885106114,1,0,1,1,1,0.15628964435838757,0,-0.32906572655143607,1,3,1,0,1,1,0,0,1,0,0,1,0
1,-0.506112772679992,1,1,0,1,0,0.3723525262606099,0,-0.2446453977198715,1,3,1,1,1,1,0,0,0,1,0,0,0
0,0.1457906077409725,0,1,0,1,1,0.9573843295650886,0,-0.37180075987853906,2,3,1,0,0,0,1,0,1,0,0,0,1
0,-0.9950403079957154,1,0,0,1,0,1.025527238472713,1,0.5734790729649534,0,2,1,0,1,0,1,0,1,0,0,0,0
1,1.5718292524118322,1,0,0,1,0,1.1884054109836186,0,-0.5040786798616467,3,3,1,1,1,0,1,0,0,1,0,0,0
0,0.7162060656093164,1,0,0,1,1,0.7728998688639604,1,-0.4655646721814415,3,2,1,0,0,0,1,0,1,0,0,0,1
1,0.4309983366751445,1,0,0,0,1,-1.3411923294408608,0,-0.6022300767684088,2,0,0,1,1,0,0,1,0,1,0,0,0
1,1.0014137945434884,1,1,1,1,0,0.8227605339183194,0,-0.48686836931667904,3,6,1,1,0,1,0,0,0,0,1,0,0
1,0.3495104141225239,0,0,1,0,1,0.05656831424966958,1,-0.4822729899864977,2,3,1,1,1,1,0,0,0,1,0,0,0
0,-0.22090504374582004,0,0,0,0,1,0.375676570597567,0,-0.3498407704367347,2,1,0,0,0,0,1,0,1,0,0,0,1
0,-0.791320501614164,0,0,0,0,1,0.5219345214236869,0,0.004099274886713762,1,1,1,0,0,0,1,0,1,0,0,0,1
0,-1.1987601143772668,0,1,0,0,1,-0.9755474523755615,1,0.3674193567470028,0,2,0,0,0,1,0,0,1,0,0,0,0
0,1.4088534073065913,0,0,0,0,0,-1.4708300585821945,0,-0.6318181563683962,3,0,0,1,0,0,0,1,0,1,0,0,1
0,-1.1987601143772668,0,0,0,0,1,-0.4952230456852367,1,0.789104110392077,0,1,0,0,0,1,0,0,1,0,0,0,0
0,1.2866215234776603,1,0,1,1,1,1.3496215613260465,0,-0.47781333045012175,3,4,1,1,1,0,1,0,0,0,1,0,0
0,-0.26164900502213034,0,0,1,0,0,-0.9655753193646899,0,-0.5125361531341641,2,2,0,0,0,1,0,0,1,0,0,0,1
0,0.22727853029359305,1,0,0,0,1,1.0072449946194475,0,-0.3824544359340571,2,3,1,0,1,0,1,0,1,0,0,1,0
0,-0.38388088885106114,0,0,0,0,0,-1.5123806127941604,0,-0.5732246035177881,1,0,0,1,1,0,0,1,0,1,0,1,0
0,0.3087664528462136,1,0,0,1,1,1.3197051622934308,1,-0.3695769773939243,2,4,1,0,1,0,1,0,1,0,0,1,0
0,1.6125732136881425,0,1,1,1,1,-0.056449193206877434,0,-0.5661955248953056,3,6,1,1,1,1,0,0,0,0,1,0,0
0,-1.1987601143772668,1,0,0,0,1,0.3407741050595158,1,1.523039858085753,0,0,0,0,1,0,1,0,1,0,0,1,0
0,-0.38388088885106114,1,0,0,0,1,0.5385547431084732,1,-0.27313291609101675,1,1,0,0,0,0,1,0,1,0,0,0,1
0,-1.2802480369298874,1,0,0,0,1,0.32082983903777235,1,3.6781553637389535,0,0,0,0,0,0,1,0,1,0,0,0,1
0,-1.1580161531009565,0,1,1,0,1,-0.14619839030472373,1,0.7429960196820966,0,3,0,0,0,1,0,0,1,0,0,0,0
0,1.2051336009250397,1,1,1,1,1,0.6698544944182854,0,-0.5096951214917302,3,5,1,1,0,1,0,0,0,0,1,0,1
0,0.3087664528462136,1,0,0,1,1,0.9507362408911745,0,-0.4011793118725154,2,3,1,0,1,0,1,0,1,0,0,0,0
0,0.3495104141225239,1,0,0,1,1,0.8111263787389692,0,-0.4191835590572297,2,2,1,0,0,0,1,0,1,0,0,0,1
0,0.06430268518835193,0,0,0,1,1,0.6781646052606785,0,-0.382941877148963,2,2,1,0,1,0,1,0,1,0,0,1,0
0,-1.2802480369298874,0,0,0,0,0,-0.4935610235167579,0,2.2482209050117117,0,1,0,0,0,1,0,0,1,0,0,0,1
0,0.7569500268856267,0,0,0,0,0,-1.4675060142452372,0,-0.6207394324707866,3,0,0,1,1,0,0,1,0,0,1,0,0
1,-1.2802480369298874,0,0,0,0,1,0.19451615423339633,1,3.456369610956769,0,0,0,0,0,0,1,0,1,0,0,0,0
0,0.2680224915699033,0,0,0,0,0,-1.4841262359300234,0,-0.6082920438151468,2,0,0,1,0,0,0,1,0,0,1,0,0
1,-0.8320644628904743,0,0,0,0,1,-1.5157046571311175,0,-0.49469418936633663,0,0,0,0,0,0,0,1,1,0,0,0,1
0,-0.8320644628904743,0,0,1,1,1,-0.16614265632646738,1,-0.13013947021829264,0,2,1,1,0,1,0,0,0,1,0,0,1
0,1.6125732136881425,1,0,0,1,1,1.3346633618097385,0,-0.4992760313557639,3,4,1,1,0,0,1,0,0,1,0,0,1
0,1.24587756220135,1,0,0,1,1,1.286464718923858,0,-0.47832121533440286,3,4,1,0,0,0,1,0,1,0,0,0,1
0,0.4717422979514547,1,1,0,0,1,0.6648684279128493,0,-0.44712448764499363,2,2,0,0,1,0,1,0,1,0,0,1,0
0,-0.5876006952326126,1,0,1,0,1,1.005582972450969,0,-0.0831405503073865,1,3,1,0,1,0,1,0,1,0,0,0,0
0,-0.9542963467194051,0,0,0,0,1,-0.6846935728918008,1,-0.15115075206081535,0,0,0,0,1,1,0,0,1,0,0,0,0
0,-0.791320501614164,0,0,1,1,0,0.28426535133124214,0,-0.05551606843631706,1,4,1,0,0,1,0,0,1,0,0,0,0
0,1.4495973685829016,0,0,1,1,0,-0.023208749837305007,0,-0.5586545821918039,3,3,1,1,1,1,0,0,0,0,1,0,0
0,-1.076528230548336,0,0,0,1,1,-0.6780454842178864,0,0.07330310000295924,0,2,1,0,0,1,0,0,1,0,0,0,1
0,-1.2395040756535771,0,0,0,0,1,-1.4874502802669807,0,0.11304666221831315,0,0,0,0,0,0,0,1,1,0,0,0,0
0,0.9199258719908678,1,1,0,0,0,-0.15949456765255274,0,-0.5420272968137779,3,2,0,1,1,1,0,0,0,1,0,1,0
0,-1.2802480369298874,1,0,0,0,1,0.36404241541821675,1,3.7540294370591742,0,0,0,0,0,0,1,0,1,0,0,0,1
0,0.22727853029359305,0,0,0,0,1,0.15628964435838757,0,-0.4590767742771599,2,0,0,0,1,0,1,0,1,0,0,1,0
0,1.4088534073065913,1,1,0,1,1,1.2681824750705932,1,-0.4903696576899753,3,4,1,0,1,0,1,0,1,0,0,1,0
0,-0.5468567339563023,0,0,0,1,1,0.4621017233584562,0,-0.20776448369205713,1,1,1,0,1,0,1,0,1,0,0,0,0
0,-0.8320644628904743,0,0,1,1,0,-0.13788827946233057,0,-0.12250716698489755,0,5,1,1,0,1,0,0,0,1,0,0,1
0,1.6125732136881425,0,0,0,0,1,-1.4508857925604508,0,-0.6332749216452164,3,0,0,1,1,0,0,1,0,0,1,0,0
1,-0.3431369275747509,1,1,1,1,1,0.6648684279128493,0,-0.27114851725033406,1,5,1,1,0,1,0,0,0,1,0,0,0
1,1.6125732136881425,1,0,0,1,1,1.2764925859129865,0,-0.5020743375372262,3,4,1,1,1,0,1,0,0,1,0,1,0
1,-0.8728084241667845,0,1,0,0,1,-1.1700040460875616,0,-0.37916206983337686,0,1,0,0,0,1,0,0,1,0,0,0,1
0,-1.1580161531009565,1,0,0,0,1,0.3191678168692938,1,1.0698381816768947,0,0,0,0,0,0,1,0,1,0,0,0,0
0,1.368109446030281,0,1,1,1,1,1.3579316721684396,0,-0.4830279558901815,3,5,1,1,1,0,1,0,0,0,1,0,0
