Dependents,tenure,MultipleLines,OnlineSecurity,TechSupport,StreamingTV,PaperlessBilling,MonthlyCharges,Churn,ChargesPerTenure,TenureGroup,NumAddons,HasStreaming,IsLongTermContract,IsAutoPayment,InternetService_DSL,InternetService_Fiber optic,InternetService_No,Contract_Month-to-month,Contract_One year,Contract_Two year,PaymentMethod_Credit card (automatic),PaymentMethod_Electronic check,Segment,Segment_Label
0,-1.2802480369298874,0,0,0,0,1,-1.1616939352451685,0,1.0750910021375255,0,1,0,0,0,1,0,0,1,0,0,0,1,2,Vulnerable High-Risk
0,0.0643026851883519,0,1,0,0,0,-0.2608779199297493,0,-0.4771591330301165,2,2,0,1,0,1,0,0,0,1,0,0,0,3,Loyal Low-Risk
0,-1.2395040756535771,0,1,0,0,1,-0.3639232943754246,1,1.4281972664354767,0,2,0,0,0,1,0,0,1,0,0,0,0,2,Vulnerable High-Risk
0,0.512486259227765,0,1,1,0,0,-0.747850415293989,0,-0.5597542064428215,2,3,0,1,1,1,0,0,0,1,0,0,0,1,Stable Mid-Risk
0,-1.2395040756535771,0,0,0,0,1,0.1961781764018748,1,2.083827079484565,0,0,0,0,0,0,1,0,1,0,0,0,1,0,Critical Churn-Risk
0,-0.9950403079957154,1,0,0,1,1,1.1584890119510036,1,0.625358781218096,0,3,1,0,0,0,1,0,1,0,0,0,1,0,Critical Churn-Risk
1,-0.4246248501273714,1,0,0,1,1,0.8078023344020117,0,-0.2148951240275027,1,2,1,0,1,0,1,0,1,0,0,1,0,0,Critical Churn-Risk
0,-0.9135523854430948,0,1,0,0,0,-1.1650179795821258,0,-0.3513946350751608,0,1,0,0,0,1,0,0,1,0,0,0,0,2,Vulnerable High-Risk
0,-0.1801610824695097,1,0,1,1,1,1.3296772953043026,1,-0.2452587538765589,2,4,1,0,0,0,1,0,1,0,0,0,1,0,Critical Churn-Risk
1,1.2051336009250395,0,1,0,0,0,-0.2874702746254075,0,-0.563057107123534,3,2,0,1,1,1,0,0,0,1,0,0,0,1,Stable Mid-Risk
1,-0.791320501614164,0,1,0,0,1,-0.4935610235167579,0,-0.2506208284025995,1,1,0,0,0,1,0,0,1,0,0,0,0,2,Vulnerable High-Risk
0,-0.6690886177852331,0,0,0,0,0,-1.5240147679735103,0,-0.53697556471812,1,0,0,1,1,0,0,1,0,0,1,1,0,3,Loyal Low-Risk
0,1.0421577558197987,1,0,0,1,0,1.181757322309704,0,-0.4685556433975311,3,3,1,1,1,0,1,0,0,1,0,1,0,1,Stable Mid-Risk
0,0.6754621043330061,1,0,0,1,1,1.2931128075977727,1,-0.4249977920750283,3,4,1,0,1,0,1,0,1,0,0,0,0,0,Critical Churn-Risk
0,-0.3023929662984406,0,1,1,1,1,1.3529456056630036,0,-0.1934426911540983,2,5,1,0,0,0,1,0,1,0,0,0,1,0,Critical Churn-Risk
1,1.490341329859212,1,1,1,1,0,1.6105590417771916,0,-0.4782430483632625,3,6,1,1,1,0,1,0,0,0,1,1,0,1,Stable Mid-Risk
0,0.797693988161937,0,0,0,0,0,-1.4675060142452372,0,-0.6216140554550796,3,0,0,1,0,0,0,1,0,1,0,0,0,3,Loyal Low-Risk
1,1.5718292524118322,1,1,0,1,0,1.3928341377064908,0,-0.4941080484317458,3,4,1,1,1,0,1,0,0,0,1,0,0,1,Stable Mid-Risk
1,-0.9135523854430948,0,0,1,0,0,-0.3190486958265014,1,-0.0813253810891993,0,2,0,0,1,1,0,0,1,0,0,1,0,2,Vulnerable High-Risk
0,-0.4653688114036817,0,0,0,0,1,0.8393807556031058,0,-0.1893000238910523,1,3,1,0,0,0,1,0,1,0,0,0,1,0,Critical Churn-Risk
0,-1.2802480369298874,0,0,0,0,1,-0.8359375902233565,1,1.647064785628422,0,2,1,0,0,1,0,0,1,0,0,0,1,2,Vulnerable High-Risk
0,-0.8320644628904743,0,0,0,0,0,-1.495760391109374,0,-0.4893066812015872,0,0,0,1,1,0,0,1,0,1,0,0,0,3,Loyal Low-Risk
0,-1.2802480369298874,0,0,0,0,0,-1.4841262359300234,1,0.5089536858251071,0,0,0,0,0,0,0,1,1,0,0,0,0,2,Vulnerable High-Risk
0,1.0421577558197987,1,0,1,0,1,-0.16281861198951,0,-0.5485844899634488,3,2,0,1,1,1,0,0,0,0,1,1,0,1,Stable Mid-Risk
1,0.6754621043330061,0,1,1,0,0,-0.1727907450003817,0,-0.5279530731033897,3,3,0,0,1,1,0,0,1,0,0,1,0,1,Stable Mid-Risk
0,-0.0986731599168891,0,1,0,0,1,-0.3157246514895444,0,-0.458864363560987,2,2,0,0,1,1,0,0,1,0,0,0,0,2,Vulnerable High-Risk
1,0.5939741817803856,1,0,0,1,1,1.1485168789401314,1,-0.4254890280625502,2,3,1,0,0,0,1,0,1,0,0,0,1,0,Critical Churn-Risk
1,-1.2802480369298874,0,0,0,0,0,-1.150059780065818,1,1.0955186372622,0,1,0,0,0,1,0,0,1,0,0,0,1,2,Vulnerable High-Risk
0,1.6125732136881423,1,1,1,1,1,0.8460288442770204,0,-0.5227818032800473,3,6,1,1,1,1,0,0,0,0,1,1,0,1,Stable Mid-Risk
1,-0.6283446565089229,0,0,0,1,1,-0.0032644838155611,1,-0.2475173101410276,1,2,1,0,0,1,0,0,1,0,0,0,0,2,Vulnerable High-Risk
0,1.5718292524118322,1,1,1,0,1,1.0487955488314131,0,-0.5108878915698716,3,4,0,1,1,0,1,0,0,0,1,1,0,1,Stable Mid-Risk
0,-1.2395040756535771,0,0,0,1,1,1.0205411719672768,0,3.048789652993017,0,3,1,0,1,0,1,0,1,0,0,1,0,0,Critical Churn-Risk
1,-0.22090504374582,0,1,1,0,0,0.0449341590703193,0,-0.3913213764552071,2,4,0,1,0,1,0,0,0,1,0,0,0,1,Stable Mid-Risk
0,-1.2802480369298874,0,0,0,0,0,-1.4824642137615447,0,0.5118719194143465,0,0,0,0,1,0,0,1,1,0,0,0,0,2,Vulnerable High-Risk
0,-1.2802480369298874,0,0,0,0,0,-0.6497911073537496,0,1.9739069476232205,0,0,0,0,1,1,0,0,1,0,0,0,0,2,Vulnerable High-Risk
1,1.6125732136881423,1,1,1,1,0,1.1667991227933967,0,-0.5073511434794122,3,4,1,1,1,0,1,0,0,0,1,0,0,1,Stable Mid-Risk
0,-1.1172721918246462,0,0,0,0,1,0.1629377330323022,1,0.6889114238281955,0,0,0,0,0,0,1,0,1,0,0,0,1,0,Critical Churn-Risk
0,0.5532302205040753,0,0,0,0,1,0.3324639942171226,0,-0.4813209421488736,2,1,0,0,1,0,1,0,1,0,0,1,0,0,Critical Churn-Risk
0,0.0643026851883519,1,0,0,1,1,1.3811999825271402,1,-0.3124040023919224,2,4,1,0,0,0,1,0,1,0,0,0,1,0,Critical Churn-Risk
0,-0.8728084241667845,1,0,0,1,1,1.0986562138857725,1,0.2847360717185568,0,3,1,0,1,0,1,0,1,0,0,0,0,0,Critical Churn-Risk
1,-0.9135523854430948,0,0,0,0,0,-0.5068572008645872,0,-0.1412818166499335,0,1,0,1,0,1,0,0,0,1,0,0,0,2,Vulnerable High-Risk
1,1.5310852911355222,1,1,0,1,1,0.1463175113475158,0,-0.5533244425395252,3,3,1,1,1,1,0,0,0,0,1,1,0,1,Stable Mid-Risk
1,-0.6283446565089229,0,0,0,0,0,-1.46418196990828,0,-0.5325314573567296,1,0,0,1,0,0,0,1,0,1,0,0,0,3,Loyal Low-Risk
0,1.24587756220135,1,1,1,1,1,0.5003282332334644,0,-0.5214563555753458,3,5,1,1,1,1,0,0,0,0,1,1,0,1,Stable Mid-Risk
0,-0.791320501614164,1,1,1,1,1,0.3790006149345245,0,-0.0317533092096543,1,4,1,0,0,1,0,0,1,0,0,0,1,2,Vulnerable High-Risk
0,0.6754621043330061,1,0,0,0,1,0.6548962949019775,0,-0.4698218600057435,3,1,1,0,0,0,1,0,1,0,0,0,1,0,Critical Churn-Risk
0,-1.2395040756535771,0,0,0,0,0,-0.5168293338754589,0,1.249212272962135,0,1,0,0,0,1,0,0,1,0,0,0,0,2,Vulnerable High-Risk
0,-1.2395040756535771,0,0,0,1,1,0.526920587929123,1,2.470979402323642,0,1,1,0,0,0,1,0,1,0,0,0,1,0,Critical Churn-Risk
0,0.797693988161937,1,1,1,1,1,0.4970041888965074,0,-0.4914498251727847,3,4,1,1,1,1,0,0,0,0,1,1,0,1,Stable Mid-Risk
1,1.490341329859212,1,1,1,0,1,-0.0215467276688259,0,-0.5601203450670613,3,3,0,1,1,1,0,0,0,0,1,1,0,1,Stable Mid-Risk
0,0.4309983366751445,1,0,0,1,1,0.8460288442770204,0,-0.4276666493393689,2,2,1,0,0,0,1,0,1,0,0,0,1,0,Critical Churn-Risk
0,-0.7098325790615434,0,1,0,1,1,1.1402067680977384,1,0.0558979210957107,1,4,1,0,1,0,1,0,1,0,0,1,0,0,Critical Churn-Risk
0,-0.3023929662984406,1,1,1,1,1,0.1562896443583875,0,-0.3550679360965809,2,3,1,0,1,1,0,0,1,0,0,1,0,1,Stable Mid-Risk
0,-0.9950403079957154,1,0,0,0,1,0.526920587929123,1,0.3789301670156688,0,1,0,0,1,0,1,0,1,0,0,1,0,0,Critical Churn-Risk
1,1.1236456783724194,0,1,1,0,1,0.3341260163856011,0,-0.5238618052910661,3,5,1,1,1,1,0,0,0,1,0,1,0,1,Stable Mid-Risk
0,-0.5876006952326126,1,0,0,1,1,1.0188791497987983,1,-0.0806830904427639,1,2,1,0,0,0,1,0,1,0,0,0,1,0,Critical Churn-Risk
1,1.24587756220135,1,1,0,1,1,1.1584890119510036,0,-0.4853432149085098,3,3,1,1,1,0,1,0,0,1,0,1,0,1,Stable Mid-Risk
1,1.368109446030281,1,0,1,1,1,1.451004913603243,0,-0.4781497146663785,3,5,1,1,0,0,1,0,0,1,0,0,1,1,Stable Mid-Risk
1,0.0643026851883519,1,0,0,0,0,-1.3245721077560746,0,-0.583883104293724,2,0,0,1,1,0,0,1,0,0,1,1,0,3,Loyal Low-Risk
0,1.6125732136881423,1,0,1,1,1,1.419426492402149,0,-0.4951984994913474,3,4,1,1,1,0,1,0,0,0,1,1,0,1,Stable Mid-Risk
0,0.5939741817803856,1,0,0,1,1,1.1867433888151402,0,-0.4226923875395292,2,3,1,0,0,0,1,0,1,0,0,0,1,0,Critical Churn-Risk
0,1.1236456783724194,1,0,0,1,1,0.8343946890976701,0,-0.4950621885579178,3,2,1,0,1,0,1,0,1,0,0,0,0,0,Critical Churn-Risk
0,1.6125732136881423,0,1,0,0,0,-0.7544985039679034,0,-0.5997751990728533,3,3,0,1,1,1,0,0,0,0,1,0,0,1,Stable Mid-Risk
1,-0.5876006952326126,0,0,1,0,1,-0.3456410505221597,0,-0.3328799090496523,1,2,0,1,1,1,0,0,0,1,0,1,0,1,Stable Mid-Risk
0,-0.9542963467194052,1,0,0,1,0,0.9839766842607472,1,0.4348305526584299,0,2,1,0,0,0,1,0,1,0,0,0,1,0,Critical Churn-Risk
0,-1.1987601143772668,0,0,1,1,1,0.3490842159019089,0,1.5303354420588513,0,4,1,0,0,1,0,0,1,0,0,0,1,2,Vulnerable High-Risk
0,0.5939741817803856,1,0,0,0,1,0.4687498120323708,0,-0.4752205921458361,2,1,0,1,0,0,1,0,0,1,0,0,1,0,Critical Churn-Risk
0,-0.0579291986405789,0,0,1,1,0,0.4787219450432425,0,-0.3781893253036304,2,5,1,1,0,1,0,0,0,0,1,0,0,1,Stable Mid-Risk
1,0.7162060656093164,0,0,0,0,0,-1.4841262359300234,0,-0.6209749158750464,3,0,0,1,1,0,0,1,0,0,1,0,0,3,Loyal Low-Risk
0,-0.9135523854430948,0,1,0,0,1,0.5003282332334644,0,0.1802544660917023,0,2,0,0,0,0,1,0,1,0,0,0,0,0,Critical Churn-Risk
0,-1.2802480369298874,0,0,1,0,0,-0.5234774225493735,0,2.1956927004054045,0,1,0,0,0,1,0,0,1,0,0,0,0,2,Vulnerable High-Risk
1,0.797693988161937,0,0,0,0,1,-1.4758161250876305,0,-0.6221646655662568,3,0,0,1,0,0,0,1,0,1,0,0,1,3,Loyal Low-Risk
1,1.2866215234776603,1,1,1,1,1,1.5557123102173966,0,-0.4666791469096397,3,5,1,1,1,0,1,0,0,0,1,0,0,1,Stable Mid-Risk
1,1.2051336009250395,1,0,0,0,1,-1.3478404181147754,0,-0.6221629175976499,3,0,0,1,1,0,0,1,0,0,1,0,0,3,Loyal Low-Risk
1,-1.1987601143772668,0,1,1,0,1,-0.0099125724894757,0,1.2151662144210102,0,3,1,0,1,1,0,0,1,0,0,0,0,2,Vulnerable High-Risk
0,0.960669833267178,1,1,0,1,0,1.5191478225108668,0,-0.4408033547709923,3,5,1,1,0,0,1,0,0,1,0,0,1,1,Stable Mid-Risk
0,0.5532302205040753,0,0,0,0,0,-0.3040904963101938,0,-0.5288819406458369,2,1,1,1,1,1,0,0,0,1,0,1,0,3,Loyal Low-Risk
1,-0.9950403079957154,0,1,0,0,0,-0.3373309396797665,0,0.041712063370242,0,2,0,0,0,1,0,0,1,0,0,0,0,2,Vulnerable High-Risk
0,-0.0986731599168891,0,1,0,1,1,0.330801972048644,0,-0.3856261141278208,2,4,1,0,0,1,0,0,1,0,0,0,1,2,Vulnerable High-Risk
1,0.512486259227765,1,0,0,0,1,-1.2929936865549807,0,-0.6013707550197989,2,0,0,1,1,0,0,1,0,1,0,1,0,3,Loyal Low-Risk
1,-1.2802480369298874,0,0,0,1,1,0.4837080115486781,1,3.964142255484401,0,1,1,0,0,0,1,0,1,0,0,0,1,0,Critical Churn-Risk
1,-0.8728084241667845,0,1,0,1,0,-0.4736167574950145,0,-0.1753720908515013,0,3,1,0,0,1,0,0,1,0,0,0,1,2,Vulnerable High-Risk
0,-1.0357842692720256,0,0,0,0,1,0.3440981493964733,1,0.4294318205183373,0,1,0,0,1,0,1,0,1,0,0,0,0,0,Critical Churn-Risk
0,0.3902543753988342,0,0,1,1,1,1.2964368519347298,0,-0.3853152445331682,2,5,1,0,1,0,1,0,1,0,0,0,0,0,Critical Churn-Risk
0,0.6754621043330061,0,0,0,0,1,-1.4841262359300234,0,-0.620052525179781,3,0,0,1,1,0,0,1,0,0,1,0,0,3,Loyal Low-Risk
0,-0.9542963467194052,1,0,0,1,1,1.1468548567716528,0,0.4920279310075194,0,3,1,0,1,0,1,0,1,0,0,1,0,0,Critical Churn-Risk
0,0.1050466464646622,0,1,0,1,1,-0.0880276144079715,0,-0.4655742088925174,2,2,1,1,1,1,0,0,0,1,0,0,0,1,Stable Mid-Risk
1,0.6347181430566958,0,0,0,0,0,-1.4675060142452372,0,-0.6179013701339989,2,0,0,1,1,0,0,1,0,0,1,0,0,3,Loyal Low-Risk
1,0.5532302205040753,0,0,0,0,1,-1.4907743246039378,0,-0.6175465696976172,2,0,0,1,0,0,0,1,0,0,1,0,0,3,Loyal Low-Risk
0,-0.1394171211931994,0,0,0,1,0,-1.0320562061038352,0,-0.5357739391225509,2,1,1,0,0,1,0,0,1,0,0,0,0,2,Vulnerable High-Risk
1,-0.0986731599168891,0,0,0,0,0,0.5734572086465244,0,-0.3581382364485348,2,2,0,0,1,0,1,0,1,0,0,0,0,0,Critical Churn-Risk
0,-1.2802480369298874,0,0,1,0,0,0.3291399498801655,0,3.6927465316851498,0,1,0,0,0,0,1,0,1,0,0,0,1,0,Critical Churn-Risk
1,1.368109446030281,1,1,1,1,1,0.6382760732171912,0,-0.5207472139242293,3,5,1,1,0,1,0,0,0,0,1,0,0,1,Stable Mid-Risk
0,1.3273654847539706,1,1,0,1,1,1.5374300663641316,0,-0.4706884869504266,3,5,1,0,1,0,1,0,1,0,0,1,0,0,Critical Churn-Risk
0,1.6125732136881423,1,0,0,1,1,1.2000395661629697,0,-0.5057521113757195,3,4,1,1,1,0,1,0,0,0,1,0,0,1,Stable Mid-Risk
0,-0.8320644628904743,1,1,0,0,1,0.4704118342008493,1,0.0418118320399597,0,1,0,0,0,0,1,0,1,0,0,0,1,0,Critical Churn-Risk
1,1.5718292524118322,1,1,1,0,1,0.0682024694290198,0,-0.5587144976157374,3,3,0,1,1,1,0,0,0,1,0,1,0,1,Stable Mid-Risk
0,-1.1172721918246462,0,0,0,0,0,-1.454209836897408,1,-0.257569003615074,0,0,0,0,0,0,0,1,1,0,0,0,0,2,Vulnerable High-Risk
0,0.797693988161937,0,0,0,0,0,-1.4558718590658866,0,-0.6208432012994315,3,0,0,1,1,0,0,1,0,0,1,0,0,3,Loyal Low-Risk
0,-0.3023929662984406,0,0,0,1,1,1.1202625020759949,1,-0.2248698221151365,2,4,1,0,0,0,1,0,1,0,0,0,1,0,Critical Churn-Risk
0,-1.2802480369298874,0,0,0,0,0,-1.4824642137615447,0,0.5118719194143465,0,0,0,0,0,0,0,1,1,0,0,0,0,2,Vulnerable High-Risk
1,-1.2802480369298874,0,0,0,0,0,-1.5073945462887242,0,0.4680984155757574,0,0,0,0,0,0,0,1,1,0,0,0,1,2,Vulnerable High-Risk
0,0.227278530293593,1,0,1,1,0,1.0039209502824906,0,-0.3827537419432098,2,3,1,1,1,0,1,0,0,1,0,0,0,1,Stable Mid-Risk
0,1.368109446030281,0,0,0,1,0,-0.6398189743428778,0,-0.5877359193010949,3,3,1,1,1,1,0,0,0,1,0,0,0,1,Stable Mid-Risk
0,1.4495973685829016,1,0,1,1,1,1.5025276008260804,1,-0.481004192773785,3,5,1,1,1,0,1,0,0,0,1,0,0,1,Stable Mid-Risk
0,-1.1172721918246462,0,0,0,0,0,-1.346178395946297,0,-0.1943406091815565,0,0,0,0,0,1,0,0,1,0,0,0,0,2,Vulnerable High-Risk
1,1.6125732136881423,1,1,0,1,1,1.3080710071140806,0,-0.5005552570387182,3,4,1,1,0,0,1,0,0,1,0,0,1,1,Stable Mid-Risk
0,-0.0171852373642686,0,1,0,0,0,-1.1517218022342968,0,-0.5604462776497556,2,1,0,1,0,1,0,0,0,1,0,0,0,3,Loyal Low-Risk
0,0.4309983366751445,1,0,0,1,0,0.982314662092268,0,-0.4167895968703862,2,2,1,1,0,0,1,0,0,1,0,0,0,0,Critical Churn-Risk
1,1.6125732136881423,0,0,0,0,0,-1.509056568457203,0,-0.6360732278266787,3,0,0,1,1,0,0,1,0,0,1,1,0,3,Loyal Low-Risk
0,0.9199258719908678,1,1,0,1,1,1.0620917261792426,1,-0.4654236650962471,3,3,1,0,0,0,1,0,1,0,0,0,1,0,Critical Churn-Risk
0,0.797693988161937,0,1,1,0,0,-0.2276374765601766,0,-0.5394630268674383,3,3,0,1,1,1,0,0,0,1,0,1,0,1,Stable Mid-Risk
0,0.4309983366751445,0,0,0,1,1,0.8925654649944222,0,-0.4239525338621553,2,3,1,0,0,0,1,0,1,0,0,0,1,0,Critical Churn-Risk
0,0.1865345690172827,1,0,0,0,1,0.3889727479453962,1,-0.4320998510837874,2,0,0,0,0,0,1,0,1,0,0,0,1,0,Critical Churn-Risk
1,1.2866215234776603,0,0,1,1,1,-0.338992961848245,0,-0.5690418020398786,3,4,1,1,0,1,0,0,0,0,1,0,1,1,Stable Mid-Risk
1,-1.1987601143772668,0,1,0,1,0,0.8327326669291911,0,1.9549384292931649,0,3,1,0,0,0,1,0,1,0,0,0,1,0,Critical Churn-Risk
0,0.1457906077409725,0,1,0,0,0,-1.1218054032016815,0,-0.5691364474535837,2,1,0,1,1,1,0,0,0,0,1,0,0,3,Loyal Low-Risk
1,-0.9135523854430948,1,1,0,1,1,1.178433277972747,1,0.3967343396207244,0,3,1,0,0,0,1,0,1,0,0,0,1,0,Critical Churn-Risk
0,0.3495104141225239,0,0,0,0,0,-1.4675060142452372,0,-0.6097025233832791,2,0,0,1,0,0,0,1,0,0,1,0,0,3,Loyal Low-Risk
1,-0.22090504374582,1,0,1,0,1,0.6781646052606785,0,-0.3119037337766241,2,2,0,0,1,0,1,0,1,0,0,1,0,0,Critical Churn-Risk
1,0.960669833267178,1,0,0,1,1,1.1634750784564392,0,-0.4627157052305433,3,3,1,1,1,0,1,0,0,1,0,1,0,1,Stable Mid-Risk
0,-1.076528230548336,0,0,0,0,0,-1.4658439920767583,0,-0.3219091060825874,0,0,0,0,0,0,0,1,1,0,0,0,0,2,Vulnerable High-Risk
0,-1.1987601143772668,1,0,0,0,1,0.3191678168692938,1,1.504071339755698,0,0,0,0,0,0,1,0,1,0,0,0,1,0,Critical Churn-Risk
1,-1.0357842692720256,0,1,0,0,0,-0.4686306909895784,0,0.0726777642338366,0,1,0,0,0,1,0,0,1,0,0,0,0,2,Vulnerable High-Risk
1,-1.1580161531009563,0,0,0,0,0,-1.4608579255713223,0,-0.180333087953208,0,0,0,0,0,0,0,1,1,0,0,0,0,2,Vulnerable High-Risk
0,0.0235587239120416,0,1,1,1,1,0.802816267896576,0,-0.3617098885643969,2,3,1,1,0,0,1,0,0,0,1,0,1,1,Stable Mid-Risk
0,-0.22090504374582,1,0,0,0,1,0.4404954351682337,1,-0.3417114054381395,2,1,0,0,0,0,1,0,1,0,0,0,1,0,Critical Churn-Risk
0,1.6125732136881423,1,0,0,0,1,-1.3711087284734764,0,-0.6294372445963538,3,0,0,1,1,0,0,1,0,0,1,0,0,3,Loyal Low-Risk
0,-1.2802480369298874,0,0,0,0,0,-1.4974224132778524,0,0.4856078171111931,0,0,0,0,0,0,0,1,1,0,0,0,0,2,Vulnerable High-Risk
0,1.5718292524118322,0,1,0,1,1,-0.2774981416145356,0,-0.5755754027980087,3,4,1,1,0,1,0,0,0,1,0,0,1,1,Stable Mid-Risk
0,-0.791320501614164,1,0,0,0,1,0.703094937787858,0,0.0495403407762966,1,1,1,0,0,0,1,0,1,0,0,0,1,0,Critical Churn-Risk
1,-0.3023929662984406,0,1,0,1,1,-0.2060311883699544,1,-0.4040044685930547,2,5,1,0,1,1,0,0,1,0,0,1,0,2,Vulnerable High-Risk
0,1.4088534073065913,0,0,1,0,0,-0.4736167574950145,0,-0.5803199165582915,3,1,0,1,1,1,0,0,0,0,1,0,0,3,Loyal Low-Risk
0,-1.2802480369298874,0,0,0,0,1,-0.9755474523755616,1,1.4019331641323236,0,1,1,0,0,1,0,0,1,0,0,0,1,2,Vulnerable High-Risk
0,-1.2395040756535771,0,0,0,0,0,-0.6797075063863649,1,1.0585543451318362,0,0,0,0,0,1,0,0,1,0,0,0,1,2,Vulnerable High-Risk
0,0.4309983366751445,1,0,0,0,1,-1.2996417752288951,0,-0.5989139022351824,2,0,0,1,1,0,0,1,0,0,1,1,0,3,Loyal Low-Risk
0,-0.3838808888510611,0,1,0,0,1,0.3391120828910372,0,-0.3023152519834094,1,1,0,0,1,0,1,0,1,0,0,0,0,0,Critical Churn-Risk
1,1.2866215234776603,0,0,0,0,0,-1.4824642137615447,0,-0.6308185623290052,3,0,0,1,0,0,0,1,0,0,1,0,0,3,Loyal Low-Risk
1,1.0014137945434884,0,0,0,0,1,-1.5024084797832884,0,-0.6276479828113596,3,0,0,1,0,0,0,1,0,0,1,0,0,3,Loyal Low-Risk
0,-1.2802480369298874,0,0,0,0,1,0.1878680655594816,1,3.444696676599812,0,0,0,0,0,0,1,0,1,0,0,0,0,0,Critical Churn-Risk
1,1.6125732136881423,1,1,1,1,1,0.7728998688639604,0,-0.5262996739081713,3,6,1,1,1,1,0,0,0,0,1,1,0,1,Stable Mid-Risk
0,-0.9950403079957154,1,1,1,0,0,0.2111363759181826,1,0.2557158599144551,0,3,1,0,0,1,0,0,1,0,0,0,1,2,Vulnerable High-Risk
0,1.1643896396487294,1,0,0,1,1,1.205025632668405,0,-0.4768444479333967,3,3,1,1,1,0,1,0,0,0,1,0,0,1,Stable Mid-Risk
0,1.2866215234776603,1,1,0,0,1,0.6482482062280629,0,-0.5157054712088593,3,2,0,1,1,0,1,0,0,1,0,1,0,1,Stable Mid-Risk
0,1.5718292524118322,1,0,0,0,0,-1.3578125511256471,0,-0.6282657314926067,3,0,0,1,1,0,0,1,0,0,1,0,0,3,Loyal Low-Risk
1,1.3273654847539706,1,1,1,1,1,1.1385447459292597,0,-0.4919120039630758,3,4,1,1,1,0,1,0,0,0,1,1,0,1,Stable Mid-Risk
0,-1.1987601143772668,0,0,0,0,0,-1.5024084797832884,0,-0.0951206671474213,0,0,0,1,0,0,0,1,0,1,0,0,0,3,Loyal Low-Risk
0,-1.2802480369298874,0,0,0,0,1,-0.6364949300059205,1,1.997252816337134,0,0,0,0,0,1,0,0,1,0,0,0,1,2,Vulnerable High-Risk
1,-0.0986731599168891,0,0,0,1,0,-0.0099125724894757,0,-0.424222106759695,2,3,1,1,1,1,0,0,0,1,0,1,0,1,Stable Mid-Risk
1,-0.7098325790615434,0,0,1,0,1,0.1562896443583875,0,-0.1600513645079951,1,4,1,0,0,1,0,0,1,0,0,0,0,2,Vulnerable High-Risk
1,-0.9950403079957154,0,0,1,1,1,0.1247112231572934,0,0.2219940495499124,0,3,1,0,0,1,0,0,1,0,0,0,1,2,Vulnerable High-Risk
0,-1.0357842692720256,1,0,0,1,0,1.0039209502824906,1,0.7190665042503346,0,2,1,0,0,0,1,0,1,0,0,0,0,0,Critical Churn-Risk
1,1.5310852911355222,1,1,0,1,1,1.4410327805923713,0,-0.4892877111024155,3,5,1,1,1,0,1,0,0,1,0,1,0,1,Stable Mid-Risk
1,1.2051336009250395,0,1,1,1,0,0.7080810042932936,0,-0.5075643477599048,3,6,1,1,0,1,0,0,0,0,1,0,1,1,Stable Mid-Risk
1,-1.076528230548336,0,0,0,0,0,-1.499084435446331,0,-0.3385847265925261,0,0,0,0,0,0,0,1,1,0,0,0,0,2,Vulnerable High-Risk
1,-0.7505765403378537,0,0,0,0,1,0.5352306987715161,0,-0.0375341909864331,1,1,1,0,1,0,1,0,1,0,0,0,0,0,Critical Churn-Risk
0,-0.4246248501273714,1,0,0,1,1,0.6432621397226272,0,-0.2400173088392146,1,1,1,0,1,0,1,0,1,0,0,0,0,0,Critical Churn-Risk
1,-0.4246248501273714,0,0,0,0,0,-1.4841262359300234,0,-0.5648293952936724,1,0,0,1,0,0,0,1,0,1,0,0,0,3,Loyal Low-Risk
1,-0.6690886177852331,0,1,0,1,0,-0.0182226833318689,0,-0.2259261962650874,1,3,1,1,0,1,0,0,0,0,1,0,0,1,Stable Mid-Risk
0,-0.9135523854430948,1,0,0,0,0,-1.2996417752288951,0,-0.3943722570257754,0,0,0,1,1,0,0,1,0,0,1,0,0,3,Loyal Low-Risk
1,-0.791320501614164,0,1,0,0,1,-0.2924563411308434,0,-0.200177076360035,1,2,0,0,0,1,0,0,1,0,0,0,1,2,Vulnerable High-Risk
0,-0.506112772679992,1,1,0,0,0,0.5850913638258751,1,-0.2090707406320023,1,1,0,0,0,0,1,0,1,0,0,0,1,0,Critical Churn-Risk
0,-1.2395040756535771,0,0,0,0,1,0.1629377330323022,0,2.0449172982947093,0,0,0,0,0,0,1,0,1,0,0,0,1,0,Critical Churn-Risk
0,0.8384379494382472,1,0,1,0,1,0.3025475951845074,0,-0.5073481823088499,3,4,1,1,1,1,0,0,0,0,1,0,0,1,Stable Mid-Risk
1,-0.8728084241667845,0,0,0,0,0,-1.4691680364137156,0,-0.4667090775105549,0,0,0,1,0,0,0,1,0,1,0,0,0,3,Loyal Low-Risk
0,1.490341329859212,0,0,0,0,0,-1.4924363467724169,0,-0.6339099658235401,3,0,0,1,0,0,0,1,0,0,1,0,0,3,Loyal Low-Risk
0,-1.1580161531009563,0,0,0,0,1,0.2028262650757895,1,0.9881276411781952,0,0,0,0,1,0,1,0,1,0,0,0,0,0,Critical Churn-Risk
0,1.6125732136881423,1,1,1,1,1,0.8061403122335331,0,-0.5247006418044787,3,6,1,1,1,1,0,0,0,0,1,0,0,1,Stable Mid-Risk
0,1.0421577558197987,0,0,0,0,1,-0.648129085185271,1,-0.5774700563382916,3,3,1,0,0,1,0,0,1,0,0,0,1,2,Vulnerable High-Risk
1,-0.6690886177852331,0,0,0,0,0,-1.4758161250876305,0,-0.5270192383548331,1,0,0,0,0,0,0,1,1,0,0,0,1,2,Vulnerable High-Risk
0,0.4309983366751445,0,1,1,0,1,0.6465861840595843,0,-0.4435842870988558,2,3,0,1,1,0,1,0,0,1,0,0,0,1,Stable Mid-Risk
0,-1.2395040756535771,1,0,1,1,1,1.3163811179564735,1,3.3950867055827447,0,4,1,0,0,0,1,0,1,0,0,0,1,0,Critical Churn-Risk
0,-0.7505765403378537,0,0,1,1,0,0.5701331643095673,0,-0.0293631369365631,1,5,1,1,0,1,0,0,0,0,1,0,0,1,Stable Mid-Risk
0,0.8384379494382472,0,0,0,1,1,0.9989348837770544,1,-0.4620615203128775,3,3,1,1,1,0,1,0,0,1,0,0,0,1,Stable Mid-Risk
0,-0.0171852373642686,0,0,0,0,0,-1.4708300585821945,0,-0.5944039048699944,2,0,0,1,1,0,0,1,0,1,0,0,0,3,Loyal Low-Risk
0,0.0643026851883519,1,0,0,0,0,-1.3328822185984677,0,-0.584716885319221,2,0,0,0,0,0,0,1,1,0,0,0,1,2,Vulnerable High-Risk
0,-0.7098325790615434,1,0,0,0,1,0.3208298390377723,1,-0.1239382238411591,1,0,0,0,0,0,1,0,1,0,0,0,0,0,Critical Churn-Risk
0,-1.0357842692720256,0,1,0,0,0,0.3873107257769176,1,0.4484003388483925,0,1,0,0,1,0,1,0,1,0,0,0,0,0,Critical Churn-Risk
1,-0.7098325790615434,1,0,0,1,1,1.3479595391575674,0,0.1014953209275743,1,4,1,0,1,0,1,0,1,0,0,0,0,0,Critical Churn-Risk
0,1.1643896396487294,0,0,0,0,1,-1.4708300585821945,0,-0.628404321439049,3,0,0,1,1,0,0,1,0,1,0,1,0,3,Loyal Low-Risk
0,-1.2802480369298874,0,0,0,0,0,-1.1583698909082112,1,1.0809274693160038,0,1,0,0,1,1,0,0,1,0,0,0,0,2,Vulnerable High-Risk
0,-1.2802480369298874,0,0,0,0,0,-0.648129085185271,0,1.9768251812124595,0,0,0,0,0,1,0,0,1,0,0,0,0,2,Vulnerable High-Risk
0,-0.9950403079957154,1,0,0,0,0,0.6548962949019775,1,0.4288643862093185,0,1,1,0,1,0,1,0,1,0,0,0,0,0,Critical Churn-Risk
1,0.0235587239120416,0,1,0,1,0,0.330801972048644,0,-0.4104615555846294,2,4,1,1,1,1,0,0,0,1,0,1,0,1,Stable Mid-Risk
0,-0.791320501614164,0,0,0,0,1,0.480383967211721,1,-0.0063229879319979,1,2,0,0,0,0,1,0,1,0,0,0,1,0,Critical Churn-Risk
0,-1.2802480369298874,0,0,0,0,1,-1.3295581742615106,1,0.7803494096243593,0,0,0,0,0,1,0,0,1,0,0,0,1,2,Vulnerable High-Risk
0,-0.506112772679992,0,0,0,0,1,-0.4320662032830487,0,-0.3791620698333769,1,1,0,0,0,1,0,0,1,0,0,0,0,2,Vulnerable High-Risk
0,-1.1987601143772668,0,0,1,0,0,-1.1434116913919037,0,0.2200485604904196,0,1,0,0,0,1,0,0,1,0,0,0,1,2,Vulnerable High-Risk
0,-0.791320501614164,0,0,0,0,0,-1.5007464576148095,0,-0.5032564791281705,1,0,0,1,0,0,0,1,0,1,0,0,1,3,Loyal Low-Risk
0,0.3087664528462136,1,0,0,0,0,-0.2725120751090997,0,-0.5059510153691057,2,1,0,0,1,1,0,0,1,0,0,1,0,2,Vulnerable High-Risk
1,0.4309983366751445,1,1,1,0,1,0.2360667084453621,0,-0.476348091487133,2,3,1,1,1,1,0,0,0,1,0,1,0,1,Stable Mid-Risk
0,-1.076528230548336,0,0,0,0,1,0.8709591768041999,1,0.8503870157661017,0,3,1,0,0,0,1,0,1,0,0,0,1,0,Critical Churn-Risk
1,1.490341329859212,0,0,0,0,0,-1.4974224132778524,0,-0.6341601001311891,3,0,0,1,1,0,0,1,0,0,1,0,0,3,Loyal Low-Risk
1,1.6125732136881423,1,1,0,1,0,1.4925554678152089,0,-0.4916806288632233,3,5,1,1,1,0,1,0,0,0,1,1,0,1,Stable Mid-Risk
1,1.082901717096109,0,0,0,0,0,-1.5123806127941604,0,-0.6295465117901061,3,0,0,1,1,0,0,1,0,0,1,1,0,3,Loyal Low-Risk
0,-0.506112772679992,0,1,1,1,1,1.055443637505328,0,-0.1304173972267916,1,4,1,0,0,0,1,0,1,0,0,0,1,0,Critical Churn-Risk
1,-0.3431369275747509,1,0,0,0,1,-1.3528264846202114,0,-0.5545673634372518,1,0,0,1,1,0,0,1,0,0,1,0,0,3,Loyal Low-Risk
0,1.082901717096109,1,0,1,1,1,1.5474021993750031,0,-0.4504642438637897,3,5,1,0,0,0,1,0,1,0,0,0,1,0,Critical Churn-Risk
1,1.6125732136881423,1,0,1,1,1,1.577318598407619,0,-0.4876030969988069,3,5,1,1,1,0,1,0,0,0,1,0,0,1,Stable Mid-Risk
1,-1.2802480369298874,0,0,0,0,0,-1.46418196990828,0,0.5439724888959785,0,0,0,0,0,0,0,1,1,0,0,0,0,2,Vulnerable High-Risk
0,-0.22090504374582,0,1,1,1,1,1.233280009532542,0,-0.2422830181476301,2,4,1,1,1,0,1,0,0,1,0,1,0,1,Stable Mid-Risk
0,-0.7505765403378537,0,0,1,0,1,0.5069763219073791,0,-0.0441488537887087,1,2,0,0,1,0,1,0,1,0,0,1,0,0,Critical Churn-Risk
1,1.5718292524118322,1,1,0,1,0,1.354607627831482,0,-0.4959724754470931,3,4,1,1,0,0,1,0,0,0,1,0,1,1,Stable Mid-Risk
1,-0.791320501614164,0,0,0,1,1,0.4488055460106269,0,-0.0142439076742188,1,1,1,0,1,0,1,0,1,0,0,1,0,0,Critical Churn-Risk
0,0.4717422979514547,0,0,0,0,0,0.1346833561681651,0,-0.4884985549768749,2,0,0,0,1,0,1,0,1,0,0,1,0,0,Critical Churn-Risk
0,0.0235587239120416,0,0,1,0,1,0.503652277570422,0,-0.3926088324504597,2,2,0,1,1,0,1,0,0,1,0,0,0,1,Stable Mid-Risk
1,1.6125732136881423,0,1,1,0,1,-0.3107385849841083,0,-0.5784281204885551,3,5,1,1,1,1,0,0,0,0,1,1,0,1,Stable Mid-Risk
0,-1.2802480369298874,0,0,0,0,0,0.5019902554019434,1,3.996242824966034,0,1,1,0,0,0,1,0,1,0,0,0,1,0,Critical Churn-Risk
0,-0.5468567339563023,0,1,1,1,1,1.3895100933695332,1,-0.0449270494125059,1,5,1,0,0,0,1,0,1,0,0,0,1,0,Critical Churn-Risk
0,1.2866215234776603,0,0,1,1,1,1.251562253385807,0,-0.4831110468121253,3,5,1,1,1,0,1,0,0,1,0,1,0,1,Stable Mid-Risk
0,-1.2395040756535771,0,0,0,0,1,-0.62486077482657,1,1.1227554840951002,0,0,0,0,1,1,0,0,1,0,0,1,0,2,Vulnerable High-Risk
0,-1.2802480369298874,0,0,0,0,0,-1.3145999747452028,0,0.8066135119275126,0,0,0,0,0,1,0,0,1,0,0,0,1,2,Vulnerable High-Risk
1,1.1643896396487294,0,0,0,0,0,-1.4974224132778524,0,-0.6299105065173661,3,0,0,1,0,0,0,1,0,0,1,0,0,3,Loyal Low-Risk
1,-0.1394171211931994,0,0,0,0,0,-1.4891123024354591,0,-0.5892748882586042,2,0,0,1,0,0,0,1,0,1,0,0,1,3,Loyal Low-Risk
0,-0.3838808888510611,1,0,0,0,0,0.7313493146519946,0,-0.2449233247283705,1,1,1,0,0,0,1,0,1,0,0,0,1,0,Critical Churn-Risk
0,1.0014137945434884,0,1,0,1,1,-0.2010451218645185,0,-0.5488556759018993,3,5,1,0,1,1,0,0,1,0,0,0,0,1,Stable Mid-Risk
1,1.6125732136881423,0,1,1,0,0,-0.6497911073537496,0,-0.5947382479462211,3,4,0,1,1,1,0,0,0,0,1,1,0,1,Stable Mid-Risk
0,1.368109446030281,0,1,1,1,1,-0.2725120751090997,0,-0.5684842887571583,3,5,1,1,1,1,0,0,0,0,1,0,0,1,Stable Mid-Risk
1,1.3273654847539706,1,0,1,1,1,0.6449241618911058,0,-0.5181761062662293,3,5,1,1,1,1,0,0,0,0,1,0,0,1,Stable Mid-Risk
0,-0.9950403079957154,0,0,0,1,1,0.5053142997389005,0,0.3704997144245331,0,1,1,0,1,0,1,0,1,0,0,0,0,0,Critical Churn-Risk
0,-1.1580161531009563,0,0,0,0,1,0.17789593254861,1,0.9706182396427596,0,0,0,0,0,0,1,0,1,0,0,0,1,0,Critical Churn-Risk
0,1.5718292524118322,1,0,0,0,0,-1.3312201964299892,0,-0.6269687387862781,3,0,0,1,1,0,0,1,0,0,1,0,0,3,Loyal Low-Risk
1,-1.2802480369298874,0,0,0,0,1,-1.4824642137615447,0,0.5118719194143465,0,0,0,1,0,0,0,1,0,1,0,0,1,3,Loyal Low-Risk
0,-1.1580161531009563,0,0,1,0,0,-0.4902369791798008,1,0.5013662784930851,0,1,0,0,0,1,0,0,1,0,0,0,0,2,Vulnerable High-Risk
0,-0.8320644628904743,0,0,0,0,1,-1.5107185906256817,0,-0.4933473123251493,0,0,0,1,1,0,0,1,0,1,0,0,0,3,Loyal Low-Risk
0,-0.3431369275747509,0,1,0,1,1,-0.4719547353265357,0,-0.4308342592535068,1,3,1,1,0,1,0,0,0,1,0,0,0,1,Stable Mid-Risk
1,-0.0579291986405789,0,1,1,1,1,0.5435408096139093,0,-0.3710761309298597,2,5,1,1,0,1,0,0,0,1,0,0,0,1,Stable Mid-Risk
0,-1.2802480369298874,0,0,0,1,0,-0.3190486958265014,1,2.554635431881835,0,1,1,0,0,1,0,0,1,0,0,0,0,2,Vulnerable High-Risk
0,-0.0986731599168891,1,0,1,0,1,0.8343946890976701,0,-0.3285793542865628,2,2,1,0,1,0,1,0,1,0,0,1,0,0,Critical Churn-Risk
1,0.5939741817803856,1,1,1,1,1,0.6814886495976356,0,-0.4596566796698933,2,5,1,1,1,1,0,0,0,0,1,1,0,1,Stable Mid-Risk
0,0.8791819107145575,1,1,1,1,1,1.436046714086935,0,-0.4378804669017063,3,5,1,1,1,0,1,0,0,0,1,1,0,1,Stable Mid-Risk
0,0.7162060656093164,0,1,1,0,1,0.9540602852281316,0,-0.453090654094105,3,4,1,0,1,0,1,0,1,0,0,1,0,1,Stable Mid-Risk
0,-1.2802480369298874,0,1,0,0,1,0.6582203392389346,1,4.270556782354524,0,2,1,0,0,0,1,0,1,0,0,0,0,0,Critical Churn-Risk
0,1.6125732136881423,0,0,0,0,0,-1.4808021915930665,0,-0.6347140505385398,3,0,0,1,1,0,0,1,0,0,1,1,0,3,Loyal Low-Risk
0,-0.1394171211931994,1,0,0,0,0,-1.3179240190821602,0,-0.5692363509458279,2,0,0,0,0,0,0,1,1,0,0,0,1,2,Vulnerable High-Risk
0,-1.2395040756535771,1,0,0,0,1,-0.3456410505221597,1,1.449597646089898,0,1,0,0,0,1,0,0,1,0,0,0,0,2,Vulnerable High-Risk
0,-0.9135523854430948,0,0,1,0,1,-1.1700040460875616,0,-0.3529863988511095,0,1,0,1,0,1,0,0,0,0,1,0,0,3,Loyal Low-Risk
0,-0.5876006952326126,1,0,0,0,1,0.277617262657328,0,-0.2176864778954706,1,0,0,0,0,0,1,0,1,0,0,0,1,0,Critical Churn-Risk
0,-0.8728084241667845,0,0,0,1,1,1.0039209502824906,1,0.2570128526207837,0,3,1,0,0,0,1,0,1,0,0,0,1,0,Critical Churn-Risk
0,-0.6690886177852331,0,0,0,0,0,-1.4974224132778524,0,-0.5314824191383755,1,0,0,1,0,0,0,1,0,0,1,0,0,3,Loyal Low-Risk
0,1.6125732136881423,1,0,1,1,0,0.72470122597808,0,-0.5286182704585259,3,5,1,1,1,1,0,0,0,0,1,0,0,1,Stable Mid-Risk
0,1.6125732136881423,1,0,1,1,0,1.4759352461304225,0,-0.4924801449150697,3,5,1,1,1,0,1,0,0,0,1,0,0,1,Stable Mid-Risk
1,0.3495104141225239,0,1,1,1,1,0.3291399498801655,0,-0.4594829752895815,2,4,1,1,1,1,0,0,0,1,0,1,0,1,Stable Mid-Risk
0,1.3273654847539706,0,1,0,0,0,0.9839766842607472,0,-0.5001361168054774,3,4,1,0,0,0,1,0,1,0,0,0,1,0,Critical Churn-Risk
0,-0.791320501614164,0,0,0,0,1,-0.3323448731743307,0,-0.2101824486659982,1,2,0,0,0,1,0,0,1,0,0,0,1,2,Vulnerable High-Risk
0,-1.1580161531009563,0,1,0,0,0,0.3507462380703874,0,1.092016756955113,0,1,0,0,0,0,1,0,1,0,0,0,1,0,Critical Churn-Risk
0,0.3495104141225239,1,0,0,0,0,0.0067076491953105,0,-0.4864418951139824,2,2,1,1,0,1,0,0,0,1,0,0,0,1,Stable Mid-Risk
0,-0.7098325790615434,0,0,0,0,1,0.3191678168692938,1,-0.124303003039814,1,1,0,0,0,0,1,0,1,0,0,0,1,0,Critical Churn-Risk
0,-1.2802480369298874,0,1,0,0,1,-0.5400976442341598,1,2.166510364513012,0,1,0,0,0,1,0,0,1,0,0,0,0,2,Vulnerable High-Risk
0,0.3902543753988342,1,1,0,0,1,1.1368827237607813,0,-0.3983454968386086,2,4,1,1,0,0,1,0,0,1,0,0,1,1,Stable Mid-Risk
0,0.7569500268856267,0,1,0,1,1,0.9540602852281316,0,-0.4572061117199552,3,4,1,1,0,0,1,0,0,1,0,0,1,1,Stable Mid-Risk
1,-1.2395040756535771,0,0,0,0,0,0.1862060433910031,1,2.0721541451276093,0,0,0,0,0,0,1,0,1,0,0,0,1,0,Critical Churn-Risk
0,-1.2802480369298874,0,0,0,1,0,-0.8176553463700914,1,1.679165355110054,0,2,1,0,0,1,0,0,1,0,0,0,1,2,Vulnerable High-Risk
1,-0.0171852373642686,1,0,1,1,0,0.6283039402063195,0,-0.3710263883118613,2,5,1,1,1,1,0,0,0,1,0,1,0,1,Stable Mid-Risk
0,-0.9135523854430948,0,0,0,0,1,-1.494098368940895,0,-0.4564510442877744,0,0,0,0,0,0,0,1,1,0,0,0,0,2,Vulnerable High-Risk
1,1.4088534073065913,0,0,1,1,1,-0.1744527671688605,0,-0.5648704446152601,3,5,1,1,0,1,0,0,0,0,1,0,1,1,Stable Mid-Risk
1,1.1643896396487294,1,1,1,1,0,1.672053862010901,0,-0.4503920724954536,3,6,1,1,1,0,1,0,0,0,1,1,0,1,Stable Mid-Risk
0,0.7162060656093164,1,1,1,1,0,1.6471235294837214,0,-0.4053689518700746,3,6,1,1,1,0,1,0,0,1,0,1,0,1,Stable Mid-Risk
0,-1.2395040756535771,0,0,0,0,1,-0.6713973955439717,1,1.0682817904293005,0,0,0,0,1,1,0,0,1,0,0,1,0,2,Vulnerable High-Risk
0,-0.1394171211931994,0,1,0,0,1,-0.6581012181961428,0,-0.4920004352839619,2,3,1,0,0,1,0,0,1,0,0,0,1,2,Vulnerable High-Risk
0,-1.1987601143772668,0,0,0,0,1,-0.7860769251689975,1,0.533758671333641,0,2,1,0,0,1,0,0,1,0,0,0,1,2,Vulnerable High-Risk
0,-0.791320501614164,1,0,0,1,1,1.3994822263804054,1,0.2242174656179043,1,4,1,0,0,0,1,0,1,0,0,0,1,0,Critical Churn-Risk
0,1.0014137945434884,1,0,0,0,1,0.8327326669291911,0,-0.4862645968499399,3,2,1,0,0,0,1,0,1,0,0,0,1,0,Critical Churn-Risk
0,-0.0579291986405789,0,1,1,0,1,-0.4968850678537152,0,-0.4852520201088461,2,4,1,1,1,1,0,0,0,0,1,0,0,1,Stable Mid-Risk
0,0.512486259227765,1,1,1,1,0,1.6122210639456702,0,-0.3795850022376144,2,6,1,1,0,0,1,0,0,1,0,0,0,1,Stable Mid-Risk
1,1.1643896396487294,1,1,1,1,0,0.7745618910324389,0,-0.5012258188886538,3,6,1,1,0,1,0,0,0,0,1,0,0,1,Stable Mid-Risk
0,0.7162060656093164,1,0,0,0,0,-1.3262341299245533,0,-0.6101030652484688,3,0,0,1,1,0,0,1,0,0,1,0,0,3,Loyal Low-Risk
0,-0.5468567339563023,0,1,1,1,1,1.3363253839782172,0,-0.0542653968980716,1,5,1,0,0,0,1,0,1,0,0,0,0,0,Critical Churn-Risk
0,1.082901717096109,0,0,0,0,0,-1.5107185906256817,1,-0.6294492373371315,3,0,0,1,0,0,0,1,0,0,1,0,0,3,Loyal Low-Risk
0,1.5718292524118322,1,0,0,0,1,-1.3478404181147754,0,-0.6277793592277334,3,0,0,1,1,0,0,1,0,0,1,1,0,3,Loyal Low-Risk
0,-0.6690886177852331,0,0,1,1,1,0.9856387064292256,1,-0.0185599506297323,1,3,1,0,0,0,1,0,1,0,0,0,1,0,Critical Churn-Risk
0,1.0014137945434884,0,1,1,0,1,-0.1678046784949459,0,-0.5468431010127689,3,3,0,1,0,1,0,0,0,0,1,0,1,1,Stable Mid-Risk
0,-1.2802480369298874,0,0,0,0,0,-1.3295581742615106,1,0.7803494096243593,0,0,0,0,1,1,0,0,1,0,0,0,0,2,Vulnerable High-Risk
0,-0.506112772679992,1,0,1,1,0,1.404468292885841,0,-0.0720527254420062,1,4,1,0,0,0,1,0,1,0,0,0,1,0,Critical Churn-Risk
0,-1.2802480369298874,0,0,0,0,0,0.1928541320649173,1,3.453451377367529,0,0,0,0,0,0,1,0,1,0,0,0,0,0,Critical Churn-Risk
0,-1.1172721918246462,1,0,1,0,1,0.6848126939345931,1,0.9943532061685724,0,2,0,0,0,0,1,0,1,0,0,0,1,0,Critical Churn-Risk
0,0.797693988161937,1,0,0,1,1,1.3379874061466956,1,-0.43572808192165,3,4,1,0,0,0,1,0,1,0,0,0,1,0,Critical Churn-Risk
0,-0.4653688114036817,0,1,0,0,1,0.005045627026832,0,-0.3224775931454262,1,3,1,0,1,1,0,0,1,0,0,0,0,2,Vulnerable High-Risk
0,-0.7505765403378537,0,0,1,1,1,-0.325696784500416,0,-0.2390868575498919,1,4,1,0,0,1,0,0,1,0,0,0,1,2,Vulnerable High-Risk
0,-1.1172721918246462,0,0,0,0,0,-0.4736167574950145,0,0.3163502689353153,0,1,0,0,1,1,0,0,1,0,0,0,0,2,Vulnerable High-Risk
0,-1.076528230548336,0,1,0,0,0,-0.3207107179949802,0,0.2525660204848,0,2,0,0,0,1,0,0,1,0,0,0,0,2,Vulnerable High-Risk
0,-0.9135523854430948,0,0,0,0,0,-0.4520104693047921,0,-0.1237724151144977,0,1,0,0,0,1,0,0,1,0,0,0,1,2,Vulnerable High-Risk
1,-1.2802480369298874,1,0,0,0,0,-1.3096139082397669,0,0.8153682126952304,0,0,0,0,0,0,0,1,1,0,0,0,0,2,Vulnerable High-Risk
0,1.4495973685829016,1,1,0,0,0,-0.3439790283536809,0,-0.5749797729953742,3,1,0,0,0,1,0,0,1,0,0,0,0,2,Vulnerable High-Risk
1,-0.5876006952326126,0,0,0,1,0,1.0089070167879266,1,-0.0825261853412307,1,3,1,0,0,0,1,0,1,0,0,0,0,0,Critical Churn-Risk
0,-0.4246248501273714,1,0,0,0,1,0.3723525262606099,0,-0.2813800979736495,1,0,0,1,1,0,1,0,0,1,0,1,0,0,Critical Churn-Risk
0,-0.506112772679992,0,0,0,0,1,-0.6797075063863649,0,-0.4205731940997245,1,0,0,0,0,1,0,0,1,0,0,0,1,2,Vulnerable High-Risk
0,-1.2802480369298874,0,0,0,0,0,0.1729098660431739,1,3.4184325742966584,0,0,0,0,0,0,1,0,1,0,0,0,1,0,Critical Churn-Risk
0,-0.9950403079957154,0,0,0,0,1,0.3224918612062509,1,0.2991651155764621,0,1,0,0,0,0,1,0,1,0,0,0,1,0,Critical Churn-Risk
0,-0.9135523854430948,0,0,0,0,1,-0.6630872847015785,1,-0.1911570816296591,0,0,0,0,1,1,0,0,1,0,0,1,0,2,Vulnerable High-Risk
0,-0.3431369275747509,1,0,0,0,1,0.375676570597567,1,-0.3117703288125447,1,0,0,0,0,0,1,0,1,0,0,0,1,0,Critical Churn-Risk
0,0.1050466464646622,0,1,0,0,0,-0.1196060356090654,0,-0.4686545665700477,2,3,0,1,0,1,0,0,0,1,0,0,0,1,Stable Mid-Risk
1,-0.3838808888510611,0,0,1,0,0,0.7313493146519946,0,-0.2449233247283705,1,3,0,1,0,0,1,0,0,1,0,0,0,1,Stable Mid-Risk
0,-1.076528230548336,0,0,0,1,1,0.8161124452444047,0,0.8228722419247029,0,2,1,0,0,0,1,0,1,0,0,0,1,0,Critical Churn-Risk
0,-0.8320644628904743,0,0,0,0,0,-1.499084435446331,0,-0.4902045992290454,0,0,0,0,0,0,0,1,1,0,0,0,0,2,Vulnerable High-Risk
0,-1.2802480369298874,0,0,0,0,0,-1.4808021915930665,0,0.5147901530035858,0,0,0,0,0,0,0,1,1,0,0,0,0,2,Vulnerable High-Risk
1,1.5718292524118322,0,0,0,0,0,0.3740145484290884,0,-0.5437990814929589,3,1,0,1,0,0,1,0,0,0,1,0,1,3,Loyal Low-Risk
0,0.1050466464646622,1,0,0,1,1,1.196715521826012,0,-0.34025228864352,2,3,1,0,0,0,1,0,1,0,0,0,1,0,Critical Churn-Risk
1,0.3087664528462136,1,0,0,1,1,0.3241538833747294,0,-0.4548463393429156,2,3,1,0,0,1,0,0,1,0,0,0,1,2,Vulnerable High-Risk
1,-1.2802480369298874,0,1,0,0,1,0.2925754621736353,1,3.628545392721885,0,1,0,0,0,0,1,0,1,0,0,0,0,0,Critical Churn-Risk
0,-0.3838808888510611,0,0,0,1,1,0.0033836048583535,0,-0.3514388507356037,1,2,1,1,1,1,0,0,0,1,0,0,0,1,Stable Mid-Risk
0,-1.1580161531009563,1,0,0,1,1,1.0188791497987983,1,1.5612687181047875,0,2,1,0,0,0,1,0,1,0,0,0,1,0,Critical Churn-Risk
0,-1.1580161531009563,0,0,1,0,1,0.8510149107824564,0,1.4433720810995212,0,3,1,0,0,0,1,0,1,0,0,0,1,0,Critical Churn-Risk
1,1.4495973685829016,0,0,1,1,0,-0.149522434641681,0,-0.5650831547362148,3,5,1,1,1,1,0,0,0,0,1,1,0,1,Stable Mid-Risk
1,0.227278530293593,1,0,0,0,1,0.5668091199726097,0,-0.4221124821467958,2,1,0,0,0,0,1,0,1,0,0,0,0,0,Critical Churn-Risk
1,0.797693988161937,1,0,0,0,0,-1.3295581742615106,0,-0.6124739276095378,3,0,0,1,0,0,0,1,0,0,1,0,0,3,Loyal Low-Risk
0,-0.0171852373642686,1,0,0,0,1,0.3357880385540801,1,-0.4021542132637468,2,0,0,0,0,0,1,0,1,0,0,0,1,0,Critical Churn-Risk
1,-0.1394171211931994,0,0,1,1,0,0.3573943267443021,0,-0.373131053748949,2,4,1,1,0,1,0,0,0,0,1,0,0,1,Stable Mid-Risk
1,0.227278530293593,1,0,0,1,0,1.2083496770053626,0,-0.3643464223803159,2,3,1,0,0,0,1,0,1,0,0,0,1,0,Critical Churn-Risk
1,0.6347181430566958,1,1,0,1,1,0.4637637455269347,0,-0.4794937199015078,2,4,1,1,1,1,0,0,0,1,0,1,0,1,Stable Mid-Risk
0,-1.2802480369298874,0,0,0,0,1,-1.5140426349626388,0,0.4564254812188004,0,0,0,0,1,0,0,1,1,0,0,0,0,2,Vulnerable High-Risk
0,-0.4246248501273714,0,1,1,0,1,0.8061403122335331,0,-0.2151488834700452,1,3,1,0,0,0,1,0,1,0,0,0,1,0,Critical Churn-Risk
0,0.4309983366751445,1,1,1,1,0,1.6703918398424222,0,-0.3618737466001563,2,6,1,1,1,0,1,0,0,0,1,1,0,1,Stable Mid-Risk
0,-1.1172721918246462,0,0,0,0,1,0.1513035778529514,0,0.6821022121199704,0,0,0,0,0,0,1,0,1,0,0,0,1,0,Critical Churn-Risk
0,-1.1172721918246462,0,0,0,1,1,0.525258565760644,1,0.9009697313129156,0,1,1,0,0,0,1,0,1,0,0,0,1,0,Critical Churn-Risk
1,0.7569500268856267,1,1,1,1,0,1.504189622994559,0,-0.4200547533338707,3,5,1,1,1,0,1,0,0,1,0,1,0,1,Stable Mid-Risk
0,1.5718292524118322,0,0,0,0,1,-1.4924363467724169,0,-0.634831757068395,3,0,0,1,1,0,0,1,0,0,1,1,0,3,Loyal Low-Risk
1,0.227278530293593,0,1,1,1,0,0.5152864327497723,1,-0.4267517252886634,2,5,1,1,1,1,0,0,0,1,0,1,0,1,Stable Mid-Risk
0,-0.3431369275747509,0,0,0,1,1,0.9424261300487812,1,-0.2321609164980974,1,3,1,0,0,0,1,0,1,0,0,0,1,0,Critical Churn-Risk
0,0.1050466464646622,1,0,1,1,1,0.8875793984889861,0,-0.3704073690656591,2,2,1,0,1,0,1,0,1,0,0,1,0,0,Critical Churn-Risk
0,0.8791819107145575,1,1,1,1,0,0.5867533859943537,1,-0.4921065528690251,3,5,1,1,1,1,0,0,0,1,0,0,0,1,Stable Mid-Risk
1,1.6125732136881423,0,0,1,1,1,-0.1594945676525527,0,-0.571152524416753,3,5,1,1,0,1,0,0,0,0,1,0,1,1,Stable Mid-Risk
0,-1.2802480369298874,0,0,0,0,1,-0.6647493068700573,0,1.9476428453200667,0,0,0,0,0,1,0,0,1,0,0,0,1,2,Vulnerable High-Risk
1,-0.9542963467194052,0,1,0,0,0,-0.5384356220656811,0,-0.0997898408902041,0,1,0,1,0,1,0,0,0,1,0,0,0,2,Vulnerable High-Risk
0,1.490341329859212,0,1,1,1,1,-0.1578325454840742,0,-0.5669573494761363,3,5,1,1,1,1,0,0,0,0,1,0,0,1,Stable Mid-Risk
0,0.797693988161937,1,0,1,1,1,1.2598723642282,0,-0.4409038169667159,3,4,1,0,1,0,1,0,1,0,0,1,0,0,Critical Churn-Risk
0,-0.8728084241667845,0,0,1,1,1,0.6017115855106615,0,0.1393107645214666,0,2,1,0,0,0,1,0,1,0,0,0,1,0,Critical Churn-Risk
0,-1.2395040756535771,0,0,0,0,1,0.1845440212225241,1,2.070208656068116,0,0,0,0,0,0,1,0,1,0,0,0,1,0,Critical Churn-Risk
1,-0.1801610824695097,0,0,0,1,1,-0.960589252859254,0,-0.522591573598746,2,1,1,0,0,1,0,0,1,0,0,0,1,2,Vulnerable High-Risk
0,-0.6283446565089229,1,0,0,0,1,0.5934014746682683,0,-0.131112214748039,1,1,0,0,1,0,1,0,1,0,0,1,0,0,Critical Churn-Risk
1,0.1050466464646622,0,0,0,0,1,-1.494098368940895,0,-0.602731187586763,2,0,0,1,0,0,0,1,0,0,1,0,0,3,Loyal Low-Risk
0,-0.9950403079957154,0,0,0,0,1,-1.5157046571311177,0,-0.4180718510232338,0,0,0,1,0,0,0,1,0,1,0,0,0,3,Loyal Low-Risk
0,0.5532302205040753,1,0,0,1,1,1.0005969059455335,0,-0.431400520749972,2,3,1,1,1,0,1,0,0,1,0,1,0,1,Stable Mid-Risk
0,-1.0357842692720256,1,0,0,0,1,0.3008855730160285,1,0.4104633021882818,0,0,0,0,0,0,1,0,1,0,0,0,1,0,Critical Churn-Risk
0,-1.2395040756535771,1,0,0,0,0,0.525258565760644,1,2.469033913264149,0,1,0,0,0,0,1,0,1,0,0,0,0,0,Critical Churn-Risk
1,1.4495973685829016,1,0,1,0,1,0.3657044375866952,1,-0.5388613456734853,3,4,1,1,1,1,0,0,0,1,0,0,0,1,Stable Mid-Risk
0,0.4309983366751445,1,0,0,1,1,1.323029206630388,1,-0.3895969656979294,2,4,1,1,0,0,1,0,0,0,1,0,1,1,Stable Mid-Risk
0,1.4495973685829016,1,1,1,1,1,0.776223913200918,0,-0.517968484904149,3,6,1,1,0,1,0,0,0,0,1,0,1,1,Stable Mid-Risk
0,0.1457906077409725,0,0,0,1,1,0.997272861608576,0,-0.3680149433303367,2,3,1,0,1,0,1,0,1,0,0,1,0,0,Critical Churn-Risk
0,1.24587756220135,1,0,0,1,1,1.2831406745869012,1,-0.4785036049337303,3,4,1,0,0,0,1,0,1,0,0,0,1,0,Critical Churn-Risk
0,-0.0171852373642686,0,0,1,0,0,-0.3373309396797665,0,-0.473783583181438,2,2,0,0,1,1,0,0,1,0,0,0,0,2,Vulnerable High-Risk
0,1.5718292524118322,1,1,1,1,0,0.6964468491139434,0,-0.5280730449287251,3,6,1,1,1,1,0,0,0,0,1,1,0,1,Stable Mid-Risk
1,1.368109446030281,1,1,0,0,1,0.0881467354507637,0,-0.5495811040149219,3,3,0,0,1,1,0,0,1,0,0,0,0,1,Stable Mid-Risk
0,1.24587756220135,0,0,0,0,0,-1.472492080750673,0,-0.6297045827761899,3,0,0,1,0,0,0,1,0,1,0,0,0,3,Loyal Low-Risk
1,0.3495104141225239,0,0,0,0,1,-1.4808021915930665,0,-0.6108142314172751,2,0,0,1,1,0,0,1,0,1,0,1,0,3,Loyal Low-Risk
0,-1.2802480369298874,1,0,0,0,1,0.2427147971192763,0,3.5409983850447078,0,0,0,0,0,0,1,0,1,0,0,0,1,0,Critical Churn-Risk
0,-1.2395040756535771,0,0,0,1,1,0.8510149107824564,1,2.8503497689247475,0,2,1,0,0,0,1,0,1,0,0,0,1,0,Critical Churn-Risk
0,1.5310852911355222,0,0,0,0,0,-1.5073945462887242,0,-0.6351171868013018,3,0,0,1,1,0,0,1,0,0,1,0,0,3,Loyal Low-Risk
0,-0.3838808888510611,0,0,0,1,1,-0.6597632403646212,0,-0.4484701175778094,1,2,1,0,0,1,0,0,1,0,0,0,1,2,Vulnerable High-Risk
0,1.2866215234776603,0,1,0,0,0,1.070401837021636,0,-0.4928983533114201,3,4,1,1,1,0,1,0,0,1,0,0,0,1,Stable Mid-Risk
1,0.1865345690172827,1,1,1,0,1,-0.0664213262177493,0,-0.4741838512654484,2,3,0,1,1,1,0,0,0,0,1,1,0,1,Stable Mid-Risk
1,-0.6283446565089229,0,0,0,0,0,-0.6713973955439717,0,-0.3778650771270483,1,0,0,1,0,1,0,0,0,1,0,0,0,3,Loyal Low-Risk
0,-1.0357842692720256,0,0,0,1,1,0.8094643565704907,0,0.6337081717650861,0,2,1,0,0,0,1,0,1,0,0,0,1,0,Critical Churn-Risk
1,-1.1580161531009563,1,0,0,0,1,0.6648684279128493,1,1.312635216301602,0,2,0,0,1,0,1,0,1,0,0,0,0,0,Critical Churn-Risk
0,-0.4653688114036817,0,1,0,1,1,-0.761146592641818,1,-0.4447781099308174,1,2,1,0,0,1,0,0,1,0,0,0,1,2,Vulnerable High-Risk
0,-0.9135523854430948,0,0,0,0,1,0.5136244105812937,1,0.1844991694942322,0,1,1,0,1,0,1,0,1,0,0,0,0,0,Critical Churn-Risk
0,-0.6690886177852331,1,1,0,0,1,-0.3556131835330314,0,-0.2956204808080958,1,1,0,0,0,1,0,0,1,0,0,0,1,2,Vulnerable High-Risk
0,1.2866215234776603,1,0,1,1,1,1.3446354948206105,0,-0.4780827058583592,3,4,1,1,0,0,1,0,0,0,1,0,1,1,Stable Mid-Risk
0,-0.22090504374582,0,1,0,0,0,-1.1317775362125533,1,-0.5389006179681645,2,1,0,0,1,1,0,0,1,0,0,1,0,2,Vulnerable High-Risk
1,0.3902543753988342,1,1,0,1,0,1.0737258813585928,0,-0.4035033050428455,2,3,1,1,0,0,1,0,0,1,0,0,1,1,Stable Mid-Risk
1,-1.1172721918246462,0,0,0,0,0,-1.4824642137615447,0,-0.2741056606207632,0,0,0,0,0,0,0,1,1,0,0,0,0,2,Vulnerable High-Risk
0,0.3495104141225239,0,0,1,1,1,1.1302346350868666,0,-0.3925025662413278,2,4,1,1,1,0,1,0,0,0,1,0,0,1,Stable Mid-Risk
0,1.0421577558197987,0,0,0,0,0,-0.4819268683374076,0,-0.5675777390866331,3,1,0,1,1,1,0,0,0,1,0,1,0,3,Loyal Low-Risk
0,0.5939741817803856,0,0,0,0,1,-1.4708300585821945,0,-0.6171197004225956,2,0,0,1,0,0,0,1,0,0,1,0,0,3,Loyal Low-Risk
0,-0.5876006952326126,0,0,1,0,1,0.3690284819236528,0,-0.2007914413261906,1,1,0,0,1,0,1,0,1,0,0,0,0,0,Critical Churn-Risk
0,-1.1172721918246462,0,0,0,1,0,1.0537816153368496,1,1.210302491772278,0,3,1,0,1,0,1,0,1,0,0,0,0,0,Critical Churn-Risk
0,-0.3838808888510611,0,1,0,0,1,-0.1611565898210313,0,-0.3755142778468278,1,2,1,0,1,1,0,0,1,0,0,0,0,2,Vulnerable High-Risk
0,-1.2802480369298874,0,0,0,0,0,-1.517366679299596,0,0.4505890140403218,0,0,0,0,0,0,0,1,1,0,0,0,0,2,Vulnerable High-Risk
0,1.5718292524118322,1,0,0,1,1,1.1252485685814309,0,-0.507159037539177,3,3,1,1,1,0,1,0,0,1,0,1,0,1,Stable Mid-Risk
1,1.6125732136881423,1,1,1,1,1,1.5889527535869692,0,-0.4870434357625143,3,6,1,1,1,0,1,0,0,0,1,1,0,1,Stable Mid-Risk
1,0.0235587239120416,0,0,0,0,0,-1.4691680364137156,0,-0.5963702012991076,2,0,0,1,0,0,0,1,0,1,0,0,0,3,Loyal Low-Risk
0,-1.2395040756535771,1,0,0,1,1,0.6931228047769863,1,2.665528308272927,0,1,1,0,0,0,1,0,1,0,0,0,1,0,Critical Churn-Risk
1,-0.3431369275747509,0,1,1,0,0,-0.96557531936469,0,-0.5001714893338319,1,2,0,1,0,1,0,0,0,0,1,0,0,3,Loyal Low-Risk
1,0.960669833267178,1,0,1,0,1,1.1618130562879607,0,-0.4628180993915692,3,4,1,1,1,0,1,0,0,1,0,1,0,1,Stable Mid-Risk
0,0.1865345690172827,0,0,0,1,1,1.0404854379890205,0,-0.3718920844005351,2,3,1,0,1,0,1,0,1,0,0,1,0,0,Critical Churn-Risk
0,0.4309983366751445,1,0,1,1,0,0.6748405609237209,0,-0.4413292884162619,2,5,1,1,1,1,0,0,0,1,0,1,0,1,Stable Mid-Risk
0,-1.2802480369298874,0,0,0,0,0,-1.3112759304082455,0,0.8124499791059913,0,0,0,0,0,1,0,0,1,0,0,0,0,2,Vulnerable High-Risk
0,-0.3023929662984406,1,0,1,1,1,1.3346633618097383,1,-0.1959119657296084,2,4,1,0,1,0,1,0,1,0,0,0,0,0,Critical Churn-Risk
0,1.1643896396487294,1,1,1,1,0,0.8260845782552769,0,-0.4983075852994145,3,6,1,1,0,1,0,0,0,0,1,0,1,1,Stable Mid-Risk
0,-0.6283446565089229,1,0,1,0,0,0.729687292483516,0,-0.1045238642683034,1,2,0,1,0,0,1,0,0,1,0,0,1,0,Critical Churn-Risk
0,0.3495104141225239,0,0,1,0,1,0.7114050486302511,0,-0.427521369312199,2,3,0,1,1,0,1,0,0,1,0,0,0,1,Stable Mid-Risk
0,-1.2802480369298874,0,0,0,0,0,-0.4702927131580572,1,2.289076175261061,0,1,0,0,0,1,0,0,1,0,0,0,0,2,Vulnerable High-Risk
1,1.6125732136881423,0,1,1,1,1,5.956052139595392e-05,0,-0.5634771703190278,3,6,1,1,1,1,0,0,0,0,1,0,0,1,Stable Mid-Risk
0,-1.2802480369298874,1,0,0,0,1,0.8659731102987638,1,4.635335981009433,0,2,1,0,1,0,1,0,1,0,0,1,0,0,Critical Churn-Risk
0,0.6347181430566958,1,0,0,1,1,1.4393707584238922,0,-0.4095752253348364,2,4,1,1,1,0,1,0,0,0,1,0,0,1,Stable Mid-Risk
0,-0.8728084241667845,0,0,0,0,0,-1.4907743246039378,1,-0.4730319169539067,0,0,0,0,0,0,0,1,1,0,0,0,0,2,Vulnerable High-Risk
0,0.9199258719908678,1,0,0,0,1,0.6864747161030716,1,-0.4889779790665355,3,2,0,0,0,0,1,0,1,0,0,0,1,0,Critical Churn-Risk
0,0.3902543753988342,0,1,1,0,1,-0.3340068953428092,0,-0.5184681352793878,2,5,1,1,0,1,0,0,0,1,0,0,1,1,Stable Mid-Risk
0,0.4717422979514547,1,0,0,0,1,0.8510149107824564,0,-0.4325981693341136,2,2,1,0,0,0,1,0,1,0,0,0,0,0,Critical Churn-Risk
1,-1.2802480369298874,0,0,0,0,0,-0.6913416615657154,0,1.9009511078922383,0,0,0,0,0,1,0,0,1,0,0,0,1,2,Vulnerable High-Risk
0,-0.22090504374582,1,0,0,1,1,1.023865216304234,0,-0.2685471204507836,2,2,1,0,1,0,1,0,1,0,0,0,0,0,Critical Churn-Risk
0,-0.22090504374582,1,0,1,1,1,0.6648684279128493,0,-0.313571295827618,2,5,1,0,1,1,0,0,1,0,0,0,0,1,Stable Mid-Risk
0,-1.2395040756535771,0,0,0,0,1,-0.6813695285548437,0,1.0566088560723432,0,0,0,0,0,1,0,0,1,0,0,0,1,2,Vulnerable High-Risk
0,-0.5468567339563023,0,0,0,0,0,-1.4924363467724169,0,-0.5509487537865951,1,0,0,0,0,0,0,1,1,0,0,0,0,2,Vulnerable High-Risk
0,0.3902543753988342,1,0,0,1,1,1.005582972450969,0,-0.4090683086316273,2,2,1,0,0,0,1,0,1,0,0,0,1,0,Critical Churn-Risk
0,1.368109446030281,1,1,1,1,1,0.8393807556031058,0,-0.5102067284227979,3,6,1,1,1,1,0,0,0,0,1,1,0,1,Stable Mid-Risk
0,0.0235587239120416,1,1,1,1,1,1.4992035564891233,0,-0.2897840136296173,2,5,1,0,1,0,1,0,1,0,0,0,0,0,Critical Churn-Risk
0,0.0643026851883519,0,0,0,0,1,0.304209617352986,1,-0.420462023296325,2,1,0,0,1,0,1,0,1,0,0,1,0,0,Critical Churn-Risk
0,0.0235587239120416,0,0,1,1,1,-0.338992961848245,0,-0.4796408577295368,2,4,1,0,0,1,0,0,1,0,0,0,1,2,Vulnerable High-Risk
1,-0.3838808888510611,0,0,0,0,0,-1.487450280266981,0,-0.5695768115312391,1,0,0,1,0,0,0,1,0,1,0,0,0,3,Loyal Low-Risk
0,-0.0171852373642686,0,0,0,0,0,-1.4974224132778524,0,-0.5972337071383477,2,0,0,1,1,0,0,1,0,1,0,0,0,3,Loyal Low-Risk
0,-0.8728084241667845,0,0,0,0,0,-1.487450280266981,0,-0.4720591724241602,0,0,0,1,1,0,0,1,0,1,0,1,0,3,Loyal Low-Risk
1,1.490341329859212,1,0,0,1,1,1.151840923277089,1,-0.5012554046669778,3,3,1,0,1,0,1,0,1,0,0,1,0,0,Critical Churn-Risk
0,1.4495973685829016,0,1,1,0,0,-0.2957803854678007,0,-0.5725267650507962,3,2,0,1,1,1,0,0,0,1,0,0,0,1,Stable Mid-Risk
0,-0.506112772679992,0,0,0,0,1,-1.499084435446331,0,-0.5575912092897207,1,0,0,1,0,0,0,1,0,0,1,0,0,3,Loyal Low-Risk
0,1.6125732136881423,0,0,0,0,1,-1.495760391109374,0,-0.6354336149852016,3,0,0,1,1,0,0,1,0,0,1,1,0,3,Loyal Low-Risk
1,1.1236456783724194,1,1,0,1,1,1.0172171276303197,0,-0.4845374116786942,3,3,1,1,1,0,1,0,0,1,0,0,0,1,Stable Mid-Risk
1,-0.0171852373642686,0,0,0,1,1,0.9690184847444392,0,-0.3347695467485855,2,3,1,0,0,0,1,0,1,0,0,0,0,0,Critical Churn-Risk
0,-1.2802480369298874,0,0,0,0,1,-1.4924363467724169,1,0.4943625178789108,0,0,0,0,0,0,0,1,1,0,0,0,0,2,Vulnerable High-Risk
0,-1.2802480369298874,0,0,0,0,1,-1.5024084797832884,1,0.4768531163434754,0,0,0,0,0,0,0,1,1,0,0,0,0,2,Vulnerable High-Risk
0,-1.1987601143772668,1,0,0,0,1,0.5501888982878235,1,1.7068885742078268,0,1,0,0,0,0,1,0,1,0,0,0,1,0,Critical Churn-Risk
0,0.5532302205040753,1,0,0,0,1,-1.3411923294408608,0,-0.6063703559515945,2,0,0,1,1,0,0,1,0,1,0,0,0,3,Loyal Low-Risk
0,-0.1394171211931994,1,0,0,0,1,0.3374500607225587,0,-0.3754656406203404,2,0,0,0,0,0,1,0,1,0,0,0,1,0,Critical Churn-Risk
0,0.7569500268856267,1,0,1,0,1,0.7496315585052594,0,-0.4710116013921256,3,3,0,0,0,0,1,0,1,0,0,0,1,0,Critical Churn-Risk
0,0.6347181430566958,0,0,0,0,1,0.1945161542333963,0,-0.4987897950630083,2,0,0,0,1,0,1,0,1,0,0,0,0,0,Critical Churn-Risk
1,-0.6690886177852331,0,0,0,0,0,0.280941306994285,0,-0.1641283084929617,1,1,0,0,1,0,1,0,1,0,0,0,0,0,Critical Churn-Risk
0,1.5310852911355222,1,0,1,0,1,1.1269105907499095,0,-0.5048242223239991,3,4,1,1,1,0,1,0,0,0,1,0,0,1,Stable Mid-Risk
1,0.3087664528462136,1,0,0,0,1,-1.3295581742615106,0,-0.5964874330645289,2,0,0,1,0,0,0,1,0,0,1,0,0,3,Loyal Low-Risk
1,-0.4246248501273714,0,0,0,0,0,0.6150077628584902,1,-0.2443312193624379,1,2,1,0,0,0,1,0,1,0,0,0,1,0,Critical Churn-Risk
0,-1.2802480369298874,0,0,0,0,1,0.3490842159019089,1,3.727765334756021,0,1,0,0,1,0,1,0,1,0,0,0,0,0,Critical Churn-Risk
1,-1.1172721918246462,1,0,0,0,1,-1.346178395946297,0,-0.1943406091815565,0,0,0,0,0,0,0,1,1,0,0,0,0,2,Vulnerable High-Risk
0,-1.0357842692720256,0,0,0,0,1,0.1679237995377378,0,0.3520986304034965,0,0,0,0,1,0,1,0,1,0,0,0,0,0,Critical Churn-Risk
1,-0.1394171211931994,1,0,1,0,0,1.1884054109836186,0,-0.2758566007743067,2,4,1,1,1,0,1,0,0,1,0,1,0,1,Stable Mid-Risk
1,0.4717422979514547,1,0,0,0,0,-1.2996417752288951,0,-0.6004290255330298,2,0,0,1,0,0,0,1,0,1,0,0,0,3,Loyal Low-Risk
0,-0.9135523854430948,0,1,0,0,0,-0.801035124685305,0,-0.2351958794309062,0,3,0,0,1,1,0,0,1,0,0,0,0,2,Vulnerable High-Risk
0,0.9199258719908678,1,0,0,0,0,-0.4370522697884845,0,-0.5594324757210265,3,0,0,0,1,1,0,0,1,0,0,0,0,2,Vulnerable High-Risk
0,0.797693988161937,1,0,0,1,1,1.3396494283151743,0,-0.4356179598994145,3,4,1,1,1,0,1,0,0,1,0,0,0,1,Stable Mid-Risk
1,-0.9135523854430948,1,0,0,0,0,0.703094937787858,0,0.2449861929802824,0,1,1,0,0,0,1,0,1,0,0,0,1,0,Critical Churn-Risk
0,-0.5876006952326126,1,0,0,0,1,0.3590563489127806,0,-0.2026345362246576,1,0,0,0,1,0,1,0,1,0,0,0,0,0,Critical Churn-Risk
0,1.4495973685829016,1,1,1,0,0,-0.2176653435493049,0,-0.568551200450963,3,2,0,1,1,1,0,0,0,1,0,0,0,1,Stable Mid-Risk
1,1.1643896396487294,0,0,0,0,1,-1.509056568457203,1,-0.6305694624891298,3,0,0,0,0,0,0,1,1,0,0,0,0,3,Loyal Low-Risk
1,1.6125732136881423,0,1,1,1,1,0.0133557378692252,0,-0.5628375574775508,3,6,1,1,1,1,0,0,0,0,1,1,0,1,Stable Mid-Risk
0,-1.2395040756535771,0,1,0,0,0,-0.3772194717232536,0,1.4126333539595342,0,2,0,0,0,1,0,0,1,0,0,0,1,2,Vulnerable High-Risk
0,-0.8320644628904743,0,0,0,0,1,-0.6448050408483137,1,-0.2594396661722786,0,0,0,0,1,1,0,0,1,0,0,0,0,2,Vulnerable High-Risk
0,0.3495104141225239,0,0,0,0,1,-1.4974224132778524,0,-0.6122038664597699,2,0,0,1,0,0,0,1,0,0,1,0,1,3,Loyal Low-Risk
0,-0.2616490050221303,0,0,1,1,1,-0.6763834620494076,0,-0.4749233646506358,2,3,1,0,1,1,0,0,1,0,0,1,0,2,Vulnerable High-Risk
0,0.1457906077409725,0,0,0,0,0,-1.4608579255713223,0,-0.6013158881133032,2,0,0,1,1,0,0,1,0,1,0,0,0,3,Loyal Low-Risk
1,1.6125732136881423,1,1,1,1,1,1.6371513964728497,0,-0.4847248392121599,3,6,1,1,1,0,1,0,0,0,1,1,0,1,Stable Mid-Risk
0,0.1050466464646622,1,0,1,0,1,0.8327326669291911,0,-0.3757574639792644,2,2,1,0,1,0,1,0,1,0,0,0,0,0,Critical Churn-Risk
0,-1.2802480369298874,0,0,1,0,0,-0.3240347623319375,0,2.5458807311141167,0,2,0,0,0,1,0,0,1,0,0,0,0,2,Vulnerable High-Risk
1,-0.6690886177852331,1,1,1,1,1,1.60058690876632,0,0.1084690409018594,1,5,1,0,0,0,1,0,1,0,0,0,1,0,Critical Churn-Risk
0,0.6754621043330061,1,1,0,1,0,1.2216458543531914,0,-0.4300171538485198,3,3,1,0,1,0,1,0,1,0,0,1,0,0,Critical Churn-Risk
0,0.8791819107145575,1,1,1,1,1,1.6570956624945936,0,-0.4237668280882946,3,6,1,1,0,0,1,0,0,1,0,0,0,1,Stable Mid-Risk
1,-0.5876006952326126,1,1,0,0,0,5.956052139595392e-05,0,-0.2689859525694662,1,2,1,0,0,1,0,0,1,0,0,0,1,2,Vulnerable High-Risk
0,0.1457906077409725,0,0,0,0,0,0.5186104770867298,0,-0.4134447419087643,2,1,1,0,0,0,1,0,1,0,0,0,1,0,Critical Churn-Risk
0,1.1236456783724194,1,0,0,1,1,1.3662417830108329,1,-0.4644446558183583,3,4,1,0,0,0,1,0,1,0,0,0,1,0,Critical Churn-Risk
0,-1.2802480369298874,0,0,0,0,0,0.1579516665268661,1,3.392168471993505,0,0,0,0,0,0,1,0,1,0,0,0,0,0,Critical Churn-Risk
1,0.797693988161937,1,0,0,0,1,-1.3212480634191175,0,-0.6119233174983606,3,0,0,1,1,0,0,1,0,0,1,0,0,3,Loyal Low-Risk
1,-0.9950403079957154,0,0,0,1,1,0.9956108394400972,0,0.5618061386079963,0,3,1,0,0,0,1,0,1,0,0,0,1,0,Critical Churn-Risk
1,1.6125732136881423,0,1,1,1,0,1.3529456056630036,0,-0.4983965636987329,3,5,1,1,1,0,1,0,0,0,1,0,0,1,Stable Mid-Risk
0,1.2866215234776603,1,0,0,0,0,-1.3328822185984677,0,-0.6227373000818812,3,0,0,1,0,0,0,1,0,1,0,0,0,3,Loyal Low-Risk
0,-0.4246248501273714,0,1,1,0,1,0.1645997552007807,0,-0.3131000282914676,1,4,1,0,0,1,0,0,1,0,0,0,0,2,Vulnerable High-Risk
0,1.1236456783724194,0,0,1,1,1,-0.1528464789786381,0,-0.5518959837057252,3,5,1,0,1,1,0,0,1,0,0,0,0,1,Stable Mid-Risk
1,-0.1801610824695097,0,0,0,0,1,0.5402167652769517,1,-0.3408560611102591,2,1,1,0,0,0,1,0,1,0,0,0,1,0,Critical Churn-Risk
0,1.1643896396487294,1,0,0,0,0,-1.3428543516093396,0,-0.6211558057496482,3,0,0,1,0,0,0,1,0,0,1,0,0,3,Loyal Low-Risk
0,-0.3431369275747509,1,0,0,1,1,1.3080710071140806,0,-0.1808000053274862,1,4,1,0,0,0,1,0,1,0,0,0,1,0,Critical Churn-Risk
1,-0.1801610824695097,0,0,1,1,0,0.934116019206388,0,-0.2931580362378655,2,4,1,1,1,0,1,0,0,1,0,0,0,1,Stable Mid-Risk
1,-0.0986731599168891,0,0,1,1,0,0.5319066544345585,0,-0.3628450648182755,2,5,1,1,1,1,0,0,0,0,1,0,0,1,Stable Mid-Risk
0,-1.2395040756535771,0,0,0,0,0,-1.4891123024354591,0,0.1111011731588203,0,0,0,0,0,0,0,1,1,0,0,0,0,2,Vulnerable High-Risk
0,-1.2802480369298874,1,0,0,0,1,0.3424361272279943,0,3.716092400399064,0,0,0,0,0,0,1,0,1,0,0,0,1,0,Critical Churn-Risk
1,-1.076528230548336,0,0,0,0,0,-1.5007464576148095,0,-0.339418507618023,0,0,0,0,0,0,0,1,1,0,0,0,0,2,Vulnerable High-Risk
0,-0.3431369275747509,0,0,0,1,1,0.154627622189909,0,-0.3428203342020505,1,3,1,0,1,1,0,0,1,0,0,0,0,2,Vulnerable High-Risk
1,-1.1580161531009563,1,0,0,1,0,1.2083496770053626,1,1.6943401697740983,0,3,1,0,0,0,1,0,1,0,0,0,1,0,Critical Churn-Risk
0,-1.0357842692720256,1,0,0,1,1,1.1634750784564392,1,0.789104110392077,0,3,1,0,0,0,1,0,1,0,0,0,1,0,Critical Churn-Risk
0,1.6125732136881423,1,1,1,1,1,1.703632283211995,0,-0.4815267750047744,3,6,1,1,1,0,1,0,0,0,1,0,0,1,Stable Mid-Risk
0,1.5310852911355222,0,0,1,0,1,-0.8226414128755275,0,-0.6012492364135108,3,2,1,1,0,1,0,0,0,0,1,0,0,1,Stable Mid-Risk
0,1.2866215234776603,1,0,1,1,0,1.2399280982064562,0,-0.4837395894313461,3,4,1,1,0,0,1,0,0,0,1,0,1,1,Stable Mid-Risk
1,1.6125732136881423,1,0,0,1,1,0.8277466004237555,0,-0.5236612709370784,3,2,1,1,0,0,1,0,0,1,0,0,1,1,Stable Mid-Risk
1,0.4717422979514547,0,0,0,0,0,-1.4924363467724169,0,-0.6154741409264413,2,0,0,1,0,0,0,1,0,0,1,0,0,3,Loyal Low-Risk
1,-0.791320501614164,0,0,0,0,0,-0.2941183632993219,1,-0.2005939668727835,1,1,1,0,0,1,0,0,1,0,0,0,1,2,Vulnerable High-Risk
0,-0.6283446565089229,0,0,0,0,0,-1.4675060142452372,0,-0.5331799537098938,1,0,0,1,0,0,0,1,0,1,0,0,0,3,Loyal Low-Risk
0,-1.2802480369298874,0,0,0,0,1,-0.325696784500416,1,2.542962497524878,0,1,1,0,0,1,0,0,1,0,0,0,1,2,Vulnerable High-Risk
0,-0.9542963467194052,0,0,0,1,1,0.1745718882116524,0,0.150594601066525,0,3,1,0,0,1,0,0,1,0,0,0,0,2,Vulnerable High-Risk
0,-0.3431369275747509,0,1,1,0,0,-0.3722334052178177,0,-0.4168267380251583,1,2,0,0,0,1,0,0,1,0,0,0,0,2,Vulnerable High-Risk
1,-1.2802480369298874,0,0,0,0,1,0.3291399498801655,1,3.6927465316851498,0,1,0,0,0,0,1,0,1,0,0,0,1,0,Critical Churn-Risk
0,-0.3431369275747509,1,0,0,0,1,0.5136244105812937,1,-0.2923932577799959,1,1,0,0,0,0,1,0,1,0,0,0,1,0,Critical Churn-Risk
1,0.1050466464646622,0,0,1,1,1,0.3740145484290884,0,-0.4205037123475998,2,4,1,0,0,1,0,0,1,0,0,0,1,2,Vulnerable High-Risk
1,-1.0357842692720256,0,1,1,1,1,0.3623803932497382,0,0.4374569628887452,0,5,1,0,0,1,0,0,1,0,0,0,1,2,Vulnerable High-Risk
0,-1.1172721918246462,0,0,1,1,1,1.0404854379890205,1,1.2025205355343067,0,3,1,0,0,0,1,0,1,0,0,0,1,0,Critical Churn-Risk
1,-0.7098325790615434,0,0,0,0,0,0.1396694226736012,1,-0.1636991564945442,1,0,0,0,1,0,1,0,1,0,0,0,0,0,Critical Churn-Risk
1,-0.8728084241667845,0,0,0,0,0,-1.5007464576148095,0,-0.4759501505431459,0,0,0,1,0,0,0,1,0,0,1,0,0,3,Loyal Low-Risk
0,0.6347181430566958,0,1,0,0,1,-0.648129085185271,1,-0.5591793636240007,2,3,1,0,1,1,0,0,1,0,0,0,0,2,Vulnerable High-Risk
0,-0.506112772679992,0,0,0,0,1,0.553512942624781,0,-0.2143513537934829,1,1,1,0,0,0,1,0,1,0,0,0,1,0,Critical Churn-Risk
0,1.6125732136881423,1,0,1,1,1,1.4526669357717217,0,-0.4935994673876546,3,5,1,1,1,0,1,0,0,1,0,0,0,1,Stable Mid-Risk
1,-0.9950403079957154,0,0,0,1,1,0.6233178737008834,1,0.416542955499197,0,2,1,0,0,0,1,0,1,0,0,0,1,0,Critical Churn-Risk
1,1.6125732136881423,1,0,0,0,1,0.6548962949019775,0,-0.5319762378762807,3,1,1,1,1,0,1,0,0,0,1,1,0,1,Stable Mid-Risk
0,-0.7098325790615434,1,0,0,1,1,1.17510923363579,0,0.0635582842674639,1,3,1,0,0,0,1,0,1,0,0,0,1,0,Critical Churn-Risk
0,1.6125732136881423,1,0,1,1,1,0.7911821127172253,0,-0.5254202062511404,3,5,1,1,1,1,0,0,0,0,1,0,0,1,Stable Mid-Risk
1,-1.2802480369298874,1,0,0,0,1,0.3175057947008148,1,3.6723188965604745,0,0,0,0,0,0,1,0,1,0,0,0,1,0,Critical Churn-Risk
1,1.24587756220135,1,0,0,1,1,1.3296772953043026,0,-0.4759501505431459,3,4,1,1,1,0,1,0,0,0,1,0,0,1,Stable Mid-Risk
0,-1.2395040756535771,0,0,0,1,1,-0.1927350110221254,0,1.62858263956324,0,2,1,0,0,1,0,0,1,0,0,0,1,2,Vulnerable High-Risk
0,-1.2395040756535771,0,1,0,0,1,0.3191678168692938,1,2.2277932698870364,0,1,0,0,0,0,1,0,1,0,0,0,1,0,Critical Churn-Risk
0,1.1643896396487294,1,0,0,0,0,-0.0248707720057835,0,-0.5465055078055598,3,2,1,1,1,1,0,0,0,1,0,0,0,1,Stable Mid-Risk
0,-1.2802480369298874,0,0,0,0,0,-1.4758161250876305,0,0.5235448537713036,0,0,0,0,0,0,0,1,1,0,0,0,0,2,Vulnerable High-Risk
0,-0.4246248501273714,0,0,0,0,1,-0.6996517724081085,1,-0.445054938413591,1,3,1,1,1,1,0,0,0,1,0,0,0,1,Stable Mid-Risk
0,-0.1801610824695097,0,1,1,0,0,-0.1295781686199374,0,-0.4219628291422194,2,3,0,0,0,1,0,0,1,0,0,0,0,2,Vulnerable High-Risk
0,1.5310852911355222,0,0,0,0,0,-1.495760391109374,0,-0.6345417604597616,3,0,0,1,1,0,0,1,0,0,1,0,0,3,Loyal Low-Risk
0,-1.1172721918246462,0,0,0,0,0,-1.20823055596257,1,-0.1136028132126034,0,1,0,0,0,1,0,0,1,0,0,0,1,2,Vulnerable High-Risk
0,-0.8320644628904743,1,1,0,0,1,1.160151034119482,1,0.2281298227375438,0,4,1,0,1,0,1,0,1,0,0,0,0,0,Critical Churn-Risk
0,0.0643026851883519,1,1,1,1,0,1.7102803718859096,0,-0.2793862737822437,2,6,1,1,1,0,1,0,0,1,0,1,0,1,Stable Mid-Risk
0,1.5718292524118322,1,1,0,0,1,0.5285826100976015,0,-0.5362603113874241,3,1,0,1,1,0,1,0,0,0,1,1,0,1,Stable Mid-Risk
1,1.5310852911355222,1,1,0,0,0,0.0133557378692252,0,-0.5599007435856982,3,2,1,1,1,1,0,0,0,1,0,0,0,1,Stable Mid-Risk
1,0.797693988161937,0,1,1,0,1,0.6399380953856697,0,-0.4819793312605365,3,3,0,0,1,0,1,0,1,0,0,0,0,1,Stable Mid-Risk
1,1.490341329859212,1,1,1,1,1,0.4870320558856357,0,-0.5346066456868552,3,5,1,1,1,1,0,0,0,0,1,1,0,1,Stable Mid-Risk
0,-0.506112772679992,1,0,0,0,1,0.974004551249875,1,-0.1440358206432415,1,3,1,0,0,0,1,0,1,0,0,0,1,0,Critical Churn-Risk
1,-0.8728084241667845,1,0,0,0,1,0.4388334129997552,0,0.0916462825638918,0,1,0,0,0,0,1,0,1,0,0,0,0,0,Critical Churn-Risk
0,-1.2395040756535771,0,0,1,1,1,0.9773285955868324,1,2.9982069374462035,0,3,1,0,0,0,1,0,1,0,0,0,1,0,Critical Churn-Risk
1,-1.076528230548336,1,0,1,0,1,0.5219345214236869,1,0.6752930004117456,0,1,0,0,0,0,1,0,1,0,0,0,1,0,Critical Churn-Risk
0,-1.2802480369298874,0,0,0,0,0,-1.494098368940895,0,0.4914442842896717,0,0,0,0,0,0,0,1,1,0,0,0,0,2,Vulnerable High-Risk
1,-0.506112772679992,0,1,1,0,0,0.9806526399237896,0,-0.1429241126092456,1,4,1,1,1,0,1,0,0,1,0,1,0,1,Stable Mid-Risk
0,1.1643896396487294,1,1,0,1,1,1.3845240268640977,0,-0.4666776986547566,3,4,1,0,0,0,1,0,1,0,0,0,1,0,Critical Churn-Risk
0,-1.1172721918246462,1,0,0,0,1,0.3175057947008148,1,0.7793766650946127,0,0,0,0,0,0,1,0,1,0,0,0,1,0,Critical Churn-Risk
0,0.960669833267178,1,0,1,1,1,1.351283583494525,0,-0.4511451650346121,3,4,1,0,1,0,1,0,1,0,0,0,0,0,Critical Churn-Risk
0,-0.0986731599168891,1,1,1,0,1,1.0039209502824906,0,-0.3093754945380206,2,4,0,0,1,0,1,0,1,0,0,1,0,0,Critical Churn-Risk
0,0.3087664528462136,1,0,1,1,0,1.3296772953043026,1,-0.3687228602458542,2,4,1,0,1,0,1,0,1,0,0,0,0,0,Critical Churn-Risk
0,-0.1801610824695097,0,1,1,0,0,-0.348965094859117,0,-0.4485288176787425,2,2,0,1,0,1,0,0,0,1,0,0,0,1,Stable Mid-Risk
0,-1.1172721918246462,0,0,0,0,0,0.1745718882116524,0,0.6957206355364203,0,0,0,0,0,0,1,0,1,0,0,0,1,0,Critical Churn-Risk
0,-0.22090504374582,0,1,0,0,1,0.3457601715649518,1,-0.3535927850514708,2,1,0,0,1,0,1,0,1,0,0,0,0,0,Critical Churn-Risk
0,-0.8320644628904743,0,0,0,0,0,-1.487450280266981,0,-0.4870618861329416,0,0,0,0,1,0,0,1,1,0,0,1,0,2,Vulnerable High-Risk
1,1.4088534073065913,1,0,0,1,1,1.3496215613260465,0,-0.4861639681054834,3,4,1,1,0,0,1,0,0,1,0,0,1,1,Stable Mid-Risk
0,-0.1394171211931994,1,0,0,0,1,-0.4387142919569631,0,-0.4663199796986563,2,0,0,0,0,1,0,0,1,0,0,0,1,2,Vulnerable High-Risk
1,0.9199258719908678,1,0,0,0,0,0.6881367382715502,0,-0.4888737564383484,3,1,1,0,1,0,1,0,1,0,0,0,0,0,Critical Churn-Risk
0,-0.3838808888510611,1,0,0,0,0,0.3590563489127806,1,-0.2993970183941702,1,0,0,0,1,0,1,0,1,0,0,0,0,0,Critical Churn-Risk
0,0.0643026851883519,1,0,0,1,1,1.1717851892988325,1,-0.3334152842344451,2,3,1,0,0,0,1,0,1,0,0,0,1,0,Critical Churn-Risk
0,0.797693988161937,0,1,0,1,0,0.8792692876465931,0,-0.4661217600586325,3,3,1,1,0,0,1,0,0,1,0,0,1,1,Stable Mid-Risk
1,1.6125732136881423,1,1,1,1,1,1.6936601502011233,0,-0.4820064846358822,3,6,1,1,1,0,1,0,0,0,1,1,0,1,Stable Mid-Risk
1,1.0421577558197987,1,0,1,1,1,0.9939488172716188,0,-0.4797339618919053,3,3,1,1,1,0,1,0,0,1,0,1,0,1,Stable Mid-Risk
1,0.1050466464646622,0,0,0,0,0,-1.5024084797832884,0,-0.6035418080282184,2,0,0,1,0,0,0,1,0,0,1,0,0,3,Loyal Low-Risk
0,0.960669833267178,1,0,1,1,1,1.1667991227933967,0,-0.4625109169084914,3,4,1,1,1,0,1,0,0,0,1,0,0,1,Stable Mid-Risk
1,-0.3431369275747509,0,0,0,0,1,-1.4525478147289292,0,-0.5685748846656002,1,0,0,1,1,0,0,1,0,0,1,1,0,3,Loyal Low-Risk
1,1.5310852911355222,0,0,0,0,0,-1.487450280266981,0,-0.6341307416443759,3,0,0,1,1,0,0,1,0,0,1,1,0,3,Loyal Low-Risk
0,-1.2395040756535771,0,0,0,1,1,0.503652277570422,0,2.4437425554907426,0,1,1,0,0,0,1,0,1,0,0,0,1,0,Critical Churn-Risk
1,1.4495973685829016,1,0,1,1,1,1.4077923372227985,0,-0.4858256221820932,3,4,1,1,1,0,1,0,0,1,0,1,0,1,Stable Mid-Risk
0,-1.2802480369298874,1,0,0,0,1,0.6715165165867639,1,4.293902651068439,0,1,1,0,0,0,1,0,1,0,0,0,1,0,Critical Churn-Risk
0,-0.8320644628904743,1,0,0,1,1,0.8227605339183194,0,0.1369911429505327,0,2,1,0,0,0,1,0,1,0,0,0,1,0,Critical Churn-Risk
0,1.24587756220135,1,0,0,0,1,0.5568369869617381,0,-0.518355732386779,3,1,0,0,1,0,1,0,1,0,0,0,0,0,Critical Churn-Risk
1,0.0235587239120416,0,1,0,0,1,-0.2110172548753902,0,-0.4664229761782765,2,3,0,1,0,1,0,0,0,1,0,0,0,1,Stable Mid-Risk
0,1.490341329859212,0,0,0,1,1,1.025527238472713,0,-0.5075921404607546,3,3,1,1,1,0,1,0,0,1,0,1,0,1,Stable Mid-Risk
1,1.1236456783724194,0,0,1,1,1,0.525258565760644,0,-0.5128586294627869,3,5,1,1,1,1,0,0,0,0,1,0,0,1,Stable Mid-Risk
1,1.6125732136881423,1,1,1,1,1,1.6055729752717556,0,-0.486243919710668,3,6,1,1,1,0,1,0,0,0,1,0,0,1,Stable Mid-Risk
0,-0.8728084241667845,1,0,0,0,1,-0.1943970331906039,0,-0.0936615503528016,0,1,1,0,0,1,0,0,1,0,0,0,0,2,Vulnerable High-Risk
0,-1.2802480369298874,0,0,0,0,0,-1.504070501951767,0,0.473934882754236,0,0,0,0,0,0,0,1,1,0,0,0,0,2,Vulnerable High-Risk
0,-0.9135523854430948,1,0,0,1,1,0.706418982124815,1,0.2460473688309149,0,1,1,0,1,0,1,0,1,0,0,0,0,0,Critical Churn-Risk
0,-0.791320501614164,0,1,1,1,1,-0.6398189743428778,1,-0.2873071935244646,1,3,1,0,1,1,0,0,1,0,0,1,0,2,Vulnerable High-Risk
1,0.0643026851883519,0,0,0,0,1,0.4704118342008493,0,-0.4037864027863863,2,1,1,1,1,0,1,0,0,1,0,0,0,1,Stable Mid-Risk
1,0.2680224915699033,0,0,0,1,1,0.7147290929672082,1,-0.4152508918869692,2,2,1,0,0,0,1,0,1,0,0,0,0,0,Critical Churn-Risk
0,1.3273654847539706,1,0,1,1,1,1.3379874061466956,0,-0.4813002454567512,3,4,1,1,1,0,1,0,0,1,0,0,0,1,Stable Mid-Risk
0,0.7162060656093164,1,1,0,1,1,1.233280009532542,0,-0.4338646445649992,3,4,1,1,1,0,1,0,0,1,0,0,0,1,Stable Mid-Risk
0,-0.7098325790615434,0,0,0,0,0,-1.4974224132778524,0,-0.5230066671696292,1,0,0,0,0,0,0,1,1,0,0,0,0,2,Vulnerable High-Risk
1,1.6125732136881423,1,1,0,1,1,1.512499733836952,0,-0.4907212096010077,3,5,1,1,1,0,1,0,0,0,1,0,0,1,Stable Mid-Risk
1,1.6125732136881423,1,1,1,1,1,1.6886740836956873,0,-0.4822463394514361,3,6,1,1,1,0,1,0,0,0,1,0,0,1,Stable Mid-Risk
1,0.9199258719908678,0,0,0,0,0,-1.5107185906256817,0,-0.6267602935299039,3,0,0,1,1,0,0,1,0,0,1,0,0,3,Loyal Low-Risk
1,-0.3838808888510611,1,0,0,0,1,-1.3029658195658524,0,-0.5425831508307759,1,0,0,1,1,0,0,1,0,0,1,1,0,3,Loyal Low-Risk
0,-0.0171852373642686,1,0,0,0,1,0.5169484549182508,1,-0.3828761853105905,2,1,0,0,1,0,1,0,1,0,0,0,0,0,Critical Churn-Risk
1,0.960669833267178,1,1,0,0,1,0.131359311831208,0,-0.5263024792276515,3,3,1,1,1,1,0,0,0,1,0,0,0,1,Stable Mid-Risk
0,-1.2802480369298874,0,0,0,0,0,-1.4924363467724169,0,0.4943625178789108,0,0,0,0,1,0,0,1,1,0,0,0,0,2,Vulnerable High-Risk
0,0.227278530293593,0,1,1,1,0,0.1928541320649173,0,-0.4557844081764797,2,4,1,1,0,1,0,0,0,1,0,0,0,1,Stable Mid-Risk
0,-0.8728084241667845,0,0,0,0,0,0.1795579547170885,0,0.0157722092436709,0,0,0,0,0,0,1,0,1,0,0,0,1,0,Critical Churn-Risk
0,-1.2802480369298874,0,0,1,0,1,-0.5151673117069804,0,2.210283868351601,0,1,0,0,0,1,0,0,1,0,0,0,1,2,Vulnerable High-Risk
0,0.960669833267178,1,0,1,1,1,1.4111163815597556,0,-0.4474589752376783,3,4,1,1,0,0,1,0,0,1,0,0,1,1,Stable Mid-Risk
0,-1.1987601143772668,1,0,0,0,1,-1.3694467063049978,0,0.0216086764221494,0,0,0,0,0,0,0,1,1,0,0,0,0,2,Vulnerable High-Risk
1,-1.0357842692720256,0,1,0,1,0,0.1629377330323022,0,0.3499099552115671,0,3,1,0,1,1,0,0,1,0,0,1,0,2,Vulnerable High-Risk
1,1.082901717096109,1,0,0,1,1,1.1535029454455674,0,-0.4735182892187799,3,3,1,1,1,0,1,0,0,0,1,1,0,1,Stable Mid-Risk
0,-1.0357842692720256,0,0,1,1,0,-0.0165606611633903,0,0.2711176483021068,0,3,1,0,1,1,0,0,1,0,0,0,0,2,Vulnerable High-Risk
1,1.5718292524118322,0,1,1,0,1,0.2011642429073104,0,-0.5522295340840946,3,4,1,1,1,1,0,0,0,0,1,1,0,1,Stable Mid-Risk
1,-0.7098325790615434,0,1,1,1,0,1.233280009532542,0,0.0763255562203857,1,4,1,1,0,0,1,0,0,1,0,0,1,1,Stable Mid-Risk
0,1.5718292524118322,1,1,1,1,0,0.2892514178366782,0,-0.5479332457443813,3,4,1,1,1,1,0,0,0,0,1,1,0,1,Stable Mid-Risk
0,0.1050466464646622,1,0,0,1,1,1.178433277972747,1,-0.3420356536147217,2,3,1,0,0,0,1,0,1,0,0,0,1,0,Critical Churn-Risk
0,-0.8728084241667845,0,0,1,0,1,-0.811007257696177,0,-0.2741056606207632,0,3,0,1,1,1,0,0,0,1,0,1,0,2,Vulnerable High-Risk
1,1.1236456783724194,0,0,0,0,1,-1.5140426349626388,0,-0.6302577315610355,3,0,0,1,1,0,0,1,0,0,1,1,0,3,Loyal Low-Risk
0,0.5939741817803856,1,0,1,0,0,-0.1727907450003817,0,-0.522155515706101,2,2,0,1,1,1,0,0,0,0,1,0,0,1,Stable Mid-Risk
0,-0.8728084241667845,0,0,1,0,0,0.0033836048583535,0,-0.0357832508328894,0,3,1,1,1,1,0,0,0,1,0,1,0,1,Stable Mid-Risk
0,0.960669833267178,1,0,0,1,0,1.1800953001412255,1,-0.4616917636202839,3,3,1,1,1,0,1,0,0,1,0,1,0,1,Stable Mid-Risk
0,-0.1801610824695097,1,0,1,1,1,1.530781977690217,0,-0.2209065977180795,2,5,1,0,0,0,1,0,1,0,0,0,1,0,Critical Churn-Risk
0,1.1643896396487294,0,1,1,1,1,0.5402167652769517,0,-0.5144990748913227,3,5,1,1,0,1,0,0,0,0,1,0,0,1,Stable Mid-Risk
1,-0.0579291986405789,1,1,0,1,0,1.1053043025596871,0,-0.3094284463571802,2,3,1,1,1,0,1,0,0,1,0,0,0,1,Stable Mid-Risk
0,-0.9542963467194052,0,0,0,0,1,0.1895300877279602,0,0.1558474215271557,0,0,0,0,0,0,1,0,1,0,0,0,1,0,Critical Churn-Risk
0,0.1050466464646622,1,1,0,0,1,0.9889627507661828,0,-0.3605177996799037,2,3,1,0,0,0,1,0,1,0,0,0,1,0,Critical Churn-Risk
0,-1.2395040756535771,0,0,0,0,1,-1.5007464576148095,0,0.0974827497423703,0,0,0,0,0,0,0,1,1,0,0,0,0,2,Vulnerable High-Risk
1,-0.8320644628904743,0,0,0,0,0,-1.522352745805032,1,-0.4964900254212531,0,0,0,0,0,0,0,1,1,0,0,0,0,2,Vulnerable High-Risk
0,-1.2802480369298874,0,1,0,0,0,0.3490842159019089,1,3.727765334756021,0,1,0,0,0,0,1,0,1,0,0,0,0,0,Critical Churn-Risk
0,-1.1580161531009563,1,0,0,1,1,0.8111263787389692,1,1.415357038642824,0,2,1,0,0,0,1,0,1,0,0,0,1,0,Critical Churn-Risk
1,-1.2802480369298874,0,0,0,0,1,-1.522352745805032,0,0.4418343132726041,0,0,0,0,0,0,0,1,1,0,0,0,0,2,Vulnerable High-Risk
0,-1.1987601143772668,0,0,0,0,1,-1.4891123024354591,0,-0.0834477327904643,0,0,0,0,0,0,0,1,1,0,0,0,0,2,Vulnerable High-Risk
0,-1.2802480369298874,1,0,0,1,1,0.6947848269454648,1,4.334757921317789,0,1,1,0,0,0,1,0,1,0,0,0,1,0,Critical Churn-Risk
0,0.797693988161937,0,1,0,1,1,-0.0514631267014415,0,-0.5277900925104813,3,3,1,1,1,1,0,0,0,0,1,1,0,1,Stable Mid-Risk
1,-1.1172721918246462,0,0,0,0,0,-1.485788258098502,0,-0.276051149680256,0,0,0,1,0,0,0,1,0,1,0,0,0,3,Loyal Low-Risk
0,1.6125732136881423,1,1,0,0,1,1.1418687902662172,0,-0.5085504175571819,3,4,1,1,0,0,1,0,0,0,1,0,1,1,Stable Mid-Risk
1,1.5718292524118322,1,1,1,1,0,0.8510149107824564,0,-0.5205342748231904,3,6,1,1,0,1,0,0,0,0,1,0,1,1,Stable Mid-Risk
0,1.6125732136881423,1,1,1,1,1,1.5656844432282688,0,-0.4881627582350993,3,5,1,1,1,0,1,0,0,0,1,1,0,1,Stable Mid-Risk
1,0.5532302205040753,1,0,0,0,0,-1.3262341299245533,0,-0.6052527345769922,2,0,0,1,0,0,0,1,0,1,0,0,1,3,Loyal Low-Risk
1,1.24587756220135,1,1,0,1,0,0.6216558515324049,0,-0.5147991351998937,3,5,1,1,1,1,0,0,0,0,1,1,0,1,Stable Mid-Risk
0,-0.0986731599168891,0,1,0,0,1,0.6482482062280629,0,-0.3496659453830014,2,3,0,0,1,0,1,0,1,0,0,1,0,0,Critical Churn-Risk
0,-1.2802480369298874,0,0,0,0,0,-0.638156952174399,0,1.9943345827478949,0,0,0,0,0,1,0,0,1,0,0,0,0,2,Vulnerable High-Risk
0,-0.8320644628904743,1,1,1,0,1,-0.1046478360927578,1,-0.1135279867103152,0,3,0,0,0,1,0,0,1,0,0,0,0,2,Vulnerable High-Risk
0,-0.6690886177852331,0,1,1,1,0,-0.3306828510058519,0,-0.2904706568270853,1,5,1,1,0,1,0,0,0,0,1,0,0,1,Stable Mid-Risk
0,-1.1580161531009563,1,0,1,0,0,0.0249898930485754,0,0.8632272435587544,0,2,1,0,0,1,0,0,1,0,0,0,0,2,Vulnerable High-Risk
0,0.7569500268856267,1,0,0,0,1,0.8493528886139774,0,-0.4642772161861889,3,2,1,1,1,0,1,0,0,1,0,1,0,1,Stable Mid-Risk
0,1.3273654847539706,0,0,0,0,1,-1.4758161250876305,0,-0.6310144717168144,3,0,0,1,1,0,0,1,0,0,1,1,0,3,Loyal Low-Risk
0,-0.6690886177852331,0,0,1,0,1,0.3241538833747294,0,-0.1552019469258769,1,1,0,0,1,0,1,0,1,0,0,1,0,0,Critical Churn-Risk
0,-1.2395040756535771,0,0,0,0,0,-1.4907743246039378,0,0.1091556840993273,0,0,0,1,0,0,0,1,0,1,0,0,0,3,Loyal Low-Risk
1,1.368109446030281,1,0,0,0,1,0.3141817503638577,0,-0.5377339467571146,3,0,0,1,1,0,1,0,0,1,0,0,0,3,Loyal Low-Risk
0,0.5532302205040753,1,0,1,1,0,1.4576530022771577,0,-0.3972509787482359,2,5,1,1,0,0,1,0,0,0,1,0,1,1,Stable Mid-Risk
0,-0.0171852373642686,1,1,1,1,1,1.4875694013097729,0,-0.2795884025156975,2,5,1,1,1,0,1,0,0,1,0,0,0,1,Stable Mid-Risk
0,1.6125732136881423,1,1,1,1,0,0.726363248146559,0,-0.5285383188533412,3,5,1,1,1,1,0,0,0,0,1,1,0,1,Stable Mid-Risk
1,0.227278530293593,0,1,1,1,0,0.5385547431084732,0,-0.4246565832245941,2,5,1,1,1,1,0,0,0,0,1,1,0,1,Stable Mid-Risk
1,0.7569500268856267,0,0,1,0,0,-0.5633659545928605,0,-0.5596810066036265,3,1,0,1,1,1,0,0,0,1,0,1,0,3,Loyal Low-Risk
1,1.6125732136881423,1,1,1,1,0,1.653771618157636,0,-0.4839253231603135,3,6,1,1,1,0,1,0,0,0,1,0,0,1,Stable Mid-Risk
0,1.3273654847539706,1,1,0,1,0,1.3446354948206105,1,-0.4809465201732071,3,4,1,0,1,0,1,0,1,0,0,0,0,0,Critical Churn-Risk
1,-0.9542963467194052,0,0,0,0,1,-1.1583698909082112,1,-0.3174900666474536,0,1,0,0,0,1,0,0,1,0,0,0,1,2,Vulnerable High-Risk
1,-0.9542963467194052,0,1,1,0,0,0.0067076491953105,1,0.0916462825638918,0,4,0,0,0,1,0,0,1,0,0,0,0,2,Vulnerable High-Risk
1,1.368109446030281,0,0,0,0,0,-1.4708300585821945,0,-0.6312916445136214,3,0,0,1,0,0,0,1,0,0,1,0,0,3,Loyal Low-Risk
0,0.4717422979514547,1,1,0,1,1,1.4958795121521655,0,-0.3822748523285654,2,5,1,1,1,0,1,0,0,1,0,1,0,1,Stable Mid-Risk
0,0.7162060656093164,1,0,1,0,0,0.1562896443583875,0,-0.5080221098915499,3,3,1,1,1,1,0,0,0,0,1,0,0,1,Stable Mid-Risk
0,-0.7098325790615434,1,0,0,0,0,-0.5301255112232879,0,-0.3107051735524723,1,0,0,0,0,1,0,0,1,0,0,0,0,2,Vulnerable High-Risk
0,-0.9950403079957154,0,0,0,0,1,-1.3145999747452028,0,-0.3396037922903557,0,0,0,0,1,1,0,0,1,0,0,1,0,2,Vulnerable High-Risk
0,1.368109446030281,1,0,1,1,1,1.2648584307336357,0,-0.4879061971139843,3,4,1,1,1,0,1,0,0,1,0,1,0,1,Stable Mid-Risk
0,1.0014137945434884,1,1,1,0,1,0.7562796471791741,0,-0.49089351909494,3,3,0,0,1,0,1,0,1,0,0,0,0,0,Critical Churn-Risk
0,-1.0357842692720256,1,0,0,0,1,0.4571156568530201,0,0.4790417915354047,0,1,0,0,1,0,1,0,1,0,0,0,0,0,Critical Churn-Risk
1,-0.9135523854430948,0,0,0,0,1,-1.005463851408177,0,-0.3004581942448027,0,1,1,0,1,1,0,0,1,0,0,0,0,2,Vulnerable High-Risk
0,1.2051336009250395,1,1,0,0,1,0.9058616423422512,0,-0.4965399097561119,3,3,0,1,0,0,1,0,0,1,0,0,1,1,Stable Mid-Risk
1,0.3087664528462136,0,0,0,1,1,0.6731785387552424,0,-0.4249522391604646,2,2,1,1,0,0,1,0,0,1,0,0,1,1,Stable Mid-Risk
0,-0.506112772679992,0,0,0,0,0,-1.499084435446331,0,-0.5575912092897207,1,0,0,1,0,0,0,1,0,0,1,0,0,3,Loyal Low-Risk
0,-1.0357842692720256,0,0,0,0,0,-1.4891123024354591,1,-0.3752710917143911,0,0,0,0,1,0,0,1,1,0,0,0,0,2,Vulnerable High-Risk
0,-0.3023929662984406,0,0,1,1,1,1.0089070167879266,0,-0.2399099490750619,2,3,1,0,0,0,1,0,1,0,0,0,1,0,Critical Churn-Risk
0,-0.3838808888510611,1,0,0,0,0,0.6465861840595843,0,-0.2573258174826374,1,2,0,0,0,0,1,0,1,0,0,0,1,0,Critical Churn-Risk
0,1.368109446030281,1,0,0,1,0,1.323029206630388,0,-0.4848572963491075,3,4,1,1,1,0,1,0,0,1,0,1,0,1,Stable Mid-Risk
0,1.6125732136881423,1,0,1,1,0,1.5573743323858755,0,-0.4885625162610224,3,5,1,1,0,0,1,0,0,0,1,0,1,1,Stable Mid-Risk
0,0.6754621043330061,1,0,0,0,0,0.8393807556031058,1,-0.4568649028695211,3,2,1,0,1,0,1,0,1,0,0,1,0,0,Critical Churn-Risk
1,0.4309983366751445,1,0,1,1,1,1.52745793335326,1,-0.3732813869944553,2,5,1,0,1,0,1,0,1,0,0,0,0,0,Critical Churn-Risk
0,0.5532302205040753,1,1,0,0,0,-0.325696784500416,0,-0.5304962826313735,2,1,0,0,1,1,0,0,1,0,0,0,0,2,Vulnerable High-Risk
1,1.6125732136881423,1,1,1,1,0,0.8327326669291911,0,-0.5234214161215244,3,6,1,1,1,1,0,0,0,0,1,1,0,1,Stable Mid-Risk
0,-0.9135523854430948,0,0,0,0,0,-1.477478147256109,0,-0.4511451650346121,0,0,0,1,0,0,0,1,0,1,0,0,0,3,Loyal Low-Risk
0,0.3087664528462136,0,1,1,1,1,-0.3406549840167238,0,-0.5117874825475843,2,4,1,1,1,1,0,0,0,1,0,0,0,1,Stable Mid-Risk
1,1.3273654847539706,1,0,0,1,1,1.3529456056630036,1,-0.4805043635687769,3,4,1,0,0,0,1,0,1,0,0,0,1,0,Critical Churn-Risk
0,-0.0579291986405789,0,0,1,1,0,1.151840923277089,0,-0.3043215375760114,2,4,1,1,1,0,1,0,0,0,1,0,0,1,Stable Mid-Risk
0,1.4495973685829016,1,1,1,0,0,0.2028262650757895,0,-0.5471508207965416,3,4,0,1,1,1,0,0,0,0,1,1,0,1,Stable Mid-Risk
1,0.960669833267178,1,1,0,1,1,1.3213671844619093,1,-0.452988259933079,3,4,1,1,1,0,1,0,0,1,0,0,0,1,Stable Mid-Risk
0,-0.9135523854430948,1,0,0,0,1,0.679826627429157,1,0.2375579620258552,0,1,1,0,0,0,1,0,1,0,0,0,1,0,Critical Churn-Risk
1,1.4495973685829016,1,0,0,0,0,-1.3096139082397669,0,-0.6241245183677804,3,0,0,1,1,0,0,1,0,0,1,0,0,3,Loyal Low-Risk
1,0.4309983366751445,0,0,0,1,0,-0.2874702746254075,1,-0.5181318906057862,2,1,1,0,0,1,0,0,1,0,0,0,1,2,Vulnerable High-Risk
0,-1.2802480369298874,0,0,0,1,1,0.8227605339183194,1,4.5594619076892124,0,2,1,0,0,0,1,0,1,0,0,0,1,0,Critical Churn-Risk
0,0.6754621043330061,0,0,0,0,1,0.8327326669291911,0,-0.4573318202437994,3,3,1,1,1,0,1,0,0,1,0,0,0,1,Stable Mid-Risk
1,-0.7098325790615434,1,0,0,0,1,-1.3145999747452028,0,-0.4828809553175892,1,0,0,0,0,0,0,1,1,0,0,0,1,2,Vulnerable High-Risk
0,-0.506112772679992,1,0,0,1,1,0.9889627507661828,1,-0.1415344775667507,1,2,1,0,0,0,1,0,1,0,0,0,1,0,Critical Churn-Risk
0,-1.2802480369298874,0,0,0,0,1,-0.6348329078374417,1,2.000171049926374,0,0,0,0,0,1,0,0,1,0,0,0,0,2,Vulnerable High-Risk
1,0.7162060656093164,1,0,1,1,1,0.1612757108638236,0,-0.5076787882928161,3,3,1,1,0,1,0,0,0,1,0,0,1,1,Stable Mid-Risk
0,-1.2395040756535771,1,0,0,0,0,0.8210985117498408,1,2.8153309658538754,0,2,1,0,0,0,1,0,1,0,0,0,1,0,Critical Churn-Risk
0,-0.3431369275747509,0,0,0,0,0,0.1729098660431739,0,-0.34025228864352,1,0,0,0,1,0,1,0,1,0,0,1,0,0,Critical Churn-Risk
0,-1.1987601143772668,0,0,0,0,1,0.1579516665268661,1,1.3625370106775931,0,0,0,0,1,0,1,0,1,0,0,0,0,0,Critical Churn-Risk
0,-1.2802480369298874,0,0,0,0,1,0.325815905543208,1,3.686910064506671,0,1,0,0,0,0,1,0,1,0,0,0,0,0,Critical Churn-Risk
1,0.1050466464646622,0,0,0,0,0,-1.485788258098502,0,-0.6019205671453077,2,0,0,1,0,0,0,1,0,0,1,0,0,3,Loyal Low-Risk
0,-0.6283446565089229,1,0,0,0,0,-1.3295581742615106,0,-0.5062673550535761,1,0,0,0,0,0,0,1,1,0,0,0,0,2,Vulnerable High-Risk
0,-0.9950403079957154,0,0,0,0,0,-1.5007464576148095,1,-0.4122353838447553,0,0,0,0,0,0,0,1,1,0,0,0,1,2,Vulnerable High-Risk
0,-0.9135523854430948,0,0,1,1,1,1.0072449946194475,0,0.3420837833131526,0,3,1,0,1,0,1,0,1,0,0,1,0,0,Critical Churn-Risk
1,1.4495973685829016,1,1,1,1,1,0.7994922235596185,0,-0.5167842741722839,3,6,1,1,1,1,0,0,0,0,1,1,0,1,Stable Mid-Risk
0,0.512486259227765,0,1,0,1,0,0.4654257676954133,0,-0.4671320099147925,2,5,1,1,1,1,0,0,0,1,0,0,0,1,Stable Mid-Risk
1,-1.2395040756535771,0,0,0,0,0,-1.494098368940895,1,0.1052647059803418,0,0,0,1,0,0,0,1,0,1,0,0,0,3,Loyal Low-Risk
0,0.1865345690172827,0,0,0,0,0,-1.477478147256109,0,-0.6045828153319821,2,0,0,0,1,0,0,1,1,0,0,0,0,2,Vulnerable High-Risk
0,-1.1580161531009563,0,0,0,0,1,-1.3478404181147754,1,-0.1009571343258999,0,0,0,0,0,1,0,0,1,0,0,0,0,2,Vulnerable High-Risk
0,-0.9135523854430948,0,0,0,0,0,-0.6497911073537496,0,-0.1869123782271293,0,0,0,0,0,1,0,0,1,0,0,0,0,2,Vulnerable High-Risk
0,-1.2802480369298874,0,0,0,0,0,-1.487450280266981,0,0.5031172186466287,0,0,0,0,0,0,0,1,1,0,0,0,0,2,Vulnerable High-Risk
1,1.3273654847539706,1,1,0,0,1,0.1579516665268661,0,-0.5440864832858385,3,3,1,1,0,1,0,0,0,0,1,0,0,1,Stable Mid-Risk
1,1.0014137945434884,0,0,0,0,0,-1.5057325241202455,0,-0.6278492403002727,3,0,0,1,1,0,0,1,0,0,1,0,0,3,Loyal Low-Risk
0,-1.1987601143772668,0,0,0,0,1,0.330801972048644,0,1.5142851573180354,0,1,0,0,0,0,1,0,1,0,0,0,0,0,Critical Churn-Risk
0,-1.2395040756535771,0,0,0,0,0,0.1612757108638236,1,2.0429718092352167,0,0,0,0,0,0,1,0,1,0,0,0,1,0,Critical Churn-Risk
0,0.6754621043330061,0,0,0,0,1,-1.150059780065818,0,-0.5965899271222973,3,1,0,0,1,1,0,0,1,0,0,0,0,2,Vulnerable High-Risk
0,-1.1580161531009563,0,0,0,0,0,-0.6364949300059205,1,0.3986444561518628,0,0,0,0,0,1,0,0,1,0,0,0,0,2,Vulnerable High-Risk
0,1.5310852911355222,0,0,1,1,0,-0.2326235430656127,0,-0.5720669005211182,3,5,1,1,1,1,0,0,0,0,1,0,0,1,Stable Mid-Risk
1,0.8384379494382472,0,0,0,0,1,-1.494098368940895,0,-0.624185608603948,3,0,0,1,1,0,0,1,0,1,0,0,0,3,Loyal Low-Risk
1,0.8384379494382472,1,0,0,0,0,-1.304627841734331,0,-0.6118641778938267,3,0,0,1,1,0,0,1,0,0,1,1,0,3,Loyal Low-Risk
0,-1.2802480369298874,1,0,0,0,1,0.3407741050595158,1,3.713174166809824,0,0,0,0,0,0,1,0,1,0,0,0,0,0,Critical Churn-Risk
0,-0.4246248501273714,1,0,0,0,1,-1.327896152093032,0,-0.5409760076946731,1,0,0,0,1,0,0,1,1,0,0,1,0,2,Vulnerable High-Risk
0,0.797693988161937,0,0,0,1,1,-0.5201533782124163,1,-0.5588445027808765,3,3,1,0,0,1,0,0,1,0,0,0,1,2,Vulnerable High-Risk
0,1.3273654847539706,1,1,1,1,1,1.5141617560054308,0,-0.4719265254428312,3,5,1,1,0,0,1,0,0,0,1,0,1,1,Stable Mid-Risk
0,0.6347181430566958,1,0,0,0,0,-1.337868285103904,0,-0.6086106672784617,2,0,0,1,1,0,0,1,0,1,0,0,0,3,Loyal Low-Risk
0,-1.2395040756535771,0,0,0,0,1,-1.000477784902741,1,0.6830749566497171,0,1,1,0,0,1,0,0,1,0,0,0,1,2,Vulnerable High-Risk
0,-1.1987601143772668,1,0,0,1,0,1.4343846919184566,0,2.4831387089454724,0,4,1,0,0,0,1,0,1,0,0,0,0,0,Critical Churn-Risk
0,0.512486259227765,1,0,0,0,0,0.5518509204563025,0,-0.4605342644086863,2,1,0,0,1,0,1,0,1,0,0,0,0,0,Critical Churn-Risk
1,-1.2802480369298874,0,0,0,0,0,0.5053142997389005,1,4.002079292144512,0,1,1,0,0,0,1,0,1,0,0,0,1,0,Critical Churn-Risk
1,1.1643896396487294,0,0,1,1,1,0.2992235508475499,0,-0.528148877163571,3,4,1,1,1,1,0,0,0,0,1,0,0,1,Stable Mid-Risk
0,-1.1987601143772668,0,1,1,1,1,-0.0132366168264328,0,1.2122479808317712,0,3,1,0,1,1,0,0,1,0,0,1,0,2,Vulnerable High-Risk
0,0.3087664528462136,1,0,1,1,1,1.2947748297662514,0,-0.3717122702640994,2,4,1,1,1,0,1,0,0,1,0,1,0,1,Stable Mid-Risk
0,-1.2802480369298874,0,0,0,0,0,0.2094743537497036,0,3.482633713259922,0,0,0,0,0,0,1,0,1,0,0,0,0,0,Critical Churn-Risk
0,-1.2802480369298874,0,0,1,0,1,-0.4952230456852367,0,2.245302671422472,0,1,0,0,0,1,0,0,1,0,0,0,1,2,Vulnerable High-Risk
0,0.7569500268856267,1,0,0,0,1,-1.336206262935425,0,-0.6118724919496364,3,0,0,1,1,0,0,1,0,1,0,0,0,3,Loyal Low-Risk
0,-1.2395040756535771,0,1,0,0,1,-0.5168293338754589,1,1.249212272962135,0,1,0,0,0,1,0,0,1,0,0,0,1,2,Vulnerable High-Risk
0,0.797693988161937,0,0,0,0,0,-1.1533838244027754,0,-0.6008009932525806,3,1,0,1,0,1,0,0,0,1,0,0,0,3,Loyal Low-Risk
0,0.7569500268856267,1,0,0,0,0,0.6183318071954478,0,-0.4798785419132756,3,1,1,0,1,0,1,0,1,0,0,0,0,0,Critical Churn-Risk
0,-1.2802480369298874,0,0,0,0,1,-1.4741541029191516,0,0.5264630873605428,0,0,0,0,0,0,0,1,1,0,0,0,0,2,Vulnerable High-Risk
1,-0.0579291986405789,1,1,1,0,1,0.3474221937334304,0,-0.3925981036504993,2,4,1,1,1,1,0,0,0,1,0,0,0,1,Stable Mid-Risk
1,0.5939741817803856,0,0,0,0,0,-1.4708300585821945,0,-0.6171197004225956,2,0,0,1,1,0,0,1,0,1,0,1,0,3,Loyal Low-Risk
0,-1.1987601143772668,1,0,0,0,1,0.3424361272279943,1,1.5244989748803726,0,0,0,0,1,0,1,0,1,0,0,1,0,0,Critical Churn-Risk
0,-0.4246248501273714,0,0,0,0,1,-1.487450280266981,0,-0.5653369141787574,1,0,0,1,0,0,0,1,0,1,0,0,0,3,Loyal Low-Risk
0,-1.2802480369298874,0,0,0,0,1,-1.4675060142452372,0,0.5381360217174999,0,0,0,0,0,0,0,1,1,0,0,0,0,2,Vulnerable High-Risk
0,1.6125732136881423,1,0,1,1,1,0.6765025830921999,0,-0.5309368670088803,3,5,1,1,1,1,0,0,0,0,1,0,0,1,Stable Mid-Risk
1,-1.1987601143772668,0,0,0,0,1,-0.4869129348428435,1,0.7963996943651752,0,1,0,0,0,1,0,0,1,0,0,0,1,2,Vulnerable High-Risk
1,0.5939741817803856,0,0,0,1,1,0.6698544944182854,0,-0.4605078311334215,2,2,1,1,1,0,1,0,0,1,0,0,0,1,Stable Mid-Risk
1,1.6125732136881423,1,1,1,0,1,0.0565683142496695,0,-0.5607588157427502,3,3,0,1,1,1,0,0,0,0,1,1,0,1,Stable Mid-Risk
1,1.368109446030281,1,0,0,1,1,-0.049801104532963,0,-0.5568113544002011,3,2,1,1,1,1,0,0,0,0,1,0,0,1,Stable Mid-Risk
0,0.1050466464646622,1,0,0,1,0,0.6100216963530546,0,-0.3974820918102678,2,1,1,0,0,0,1,0,1,0,0,0,1,0,Critical Churn-Risk
0,-0.1394171211931994,1,0,0,0,1,0.6681924722498068,0,-0.3367504083364328,2,1,1,0,0,0,1,0,1,0,0,0,1,0,Critical Churn-Risk
0,-1.2395040756535771,0,0,0,0,1,-1.4708300585821945,0,0.1325015528132416,0,0,0,0,0,0,0,1,1,0,0,0,0,2,Vulnerable High-Risk
0,-1.1580161531009563,0,0,0,0,0,-0.5168293338754589,0,0.4826895835219538,0,1,0,0,0,1,0,0,1,0,0,0,0,2,Vulnerable High-Risk
0,-0.3023929662984406,0,1,0,0,1,0.5003282332334644,1,-0.3086006781756171,2,2,0,0,1,0,1,0,1,0,0,0,0,0,Critical Churn-Risk
0,1.3273654847539706,0,1,1,0,1,-0.1727907450003817,0,-0.5616843161421602,3,3,0,1,0,1,0,0,0,0,1,0,0,1,Stable Mid-Risk
0,-0.22090504374582,1,0,1,1,1,1.3246912287988668,0,-0.2308185290470473,2,4,1,1,1,0,1,0,0,1,0,0,0,1,Stable Mid-Risk
0,-0.1394171211931994,0,0,0,0,1,0.3490842159019089,0,-0.3741037982786955,2,1,0,0,1,0,1,0,1,0,0,1,0,0,Critical Churn-Risk
1,-0.1394171211931994,1,0,0,1,0,0.5086383440758576,0,-0.3554271033075641,2,4,1,0,1,1,0,0,1,0,0,1,0,2,Vulnerable High-Risk
0,-1.2802480369298874,0,0,0,0,0,-1.504070501951767,1,0.473934882754236,0,0,0,0,0,0,0,1,1,0,0,0,0,2,Vulnerable High-Risk
0,-0.506112772679992,0,0,1,0,1,0.5385547431084732,0,-0.2168526968699737,1,2,0,0,0,0,1,0,1,0,0,0,0,0,Critical Churn-Risk
0,1.0421577558197987,1,0,0,0,1,-1.3328822185984677,0,-0.6182264034151248,3,0,0,1,1,0,0,1,0,0,1,1,0,3,Loyal Low-Risk
1,-0.7505765403378537,1,1,1,0,1,0.7047569599563366,0,0.0021537858272209,1,2,0,0,0,0,1,0,1,0,0,0,0,0,Critical Churn-Risk
0,1.6125732136881423,1,0,0,0,0,-1.3096139082397669,0,-0.6264790352045222,3,0,0,1,0,0,0,1,0,0,1,0,0,3,Loyal Low-Risk
0,0.5532302205040753,1,1,0,1,1,0.8094643565704907,0,-0.4456812383143343,2,2,1,0,1,0,1,0,1,0,0,1,0,0,Critical Churn-Risk
0,1.5718292524118322,0,0,1,1,0,-0.2176653435493049,0,-0.5726571692087695,3,5,1,1,1,1,0,0,0,0,1,0,0,1,Stable Mid-Risk
0,-0.0171852373642686,1,0,0,0,1,0.6931228047769863,0,-0.3641287452827503,2,1,1,0,1,0,1,0,1,0,0,0,0,0,Critical Churn-Risk
0,-0.2616490050221303,0,0,0,1,1,-0.4802648461689289,0,-0.4494158414261741,2,3,1,0,1,1,0,0,1,0,0,1,0,2,Vulnerable High-Risk
0,1.4495973685829016,1,0,0,0,1,0.5169484549182508,0,-0.5311639759163614,3,1,0,0,1,0,1,0,1,0,0,1,0,0,Critical Churn-Risk
1,-1.2395040756535771,0,0,0,0,0,-1.4824642137615447,0,0.1188831293967916,0,0,0,1,0,0,0,1,0,1,0,0,0,3,Loyal Low-Risk
1,1.1643896396487294,0,0,0,0,0,-1.4708300585821945,0,-0.628404321439049,3,0,0,1,1,0,0,1,0,0,1,1,0,3,Loyal Low-Risk
1,-1.1580161531009563,1,0,0,0,1,0.703094937787858,1,1.3394829653226032,0,1,1,0,0,0,1,0,1,0,0,0,1,0,Critical Churn-Risk
0,-1.1987601143772668,0,0,0,0,1,-0.6464670630167922,1,0.6563244820816904,0,0,0,0,0,1,0,0,1,0,0,0,1,2,Vulnerable High-Risk
0,0.0235587239120416,1,0,0,1,1,0.987300728597704,1,-0.3426555398346582,2,2,1,0,0,0,1,0,1,0,0,0,1,0,Critical Churn-Risk
0,-0.9542963467194052,0,0,0,0,1,-1.4475617482234937,0,-0.4190445955529802,0,0,0,0,0,0,0,1,1,0,0,0,0,2,Vulnerable High-Risk
0,-0.4246248501273714,1,0,0,0,0,-1.28135953137563,0,-0.5338707433034818,1,0,0,1,0,0,0,1,0,0,1,0,0,3,Loyal Low-Risk
1,-1.1172721918246462,0,0,0,1,1,0.5335686766030371,0,0.9058334539616476,0,1,1,0,0,0,1,0,1,0,0,0,1,0,Critical Churn-Risk
0,-0.0986731599168891,1,1,0,0,0,0.8942274871629008,1,-0.3218015214341362,2,3,0,0,1,0,1,0,1,0,0,1,0,0,Critical Churn-Risk
0,1.3273654847539706,1,0,1,0,1,0.3125197281953792,0,-0.535862370443437,3,4,1,1,1,1,0,0,0,0,1,1,0,1,Stable Mid-Risk
0,0.512486259227765,1,0,1,0,1,0.7463075141683023,1,-0.4456893370199474,2,2,0,0,0,0,1,0,1,0,0,0,1,0,Critical Churn-Risk
0,-1.1172721918246462,0,0,0,0,0,-1.477478147256109,0,-0.2711874270315239,0,0,0,0,0,0,0,1,1,0,0,0,0,2,Vulnerable High-Risk
1,-0.3023929662984406,0,0,0,0,1,0.3557323045758235,0,-0.3281303952728338,2,1,0,0,0,0,1,0,1,0,0,0,1,0,Critical Churn-Risk
1,1.6125732136881423,1,1,0,0,0,0.4737358785378064,0,-0.5406909628414062,3,1,0,1,1,0,1,0,0,0,1,0,0,1,Stable Mid-Risk
0,-0.22090504374582,1,0,0,0,0,0.8427047999400633,0,-0.291267653395575,2,2,1,0,1,0,1,0,1,0,0,0,0,0,Critical Churn-Risk
1,-0.0171852373642686,0,0,0,1,0,-0.4719547353265357,0,-0.4881094571649762,2,3,1,0,1,1,0,0,1,0,0,1,0,2,Vulnerable High-Risk
0,-0.0986731599168891,1,0,1,1,0,1.5174858003423883,0,-0.2511990958880248,2,5,1,1,1,0,1,0,0,1,0,1,0,1,Stable Mid-Risk
0,1.5310852911355222,0,1,1,0,0,1.2033636104999266,0,-0.5010428492224498,3,5,1,1,1,0,1,0,0,0,1,1,0,1,Stable Mid-Risk
0,0.3902543753988342,1,0,0,0,1,0.4837080115486781,0,-0.4516880922140055,2,1,0,0,1,0,1,0,1,0,0,0,0,0,Critical Churn-Risk
0,1.6125732136881423,1,1,1,1,1,0.8327326669291911,0,-0.5234214161215244,3,6,1,1,1,1,0,0,0,0,1,0,0,1,Stable Mid-Risk
0,0.5939741817803856,1,1,1,0,1,0.0067076491953105,0,-0.5090234645545243,2,3,0,1,0,1,0,0,0,0,1,0,0,1,Stable Mid-Risk
0,-1.2395040756535771,0,1,0,0,1,0.5202724992552084,0,2.4631974460856707,0,2,0,0,0,0,1,0,1,0,0,0,1,0,Critical Churn-Risk
0,-0.9135523854430948,1,1,0,1,0,1.1219245242444733,1,0.3786943501599726,0,3,1,0,0,0,1,0,1,0,0,0,1,0,Critical Churn-Risk
1,1.1643896396487294,1,0,0,0,1,-1.3528264846202114,0,-0.6217206251540172,3,0,0,1,0,0,0,1,0,0,1,0,0,3,Loyal Low-Risk
0,-1.1172721918246462,0,0,0,0,1,-0.6896796393972369,0,0.1898934800682804,0,0,0,0,1,1,0,0,1,0,0,1,0,2,Vulnerable High-Risk
0,1.6125732136881423,1,0,1,1,1,1.5291199555217383,0,-0.4899216935491613,3,5,1,1,1,0,1,0,0,0,1,1,0,1,Stable Mid-Risk
1,1.6125732136881423,1,1,1,1,1,1.6670677955054654,0,-0.4832857103188364,3,6,1,1,1,0,1,0,0,0,1,0,0,1,Stable Mid-Risk
0,-1.1987601143772668,0,0,0,0,0,0.3407741050595158,0,1.523039858085753,0,1,0,0,0,0,1,0,1,0,0,0,0,0,Critical Churn-Risk
0,0.6347181430566958,0,0,0,0,0,-1.5140426349626388,0,-0.6212364942359866,2,0,0,1,0,0,0,1,0,0,1,0,0,3,Loyal Low-Risk
0,1.24587756220135,0,0,1,1,1,0.8393807556031058,0,-0.5028526164439454,3,3,1,1,1,0,1,0,0,1,0,1,0,1,Stable Mid-Risk
0,-0.22090504374582,0,1,0,0,1,-0.2691880307721424,0,-0.4307175299099373,2,2,0,0,0,1,0,0,1,0,0,0,0,2,Vulnerable High-Risk
1,1.5310852911355222,0,1,0,1,1,0.5103003662443366,0,-0.5353218184256264,3,5,1,1,1,1,0,0,0,0,1,1,0,1,Stable Mid-Risk
1,-1.0357842692720256,0,1,1,0,1,0.2177844645920968,0,0.373985382322791,0,4,1,0,1,1,0,0,1,0,0,1,0,2,Vulnerable High-Risk
0,-1.2395040756535771,0,1,0,1,0,0.8493528886139774,0,2.8484042798652536,0,3,1,0,0,0,1,0,1,0,0,0,1,0,Critical Churn-Risk
0,-0.506112772679992,1,0,0,1,1,1.1219245242444733,1,-0.1193003168868324,1,3,1,0,0,0,1,0,1,0,0,0,1,0,Critical Churn-Risk
0,1.368109446030281,0,0,0,0,0,-1.499084435446331,0,-0.6327725391708473,3,0,0,1,1,0,0,1,0,0,1,0,0,3,Loyal Low-Risk
0,-1.1987601143772668,0,0,0,0,0,-1.494098368940895,0,-0.0878250831743231,0,0,0,0,0,0,0,1,1,0,0,0,0,2,Vulnerable High-Risk
1,-0.7098325790615434,0,0,0,0,1,0.7014329156193795,1,-0.040403787349185,1,2,1,0,1,0,1,0,1,0,0,0,0,0,Critical Churn-Risk
1,1.6125732136881423,1,1,1,0,1,0.8493528886139774,0,-0.5226219000696781,3,3,0,1,1,0,1,0,0,0,1,0,0,1,Stable Mid-Risk
0,-1.2802480369298874,0,0,0,0,0,-1.4625199477398012,0,0.5468907224852178,0,0,0,0,0,0,0,1,1,0,0,0,0,2,Vulnerable High-Risk
0,-0.4246248501273714,0,0,0,1,0,0.8127884009074476,1,-0.214133845699875,1,2,1,0,0,0,1,0,1,0,0,0,1,0,Critical Churn-Risk
0,-1.1987601143772668,0,0,0,0,1,0.1828819990540456,1,1.3844237625968878,0,0,0,0,0,0,1,0,1,0,0,0,1,0,Critical Churn-Risk
1,1.6125732136881423,1,1,1,0,0,0.0682024694290198,0,-0.5601991545064576,3,3,0,1,1,1,0,0,0,0,1,0,0,1,Stable Mid-Risk
1,1.3273654847539706,0,0,0,0,0,-1.4924363467724169,0,-0.6318987849256748,3,0,0,1,0,0,0,1,0,0,1,0,0,3,Loyal Low-Risk
0,-0.8728084241667845,0,0,0,1,1,-0.9639132971962112,0,-0.3188519089890987,0,1,1,0,0,1,0,0,1,0,0,0,0,2,Vulnerable High-Risk
0,-0.4246248501273714,1,0,0,0,1,0.4670877898638917,0,-0.2669158097487245,1,1,0,0,0,0,1,0,1,0,0,0,0,0,Critical Churn-Risk
0,-0.7505765403378537,0,0,0,0,0,-1.4758161250876305,0,-0.5083425433837019,1,0,0,1,1,0,0,1,0,1,0,0,0,3,Loyal Low-Risk
0,0.3495104141225239,0,0,1,0,1,0.3141817503638577,0,-0.4607336468278269,2,1,0,0,0,0,1,0,1,0,0,0,1,0,Critical Churn-Risk
0,-0.6283446565089229,0,1,0,0,0,5.956052139595392e-05,0,-0.2468688137878633,1,3,1,1,0,1,0,0,0,1,0,0,0,1,Stable Mid-Risk
0,-0.8728084241667845,0,0,0,0,1,-1.4741541029191516,0,-0.4681681943051745,0,0,0,0,1,0,0,1,1,0,0,1,0,2,Vulnerable High-Risk
0,-0.7098325790615434,1,0,0,1,1,0.9490742187226954,1,0.0139483132503962,1,2,1,0,0,0,1,0,1,0,0,0,1,0,Critical Churn-Risk
0,-1.2802480369298874,0,0,0,0,0,-1.4924363467724169,1,0.4943625178789108,0,0,0,0,0,0,0,1,1,0,0,0,0,2,Vulnerable High-Risk
0,-1.1172721918246462,0,1,0,0,1,0.8011542457280975,1,1.062445323250822,0,3,1,0,0,0,1,0,1,0,0,0,0,0,Critical Churn-Risk
0,0.0235587239120416,0,0,0,1,1,1.0305133049781483,1,-0.3381923590511158,2,3,1,1,0,0,1,0,0,1,0,0,1,0,Critical Churn-Risk
0,1.6125732136881423,1,1,0,1,1,1.524133889016303,0,-0.4901615483647152,3,5,1,1,1,0,1,0,0,0,1,1,0,1,Stable Mid-Risk
1,-1.1987601143772668,0,0,0,0,0,-0.8143313020331343,0,0.5089536858251071,0,2,1,0,0,1,0,0,1,0,0,0,0,2,Vulnerable High-Risk
0,-1.2395040756535771,1,0,0,0,1,0.5717951864780458,1,2.523507606929949,0,1,0,0,0,0,1,0,1,0,0,0,1,0,Critical Churn-Risk
0,1.082901717096109,1,1,1,0,1,1.4028062707173623,0,-0.4589271212725835,3,5,1,1,1,0,1,0,0,1,0,1,0,1,Stable Mid-Risk
0,-1.2395040756535771,0,0,0,0,0,-0.6464670630167922,1,1.097464126321693,0,0,0,0,0,1,0,0,1,0,0,0,1,2,Vulnerable High-Risk
1,1.5718292524118322,0,0,1,1,1,0.2842653513312421,0,-0.5481764318768179,3,4,1,1,1,1,0,0,0,0,1,1,0,1,Stable Mid-Risk
1,-1.1172721918246462,0,0,0,0,0,-0.6647493068700573,0,0.2044846480144768,0,0,0,0,0,1,0,0,1,0,0,0,0,2,Vulnerable High-Risk
1,-0.22090504374582,0,1,0,0,1,-0.3340068953428092,0,-0.4388468949085324,2,2,0,0,1,1,0,0,1,0,0,1,0,2,Vulnerable High-Risk
0,-1.2802480369298874,0,0,1,0,1,-0.4187700259352194,1,2.379541416527479,0,1,0,0,0,1,0,0,1,0,0,0,1,2,Vulnerable High-Risk
1,1.24587756220135,0,1,1,0,1,-0.8043591690222623,0,-0.5930442733113716,3,3,0,1,1,1,0,0,0,1,0,0,0,1,Stable Mid-Risk
0,0.5532302205040753,1,1,0,1,1,1.5025276008260804,1,-0.393898114624429,2,5,1,1,0,0,1,0,0,1,0,0,1,1,Stable Mid-Risk
1,1.6125732136881423,1,1,0,0,0,-0.3157246514895444,0,-0.578667975304109,3,1,0,1,1,1,0,0,0,0,1,0,0,3,Loyal Low-Risk
0,0.0643026851883519,1,1,1,0,1,-0.1312401907884159,0,-0.4641521490323643,2,2,0,0,1,1,0,0,1,0,0,0,0,2,Vulnerable High-Risk
1,-0.3431369275747509,1,1,0,1,0,0.4521295903475845,0,-0.3010312292041441,1,4,1,1,0,1,0,0,0,1,0,0,1,1,Stable Mid-Risk
0,1.6125732136881423,1,1,1,0,0,0.1612757108638236,0,-0.555721864616118,3,4,0,1,1,1,0,0,0,0,1,0,0,1,Stable Mid-Risk
1,1.1236456783724194,0,1,1,1,0,-0.1644806341579885,0,-0.5525657422344031,3,5,1,1,1,1,0,0,0,0,1,1,0,1,Stable Mid-Risk
0,1.4495973685829016,1,1,0,0,1,0.4022689252932255,0,-0.5370004430948399,3,4,1,1,1,1,0,0,0,1,0,1,0,1,Stable Mid-Risk
1,-0.9950403079957154,0,0,0,0,1,-1.494098368940895,0,-0.409641398432098,0,0,0,1,0,0,0,1,0,0,1,0,0,3,Loyal Low-Risk
1,0.0643026851883519,0,1,1,1,0,0.0947948241246783,0,-0.4414733051388477,2,4,1,1,1,1,0,0,0,0,1,1,0,1,Stable Mid-Risk
0,-1.076528230548336,0,0,0,1,0,-0.6581012181961428,0,0.0833084723089225,0,2,1,0,1,1,0,0,1,0,0,1,0,2,Vulnerable High-Risk
0,-1.2395040756535771,0,0,1,0,1,-0.0198847055003474,0,1.8309135017504965,0,3,1,0,0,1,0,0,1,0,0,0,0,2,Vulnerable High-Risk
0,-0.0579291986405789,1,0,1,0,0,0.5618230534671742,0,-0.3690698453372577,2,1,0,1,1,0,1,0,0,1,0,1,0,1,Stable Mid-Risk
1,-0.506112772679992,1,0,0,0,1,-1.304627841734331,0,-0.5250737492953402,1,0,0,0,1,0,0,1,1,0,0,0,0,2,Vulnerable High-Risk
1,-1.2802480369298874,0,0,0,0,0,-1.4891123024354591,0,0.5001989850573895,0,0,0,0,0,0,0,1,1,0,0,0,1,2,Vulnerable High-Risk
0,1.2051336009250395,1,0,0,1,1,1.0620917261792426,1,-0.4878315301564772,3,3,1,1,0,0,1,0,0,1,0,0,1,1,Stable Mid-Risk
0,1.5310852911355222,1,0,0,0,1,0.3607183710812596,0,-0.5427201571025713,3,0,0,1,1,0,1,0,0,0,1,1,0,3,Loyal Low-Risk
0,-0.9135523854430948,1,0,1,1,1,1.1202625020759949,1,0.3781637622346564,0,3,1,0,0,0,1,0,1,0,0,0,1,0,Critical Churn-Risk
1,0.2680224915699033,1,0,0,0,1,-1.3627986176310831,0,-0.5976404912144234,2,0,0,1,0,0,0,1,0,0,1,0,0,3,Loyal Low-Risk
0,0.5532302205040753,0,0,1,1,1,-0.0198847055003474,0,-0.5076471345283937,2,3,1,1,1,1,0,0,0,0,1,1,0,1,Stable Mid-Risk
0,-1.076528230548336,0,0,0,1,1,0.6831506717661141,1,0.756169759884948,0,2,1,0,0,0,1,0,1,0,0,0,1,0,Critical Churn-Risk
1,1.6125732136881423,1,0,0,1,1,0.3989448809562679,0,-0.5442887850747148,3,3,1,1,1,1,0,0,0,0,1,0,0,1,Stable Mid-Risk
0,-0.5876006952326126,0,0,1,0,0,-0.3190486958265014,0,-0.3279649893204072,1,2,0,0,1,1,0,0,1,0,0,1,0,2,Vulnerable High-Risk
0,1.5718292524118322,1,1,1,1,1,1.4543289579402,0,-0.491108752798361,3,5,1,1,1,0,1,0,0,0,1,1,0,1,Stable Mid-Risk
0,0.3087664528462136,1,0,0,1,1,1.213335743510798,1,-0.3786875603066713,2,3,1,0,0,0,1,0,1,0,0,0,1,0,Critical Churn-Risk
0,-1.2802480369298874,0,0,0,0,1,0.1579516665268661,1,3.392168471993505,0,0,0,0,0,0,1,0,1,0,0,0,1,0,Critical Churn-Risk
0,1.0421577558197987,1,0,0,1,1,1.278154608081465,1,-0.4628180993915692,3,4,1,1,1,0,1,0,0,1,0,0,0,1,Stable Mid-Risk
0,1.5310852911355222,1,1,1,1,1,1.3030849406086444,1,-0.4961106234378201,3,4,1,1,1,0,1,0,0,0,1,1,0,1,Stable Mid-Risk
0,0.3902543753988342,1,0,0,0,0,-1.3145999747452028,0,-0.5985498942399073,2,0,0,1,0,0,0,1,0,0,1,0,1,3,Loyal Low-Risk
1,0.0643026851883519,0,1,0,0,0,-1.1434116913919037,0,-0.5657066779378909,2,1,0,1,1,1,0,0,0,1,0,0,0,3,Loyal Low-Risk
0,-1.1172721918246462,0,0,0,0,0,-1.487450280266981,0,-0.2770238942100024,0,0,0,0,1,0,0,1,1,0,0,0,0,2,Vulnerable High-Risk
0,-0.3023929662984406,1,0,0,1,1,0.6582203392389346,0,-0.287275125023484,2,1,1,0,0,0,1,0,1,0,0,0,0,0,Critical Churn-Risk
0,-1.2395040756535771,0,0,0,0,1,0.7114050486302511,1,2.6869286879273484,0,2,1,0,0,0,1,0,1,0,0,0,0,0,Critical Churn-Risk
1,0.9199258719908678,0,0,1,1,1,1.2931128075977727,0,-0.4509367197782379,3,5,1,1,1,0,1,0,0,1,0,0,0,1,Stable Mid-Risk
0,-0.4653688114036817,1,0,1,1,1,1.5424161328695678,1,-0.0770806776866695,1,5,1,0,0,0,1,0,1,0,0,0,1,0,Critical Churn-Risk
0,1.5310852911355222,1,1,1,0,1,0.7712378466954819,0,-0.522415827622512,3,3,0,1,1,0,1,0,0,0,1,1,0,1,Stable Mid-Risk
0,1.1643896396487294,1,0,1,1,1,1.3811999825271402,0,-0.4668659717895462,3,4,1,0,0,0,1,0,1,0,0,0,1,0,Critical Churn-Risk
1,0.4309983366751445,0,1,1,1,1,0.4770599228747639,0,-0.4571142791944197,2,5,1,1,1,1,0,0,0,0,1,1,0,1,Stable Mid-Risk
0,0.5939741817803856,1,0,0,1,1,1.273168541576029,0,-0.4163695480961775,2,4,1,1,0,0,1,0,0,1,0,0,1,1,Stable Mid-Risk
0,-1.1172721918246462,0,0,1,1,1,-0.0281948163427406,0,0.5770458029073569,0,3,1,0,1,1,0,0,1,0,0,1,0,2,Vulnerable High-Risk
0,1.2051336009250395,1,0,0,0,1,-1.296317730891938,0,-0.6192910051764938,3,0,0,1,1,0,0,1,0,0,1,1,0,3,Loyal Low-Risk
1,-0.6690886177852331,0,0,0,1,1,0.8194364895813623,1,-0.0528921105031354,1,3,1,0,1,0,1,0,1,0,0,1,0,0,Critical Churn-Risk
0,-1.0357842692720256,1,0,0,1,1,1.023865216304234,1,0.7278212050180524,0,2,1,0,1,0,1,0,1,0,0,0,0,0,Critical Churn-Risk
1,-0.7505765403378537,1,0,0,0,0,-1.304627841734331,0,-0.4682654687581492,1,0,0,0,0,0,0,1,1,0,0,0,0,2,Vulnerable High-Risk
1,1.1236456783724194,0,0,0,1,0,0.8692971546357213,1,-0.4930529129718843,3,3,1,1,0,0,1,0,0,1,0,0,1,1,Stable Mid-Risk
1,0.0643026851883519,0,0,1,1,1,-0.6630872847015785,0,-0.5175141346641682,2,3,1,0,0,1,0,0,1,0,0,0,1,2,Vulnerable High-Risk
0,0.7162060656093164,1,1,1,1,0,1.4543289579402,1,-0.4186440536877905,3,5,1,1,0,0,1,0,0,1,0,0,1,1,Stable Mid-Risk
1,0.227278530293593,1,0,0,0,0,-1.3212480634191175,0,-0.5921182953455553,2,0,0,1,1,0,0,1,0,0,1,1,0,3,Loyal Low-Risk
1,1.5310852911355222,0,1,1,0,0,0.3091956838584216,0,-0.5452684737579633,3,5,1,1,1,1,0,0,0,1,0,1,0,1,Stable Mid-Risk
1,0.1865345690172827,1,0,0,1,1,0.7978302013911399,0,-0.3943164056652159,2,2,1,0,0,0,1,0,1,0,0,0,1,0,Critical Churn-Risk
0,-1.1580161531009563,0,0,0,1,1,0.4670877898638917,1,1.1737272974538129,0,1,1,0,0,0,1,0,1,0,0,0,1,0,Critical Churn-Risk
1,1.1236456783724194,1,1,0,0,1,0.9457501743857384,0,-0.4886516426405726,3,3,1,0,0,0,1,0,1,0,0,0,1,0,Critical Churn-Risk
1,1.2051336009250395,0,1,1,0,0,0.2194464867605758,0,-0.5348011945928045,3,4,1,1,1,1,0,0,0,1,0,1,0,1,Stable Mid-Risk
0,-1.2802480369298874,0,0,0,0,0,-0.6780454842178864,1,1.924296976606152,0,0,0,0,0,1,0,0,1,0,0,0,0,2,Vulnerable High-Risk
0,0.1457906077409725,0,1,1,1,1,0.4787219450432425,0,-0.4172305584569666,2,5,1,0,1,1,0,0,1,0,0,1,0,1,Stable Mid-Risk
0,0.4717422979514547,0,0,0,0,0,-1.4758161250876305,0,-0.6141771482201126,2,0,0,1,1,0,0,1,0,0,1,1,0,3,Loyal Low-Risk
0,0.9199258719908678,1,0,0,1,1,1.1701231671303538,1,-0.4586491942640845,3,3,1,1,0,0,1,0,0,1,0,0,1,1,Stable Mid-Risk
0,1.6125732136881423,1,1,0,1,1,1.3363253839782172,0,-0.4991960797505793,3,4,1,1,1,0,1,0,0,0,1,1,0,1,Stable Mid-Risk
1,-0.8320644628904743,0,0,0,0,0,-1.495760391109374,1,-0.4893066812015872,0,0,0,1,1,0,0,1,0,1,0,0,0,3,Loyal Low-Risk
0,-0.791320501614164,0,1,0,0,1,-1.128453491875596,0,-0.4098730042725139,1,1,0,0,1,1,0,0,1,0,0,0,0,2,Vulnerable High-Risk
0,-1.2802480369298874,0,0,0,1,1,0.8343946890976701,1,4.579889542813888,0,2,1,0,0,0,1,0,1,0,0,0,1,0,Critical Churn-Risk
1,-0.7098325790615434,0,0,0,0,0,-1.4708300585821945,0,-0.5171701999911507,1,0,0,1,0,0,0,1,0,1,0,0,0,3,Loyal Low-Risk
0,1.3273654847539706,0,1,1,1,1,0.6665304500813278,0,-0.5170264990947109,3,6,1,1,1,1,0,0,0,0,1,0,0,1,Stable Mid-Risk
1,-0.8320644628904743,0,1,1,0,0,-1.052000472125579,0,-0.3694346245359126,0,2,0,1,1,1,0,0,0,1,0,1,0,2,Vulnerable High-Risk
0,1.6125732136881423,1,1,1,1,1,0.9041996201737724,0,-0.519983497098585,3,6,1,1,1,1,0,0,0,0,1,1,0,1,Stable Mid-Risk
1,1.6125732136881423,1,1,1,1,0,0.8310706447607126,0,-0.5235013677267092,3,6,1,1,1,1,0,0,0,0,1,1,0,1,Stable Mid-Risk
1,1.6125732136881423,1,1,1,1,1,1.695322172369602,0,-0.4819265330306976,3,6,1,1,1,0,1,0,0,0,1,0,0,1,Stable Mid-Risk
1,0.797693988161937,1,1,1,1,1,0.6765025830921999,0,-0.4795566467713567,3,5,1,1,0,1,0,0,0,0,1,0,0,1,Stable Mid-Risk
0,-1.2395040756535771,1,0,0,0,0,-1.327896152093032,0,0.2998136119296263,0,0,0,0,0,0,0,1,1,0,0,0,0,2,Vulnerable High-Risk
0,-1.1172721918246462,0,1,1,1,1,-0.0148986389949118,0,0.5848277591453281,0,3,1,0,0,1,0,0,1,0,0,0,1,2,Vulnerable High-Risk
0,1.4495973685829016,0,0,0,0,0,-1.472492080750673,0,-0.6324139934908368,3,0,0,1,1,0,0,1,0,0,1,1,0,3,Loyal Low-Risk
1,1.2051336009250395,1,0,0,1,1,1.17510923363579,1,-0.481531851297167,3,3,1,1,0,0,1,0,0,1,0,0,1,1,Stable Mid-Risk
0,1.6125732136881423,1,1,1,1,0,0.706418982124815,0,-0.5294977381155569,3,5,1,1,1,1,0,0,0,0,1,1,0,1,Stable Mid-Risk
0,-1.2802480369298874,0,0,0,0,0,-0.4653066466526213,1,2.297830876028779,0,1,0,0,0,1,0,0,1,0,0,0,1,2,Vulnerable High-Risk
0,1.368109446030281,1,1,1,0,0,0.8044782900650546,0,-0.512036068881724,3,3,0,1,0,0,1,0,0,1,0,0,1,1,Stable Mid-Risk
1,1.6125732136881423,0,1,1,1,1,5.956052139595392e-05,0,-0.5634771703190278,3,6,1,1,1,1,0,0,0,0,1,1,0,1,Stable Mid-Risk
0,-0.2616490050221303,0,0,0,0,0,-1.495760391109374,0,-0.5814929320206328,2,0,0,1,1,0,0,1,0,1,0,1,0,3,Loyal Low-Risk
1,1.2866215234776603,1,1,0,0,0,0.9507362408911744,0,-0.4993633631091194,3,3,1,1,1,0,1,0,0,0,1,0,0,1,Stable Mid-Risk
0,-0.506112772679992,0,0,0,0,1,0.2942374843421143,1,-0.2577079671193234,1,1,0,0,0,0,1,0,1,0,0,0,1,0,Critical Churn-Risk
0,-1.1987601143772668,0,0,0,1,1,1.0072449946194475,1,2.1081456927282267,0,3,1,0,0,0,1,0,1,0,0,0,1,0,Critical Churn-Risk
0,-0.4246248501273714,1,0,0,1,1,0.9922867951031402,1,-0.1867278259052801,1,2,1,0,1,0,1,0,1,0,0,1,0,0,Critical Churn-Risk
0,-1.1580161531009563,0,0,1,0,1,0.525258565760644,1,1.214582567703162,0,2,0,0,0,0,1,0,1,0,0,0,0,0,Critical Churn-Risk
0,1.2051336009250395,0,0,1,1,1,-0.8575438784135787,0,-0.5948334284285838,3,2,1,1,1,1,0,0,0,0,1,0,0,1,Stable Mid-Risk
0,-1.1172721918246462,0,0,0,0,1,-1.472492080750673,0,-0.2682691934422846,0,0,0,0,0,0,0,1,1,0,0,0,0,2,Vulnerable High-Risk
0,1.082901717096109,1,0,0,0,0,0.6897987604400287,1,-0.5006578615987051,3,1,1,1,0,0,1,0,0,1,0,0,1,1,Stable Mid-Risk
1,-1.1987601143772668,1,0,0,0,1,-1.2763734648701943,0,0.1033192169208488,0,0,0,1,0,0,0,1,0,0,1,0,0,3,Loyal Low-Risk
0,1.6125732136881423,1,1,1,1,1,1.1102903690651231,0,-0.51006949805569,3,4,1,1,1,0,1,0,0,0,1,0,0,1,Stable Mid-Risk
1,1.0014137945434884,0,0,0,1,1,1.0886840808749008,0,-0.4707677702036347,3,4,1,1,1,0,1,0,0,1,0,1,0,1,Stable Mid-Risk
1,1.368109446030281,0,0,0,0,0,-1.4907743246039378,0,-0.632336981918722,3,0,0,1,1,0,0,1,0,0,1,1,0,3,Loyal Low-Risk
0,1.1236456783724194,0,0,0,1,1,-0.4653066466526213,1,-0.5698837841902165,3,3,1,0,0,1,0,0,1,0,0,0,1,2,Vulnerable High-Risk
1,0.512486259227765,1,0,0,1,0,1.160151034119482,0,-0.4140962864234005,2,3,1,1,1,0,1,0,0,0,1,0,0,1,Stable Mid-Risk
0,-1.1987601143772668,0,0,0,1,1,-0.997153740565784,0,0.3484508384169474,0,1,1,0,1,1,0,0,1,0,0,1,0,2,Vulnerable High-Risk
0,-0.7098325790615434,0,1,1,1,0,1.3396494283151743,1,0.0996714249342997,1,5,1,0,0,0,1,0,1,0,0,0,1,0,Critical Churn-Risk
1,0.7569500268856267,0,1,1,1,0,-0.1545085011471169,0,-0.5320700272592858,3,5,1,1,1,1,0,0,0,1,0,0,0,1,Stable Mid-Risk
0,1.1236456783724194,1,1,1,0,0,-0.0016024616470825,0,-0.5431891228329131,3,3,0,1,0,1,0,0,0,1,0,0,1,1,Stable Mid-Risk
0,0.0235587239120416,1,0,0,0,1,-0.3373309396797665,0,-0.4794691969301697,2,1,0,0,1,1,0,0,1,0,0,0,0,2,Vulnerable High-Risk
0,-0.9135523854430948,0,1,1,1,1,1.5058516451630377,1,0.5012601609080217,0,6,1,0,0,0,1,0,1,0,0,0,1,0,Critical Churn-Risk
0,-0.2616490050221303,0,0,0,0,0,-1.5123806127941604,0,-0.5836545865311804,2,0,0,1,1,0,0,1,0,1,0,1,0,3,Loyal Low-Risk
0,-1.076528230548336,0,0,0,0,0,0.6349520288802342,1,0.731990110145537,0,2,1,0,0,0,1,0,1,0,0,0,1,0,Critical Churn-Risk
0,1.4088534073065913,1,1,1,1,1,1.5440781550380462,0,-0.4761218113425129,3,5,1,1,0,0,1,0,0,1,0,0,1,1,Stable Mid-Risk
1,0.6754621043330061,0,1,1,0,1,-0.9639132971962112,0,-0.5835162406425054,3,2,0,1,1,1,0,0,0,1,0,1,0,1,Stable Mid-Risk
0,-1.2802480369298874,0,0,0,0,1,-1.487450280266981,0,0.5031172186466287,0,0,0,0,0,0,0,1,1,0,0,0,0,2,Vulnerable High-Risk
0,-1.0357842692720256,0,0,0,1,1,0.6499102283965414,0,0.5636705656233435,0,2,1,0,0,0,1,0,1,0,0,0,1,0,Critical Churn-Risk
0,-0.22090504374582,1,1,0,1,1,1.5191478225108668,0,-0.206430434051262,2,5,1,1,1,0,1,0,0,1,0,0,0,1,Stable Mid-Risk
1,0.1865345690172827,0,0,0,1,0,0.8776072654781145,0,-0.3869440260713482,2,2,1,1,1,0,1,0,0,1,0,1,0,1,Stable Mid-Risk
1,1.24587756220135,1,1,0,1,1,1.1884054109836186,1,-0.4837017085145627,3,4,1,0,0,0,1,0,1,0,0,0,1,0,Critical Churn-Risk
1,-0.0579291986405789,1,1,1,0,0,0.8144504230759262,0,-0.3413466262394847,2,3,0,0,0,0,1,0,1,0,0,0,1,0,Critical Churn-Risk
1,0.7162060656093164,1,0,0,1,1,1.2980988741032085,1,-0.4294014637814568,3,4,1,0,1,0,1,0,1,0,0,0,0,0,Critical Churn-Risk
0,-0.0171852373642686,1,0,0,0,1,0.5418787874454303,0,-0.3802232456840093,2,1,0,0,1,0,1,0,1,0,0,1,0,0,Critical Churn-Risk
0,-1.2802480369298874,0,0,0,0,0,-1.336206262935425,1,0.7686764752674022,0,0,0,0,0,1,0,0,1,0,0,0,1,2,Vulnerable High-Risk
0,1.24587756220135,1,0,1,0,1,0.5452028317823878,0,-0.5189940959844251,3,1,0,1,1,0,1,0,0,1,0,1,0,1,Stable Mid-Risk
0,-0.0986731599168891,1,1,0,0,1,0.9806526399237896,0,-0.3120113184250754,2,3,1,0,1,0,1,0,1,0,0,1,0,0,Critical Churn-Risk
0,1.5718292524118322,1,1,1,1,1,1.7052943053804734,0,-0.4788683841323852,3,6,1,1,1,0,1,0,0,0,1,0,0,1,Stable Mid-Risk
0,0.8384379494382472,1,0,0,1,0,1.354607627831482,0,-0.4389318170500182,3,4,1,1,0,0,1,0,0,0,1,0,1,1,Stable Mid-Risk
0,-0.8320644628904743,0,1,1,1,1,1.1335586794238242,1,0.2209464785178779,0,4,1,0,1,0,1,0,1,0,0,0,0,0,Critical Churn-Risk
0,0.7162060656093164,1,1,0,0,1,0.9839766842607472,0,-0.4510307245017008,3,3,1,0,1,0,1,0,1,0,0,1,0,0,Critical Churn-Risk
0,-1.2395040756535771,0,0,0,0,0,-1.5057325241202455,0,0.0916462825638918,0,0,0,0,0,0,0,1,1,0,0,0,0,2,Vulnerable High-Risk
0,-0.9542963467194052,1,0,0,1,0,1.1136144134020802,1,0.4803549966505624,0,3,1,0,1,0,1,0,1,0,0,1,0,0,Critical Churn-Risk
0,-0.6283446565089229,0,1,0,1,0,0.9656944404074818,1,-0.0584806231936394,1,3,1,0,0,0,1,0,1,0,0,0,1,0,Critical Churn-Risk
0,0.960669833267178,0,1,0,1,1,1.3562696499999605,0,-0.4508379825515343,3,5,1,1,1,0,1,0,0,1,0,1,0,1,Stable Mid-Risk
1,1.4088534073065913,0,1,0,1,0,0.5501888982878235,0,-0.5274483903532506,3,5,1,1,1,1,0,0,0,0,1,1,0,1,Stable Mid-Risk
0,-0.9542963467194052,1,0,0,1,1,1.1867433888151402,1,0.5060354522358681,0,3,1,0,0,0,1,0,1,0,0,0,1,0,Critical Churn-Risk
0,-1.1580161531009563,0,0,0,1,1,-0.2791601637830144,0,0.6496125448264399,0,1,1,0,0,1,0,0,1,0,0,0,1,2,Vulnerable High-Risk
0,-0.5468567339563023,0,0,1,0,1,0.0183418043746608,0,-0.2856813205247456,1,3,1,1,1,1,0,0,0,1,0,0,0,1,Stable Mid-Risk
1,-0.9950403079957154,0,0,0,0,0,-1.4907743246039378,0,-0.4083444057257695,0,0,0,0,0,0,0,1,1,0,0,0,0,2,Vulnerable High-Risk
0,1.5718292524118322,1,0,1,1,1,1.5440781550380462,0,-0.4867314024145021,3,5,1,1,0,0,1,0,0,0,1,0,1,1,Stable Mid-Risk
0,-0.9135523854430948,0,0,0,0,1,0.2676451296464558,1,0.1059721565474299,0,1,0,0,0,0,1,0,1,0,0,0,1,0,Critical Churn-Risk
0,-0.7098325790615434,1,0,0,1,0,0.8044782900650546,0,-0.0177874770325807,1,2,1,0,1,0,1,0,1,0,0,1,0,0,Critical Churn-Risk
1,1.6125732136881423,1,1,0,1,1,1.3728898716847469,0,-0.4974371444365172,3,4,1,1,1,0,1,0,0,1,0,0,0,1,Stable Mid-Risk
0,-0.8320644628904743,0,0,0,0,0,-1.487450280266981,0,-0.4870618861329416,0,0,0,1,1,0,0,1,0,1,0,1,0,3,Loyal Low-Risk
1,1.6125732136881423,1,0,0,0,1,-1.3162619969136813,0,-0.6267988416252607,3,0,0,1,1,0,0,1,0,0,1,0,0,3,Loyal Low-Risk
0,-1.2802480369298874,1,0,0,0,1,0.2909134400051568,1,3.6256271591326463,0,0,0,0,0,0,1,0,1,0,0,0,1,0,Critical Churn-Risk
0,-0.3838808888510611,0,1,0,0,1,0.3524082602388664,0,-0.3003697629239165,1,1,0,0,1,0,1,0,1,0,0,0,0,0,Critical Churn-Risk
0,1.6125732136881423,0,1,1,1,1,0.0249898930485754,0,-0.5622778962412582,3,6,1,1,1,1,0,0,0,0,1,0,0,1,Stable Mid-Risk
0,-0.2616490050221303,1,0,0,0,1,0.5285826100976015,0,-0.3182034126359343,2,1,0,0,0,0,1,0,1,0,0,0,1,0,Critical Churn-Risk
0,-0.4653688114036817,0,0,1,1,1,1.3213671844619093,0,-0.1123647747201989,1,5,1,1,0,0,1,0,0,1,0,0,0,1,Stable Mid-Risk
0,1.1236456783724194,1,0,0,0,0,-1.3511644624517327,0,-0.6208811121595453,3,0,0,1,1,0,0,1,0,1,0,0,0,3,Loyal Low-Risk
0,-0.8320644628904743,0,0,0,0,0,-1.4741541029191516,0,-0.4834702140231087,0,0,0,0,0,0,0,1,1,0,0,0,0,2,Vulnerable High-Risk
0,-0.6690886177852331,1,0,0,0,1,0.3524082602388664,0,-0.1493654797473983,1,0,0,0,0,0,1,0,1,0,0,0,1,0,Critical Churn-Risk
0,1.24587756220135,1,1,0,1,1,0.4953421667280288,0,-0.521729939974337,3,4,1,1,1,1,0,0,0,1,0,1,0,1,Stable Mid-Risk
0,-0.4246248501273714,0,1,0,0,0,0.5618230534671742,0,-0.2524515215237993,1,2,0,0,0,0,1,0,1,0,0,0,1,0,Critical Churn-Risk
1,-0.0171852373642686,0,1,1,0,0,0.3823246592714815,0,-0.3972020592941287,2,5,1,0,1,1,0,0,1,0,0,0,0,1,Stable Mid-Risk
0,-1.1987601143772668,1,0,0,0,1,0.4853700337171571,1,1.6499830192176614,0,1,0,0,0,0,1,0,1,0,0,0,1,0,Critical Churn-Risk
0,-0.791320501614164,0,0,0,0,1,0.5435408096139093,1,0.0095188515524438,1,2,0,0,0,0,1,0,1,0,0,0,1,0,Critical Churn-Risk
1,1.4495973685829016,1,0,1,1,1,1.2947748297662514,0,-0.4915775028797243,3,4,1,1,1,0,1,0,0,0,1,1,0,1,Stable Mid-Risk
1,-0.0986731599168891,0,0,0,0,0,0.7197151594726443,0,-0.3415702005870473,2,2,1,1,0,0,1,0,0,1,0,0,1,1,Stable Mid-Risk
0,-0.6690886177852331,0,0,0,0,0,0.3424361272279943,0,-0.1514254093398026,1,1,0,0,1,0,1,0,1,0,0,0,0,0,Critical Churn-Risk
0,0.0235587239120416,0,0,1,0,0,0.525258565760644,0,-0.3903772420586885,2,2,0,1,1,0,1,0,0,0,1,0,0,1,Stable Mid-Risk
0,1.6125732136881423,0,0,0,0,0,-1.5123806127941604,0,-0.6362331310370479,3,0,0,1,1,0,0,1,0,0,1,1,0,3,Loyal Low-Risk
0,-1.1580161531009563,1,0,0,0,1,0.6582203392389346,1,1.3079660425588189,0,1,1,0,0,0,1,0,1,0,0,0,1,0,Critical Churn-Risk
0,-0.8320644628904743,0,1,1,0,1,-1.037042272609271,0,-0.3653939934123505,0,2,0,1,0,1,0,0,0,1,0,0,0,2,Vulnerable High-Risk
0,-1.1580161531009563,1,0,0,1,1,0.6133457406900117,0,1.2764491197950347,0,1,1,0,0,0,1,0,1,0,0,0,1,0,Critical Churn-Risk
0,-1.076528230548336,1,1,0,0,1,0.4737358785378064,1,0.6511133506723344,0,1,0,0,0,0,1,0,1,0,0,0,1,0,Critical Churn-Risk
0,1.3273654847539706,1,0,1,1,1,1.4377087362554135,0,-0.475994366203589,3,5,1,1,1,0,1,0,0,1,0,1,0,1,Stable Mid-Risk
0,-0.7098325790615434,0,0,0,0,0,-1.4924363467724169,0,-0.5219123295736644,1,0,0,0,0,0,0,1,1,0,0,0,0,2,Vulnerable High-Risk
1,-0.3431369275747509,0,0,0,0,0,-1.454209836897408,0,-0.5688083433527394,1,0,0,1,1,0,0,1,0,1,0,0,0,3,Loyal Low-Risk
1,-0.791320501614164,0,0,0,0,0,-1.1517218022342968,0,-0.4157094714509924,1,1,0,0,0,1,0,0,1,0,0,0,1,2,Vulnerable High-Risk
0,-0.3431369275747509,0,0,0,0,1,0.5003282332334644,0,-0.294260927277109,1,1,1,0,1,0,1,0,1,0,0,1,0,0,Critical Churn-Risk
0,1.6125732136881423,0,1,1,1,0,0.0233278708800969,0,-0.5623578478464428,3,6,1,1,1,1,0,0,0,0,1,0,0,1,Stable Mid-Risk
1,0.8791819107145575,1,1,0,1,1,1.3064089849456015,0,-0.4461576385366396,3,4,1,0,1,0,1,0,1,0,0,0,0,0,Critical Churn-Risk
0,-1.1987601143772668,1,0,0,0,0,0.3191678168692938,1,1.504071339755698,0,0,0,0,1,0,1,0,1,0,0,0,0,0,Critical Churn-Risk
1,-1.1580161531009563,0,0,0,0,1,-1.472492080750673,0,-0.188504142003078,0,0,0,0,0,0,0,1,1,0,0,0,0,2,Vulnerable High-Risk
1,-0.0171852373642686,1,0,0,1,1,0.8825933319835501,0,-0.3439664041207336,2,2,1,0,0,0,1,0,1,0,0,0,0,0,Critical Churn-Risk
0,0.1050466464646622,1,0,0,1,1,1.1385447459292597,1,-0.3459266317337074,2,3,1,0,0,0,1,0,1,0,0,0,1,0,Critical Churn-Risk
1,0.1050466464646622,0,0,0,0,0,-1.472492080750673,0,-0.6006235744389791,2,0,0,1,1,0,0,1,0,0,1,0,0,3,Loyal Low-Risk
0,-1.2395040756535771,0,0,0,0,0,-0.6597632403646212,1,1.0819002138457503,0,0,0,0,0,1,0,0,1,0,0,0,0,2,Vulnerable High-Risk
0,-0.9950403079957154,0,0,0,0,0,0.3590563489127806,0,0.313432035346076,0,1,0,0,0,0,1,0,1,0,0,0,1,0,Critical Churn-Risk
0,-0.4246248501273714,0,1,1,0,0,-0.3223727401634587,0,-0.3874515449564333,1,2,0,0,0,1,0,0,1,0,0,0,0,2,Vulnerable High-Risk
0,-0.7098325790615434,0,1,1,0,0,-0.1943970331906039,0,-0.2370197754241808,1,3,0,0,0,1,0,0,1,0,0,0,1,2,Vulnerable High-Risk
0,-0.4246248501273714,1,0,0,1,1,1.0072449946194475,0,-0.1844439909223973,1,2,1,0,0,0,1,0,1,0,0,0,1,0,Critical Churn-Risk
0,-1.2802480369298874,0,0,0,0,0,-0.6680733512070144,1,1.9418063781415889,0,0,0,0,1,1,0,0,1,0,0,1,0,2,Vulnerable High-Risk
1,1.5718292524118322,1,0,0,0,0,-1.3079518860712882,0,-0.6258338701682407,3,0,0,1,1,0,0,1,0,0,1,0,0,3,Loyal Low-Risk
0,-1.1580161531009563,0,1,0,0,0,-0.2675260086036639,0,0.6577835988763099,0,2,0,0,0,1,0,0,1,0,0,0,1,2,Vulnerable High-Risk
0,-0.3023929662984406,1,1,1,0,0,0.5634850756356528,0,-0.3000704569147638,2,5,1,0,1,1,0,0,1,0,0,0,0,1,Stable Mid-Risk
1,-0.0171852373642686,0,0,0,1,1,0.7080810042932936,0,-0.3625369815068016,2,2,1,0,0,0,1,0,1,0,0,0,1,0,Critical Churn-Risk
0,-1.0357842692720256,0,1,0,0,0,-1.1633559574136474,0,-0.232277645841667,0,1,0,0,1,1,0,0,1,0,0,0,0,2,Vulnerable High-Risk
0,-0.6283446565089229,0,0,0,0,1,-1.472492080750673,0,-0.5341526982396402,1,0,0,1,0,0,0,1,0,1,0,0,0,3,Loyal Low-Risk
0,-0.9950403079957154,0,1,0,1,0,-0.1295781686199374,0,0.1227741075157773,0,2,1,0,1,1,0,0,1,0,0,0,0,2,Vulnerable High-Risk
0,0.960669833267178,1,1,1,0,0,0.280941306994285,0,-0.517087004735317,3,4,1,1,1,1,0,0,0,0,1,0,0,1,Stable Mid-Risk
0,-1.2802480369298874,0,0,0,0,1,-0.6348329078374417,1,2.000171049926374,0,0,0,0,0,1,0,0,1,0,0,0,0,2,Vulnerable High-Risk
0,-0.9950403079957154,0,1,1,1,0,1.1800953001412255,1,0.6337892338092315,0,4,1,0,1,0,1,0,1,0,0,1,0,0,Critical Churn-Risk
0,-1.0357842692720256,0,0,0,0,0,-1.5140426349626388,1,-0.3862144676740384,0,0,0,0,0,0,0,1,1,0,0,0,1,2,Vulnerable High-Risk
1,-1.1987601143772668,0,0,0,0,0,-1.4608579255713223,0,-0.0586427472819304,0,0,0,0,0,0,0,1,1,0,0,0,0,2,Vulnerable High-Risk
0,1.5718292524118322,0,1,1,1,0,0.4172271248095328,0,-0.541691468345175,3,5,1,1,1,1,0,0,0,0,1,1,0,1,Stable Mid-Risk
0,-1.2395040756535771,1,0,0,1,1,1.0371613936520632,1,3.068244543587946,0,2,1,0,0,0,1,0,1,0,0,0,1,0,Critical Churn-Risk
0,-1.2802480369298874,0,0,0,1,0,0.856000977287892,1,4.617826579473998,0,2,1,0,0,0,1,0,1,0,0,0,1,0,Critical Churn-Risk
0,0.6754621043330061,1,1,0,1,1,0.9656944404074818,0,-0.4479934727582337,3,3,1,0,1,0,1,0,1,0,0,0,0,0,Critical Churn-Risk
0,1.0421577558197987,0,0,1,1,0,0.1762339103801309,0,-0.5284041627700654,3,4,1,1,1,1,0,0,0,0,1,0,0,1,Stable Mid-Risk
0,0.4717422979514547,0,0,0,0,1,-1.145073713560382,1,-0.5883669933641742,2,1,0,0,0,1,0,0,1,0,0,0,1,2,Vulnerable High-Risk
1,1.082901717096109,0,0,1,1,1,0.3706905040921313,0,-0.5193345565698364,3,4,1,1,1,1,0,0,0,0,1,1,0,1,Stable Mid-Risk
0,1.5718292524118322,1,1,1,1,1,1.4377087362554135,1,-0.4919193732398164,3,5,1,1,0,0,1,0,0,0,1,0,1,1,Stable Mid-Risk
0,-1.2802480369298874,0,0,0,0,1,0.1695858217062168,1,3.4125961071181803,0,0,0,0,0,0,1,0,1,0,0,0,1,0,Critical Churn-Risk
0,-0.8728084241667845,1,0,0,0,0,0.3474221937334304,0,0.0648958079958651,0,0,0,0,0,0,1,0,1,0,0,0,1,0,Critical Churn-Risk
0,1.2051336009250395,1,0,0,1,1,1.2947748297662514,1,-0.4748616030931916,3,4,1,1,0,0,1,0,0,1,0,0,1,1,Stable Mid-Risk
1,0.1050466464646622,0,1,1,0,1,-0.3273588066688946,0,-0.4889200776064316,2,2,0,1,1,1,0,0,0,1,0,0,0,1,Stable Mid-Risk
0,-0.506112772679992,0,0,0,0,1,-1.5057325241202455,0,-0.5587029173237166,1,0,0,0,1,0,0,1,1,0,0,0,0,2,Vulnerable High-Risk
1,0.3087664528462136,0,0,0,0,0,-1.5024084797832884,0,-0.6112921302977427,2,0,0,1,0,0,0,1,0,0,1,0,0,3,Loyal Low-Risk
0,0.2680224915699033,0,1,0,0,1,-0.5633659545928605,0,-0.5274569733932191,2,1,0,1,0,1,0,0,0,1,0,0,1,3,Loyal Low-Risk
0,-1.2802480369298874,1,0,0,0,1,0.72470122597808,1,4.387286125924096,0,1,1,0,0,0,1,0,1,0,0,0,1,0,Critical Churn-Risk
1,1.6125732136881423,1,0,0,0,0,-1.3644606397995618,0,-0.6291174381756153,3,0,0,1,1,0,0,1,0,0,1,0,0,3,Loyal Low-Risk
0,0.0235587239120416,1,0,0,0,1,0.525258565760644,1,-0.3903772420586885,2,1,0,0,1,0,1,0,1,0,0,0,0,0,Critical Churn-Risk
0,-0.8320644628904743,0,0,0,0,0,-0.69798975023963,0,-0.2738063546116105,0,0,0,0,1,1,0,0,1,0,0,0,0,2,Vulnerable High-Risk
0,-1.2802480369298874,0,0,0,0,0,-1.4974224132778524,0,0.4856078171111931,0,0,0,0,1,0,0,1,1,0,0,0,0,2,Vulnerable High-Risk
1,-0.22090504374582,0,0,0,0,0,-1.517366679299596,0,-0.5872599174469867,2,0,0,0,0,0,0,1,1,0,0,0,0,2,Vulnerable High-Risk
1,0.0643026851883519,0,0,0,0,0,-1.5024084797832884,0,-0.6017260182393583,2,0,0,1,1,0,0,1,0,1,0,1,0,3,Loyal Low-Risk
0,0.960669833267178,0,1,0,0,0,0.5152864327497723,0,-0.5026494280306596,3,2,0,1,1,0,1,0,0,0,1,0,0,1,Stable Mid-Risk
0,1.0421577558197987,1,0,0,0,0,-1.344516373777818,0,-0.6189188656227409,3,0,0,1,1,0,0,1,0,0,1,1,0,3,Loyal Low-Risk
1,-0.4246248501273714,1,0,0,0,0,-1.3145999747452028,0,-0.5389459321543327,1,0,0,1,1,0,0,1,0,0,1,1,0,3,Loyal Low-Risk
1,-0.9135523854430948,1,0,0,0,0,-1.286345597881066,0,-0.3901275536232456,0,0,0,1,1,0,0,1,0,0,1,1,0,3,Loyal Low-Risk
0,-0.791320501614164,0,0,0,0,0,-1.4891123024354591,0,-0.5003382455389312,1,0,0,1,1,0,0,1,0,0,1,1,0,3,Loyal Low-Risk
0,0.1050466464646622,1,0,1,0,0,0.6814886495976356,1,-0.3905107560137518,2,2,0,0,1,0,1,0,1,0,0,1,0,0,Critical Churn-Risk
0,0.0643026851883519,0,0,0,0,1,0.1729098660431739,1,-0.4336357634991765,2,0,0,0,1,0,1,0,1,0,0,1,0,0,Critical Churn-Risk
0,-1.1580161531009563,1,0,0,1,1,0.9806526399237896,1,1.5344209690837862,0,2,1,0,0,0,1,0,1,0,0,0,1,0,Critical Churn-Risk
0,1.6125732136881423,0,0,0,0,0,-1.4658439920767583,0,-0.6339944860918781,3,0,0,1,1,0,0,1,0,0,1,0,0,3,Loyal Low-Risk
0,-1.2395040756535771,0,0,1,1,0,0.1828819990540456,0,2.068263167008623,0,3,1,0,0,1,0,0,1,0,0,0,1,2,Vulnerable High-Risk
0,-1.0357842692720256,0,0,0,1,1,1.0155551054618408,1,0.7241734130315032,0,3,1,0,0,0,1,0,1,0,0,0,1,0,Critical Churn-Risk
0,-0.22090504374582,1,0,0,0,1,0.3557323045758235,1,-0.3523421135132255,2,0,0,0,0,0,1,0,1,0,0,0,1,0,Critical Churn-Risk
1,-1.1580161531009563,0,0,0,0,1,0.1579516665268661,0,0.956610718414411,0,0,0,0,0,0,1,0,1,0,0,0,0,0,Critical Churn-Risk
0,0.1865345690172827,0,0,0,0,0,-1.494098368940895,0,-0.6061187277473713,2,0,0,1,0,0,0,1,0,0,1,0,0,3,Loyal Low-Risk
0,-0.4653688114036817,0,0,0,0,0,-1.4891123024354591,0,-0.5609768655750719,1,0,0,0,0,0,0,1,1,0,0,0,0,2,Vulnerable High-Risk
0,0.8384379494382472,1,0,0,1,1,1.0321753271466272,0,-0.4598998658023299,3,2,1,1,1,0,1,0,0,1,0,1,0,1,Stable Mid-Risk
0,-0.5876006952326126,1,0,1,0,1,0.8410427777715843,1,-0.1135516161320905,1,2,1,0,0,0,1,0,1,0,0,0,1,0,Critical Churn-Risk
0,-1.2395040756535771,0,0,0,0,0,0.1380074005051227,1,2.0157349624023166,0,0,0,0,0,0,1,0,1,0,0,0,1,0,Critical Churn-Risk
1,-0.0171852373642686,1,1,0,1,1,1.155164967614046,1,-0.3149609308701129,2,3,1,0,1,0,1,0,1,0,0,1,0,0,Critical Churn-Risk
0,-0.3838808888510611,0,0,0,0,1,-1.46418196990828,0,-0.5661722056771267,1,0,0,1,0,0,0,1,0,1,0,0,1,3,Loyal Low-Risk
0,-1.1987601143772668,0,1,0,0,1,-0.4869129348428435,0,0.7963996943651752,0,1,0,0,0,1,0,0,1,0,0,0,0,2,Vulnerable High-Risk
1,1.5718292524118322,0,1,1,1,0,-0.2043691662014758,0,-0.5720086728556052,3,5,1,1,0,1,0,0,0,0,1,0,0,1,Stable Mid-Risk
0,-0.9542963467194052,0,0,1,1,1,1.033837349315106,0,0.4523399541938654,0,3,1,0,1,0,1,0,1,0,0,0,0,0,Critical Churn-Risk
0,-1.2802480369298874,0,0,0,0,0,-0.5085192230330657,0,2.2219568027085583,0,1,0,0,0,1,0,0,1,0,0,0,1,2,Vulnerable High-Risk
1,-0.5876006952326126,0,0,0,0,0,-0.2442576982449629,1,-0.3141417775819054,1,2,1,0,0,1,0,0,1,0,0,0,1,2,Vulnerable High-Risk
1,-0.8320644628904743,0,0,0,0,0,-0.3705713830493392,1,-0.1853614289069741,0,1,1,1,1,1,0,0,0,1,0,1,0,2,Vulnerable High-Risk
0,1.5718292524118322,1,1,1,0,1,0.5086383440758576,0,-0.5372330559171706,3,5,1,1,0,1,0,0,0,0,1,0,0,1,Stable Mid-Risk
0,1.2866215234776603,1,0,0,0,1,-1.3428543516093396,0,-0.623276050898356,3,0,0,1,1,0,0,1,0,1,0,0,0,3,Loyal Low-Risk
0,-1.1580161531009563,0,0,1,0,1,-0.8226414128755275,0,0.2679075913539436,0,2,1,0,0,1,0,0,1,0,0,0,1,2,Vulnerable High-Risk
0,-0.3838808888510611,0,0,0,0,1,-1.5057325241202455,0,-0.5722518589880418,1,0,0,0,0,0,0,1,1,0,0,0,0,2,Vulnerable High-Risk
1,0.2680224915699033,0,1,0,0,0,-0.4569965358102282,0,-0.5181186259076533,2,1,0,0,1,1,0,0,1,0,0,1,0,2,Vulnerable High-Risk
0,-0.1801610824695097,0,1,1,0,0,-0.3473030726906382,0,-0.4483275601898294,2,2,0,1,0,1,0,0,0,1,0,0,0,1,Stable Mid-Risk
0,-1.1172721918246462,0,0,0,1,1,0.6615443835758922,0,0.9807347827521224,0,2,1,0,0,0,1,0,1,0,0,0,1,0,Critical Churn-Risk
0,0.512486259227765,0,0,0,0,1,0.7080810042932936,0,-0.4486075706091866,2,2,1,0,0,0,1,0,1,0,0,0,1,0,Critical Churn-Risk
0,0.1865345690172827,0,0,0,0,1,0.1845440212225241,0,-0.4509915737930732,2,0,0,0,0,0,1,0,1,0,0,0,0,0,Critical Churn-Risk
0,1.1236456783724194,0,1,1,1,1,1.5025276008260804,0,-0.4565989130538462,3,6,1,1,1,0,1,0,0,0,1,0,0,1,Stable Mid-Risk
0,-0.9950403079957154,1,0,0,1,1,1.1900674331520973,1,0.6376802119282171,0,3,1,0,0,0,1,0,1,0,0,0,1,0,Critical Churn-Risk
0,0.5939741817803856,1,1,0,1,0,1.0005969059455335,0,-0.4363108109559792,2,3,1,1,1,0,1,0,0,1,0,1,0,1,Stable Mid-Risk
1,-0.2616490050221303,1,0,0,1,1,0.6299659623747981,1,-0.305017320121594,2,1,1,0,0,0,1,0,1,0,0,0,1,0,Critical Churn-Risk
1,-1.1987601143772668,0,1,1,1,1,0.7812099797063535,1,1.909705808659956,0,3,1,0,0,0,1,0,1,0,0,0,0,0,Critical Churn-Risk
1,0.7162060656093164,0,0,0,0,1,0.1645997552007807,0,-0.5074499072269933,3,0,0,0,1,0,1,0,1,0,0,0,0,0,Critical Churn-Risk
1,-0.22090504374582,1,0,1,1,0,0.2260945754344899,0,-0.3686008435104157,2,3,1,0,1,1,0,0,1,0,0,0,0,2,Vulnerable High-Risk
0,-0.9950403079957154,0,0,0,1,1,0.9075236645107296,1,0.5274358318902892,0,3,1,0,0,0,1,0,1,0,0,0,1,0,Critical Churn-Risk
0,1.2051336009250395,1,0,0,0,0,-1.367784684136519,0,-0.6232746256316459,3,0,0,1,1,0,0,1,0,0,1,0,0,3,Loyal Low-Risk
0,1.5718292524118322,0,1,1,1,0,0.5668091199726097,0,-0.5343958843720769,3,5,1,1,1,1,0,0,0,0,1,0,0,1,Stable Mid-Risk
0,1.368109446030281,1,0,0,0,0,-1.3195860412506386,0,-0.6233645025249415,3,0,0,1,0,0,0,1,0,0,1,0,0,3,Loyal Low-Risk
1,1.4495973685829016,1,1,1,1,1,1.658757684663072,0,-0.4730530635741186,3,6,1,1,1,0,1,0,0,0,1,0,0,1,Stable Mid-Risk
0,-0.791320501614164,0,0,0,1,0,-0.5201533782124163,0,-0.257291076606575,1,3,1,0,0,1,0,0,1,0,0,0,1,2,Vulnerable High-Risk
0,0.960669833267178,0,0,0,0,1,0.5352306987715161,0,-0.5014206980983483,3,1,1,1,0,0,1,0,0,1,0,0,1,1,Stable Mid-Risk
0,0.227278530293593,0,1,0,0,1,0.4870320558856357,1,-0.4292958263664617,2,2,0,0,0,0,1,0,1,0,0,0,1,0,Critical Churn-Risk
0,-0.7505765403378537,0,0,0,1,0,0.8526769329509349,1,0.0367834910861936,1,2,1,0,1,0,1,0,1,0,0,1,0,0,Critical Churn-Risk
1,-0.6690886177852331,0,0,0,0,1,-1.5123806127941604,0,-0.5345723135269819,1,0,0,1,1,0,0,1,0,1,0,0,0,3,Loyal Low-Risk
1,-0.7505765403378537,0,0,0,0,0,0.1795579547170885,0,-0.1208011227327268,1,0,0,0,0,0,1,0,1,0,0,0,1,0,Critical Churn-Risk
1,-0.0171852373642686,0,0,0,0,1,0.1645997552007807,1,-0.4203710653662708,2,0,0,0,1,0,1,0,1,0,0,0,0,0,Critical Churn-Risk
0,-0.9950403079957154,0,1,1,0,0,-0.3506271170275956,0,0.0365240925449278,0,2,0,1,1,1,0,0,0,1,0,0,0,2,Vulnerable High-Risk
1,0.4309983366751445,1,0,0,1,1,1.1468548567716528,0,-0.4036575457188095,2,3,1,0,1,0,1,0,1,0,0,0,0,0,Critical Churn-Risk
0,0.797693988161937,1,1,1,1,0,0.3058716395214645,0,-0.5041138577298607,3,4,1,1,1,1,0,0,0,1,0,1,0,1,Stable Mid-Risk
0,-1.1987601143772668,0,0,1,0,1,-0.4835888905058862,0,0.7993179279544145,0,1,0,0,0,1,0,0,1,0,0,0,0,2,Vulnerable High-Risk
0,-0.1394171211931994,0,0,0,0,1,-1.495760391109374,0,-0.5900530838824013,2,0,0,1,0,0,0,1,0,1,0,0,0,3,Loyal Low-Risk
0,-1.2802480369298874,0,0,0,0,0,-1.5007464576148095,1,0.4797713499327145,0,0,0,0,0,0,0,1,1,0,0,0,0,2,Vulnerable High-Risk
0,-0.8320644628904743,0,0,1,0,1,-0.7029758167450658,1,-0.2751532316527978,0,3,1,0,0,1,0,0,1,0,0,0,1,2,Vulnerable High-Risk
1,-0.6690886177852331,0,0,0,0,1,-0.9738854302070832,0,-0.4233361155371555,1,1,1,0,1,1,0,0,1,0,0,1,0,2,Vulnerable High-Risk
0,0.3087664528462136,1,0,1,1,1,0.5302446322660801,0,-0.4371945849494683,2,4,1,1,0,1,0,0,0,1,0,0,0,1,Stable Mid-Risk
0,-1.1172721918246462,0,0,0,0,0,-0.8409236567287923,1,0.101373727861356,0,2,1,0,0,1,0,0,1,0,0,0,1,2,Vulnerable High-Risk
0,0.3087664528462136,1,0,0,1,1,1.0737258813585928,1,-0.3906452003796517,2,2,1,0,1,0,1,0,1,0,0,0,0,0,Critical Churn-Risk
0,0.1457906077409725,0,0,0,0,0,-1.504070501951767,0,-0.6054171893738557,2,0,0,1,0,0,0,1,0,1,0,0,0,3,Loyal Low-Risk
0,-1.1172721918246462,0,0,0,0,1,0.5053142997389005,1,0.8892967969559586,0,1,1,0,0,0,1,0,1,0,0,0,1,0,Critical Churn-Risk
0,-0.9135523854430948,0,1,0,1,1,0.6615443835758922,1,0.2317214948473767,0,2,1,0,0,0,1,0,1,0,0,0,0,0,Critical Churn-Risk
1,-1.2395040756535771,0,0,0,1,1,0.8227605339183194,1,2.8172764549133684,0,2,1,0,1,0,1,0,1,0,0,0,0,0,Critical Churn-Risk
0,-0.3838808888510611,1,0,1,1,1,0.8576629994563706,1,-0.2264411786631884,1,2,1,0,0,0,1,0,1,0,0,0,1,0,Critical Churn-Risk
1,-0.2616490050221303,0,0,0,0,1,-1.487450280266981,0,-0.580412104765359,2,0,0,1,1,0,0,1,0,1,0,0,0,3,Loyal Low-Risk
0,1.6125732136881423,1,1,0,1,1,1.582304664913055,0,-0.4873632421832529,3,5,1,1,0,0,1,0,0,0,1,0,1,1,Stable Mid-Risk
0,0.0643026851883519,0,0,1,0,0,-0.4852509126743647,0,-0.4996712207185337,2,1,0,0,1,1,0,0,1,0,0,0,0,2,Vulnerable High-Risk
0,-0.9135523854430948,0,1,1,1,0,-0.0847035700710142,0,-0.0065124836196108,0,3,1,0,1,1,0,0,1,0,0,0,0,2,Vulnerable High-Risk
0,-0.7505765403378537,0,1,1,0,0,-0.3024284741417151,0,-0.2336394881833119,1,2,0,1,0,1,0,0,0,1,0,0,0,2,Vulnerable High-Risk
0,-0.3838808888510611,1,1,0,1,1,0.8393807556031058,1,-0.2291162261199911,1,2,1,0,1,0,1,0,1,0,0,0,0,0,Critical Churn-Risk
0,0.5939741817803856,0,0,0,0,0,-1.5007464576148095,0,-0.619308375614525,2,0,0,1,0,0,0,1,0,0,1,0,0,3,Loyal Low-Risk
0,-0.3431369275747509,0,1,1,0,1,0.8127884009074476,0,-0.2503706940949505,1,3,1,0,0,0,1,0,1,0,0,0,1,0,Critical Churn-Risk
0,0.6754621043330061,1,0,0,1,1,1.1385447459292597,1,-0.4358536210269984,3,3,1,0,1,0,1,0,1,0,0,0,0,0,Critical Churn-Risk
0,-0.506112772679992,0,1,1,0,0,-0.3589372278699887,0,-0.3669332814594218,1,2,0,1,0,1,0,0,0,1,0,0,0,2,Vulnerable High-Risk
0,-1.2395040756535771,0,0,0,0,0,0.1645997552007807,1,2.0468627873542022,0,0,0,0,1,0,1,0,1,0,0,0,0,0,Critical Churn-Risk
0,-1.2395040756535771,0,0,0,0,1,-0.5234774225493735,1,1.2414303167241634,0,1,0,0,1,1,0,0,1,0,0,1,0,2,Vulnerable High-Risk
0,-0.4246248501273714,0,0,1,1,0,-0.2675260086036639,0,-0.3790774833525293,1,4,1,1,1,1,0,0,0,0,1,0,0,1,Stable Mid-Risk
0,-1.0357842692720256,1,0,0,1,1,1.1053043025596871,1,0.7635695664862334,0,3,1,0,1,0,1,0,1,0,0,0,0,0,Critical Churn-Risk
0,-1.2802480369298874,0,0,0,0,0,-1.4525478147289292,0,0.5644001240206534,0,0,0,0,0,0,0,1,1,0,0,0,0,2,Vulnerable High-Risk
1,1.082901717096109,1,0,1,0,1,1.0587676818422855,0,-0.4790629330383344,3,3,1,0,1,0,1,0,1,0,0,0,0,0,Critical Churn-Risk
1,1.0421577558197987,1,0,0,0,1,-1.3395303072723823,0,-0.6186220961051911,3,0,0,1,1,0,0,1,0,1,0,1,0,3,Loyal Low-Risk
0,0.3495104141225239,1,1,1,1,1,1.6521095959891574,1,-0.3488680259069882,2,6,1,0,1,0,1,0,1,0,0,0,0,1,Stable Mid-Risk
0,1.082901717096109,1,0,0,0,1,0.4787219450432425,0,-0.5130117171264846,3,1,0,1,1,0,1,0,0,0,1,1,0,3,Loyal Low-Risk
1,-1.1987601143772668,0,0,0,0,1,0.1579516665268661,0,1.3625370106775931,0,0,0,0,0,0,1,0,1,0,0,0,1,0,Critical Churn-Risk
0,-0.0171852373642686,0,0,0,0,1,-1.487450280266981,0,-0.5961725312877152,2,0,0,1,1,0,0,1,0,0,1,0,0,3,Loyal Low-Risk
0,0.5532302205040753,1,0,0,1,1,1.131896657255345,0,-0.4215902886840187,2,3,1,0,0,0,1,0,1,0,0,0,1,0,Critical Churn-Risk
0,-1.2395040756535771,0,0,0,0,1,0.5368927209399946,1,2.4826523366806,0,1,1,0,0,0,1,0,1,0,0,0,1,0,Critical Churn-Risk
1,0.797693988161937,0,0,0,0,0,-1.5024084797832884,0,-0.6239266179220239,3,0,0,1,1,0,0,1,0,1,0,1,0,3,Loyal Low-Risk
0,-0.791320501614164,0,0,0,0,1,0.3158437725323362,1,-0.0475951486940961,1,1,0,0,0,0,1,0,1,0,0,0,1,0,Critical Churn-Risk
0,-0.8728084241667845,0,0,0,1,0,0.8277466004237555,1,0.2054573925442233,0,2,1,0,1,0,1,0,1,0,0,0,0,0,Critical Churn-Risk
0,-0.0171852373642686,1,1,1,0,0,0.7596036915161316,0,-0.3570542396118672,2,2,0,0,1,0,1,0,1,0,0,0,0,0,Critical Churn-Risk
0,-0.6283446565089229,1,0,0,1,1,1.1850813666466615,1,-0.0156798638847968,1,3,1,0,1,0,1,0,1,0,0,1,0,0,Critical Churn-Risk
0,-0.6690886177852331,1,0,0,0,1,0.330801972048644,0,-0.1538286605309407,1,0,0,0,1,0,1,0,1,0,0,1,0,0,Critical Churn-Risk
0,0.7569500268856267,1,1,0,1,0,1.4177644702336702,0,-0.4258912205123492,3,5,1,1,1,0,1,0,0,1,0,0,0,1,Stable Mid-Risk
0,-0.1394171211931994,0,0,1,1,1,0.3507462380703874,0,-0.3739092493727462,2,4,1,1,1,1,0,0,0,1,0,0,0,1,Stable Mid-Risk
0,1.5310852911355222,0,1,1,0,0,0.005045627026832,0,-0.5603117624010839,3,4,0,1,1,1,0,0,0,0,1,1,0,1,Stable Mid-Risk
1,1.5718292524118322,1,1,1,0,0,1.1850813666466615,0,-0.5042408039499378,3,4,1,1,0,0,1,0,0,0,1,0,1,1,Stable Mid-Risk
1,0.3495104141225239,1,0,0,1,0,0.1230492009888149,0,-0.476714449816518,2,3,1,1,1,1,0,0,0,1,0,0,0,1,Stable Mid-Risk
0,-1.2802480369298874,0,0,0,1,1,0.5235965435921655,0,4.034179861626144,0,1,1,0,0,0,1,0,1,0,0,0,1,0,Critical Churn-Risk
0,-1.0357842692720256,0,1,1,1,0,0.5468648539508664,0,0.5184379449901348,0,5,1,0,1,1,0,0,1,0,0,0,0,2,Vulnerable High-Risk
1,-0.3023929662984406,0,0,0,1,1,0.8510149107824564,1,-0.2612355022271951,2,2,1,1,0,0,1,0,0,1,0,0,1,0,Critical Churn-Risk
1,1.4088534073065913,1,1,1,0,0,0.8227605339183194,0,-0.5133722048051554,3,3,0,1,0,0,1,0,0,1,0,0,1,1,Stable Mid-Risk
1,-1.1172721918246462,1,0,1,0,1,-0.3024284741417151,0,0.416542955499197,0,1,0,0,0,1,0,0,1,0,0,0,0,2,Vulnerable High-Risk
1,-0.7098325790615434,1,0,0,0,1,-1.3295581742615106,0,-0.4861639681054834,1,0,0,0,0,0,0,1,1,0,0,0,1,2,Vulnerable High-Risk
1,-0.506112772679992,0,0,0,0,0,-1.4891123024354591,0,-0.5559236472387268,1,0,0,0,0,0,0,1,1,0,0,0,1,2,Vulnerable High-Risk
1,-1.1987601143772668,0,0,0,0,1,-0.2874702746254075,1,0.9714937097195312,0,2,0,0,0,1,0,0,1,0,0,0,0,2,Vulnerable High-Risk
1,0.8791819107145575,1,0,1,1,1,1.3429734726521318,0,-0.4438230516652481,3,4,1,1,0,0,1,0,0,1,0,0,1,1,Stable Mid-Risk
0,0.3902543753988342,0,0,0,0,1,-1.504070501951767,0,-0.6140233188526178,2,0,0,1,0,0,0,1,0,1,0,0,0,3,Loyal Low-Risk
0,-0.9542963467194052,0,0,0,0,1,0.4970041888965074,0,0.2638220643290086,0,1,1,0,0,0,1,0,1,0,0,0,1,0,Critical Churn-Risk
0,1.24587756220135,1,0,0,1,0,1.0853600365379437,0,-0.4893557860937138,3,3,1,1,1,0,1,0,0,0,1,0,0,1,Stable Mid-Risk
0,1.490341329859212,1,0,0,0,0,-1.3478404181147754,0,-0.6266560709017167,3,0,0,1,1,0,0,1,0,0,1,0,0,3,Loyal Low-Risk
0,1.490341329859212,1,0,0,0,0,-1.336206262935425,0,-0.6260724241838689,3,0,0,1,1,0,0,1,0,0,1,1,0,3,Loyal Low-Risk
0,0.3087664528462136,0,0,0,0,1,-0.4869129348428435,0,-0.5243145340526114,2,1,0,0,0,1,0,0,1,0,0,0,0,2,Vulnerable High-Risk
0,1.1236456783724194,0,1,0,0,0,-0.837599612391835,0,-0.5913160571079081,3,3,0,1,1,1,0,0,0,0,1,0,0,1,Stable Mid-Risk
0,-1.1580161531009563,0,1,1,0,1,0.9839766842607472,1,1.536755555955178,0,4,1,0,1,0,1,0,1,0,0,0,0,0,Critical Churn-Risk
0,1.5718292524118322,1,1,1,1,0,0.8327326669291911,0,-0.5214259573087912,3,6,1,1,0,1,0,0,0,0,1,0,0,1,Stable Mid-Risk
0,0.1865345690172827,1,0,0,0,1,0.4704118342008493,1,-0.4245738802483809,2,1,0,0,1,0,1,0,1,0,0,1,0,0,Critical Churn-Risk
0,-0.0171852373642686,1,0,0,1,1,1.131896657255345,0,-0.317437007854922,2,3,1,0,1,0,1,0,1,0,0,1,0,0,Critical Churn-Risk
0,0.2680224915699033,1,0,1,0,1,-0.3639232943754246,0,-0.5099475718577835,2,1,0,1,1,1,0,0,0,0,1,1,0,3,Loyal Low-Risk
0,0.227278530293593,1,0,0,0,1,-1.3478404181147754,0,-0.5945127434187772,2,0,0,1,0,0,0,1,0,1,0,0,1,3,Loyal Low-Risk
0,0.797693988161937,1,0,0,0,1,0.8194364895813623,0,-0.4700861528591085,3,2,1,1,1,0,1,0,0,0,1,1,0,1,Stable Mid-Risk
1,0.6347181430566958,1,1,0,1,1,1.3446354948206105,0,-0.4163645851138829,2,4,1,0,1,0,1,0,1,0,0,1,0,0,Critical Churn-Risk
1,1.5310852911355222,0,1,1,1,0,-0.176114789337339,0,-0.5692719725764948,3,5,1,1,1,1,0,0,0,0,1,0,0,1,Stable Mid-Risk
0,-0.506112772679992,0,0,0,0,0,0.1911921098964387,0,-0.2749394416462601,1,0,0,0,1,0,1,0,1,0,0,1,0,0,Critical Churn-Risk
0,0.7162060656093164,1,1,1,1,1,0.5884154081628322,0,-0.4782675713346007,3,5,1,1,1,1,0,0,0,1,0,1,0,1,Stable Mid-Risk
0,-0.5468567339563023,0,0,0,1,1,-0.6630872847015785,1,-0.4053288976835556,1,2,1,1,1,1,0,0,0,1,0,1,0,2,Vulnerable High-Risk
1,-0.3023929662984406,0,1,0,0,1,-0.1063098582612364,0,-0.3905356981811811,2,3,0,1,1,1,0,0,0,1,0,0,0,1,Stable Mid-Risk
0,-0.8320644628904743,0,0,0,0,1,-0.5234774225493735,0,-0.226665658170053,0,1,0,0,1,1,0,0,1,0,0,0,0,2,Vulnerable High-Risk
0,0.2680224915699033,1,0,0,1,1,1.3579316721684396,1,-0.3587830719351892,2,4,1,0,0,0,1,0,1,0,0,0,1,0,Critical Churn-Risk
0,-1.0357842692720256,0,0,0,0,0,0.327477927711687,1,0.4221362365452391,0,1,0,0,0,0,1,0,1,0,0,0,0,0,Critical Churn-Risk
1,-0.3838808888510611,0,1,1,0,1,0.0482582034072764,0,-0.3448728251598155,1,4,0,1,0,1,0,0,0,1,0,0,0,1,Stable Mid-Risk
0,-0.22090504374582,0,0,0,0,1,-1.509056568457203,0,-0.5862176911651155,2,0,0,0,0,0,0,1,1,0,0,0,1,2,Vulnerable High-Risk
0,0.5939741817803856,1,0,0,1,1,0.706418982124815,0,-0.4578327836766188,2,1,1,0,1,0,1,0,1,0,0,1,0,0,Critical Churn-Risk
1,-0.2616490050221303,0,0,0,0,1,-1.517366679299596,0,-0.5843030828843447,2,0,0,1,1,0,0,1,0,0,1,1,0,3,Loyal Low-Risk
0,-0.7505765403378537,1,1,0,1,1,-0.0032644838155611,1,-0.1636018820415695,1,2,1,0,1,1,0,0,1,0,0,0,0,2,Vulnerable High-Risk
0,-0.8728084241667845,1,0,1,1,1,1.304746962777123,1,0.3450462325628349,0,4,1,0,1,0,1,0,1,0,0,0,0,0,Critical Churn-Risk
1,-1.2395040756535771,0,0,0,0,0,-1.5140426349626388,0,0.0819188372664276,0,0,0,0,0,0,0,1,1,0,0,0,0,2,Vulnerable High-Risk
1,-0.2616490050221303,0,1,0,0,0,0.5701331643095673,0,-0.3127992763595653,2,2,0,0,0,0,1,0,1,0,0,0,1,0,Critical Churn-Risk
0,1.6125732136881423,1,1,1,1,1,1.6570956624945936,0,-0.4837654199499442,3,6,1,1,1,0,1,0,0,0,1,0,0,1,Stable Mid-Risk
1,1.24587756220135,0,0,0,0,0,-1.4891123024354591,0,-0.6306165307728272,3,0,0,1,1,0,0,1,0,0,1,1,0,3,Loyal Low-Risk
1,1.5718292524118322,0,0,0,0,0,-1.495760391109374,0,-0.6349938811566861,3,0,0,1,0,0,0,1,0,0,1,0,0,3,Loyal Low-Risk
1,-0.8728084241667845,1,1,0,1,1,0.0116937157007466,0,-0.0333513895085234,0,2,1,0,1,1,0,0,1,0,0,0,0,2,Vulnerable High-Risk
0,-0.7505765403378537,0,0,0,0,0,-1.5007464576148095,0,-0.5141790105621804,1,0,0,1,0,0,0,1,0,1,0,0,0,3,Loyal Low-Risk
1,-0.791320501614164,1,1,1,1,0,0.802816267896576,0,0.0745537715412046,1,6,1,1,1,1,0,0,0,0,1,1,0,1,Stable Mid-Risk
1,-1.076528230548336,0,0,0,0,1,-1.4824642137615447,0,-0.3302469163375567,0,0,0,0,0,0,0,1,1,0,0,0,0,2,Vulnerable High-Risk
1,-0.8728084241667845,1,0,0,0,1,0.3457601715649518,0,0.0644094357309919,0,0,0,0,1,0,1,0,1,0,0,1,0,0,Critical Churn-Risk
0,-0.5876006952326126,1,0,0,0,0,-0.2658639864351854,0,-0.318135149861917,1,1,0,0,1,1,0,0,1,0,0,1,0,2,Vulnerable High-Risk
0,-1.2802480369298874,0,0,0,0,1,-0.9722234080386044,1,1.407769631310802,0,1,1,0,0,1,0,0,1,0,0,0,1,2,Vulnerable High-Risk
0,-0.0171852373642686,0,1,0,0,1,0.3557323045758235,0,-0.4000318615624819,2,1,0,0,1,0,1,0,1,0,0,0,0,0,Critical Churn-Risk
0,-0.1394171211931994,0,1,1,0,0,-0.9705613858701256,0,-0.5285756296024274,2,2,0,1,0,1,0,0,0,1,0,0,0,1,Stable Mid-Risk
0,-1.1987601143772668,1,0,0,1,1,-0.1511844568101595,0,1.0911412868783414,0,1,1,0,0,1,0,0,1,0,0,0,1,2,Vulnerable High-Risk
0,-1.2395040756535771,1,0,0,1,1,1.0089070167879266,1,3.035171229576568,0,2,1,0,0,0,1,0,1,0,0,0,1,0,Critical Churn-Risk
1,-0.791320501614164,0,0,0,1,1,1.0587676818422855,1,0.1387549105044686,1,3,1,0,0,0,1,0,1,0,0,0,0,0,Critical Churn-Risk
0,0.3495104141225239,0,0,0,0,1,-0.8126692798646555,0,-0.5549509027089805,2,2,1,0,0,1,0,0,1,0,0,0,1,2,Vulnerable High-Risk
0,-1.2802480369298874,0,0,0,0,0,-1.527338812310468,0,0.4330796125048863,0,0,0,0,0,0,0,1,1,0,0,0,1,2,Vulnerable High-Risk
0,-1.0357842692720256,0,0,0,1,0,-0.3306828510058519,0,0.1332311112105514,0,1,1,0,0,1,0,0,1,0,0,0,0,2,Vulnerable High-Risk
0,0.797693988161937,0,1,0,1,1,-0.0165606611633903,0,-0.5254775300435369,3,3,1,1,0,1,0,0,0,1,0,0,0,1,Stable Mid-Risk
1,0.512486259227765,1,0,0,0,1,-1.3345442407669466,0,-0.6045427480515807,2,0,0,1,1,0,0,1,0,0,1,0,0,3,Loyal Low-Risk
0,1.5310852911355222,1,0,1,1,0,0.375676570597567,0,-0.5419803232348768,3,4,1,1,1,1,0,0,0,0,1,1,0,1,Stable Mid-Risk
0,0.8384379494382472,0,0,0,0,0,-1.5323248788159036,0,-0.6266715112910778,3,0,0,1,0,0,0,1,0,0,1,0,0,3,Loyal Low-Risk
0,1.2051336009250395,1,0,0,1,1,1.10198025822273,0,-0.4856081140884854,3,3,1,1,1,0,1,0,0,1,0,1,0,1,Stable Mid-Risk
0,1.1236456783724194,1,1,0,0,1,0.974004551249875,0,-0.4870250862137835,3,3,1,0,1,0,1,0,1,0,0,1,0,0,Critical Churn-Risk
0,-1.1987601143772668,0,0,0,1,1,0.5186104770867298,1,1.679165355110054,0,1,1,0,0,0,1,0,1,0,0,0,1,0,Critical Churn-Risk
0,-0.3838808888510611,0,1,0,1,1,1.0072449946194475,0,-0.2045544267438939,1,3,1,0,0,0,1,0,1,0,0,0,1,0,Critical Churn-Risk
1,-1.2802480369298874,0,0,0,0,1,-1.1118332701908096,1,1.1626380098147036,0,1,0,0,0,1,0,0,1,0,0,0,0,2,Vulnerable High-Risk
0,1.4088534073065913,0,1,1,0,1,0.2510249079616695,0,-0.542897862296282,3,4,1,1,1,1,0,0,0,1,0,0,0,1,Stable Mid-Risk
0,-0.8320644628904743,1,0,0,1,1,0.829408622592234,1,0.1387869790054492,0,2,1,0,1,0,1,0,1,0,0,0,0,0,Critical Churn-Risk
0,1.5718292524118322,1,1,1,0,1,0.5950634968367469,0,-0.5330178296216027,3,5,1,1,1,1,0,0,0,0,1,0,0,1,Stable Mid-Risk
0,-0.3023929662984406,0,0,0,0,0,-1.4924363467724169,0,-0.5777516069062235,2,0,0,1,1,0,0,1,0,1,0,1,0,3,Loyal Low-Risk
0,-1.1172721918246462,1,1,0,0,1,-0.3655853165439033,0,0.379578663368833,0,1,0,0,0,1,0,0,1,0,0,0,1,2,Vulnerable High-Risk
0,-0.2616490050221303,1,0,0,0,1,-0.4403763141254418,0,-0.4442278706008598,2,0,0,1,1,1,0,0,0,1,0,1,0,3,Loyal Low-Risk
1,-1.2802480369298874,0,0,0,0,0,-1.5007464576148095,0,0.4797713499327145,0,0,0,1,0,0,0,1,0,1,0,0,0,3,Loyal Low-Risk
0,1.5310852911355222,0,0,0,1,1,-0.6896796393972369,0,-0.5946729353673379,3,3,1,1,1,1,0,0,0,1,0,1,0,1,Stable Mid-Risk
1,1.6125732136881423,1,1,1,1,1,1.635489374304371,0,-0.4848047908173445,3,6,1,1,0,0,1,0,0,0,1,0,1,1,Stable Mid-Risk
0,1.1236456783724194,0,0,0,1,1,0.9839766842607472,1,-0.4864510074749167,3,3,1,1,0,0,1,0,0,1,0,0,1,1,Stable Mid-Risk
1,-0.0171852373642686,1,0,0,1,1,1.183419344478183,0,-0.3119542659599876,2,3,1,0,0,0,1,0,1,0,0,0,1,0,Critical Churn-Risk
0,-1.2802480369298874,0,0,0,0,1,-1.494098368940895,1,0.4914442842896717,0,0,0,0,0,0,0,1,1,0,0,0,1,2,Vulnerable High-Risk
0,-0.7505765403378537,1,0,0,0,1,-0.3506271170275956,0,-0.2449233247283705,1,1,0,1,0,1,0,0,0,1,0,0,0,2,Vulnerable High-Risk
0,-0.791320501614164,1,1,0,0,1,0.5053142997389005,0,-6.963024077089252e-05,1,1,0,0,1,0,1,0,1,0,0,1,0,0,Critical Churn-Risk
0,-1.076528230548336,1,0,1,1,1,1.4992035564891233,1,1.1655562434039428,0,5,1,0,1,0,1,0,1,0,0,1,0,0,Critical Churn-Risk
0,0.5532302205040753,1,1,0,1,0,0.4787219450432425,0,-0.4703930887083179,2,4,1,1,0,1,0,0,0,0,1,0,0,1,Stable Mid-Risk
0,-0.7098325790615434,0,0,1,1,1,1.2149977656792768,1,0.0723129850351816,1,4,1,0,0,0,1,0,1,0,0,0,1,0,Critical Churn-Risk
0,0.4309983366751445,1,0,1,1,1,0.9806526399237896,0,-0.4169222438517153,2,3,1,0,0,0,1,0,1,0,0,0,1,0,Critical Churn-Risk
0,0.2680224915699033,0,0,1,0,1,-0.498547090022194,0,-0.5217664178942024,2,1,0,1,1,1,0,0,0,0,1,0,0,3,Loyal Low-Risk
0,-0.4653688114036817,0,0,0,1,1,-0.1578325454840742,1,-0.3484764014859215,1,2,1,0,1,1,0,0,1,0,0,0,0,2,Vulnerable High-Risk
0,1.0014137945434884,0,1,0,1,1,-0.3672473387123819,0,-0.558918550347552,3,4,1,0,0,1,0,0,1,0,0,0,1,1,Stable Mid-Risk
0,0.8384379494382472,0,0,1,1,1,0.952398263059653,0,-0.4650878366276442,3,3,1,1,0,0,1,0,0,1,0,0,1,1,Stable Mid-Risk
1,-0.5876006952326126,0,1,0,1,1,0.7679138023585248,0,-0.1270676453875143,1,3,1,0,0,0,1,0,1,0,0,0,0,0,Critical Churn-Risk
0,-1.2802480369298874,1,0,0,0,1,-0.1545085011471169,1,2.8435405572165218,0,1,1,0,0,1,0,0,1,0,0,0,1,2,Vulnerable High-Risk
0,1.0421577558197987,1,1,1,0,1,-0.1245921021145015,0,-0.5463092569955673,3,2,0,1,1,1,0,0,0,1,0,0,0,1,Stable Mid-Risk
0,1.5718292524118322,1,0,0,1,0,1.304746962777123,0,-0.4984043367714592,3,3,1,1,1,0,1,0,0,0,1,0,0,1,Stable Mid-Risk
0,0.1050466464646622,0,0,1,1,1,1.1451928346031743,0,-0.3452781353805431,2,4,1,1,0,0,1,0,0,1,0,0,1,1,Stable Mid-Risk
0,-1.1987601143772668,0,0,0,0,0,0.6947848269454648,0,1.8338317353397355,0,2,1,0,1,0,1,0,1,0,0,1,0,0,Critical Churn-Risk
0,0.227278530293593,1,1,0,1,1,1.331339317472781,0,-0.3532721000416643,2,4,1,1,0,0,1,0,0,1,0,0,1,1,Stable Mid-Risk
1,0.1050466464646622,1,1,1,0,1,0.1446554891790373,0,-0.4428768365317675,2,4,0,1,1,1,0,0,0,0,1,1,0,1,Stable Mid-Risk
0,-1.0357842692720256,1,0,0,1,1,0.8526769329509349,1,0.6526766900951413,0,2,1,0,0,0,1,0,1,0,0,0,1,0,Critical Churn-Risk
0,0.5939741817803856,0,0,1,1,0,0.3208298390377723,0,-0.4860423750392651,2,4,1,1,0,1,0,0,0,0,1,0,0,1,Stable Mid-Risk
0,-0.7505765403378537,0,0,0,0,0,-0.4769408018319716,0,-0.2744947584326617,1,1,0,0,0,1,0,0,1,0,0,0,1,2,Vulnerable High-Risk
0,-0.506112772679992,0,0,0,0,1,-0.1594945676525527,0,-0.3335820404395445,1,2,1,0,0,1,0,0,1,0,0,0,1,2,Vulnerable High-Risk
0,1.368109446030281,1,1,1,1,0,0.679826627429157,0,-0.5185694276636029,3,5,1,1,0,1,0,0,0,0,1,0,1,1,Stable Mid-Risk
0,-0.7098325790615434,0,0,0,0,1,-1.5073945462887242,0,-0.5251953423615586,1,0,0,0,1,0,0,1,1,0,0,1,0,2,Vulnerable High-Risk
0,0.3902543753988342,0,0,0,0,1,-1.46418196990828,0,-0.6107657557762577,2,0,0,1,1,0,0,1,0,0,1,0,0,3,Loyal Low-Risk
0,-0.6283446565089229,1,1,0,0,0,0.4687498120323708,0,-0.1554308279916995,1,1,0,0,0,0,1,0,1,0,0,0,1,0,Critical Churn-Risk
0,0.1865345690172827,1,0,1,1,1,1.3197051622934308,0,-0.3460887558219985,2,4,1,1,1,0,1,0,0,1,0,1,0,1,Stable Mid-Risk
0,-0.8320644628904743,0,0,0,0,1,-0.5118432673700231,0,-0.2235229450739492,0,1,0,0,0,1,0,0,1,0,0,0,1,2,Vulnerable High-Risk
0,0.8384379494382472,0,0,0,1,1,0.978990617755311,1,-0.4633585130192061,3,3,1,1,1,0,1,0,0,1,0,0,0,1,Stable Mid-Risk
0,1.1236456783724194,1,0,0,0,0,-1.322910085587596,0,-0.6192545557327562,3,0,0,1,0,0,0,1,0,0,1,0,0,3,Loyal Low-Risk
1,-0.5876006952326126,0,0,0,0,0,-1.304627841734331,0,-0.5101242017855532,1,0,0,0,1,1,0,0,1,0,0,1,0,2,Vulnerable High-Risk
0,-1.2802480369298874,1,0,0,0,1,0.3357880385540801,1,3.704419466042107,0,0,0,0,0,0,1,0,1,0,0,0,1,0,Critical Churn-Risk
0,-1.1987601143772668,0,0,0,0,1,0.17789593254861,0,1.3800464122130291,0,0,0,0,0,0,1,0,1,0,0,0,1,0,Critical Churn-Risk
1,-0.9542963467194052,0,0,1,1,1,0.1529656000214305,0,0.143007193734503,0,3,1,0,1,1,0,0,1,0,0,1,0,2,Vulnerable High-Risk
0,-1.2802480369298874,0,0,0,1,1,0.5136244105812937,1,4.016670460090708,0,1,1,0,0,0,1,0,1,0,0,0,1,0,Critical Churn-Risk
0,0.960669833267178,1,1,0,0,1,0.9424261300487812,0,-0.4763341286469932,3,3,0,1,0,0,1,0,0,1,0,0,1,1,Stable Mid-Risk
1,-0.6283446565089229,0,0,0,0,1,0.1396694226736012,1,-0.2196319669549634,1,0,0,0,0,0,1,0,1,0,0,0,1,0,Critical Churn-Risk
1,-0.8728084241667845,1,0,1,0,1,0.0515822477442334,1,-0.0216784551515665,0,2,1,0,0,1,0,0,1,0,0,0,1,2,Vulnerable High-Risk
0,-1.0357842692720256,0,0,0,0,1,0.1579516665268661,0,0.3477212800196376,0,0,0,0,0,0,1,0,1,0,0,0,1,0,Critical Churn-Risk
1,1.490341329859212,0,0,0,0,0,-1.4824642137615447,0,-0.6334096972082419,3,0,0,1,1,0,0,1,0,0,1,0,0,3,Loyal Low-Risk
0,-0.5468567339563023,1,0,0,0,1,0.7047569599563366,1,-0.1651582732891638,1,1,1,0,1,0,1,0,1,0,0,0,0,0,Critical Churn-Risk
1,-1.1987601143772668,0,0,0,0,1,0.5152864327497723,1,1.6762471215208146,0,1,1,0,0,0,1,0,1,0,0,0,1,0,Critical Churn-Risk
1,0.8791819107145575,0,0,0,0,0,-1.4758161250876305,0,-0.6237984759325136,3,0,0,1,1,0,0,1,0,0,1,1,0,3,Loyal Low-Risk
0,1.2051336009250395,1,0,0,0,1,-1.3644606397995618,0,-0.6230893409593132,3,0,0,1,1,0,0,1,0,1,0,1,0,3,Loyal Low-Risk
0,-0.3431369275747509,1,0,0,1,1,0.856000977287892,1,-0.2443007682293328,1,2,1,0,1,0,1,0,1,0,0,1,0,0,Critical Churn-Risk
1,1.2051336009250395,1,0,0,1,1,0.1878680655594816,0,-0.5365613989799647,3,2,1,0,1,1,0,0,1,0,0,1,0,2,Vulnerable High-Risk
0,-0.6283446565089229,1,1,0,0,0,0.03163798172249,0,-0.2407080984328026,1,2,1,0,1,1,0,0,1,0,0,0,0,2,Vulnerable High-Risk
0,-0.9542963467194052,0,0,0,0,1,-1.336206262935425,0,-0.379940265457174,0,0,0,0,0,1,0,0,1,0,0,0,0,2,Vulnerable High-Risk
1,1.2866215234776603,0,1,1,1,0,0.1479795335159944,0,-0.5427328038353523,3,4,1,1,0,1,0,0,0,0,1,0,0,1,Stable Mid-Risk
0,-1.2395040756535771,1,0,0,0,1,0.3690284819236528,1,2.2861579416718216,0,0,0,0,0,0,1,0,1,0,0,0,1,0,Critical Churn-Risk
1,-1.2802480369298874,0,0,0,0,1,-0.6298468413320059,1,2.0089257506940914,0,0,0,0,0,1,0,0,1,0,0,0,0,2,Vulnerable High-Risk
0,-0.6690886177852331,0,0,1,1,1,-0.4935610235167579,1,-0.3241161735030204,1,3,1,0,0,1,0,0,1,0,0,0,1,2,Vulnerable High-Risk
0,1.6125732136881423,1,0,0,0,0,-1.3345442407669466,0,-0.6276783092822917,3,0,0,1,1,0,0,1,0,0,1,0,0,3,Loyal Low-Risk
0,-0.0986731599168891,1,1,0,0,0,0.8510149107824564,0,-0.3266966229386665,2,3,0,1,1,0,1,0,0,1,0,0,0,1,Stable Mid-Risk
0,0.6754621043330061,1,1,0,1,1,1.1983775439944904,0,-0.4316513646584938,3,3,1,0,0,0,1,0,1,0,0,0,0,0,Critical Churn-Risk
0,1.1643896396487294,1,1,1,0,0,0.3507462380703874,0,-0.5252306435743317,3,4,1,1,1,1,0,0,0,0,1,1,0,1,Stable Mid-Risk
1,0.5939741817803856,1,0,0,1,0,0.7446454919998238,0,-0.4550361431535978,2,2,1,0,0,0,1,0,1,0,0,0,1,0,Critical Churn-Risk
0,-0.506112772679992,0,1,0,0,0,-0.0132366168264328,0,-0.3091244636916344,1,3,1,0,1,1,0,0,1,0,0,1,0,2,Vulnerable High-Risk
1,0.0643026851883519,0,0,0,1,0,0.4488055460106269,1,-0.4059542334526783,2,1,1,0,0,0,1,0,1,0,0,0,1,0,Critical Churn-Risk
1,1.5310852911355222,1,0,0,0,0,-1.3328822185984677,0,-0.6264857916781997,3,0,0,1,1,0,0,1,0,0,1,0,0,3,Loyal Low-Risk
1,0.8791819107145575,0,1,1,1,1,1.3645797608423538,0,-0.4424435230594259,3,5,1,1,0,0,1,0,0,1,0,0,1,1,Stable Mid-Risk
0,1.1643896396487294,1,0,1,1,1,1.1136144134020802,0,-0.4820219591401115,3,4,1,1,0,0,1,0,0,1,0,0,0,1,Stable Mid-Risk
0,-1.1987601143772668,1,0,0,0,1,0.403930947461704,1,1.578486296281299,0,0,0,0,0,0,1,0,1,0,0,0,1,0,Critical Churn-Risk
0,-0.791320501614164,0,0,0,0,0,-1.5073945462887242,0,-0.5049240411791643,1,0,0,1,0,0,0,1,0,1,0,0,0,3,Loyal Low-Risk
0,-0.6690886177852331,1,0,0,1,1,1.0421474601574994,1,-0.0068870162727752,1,2,1,0,0,0,1,0,1,0,0,0,1,0,Critical Churn-Risk
1,-1.1987601143772668,0,0,0,1,1,-0.2027071440329971,0,1.045908666245133,0,2,1,0,1,1,0,0,1,0,0,1,0,2,Vulnerable High-Risk
0,-0.3023929662984406,0,0,0,0,1,-1.4841262359300234,0,-0.5766292093719007,2,0,0,0,0,0,0,1,1,0,0,0,0,2,Vulnerable High-Risk
0,-0.0986731599168891,1,1,0,0,1,-0.0099125724894757,0,-0.424222106759695,2,2,1,0,0,1,0,0,1,0,0,0,0,2,Vulnerable High-Risk
0,-0.4653688114036817,0,1,0,0,0,-1.2065685337940917,0,-0.5158768919231923,1,1,0,0,0,1,0,0,1,0,0,0,1,2,Vulnerable High-Risk
0,-1.2802480369298874,0,0,0,0,0,-0.648129085185271,1,1.9768251812124595,0,0,0,0,0,1,0,0,1,0,0,0,1,2,Vulnerable High-Risk
0,-0.7098325790615434,0,0,0,0,0,-1.509056568457203,1,-0.5255601215602135,1,0,0,0,1,0,0,1,1,0,0,0,0,2,Vulnerable High-Risk
0,-0.3838808888510611,0,0,0,1,1,0.8526769329509349,0,-0.2271707370604982,1,2,1,0,0,0,1,0,1,0,0,0,1,0,Critical Churn-Risk
1,0.512486259227765,1,1,0,1,1,1.3413114504836532,0,-0.4002663968048318,2,4,1,0,0,0,1,0,1,0,0,0,1,0,Critical Churn-Risk
1,-0.3431369275747509,1,0,0,0,0,0.6100216963530546,0,-0.2788526539259257,1,2,0,1,1,0,1,0,0,1,0,0,0,3,Loyal Low-Risk
0,-0.8728084241667845,1,0,1,1,0,0.8427047999400633,1,0.2098347429280822,0,2,1,0,0,0,1,0,1,0,0,0,1,0,Critical Churn-Risk
0,-1.2802480369298874,0,0,0,0,0,-0.6564391960276642,1,1.962234013266263,0,0,0,0,0,1,0,0,1,0,0,0,0,2,Vulnerable High-Risk
0,0.960669833267178,1,0,1,1,0,1.2764925859129863,0,-0.4557529022807793,3,4,1,1,1,0,1,0,0,0,1,0,0,1,Stable Mid-Risk
0,-1.2802480369298874,0,0,0,0,0,0.3657044375866952,1,3.7569476706484135,0,1,0,0,0,0,1,0,1,0,0,0,1,0,Critical Churn-Risk
0,-1.2802480369298874,0,0,0,0,0,-1.5073945462887242,0,0.4680984155757574,0,0,0,0,0,0,0,1,1,0,0,0,1,2,Vulnerable High-Risk
0,-1.0357842692720256,0,0,0,0,1,0.4820459893801996,1,0.4899851674950519,0,1,1,0,0,0,1,0,1,0,0,0,1,0,Critical Churn-Risk
0,0.9199258719908678,0,0,1,1,0,0.7978302013911399,0,-0.4819950629779987,3,3,1,1,1,0,1,0,0,0,1,1,0,1,Stable Mid-Risk
0,-1.2395040756535771,0,0,1,0,1,-1.1267914697071173,1,0.5352177881282605,0,1,0,0,0,1,0,0,1,0,0,0,1,2,Vulnerable High-Risk
1,1.6125732136881423,1,1,1,1,1,0.7014329156193795,0,-0.5297375929311109,3,5,1,1,1,1,0,0,0,0,1,1,0,1,Stable Mid-Risk
0,0.512486259227765,0,0,0,0,0,-1.0170980065875277,0,-0.5803087212887675,2,1,1,1,0,1,0,0,0,1,0,0,1,3,Loyal Low-Risk
0,0.5939741817803856,0,0,0,0,0,-1.4841262359300234,0,-0.618092444952342,2,0,0,1,0,0,0,1,0,0,1,0,0,3,Loyal Low-Risk
0,0.5532302205040753,0,0,0,1,0,1.0122310611248837,1,-0.4305312596808369,2,3,1,1,1,0,1,0,0,1,0,1,0,1,Stable Mid-Risk
0,-1.2395040756535771,0,0,0,0,1,-0.4819268683374076,0,1.2900675432114848,0,1,0,0,0,1,0,0,1,0,0,0,0,2,Vulnerable High-Risk
0,-1.2395040756535771,0,1,1,0,1,0.5103003662443366,0,2.451524511728714,0,2,0,0,0,0,1,0,1,0,0,0,1,0,Critical Churn-Risk
0,-0.8320644628904743,0,0,0,0,1,-0.4503484471363135,0,-0.2069114615659718,0,1,0,0,0,1,0,0,1,0,0,0,1,2,Vulnerable High-Risk
0,1.4495973685829016,1,0,0,0,1,0.8244225560867979,1,-0.5155154769595711,3,2,1,0,1,0,1,0,1,0,0,0,0,0,Critical Churn-Risk
1,1.490341329859212,0,0,1,1,1,1.010569038956405,0,-0.5083425433837018,3,3,1,1,1,0,1,0,0,0,1,1,0,1,Stable Mid-Risk
1,0.960669833267178,0,1,0,1,0,0.997272861608576,0,-0.4729551213331372,3,3,1,1,1,0,1,0,0,1,0,1,0,1,Stable Mid-Risk
0,-1.1580161531009563,1,1,0,0,1,0.5136244105812937,0,1.2064115136532925,0,1,0,0,0,0,1,0,1,0,0,0,1,0,Critical Churn-Risk
0,1.2866215234776603,1,0,1,1,1,0.375676570597567,0,-0.5304313268591744,3,4,1,1,1,1,0,0,0,0,1,0,0,1,Stable Mid-Risk
0,1.082901717096109,1,1,0,1,1,1.5075136673315166,1,-0.452798830735181,3,5,1,1,0,0,1,0,0,1,0,0,1,1,Stable Mid-Risk
1,1.2051336009250395,1,1,1,1,0,1.6870120615272086,0,-0.4529980117579387,3,6,1,1,1,0,1,0,0,0,1,0,0,1,Stable Mid-Risk
1,1.24587756220135,1,0,0,0,0,-1.3345442407669466,0,-0.6221354144041006,3,0,0,1,1,0,0,1,0,0,1,1,0,3,Loyal Low-Risk
0,0.8384379494382472,0,1,1,1,1,-0.3722334052178177,0,-0.5512297688729663,3,5,1,1,0,1,0,0,0,1,0,0,1,1,Stable Mid-Risk
1,-1.1172721918246462,0,0,0,0,0,-1.5073945462887242,0,-0.2886968285669595,0,0,0,0,0,0,0,1,1,0,0,0,0,2,Vulnerable High-Risk
0,0.6754621043330061,1,1,0,0,1,0.7778859353693965,0,-0.4611838885815952,3,3,0,0,0,0,1,0,1,0,0,0,1,0,Critical Churn-Risk
1,1.2051336009250395,1,1,0,1,1,1.2083496770053626,0,-0.4796790045738405,3,3,1,1,1,0,1,0,0,0,1,0,0,1,Stable Mid-Risk
0,0.9199258719908678,0,1,1,0,0,-0.2658639864351854,0,-0.5486975450177535,3,3,0,1,0,1,0,0,0,0,1,0,0,1,Stable Mid-Risk
0,1.5718292524118322,0,1,1,1,1,1.1501789011086103,0,-0.505943106876994,3,5,1,1,0,0,1,0,0,0,1,0,1,1,Stable Mid-Risk
1,1.6125732136881423,0,0,0,0,1,-1.485788258098502,0,-0.6349539053540938,3,0,0,1,1,0,0,1,0,0,1,1,0,3,Loyal Low-Risk
1,0.1457906077409725,0,1,1,1,0,-0.1362262572938518,0,-0.4755952302417519,2,5,1,1,1,1,0,0,0,1,0,1,0,1,Stable Mid-Risk
0,-0.3023929662984406,0,0,0,0,1,-1.4575338812343652,0,-0.5730375372620677,2,0,0,1,1,0,0,1,0,1,0,0,0,3,Loyal Low-Risk
0,1.6125732136881423,1,1,1,1,1,1.6637437511685078,0,-0.4834456135292057,3,6,1,1,1,0,1,0,0,0,1,0,0,1,Stable Mid-Risk
0,0.1457906077409725,0,0,0,0,1,-1.5140426349626388,0,-0.6063636435109062,2,0,0,1,1,0,0,1,0,1,0,0,0,3,Loyal Low-Risk
0,-1.2802480369298874,0,0,0,1,1,-0.0664213262177493,0,2.9982069374462035,0,2,1,0,0,1,0,0,1,0,0,0,0,2,Vulnerable High-Risk
0,1.6125732136881423,1,1,0,1,1,1.3529456056630036,0,-0.4983965636987329,3,4,1,1,0,0,1,0,0,0,1,0,1,1,Stable Mid-Risk
1,1.082901717096109,0,0,0,0,0,-1.494098368940895,0,-0.628476492807385,3,0,0,1,0,0,0,1,0,0,1,0,0,3,Loyal Low-Risk
0,-1.0357842692720256,0,0,0,1,1,0.8210985117498408,1,0.6388150805462547,0,2,1,0,0,0,1,0,1,0,0,0,1,0,Critical Churn-Risk
0,-1.2802480369298874,0,0,1,1,0,0.3091956838584216,0,3.657727728614278,0,4,1,1,1,1,0,0,0,1,0,1,0,2,Vulnerable High-Risk
1,-0.0986731599168891,1,0,1,1,1,1.419426492402149,0,-0.262307210840613,2,5,1,0,0,0,1,0,1,0,0,0,1,0,Critical Churn-Risk
0,1.2866215234776603,0,0,0,0,0,-1.504070501951767,0,-0.6319858557647009,3,0,0,1,0,0,0,1,0,0,1,0,0,3,Loyal Low-Risk
0,1.24587756220135,1,1,1,0,0,0.1330213339996866,0,-0.5416104063010294,3,4,0,1,1,1,0,0,0,1,0,0,0,1,Stable Mid-Risk
0,1.6125732136881423,1,1,0,1,0,0.653234272733499,0,-0.5320561894814653,3,5,1,1,1,1,0,0,0,0,1,1,0,1,Stable Mid-Risk
0,-0.9950403079957154,0,1,0,0,0,0.3391120828910372,1,0.3056500791081049,0,1,0,0,0,0,1,0,1,0,0,0,1,0,Critical Churn-Risk
0,1.2051336009250395,1,0,1,1,0,0.6548962949019775,0,-0.5105289025172272,3,5,1,1,1,1,0,0,0,0,1,0,0,1,Stable Mid-Risk
1,1.4088534073065913,1,0,1,1,1,1.5424161328695678,0,-0.4762076417421965,3,5,1,1,1,0,1,0,0,0,1,0,0,1,Stable Mid-Risk
0,-1.076528230548336,0,0,0,0,0,-0.6664113290385358,1,0.0791395671814378,0,0,0,0,0,1,0,0,1,0,0,0,1,2,Vulnerable High-Risk
1,1.5310852911355222,1,1,1,1,1,0.525258565760644,0,-0.5345819845579322,3,4,1,1,1,1,0,0,0,0,1,0,0,1,Stable Mid-Risk
0,-0.506112772679992,0,0,0,1,0,0.5285826100976015,0,-0.2185202589209675,1,1,1,0,1,0,1,0,1,0,0,0,0,0,Critical Churn-Risk
0,-1.1172721918246462,1,0,0,0,0,0.3590563489127806,0,0.8036952783382734,0,0,0,0,0,0,1,0,1,0,0,0,1,0,Critical Churn-Risk
1,-0.3431369275747509,0,1,0,1,0,-0.2392716317395271,0,-0.398150043054027,1,5,1,1,0,1,0,0,0,1,0,0,1,1,Stable Mid-Risk
0,-0.8728084241667845,0,0,0,0,1,-0.6896796393972369,1,-0.2386004852850188,0,0,0,0,0,1,0,0,1,0,0,0,1,2,Vulnerable High-Risk
0,1.6125732136881423,1,0,1,1,1,1.522471866847824,0,-0.4902414999698998,3,5,1,1,1,0,1,0,0,0,1,1,0,1,Stable Mid-Risk
1,1.368109446030281,0,1,1,0,1,-0.2193273657177834,0,-0.5656967223435566,3,3,0,1,1,1,0,0,0,0,1,1,0,1,Stable Mid-Risk
1,0.512486259227765,0,1,1,1,1,0.5385547431084732,0,-0.4615493021788565,2,5,1,1,0,1,0,0,0,0,1,0,0,1,Stable Mid-Risk
1,1.490341329859212,0,0,0,0,0,-1.499084435446331,0,-0.6342434782337388,3,0,0,1,1,0,0,1,0,0,1,0,0,3,Loyal Low-Risk
0,-0.7098325790615434,1,0,0,0,1,0.6914607826085073,1,-0.0425924625411145,1,1,1,0,1,0,1,0,1,0,0,0,0,0,Critical Churn-Risk
0,-0.1801610824695097,0,0,0,1,1,-0.1744527671688605,0,-0.4273967813428719,2,2,1,0,1,1,0,0,1,0,0,0,0,2,Vulnerable High-Risk
0,1.5310852911355222,1,1,1,1,0,1.6870120615272086,1,-0.4771215541669955,3,6,1,1,1,0,1,0,0,1,0,1,0,1,Stable Mid-Risk
0,0.1457906077409725,0,1,1,0,1,0.3573943267443021,0,-0.4287457504577485,2,5,1,1,0,1,0,0,0,1,0,0,0,1,Stable Mid-Risk
0,-0.6690886177852331,1,0,0,1,1,0.72470122597808,1,-0.0724614416309753,1,1,1,0,0,0,1,0,1,0,0,0,1,0,Critical Churn-Risk
0,-0.5876006952326126,1,0,0,1,1,0.6781646052606785,1,-0.1436554994737166,1,1,1,0,0,0,1,0,1,0,0,0,1,0,Critical Churn-Risk
0,0.0643026851883519,1,0,0,1,1,1.0920081252118583,1,-0.3414195820792156,2,2,1,0,0,0,1,0,1,0,0,0,1,0,Critical Churn-Risk
1,0.3902543753988342,0,0,0,0,1,-0.6547771738591854,0,-0.544664371685117,2,3,1,1,1,1,0,0,0,1,0,1,0,1,Stable Mid-Risk
0,0.6347181430566958,1,1,1,0,1,0.204488287244268,0,-0.4980751256125824,2,3,1,1,1,1,0,0,0,1,0,0,0,1,Stable Mid-Risk
0,0.5939741817803856,1,0,1,1,1,1.4875694013097729,1,-0.4006840425540164,2,5,1,0,0,0,1,0,1,0,0,0,1,0,Critical Churn-Risk
1,0.2680224915699033,1,0,1,0,1,0.8227605339183194,1,-0.4057666327219415,2,3,0,1,0,0,1,0,0,1,0,0,1,1,Stable Mid-Risk
1,-0.8728084241667845,0,0,0,0,0,-1.459195903402844,0,-0.4637908439213157,0,0,0,1,1,0,0,1,0,0,1,1,0,3,Loyal Low-Risk
0,-1.0357842692720256,0,0,0,0,1,-1.4907743246039378,0,-0.376000650111701,0,0,0,0,0,0,0,1,1,0,0,0,0,2,Vulnerable High-Risk
0,-1.1987601143772668,1,0,0,0,0,-1.336206262935425,0,0.0507910123145421,0,0,0,0,0,0,0,1,1,0,0,0,0,2,Vulnerable High-Risk
0,-0.9950403079957154,0,1,0,0,1,0.0632164029235842,0,0.1979996844828341,0,3,1,0,0,1,0,0,1,0,0,0,1,2,Vulnerable High-Risk
1,-1.2802480369298874,0,0,0,0,1,-1.5073945462887242,1,0.4680984155757574,0,0,0,0,0,0,0,1,1,0,0,0,0,2,Vulnerable High-Risk
1,-0.0171852373642686,0,1,0,0,0,0.997272861608576,0,-0.3317628818384602,2,4,1,1,0,0,1,0,0,1,0,0,0,1,Stable Mid-Risk
1,1.1236456783724194,0,1,1,0,1,0.0349620260594471,0,-0.5410841674570682,3,4,0,1,1,1,0,0,0,1,0,0,0,1,Stable Mid-Risk
0,-0.9135523854430948,0,0,0,0,1,-1.4907743246039378,0,-0.455389868437142,0,0,0,0,1,0,0,1,1,0,0,0,0,2,Vulnerable High-Risk
0,1.5718292524118322,1,0,0,0,1,-1.3345442407669466,0,-0.6271308628745692,3,0,0,1,1,0,0,1,0,0,1,0,0,3,Loyal Low-Risk
1,-1.1580161531009563,0,0,0,0,0,-1.477478147256109,1,-0.192006022310165,0,0,0,0,0,0,0,1,1,0,0,0,0,2,Vulnerable High-Risk
0,-1.2802480369298874,0,0,0,0,1,0.1479795335159944,1,3.374659070458069,0,0,0,0,0,0,1,0,1,0,0,0,1,0,Critical Churn-Risk
1,0.4309983366751445,0,1,1,1,1,-0.4503484471363135,0,-0.5311312947760339,2,4,1,1,1,1,0,0,0,1,0,0,0,1,Stable Mid-Risk
0,1.082901717096109,1,0,0,1,1,1.1535029454455674,1,-0.4735182892187799,3,3,1,1,1,0,1,0,0,1,0,0,0,1,Stable Mid-Risk
0,-0.3838808888510611,0,0,1,0,0,-0.3506271170275956,0,-0.4032374969446008,1,2,0,0,0,1,0,0,1,0,0,0,1,2,Vulnerable High-Risk
0,1.6125732136881423,0,0,0,0,0,-1.509056568457203,0,-0.6360732278266787,3,0,0,1,1,0,0,1,0,0,1,0,0,3,Loyal Low-Risk
0,-0.4246248501273714,0,1,1,0,1,-0.2841462302884502,0,-0.3816150777779548,1,2,0,1,1,1,0,0,0,1,0,1,0,1,Stable Mid-Risk
0,-1.2802480369298874,0,0,0,0,1,-1.3179240190821602,0,0.800777044749034,0,0,0,0,0,1,0,0,1,0,0,0,0,2,Vulnerable High-Risk
0,1.490341329859212,1,0,0,0,0,-1.3578125511256471,0,-0.6271563395170149,3,0,0,1,1,0,0,1,0,0,1,0,0,3,Loyal Low-Risk
0,0.7162060656093164,0,1,1,0,1,-0.9772094745440404,0,-0.5860705533370866,3,2,0,1,0,1,0,0,0,1,0,0,0,1,Stable Mid-Risk
0,-1.2802480369298874,0,0,0,0,1,-1.3162619969136813,1,0.8036952783382734,0,0,0,0,0,1,0,0,1,0,0,0,1,2,Vulnerable High-Risk
0,-1.2395040756535771,0,0,0,0,1,-0.6581012181961428,1,1.083845702905243,0,0,0,0,0,1,0,0,1,0,0,0,0,2,Vulnerable High-Risk
0,-0.7098325790615434,0,0,0,0,0,0.3507462380703874,0,-0.1173721982653708,1,1,0,0,1,0,1,0,1,0,0,0,0,0,Critical Churn-Risk
0,-0.0579291986405789,0,0,0,0,0,-1.4758161250876305,0,-0.5926794941127167,2,0,0,1,1,0,0,1,0,0,1,0,0,3,Loyal Low-Risk
0,-1.2802480369298874,0,0,0,0,0,-1.4841262359300234,1,0.5089536858251071,0,0,0,0,0,0,0,1,1,0,0,0,0,2,Vulnerable High-Risk
0,1.368109446030281,1,0,0,1,1,1.3363253839782172,1,-0.4841604047457071,3,4,1,0,1,0,1,0,1,0,0,1,0,0,Critical Churn-Risk
1,-1.1987601143772668,0,0,0,1,1,-0.3356689175112877,1,0.929179322675562,0,1,1,0,1,1,0,0,1,0,0,1,0,2,Vulnerable High-Risk
0,-0.9950403079957154,0,0,0,0,0,-1.4891123024354591,0,-0.4076959093726052,0,0,0,1,0,0,0,1,0,0,1,0,0,3,Loyal Low-Risk
1,1.2866215234776603,0,1,0,1,1,0.2742932183203704,0,-0.5359086268266696,3,4,1,1,1,1,0,0,0,1,0,1,0,1,Stable Mid-Risk
0,-0.1801610824695097,0,0,0,0,0,-1.472492080750673,0,-0.5845788801839663,2,0,0,0,0,0,0,1,1,0,0,0,0,2,Vulnerable High-Risk
0,1.0014137945434884,1,0,0,1,1,1.1950534996575333,0,-0.4643275305584171,3,3,1,1,1,0,1,0,0,1,0,1,0,1,Stable Mid-Risk
1,-0.7505765403378537,1,0,0,0,1,0.7463075141683023,1,0.0118812311246851,1,2,1,0,0,0,1,0,1,0,0,0,1,0,Critical Churn-Risk
0,-0.5468567339563023,0,0,0,0,1,-1.4907743246039378,0,-0.5506569304276713,1,0,0,1,0,0,0,1,0,0,1,0,0,3,Loyal Low-Risk
0,-0.9135523854430948,0,0,0,1,1,0.503652277570422,1,0.1813156419423348,0,1,1,0,0,0,1,0,1,0,0,0,1,0,Critical Churn-Risk
0,0.7569500268856267,0,0,0,1,1,-0.5035331565276299,0,-0.5556403754800644,3,3,1,0,0,1,0,0,1,0,0,0,1,2,Vulnerable High-Risk
0,1.4088534073065913,1,1,0,0,0,0.028313937385533,0,-0.5543991358538721,3,3,0,1,0,1,0,0,0,0,1,0,0,1,Stable Mid-Risk
1,-0.8728084241667845,0,0,0,0,1,-1.4741541029191516,0,-0.4681681943051745,0,0,0,0,0,0,0,1,1,0,0,0,1,2,Vulnerable High-Risk
1,1.6125732136881423,0,1,1,1,0,-0.1279161464514586,0,-0.5696334439182449,3,5,1,1,1,1,0,0,0,0,1,0,0,1,Stable Mid-Risk
1,1.368109446030281,0,0,0,0,1,-1.477478147256109,0,-0.6316400903153215,3,0,0,1,0,0,0,1,0,1,0,0,1,3,Loyal Low-Risk
0,-0.5876006952326126,1,0,1,1,1,0.7828720018748321,1,-0.1243030030398141,1,2,1,0,0,0,1,0,1,0,0,0,1,0,Critical Churn-Risk
0,-0.9542963467194052,0,0,0,0,1,-1.5057325241202455,0,-0.439472230677655,0,0,0,0,0,0,0,1,1,0,0,0,1,2,Vulnerable High-Risk
0,-0.9542963467194052,1,0,0,0,1,0.3457601715649518,0,0.210710213004854,0,0,0,0,1,0,1,0,1,0,0,1,0,0,Critical Churn-Risk
0,0.6347181430566958,1,1,0,1,1,1.5507262437119609,0,-0.4015947498050801,2,5,1,0,1,0,1,0,1,0,0,0,0,0,Critical Churn-Risk
0,-0.9135523854430948,0,0,0,0,0,0.17789593254861,0,0.0773204085803536,0,0,0,0,0,0,1,0,1,0,0,0,0,0,Critical Churn-Risk
0,-0.9542963467194052,1,0,0,1,1,0.9956108394400972,1,0.4389160796833647,0,2,1,0,0,0,1,0,1,0,0,0,1,0,Critical Churn-Risk
0,-0.791320501614164,1,0,0,1,1,1.005582972450969,1,0.1254144140965175,1,2,1,0,0,0,1,0,1,0,0,0,1,0,Critical Churn-Risk
0,-1.1580161531009563,1,0,0,0,0,0.453791612516063,1,1.1643889499682472,0,1,0,0,0,0,1,0,1,0,0,0,1,0,Critical Churn-Risk
0,-1.1580161531009563,0,0,0,0,1,0.1795579547170885,1,0.9717855330784554,0,0,0,0,0,0,1,0,1,0,0,0,1,0,Critical Churn-Risk
0,1.6125732136881423,1,1,1,1,0,0.9041996201737724,0,-0.519983497098585,3,6,1,1,1,1,0,0,0,0,1,0,0,1,Stable Mid-Risk
1,0.7569500268856267,0,1,1,1,0,0.6881367382715502,0,-0.47516447226912,3,6,1,1,1,1,0,0,0,0,1,1,0,1,Stable Mid-Risk
0,1.082901717096109,0,0,0,0,1,-0.7894009695059548,1,-0.5872321247461367,3,2,1,0,1,1,0,0,1,0,0,0,0,2,Vulnerable High-Risk
0,-0.9135523854430948,1,0,0,1,1,0.6914607826085073,1,0.2412720775030688,0,1,1,0,0,0,1,0,1,0,0,0,1,0,Critical Churn-Risk
0,1.1643896396487294,1,0,0,0,1,0.5767812529834819,0,-0.5124280704086368,3,1,0,0,0,0,1,0,1,0,0,0,1,0,Critical Churn-Risk
0,0.8791819107145575,0,1,1,0,0,0.6515722505650204,0,-0.4879679670515585,3,3,0,1,0,0,1,0,0,1,0,0,1,1,Stable Mid-Risk
0,0.0235587239120416,1,1,0,0,1,-0.1295781686199374,0,-0.4580115970092928,2,2,0,0,0,1,0,0,1,0,0,0,0,2,Vulnerable High-Risk
0,-0.22090504374582,0,0,0,0,1,-1.4808021915930665,0,-0.5826741218067535,2,0,0,1,1,0,0,1,0,0,1,0,0,3,Loyal Low-Risk
0,-1.2802480369298874,0,0,0,1,1,0.4787219450432425,1,3.955387554716684,0,1,1,0,0,0,1,0,1,0,0,0,1,0,Critical Churn-Risk
0,-0.3838808888510611,0,0,0,1,0,1.013893083293362,0,-0.2035816822141475,1,3,1,0,0,0,1,0,1,0,0,0,0,0,Critical Churn-Risk
1,-1.2802480369298874,0,0,0,0,0,-1.494098368940895,0,0.4914442842896717,0,0,0,0,0,0,0,1,1,0,0,0,0,2,Vulnerable High-Risk
1,0.512486259227765,0,1,1,1,1,0.6499102283965414,0,-0.4530483608536813,2,6,1,1,0,1,0,0,0,0,1,0,0,1,Stable Mid-Risk
1,0.2680224915699033,0,0,0,0,1,-1.494098368940895,0,-0.6091675138919186,2,0,0,1,1,0,0,1,0,0,1,0,0,3,Loyal Low-Risk
0,-1.1172721918246462,0,0,0,1,1,0.1729098660431739,1,0.694747891006674,0,3,1,1,0,1,0,0,0,1,0,0,0,2,Vulnerable High-Risk
1,1.6125732136881423,1,1,1,1,0,0.5817673194889176,0,-0.5354941085044047,3,5,1,1,1,1,0,0,0,0,1,0,0,1,Stable Mid-Risk
1,1.0421577558197987,1,0,0,1,1,0.0665404472605412,0,-0.53493309215616,3,2,1,0,1,1,0,0,1,0,0,0,0,2,Vulnerable High-Risk
0,1.5310852911355222,0,1,1,0,1,-0.6713973955439717,0,-0.5937686939734891,3,4,0,1,1,1,0,0,0,0,1,0,0,1,Stable Mid-Risk
1,1.1643896396487294,0,0,1,1,1,1.1186004799075162,0,-0.4817395494379271,3,4,1,1,1,0,1,0,0,1,0,0,0,1,Stable Mid-Risk
0,-1.2395040756535771,0,0,0,0,0,0.1961781764018748,0,2.083827079484565,0,0,0,0,0,0,1,0,1,0,0,0,0,0,Critical Churn-Risk
1,0.5532302205040753,1,0,0,0,0,-1.3245721077560746,0,-0.6051285544242587,2,0,0,1,0,0,0,1,0,1,0,0,0,3,Loyal Low-Risk
0,-1.2802480369298874,1,0,0,0,1,-0.4935610235167579,1,2.248220905011712,0,0,0,0,1,1,0,0,1,0,0,0,0,2,Vulnerable High-Risk
0,-0.4246248501273714,0,0,0,0,1,0.1479795335159944,1,-0.3156376227168931,1,0,0,0,0,0,1,0,1,0,0,0,1,0,Critical Churn-Risk
0,0.6347181430566958,0,1,1,1,1,1.2532242755542855,0,-0.4229157217427874,2,5,1,1,1,0,1,0,0,0,1,1,0,1,Stable Mid-Risk
0,1.2866215234776603,1,0,1,1,0,0.7230392038096014,0,-0.5116648400852972,3,5,1,1,1,1,0,0,0,0,1,1,0,1,Stable Mid-Risk
1,1.6125732136881423,1,0,0,0,0,-1.346178395946297,0,-0.6282379705185842,3,0,0,1,1,0,0,1,0,0,1,0,0,3,Loyal Low-Risk
1,-0.8320644628904743,0,0,0,1,1,-0.2143412992123476,0,-0.143159281616437,0,2,1,0,1,1,0,0,1,0,0,1,0,2,Vulnerable High-Risk
0,0.0643026851883519,1,0,0,0,1,0.978990617755311,1,-0.3527590040259739,2,3,1,0,0,0,1,0,1,0,0,0,1,0,Critical Churn-Risk
1,1.6125732136881423,0,1,0,0,0,0.131359311831208,0,-0.5571609935094415,3,4,1,1,1,1,0,0,0,0,1,1,0,1,Stable Mid-Risk
0,-0.1394171211931994,1,0,0,0,1,0.6981088712824219,0,-0.3332485280293457,2,2,0,0,0,0,1,0,1,0,0,0,1,0,Critical Churn-Risk
1,0.0235587239120416,0,0,0,0,0,-1.485788258098502,0,-0.5980868092927777,2,0,0,1,1,0,0,1,0,1,0,1,0,3,Loyal Low-Risk
0,-1.2802480369298874,0,0,0,0,0,-1.477478147256109,0,0.5206266201820644,0,0,0,0,0,0,0,1,1,0,0,0,0,2,Vulnerable High-Risk
1,1.2051336009250395,1,0,1,1,1,1.5291199555217383,0,-0.4617990336937396,3,5,1,1,0,0,1,0,0,1,0,0,1,1,Stable Mid-Risk
0,0.3495104141225239,1,0,0,1,1,0.2726311961518919,1,-0.4642077344340641,2,3,1,1,0,1,0,0,0,1,0,0,1,1,Stable Mid-Risk
0,1.2866215234776603,1,0,0,1,1,1.1717851892988325,1,-0.4874210533439249,3,3,1,1,1,0,1,0,0,1,0,1,0,1,Stable Mid-Risk
0,-1.1580161531009563,0,0,0,0,1,0.6000495633421824,0,1.2671107723094692,0,2,1,0,1,0,1,0,1,0,0,1,0,0,Critical Churn-Risk
0,-0.3431369275747509,1,1,1,0,1,0.6499102283965414,0,-0.2732496454345863,1,2,0,0,0,0,1,0,1,0,0,0,1,0,Critical Churn-Risk
1,-0.7505765403378537,0,0,0,0,0,-1.504070501951767,0,-0.5149572061859774,1,0,0,1,0,0,0,1,0,1,0,0,0,3,Loyal Low-Risk
1,-1.1987601143772668,0,0,0,0,0,-1.4907743246039378,0,-0.0849068495850839,0,0,0,0,0,0,0,1,1,0,0,0,0,2,Vulnerable High-Risk
0,-1.1580161531009563,0,0,0,1,1,1.1634750784564392,1,1.662823247010314,0,4,1,0,1,0,1,0,1,0,0,1,0,0,Critical Churn-Risk
1,-0.5876006952326126,0,0,0,0,1,-0.9905056518918692,1,-0.4520667124838456,1,1,1,0,0,1,0,0,1,0,0,0,1,2,Vulnerable High-Risk
0,-0.9950403079957154,0,0,0,1,1,0.0482582034072764,0,0.1921632173043554,0,2,1,0,0,1,0,0,1,0,0,0,1,2,Vulnerable High-Risk
0,0.1050466464646622,1,0,0,0,0,-1.3794188393158695,0,-0.5915446254946792,2,0,0,1,1,0,0,1,0,0,1,0,0,3,Loyal Low-Risk
0,-1.2802480369298874,1,0,0,0,0,0.3723525262606099,1,3.7686206050053705,0,0,0,0,0,0,1,0,1,0,0,0,1,0,Critical Churn-Risk
1,1.368109446030281,1,0,0,0,1,-1.3129379525767242,0,-0.6230160567232413,3,0,0,1,1,0,0,1,0,0,1,1,0,3,Loyal Low-Risk
1,-0.9950403079957154,0,1,1,0,1,-0.6730594177124505,0,-0.0892841999689429,0,3,1,1,0,1,0,0,0,0,1,0,0,1,Stable Mid-Risk
0,1.5718292524118322,1,1,0,1,1,1.3064089849456015,0,-0.4983232747273137,3,4,1,1,1,0,1,0,0,1,0,1,0,1,Stable Mid-Risk
1,0.4309983366751445,1,0,0,0,1,0.9224818640270374,0,-0.4215648881982323,2,2,1,0,1,0,1,0,1,0,0,0,0,0,Critical Churn-Risk
0,-1.2395040756535771,1,0,0,1,1,0.9656944404074818,1,2.984588514029753,0,2,1,0,0,0,1,0,1,0,0,0,1,0,Critical Churn-Risk
0,-0.1394171211931994,0,0,0,1,1,1.2183218100162343,0,-0.2723547204672196,2,4,1,0,1,0,1,0,1,0,0,0,0,0,Critical Churn-Risk
0,-0.7098325790615434,0,0,0,1,1,0.6482482062280629,1,-0.0520767217061421,1,2,1,0,0,0,1,0,1,0,0,0,1,0,Critical Churn-Risk
1,1.3273654847539706,1,1,1,0,0,0.9889627507661828,0,-0.4998708228428193,3,4,0,1,1,0,1,0,0,0,1,1,0,1,Stable Mid-Risk
0,0.1050466464646622,1,0,1,1,0,1.0205411719672768,0,-0.3574374420023734,2,3,1,0,0,0,1,0,1,0,0,0,1,0,Critical Churn-Risk
0,1.2866215234776603,0,1,0,1,1,1.1800953001412255,0,-0.4869720943301958,3,4,1,1,1,0,1,0,0,1,0,1,0,1,Stable Mid-Risk
1,1.0421577558197987,0,0,1,1,1,-0.3090765628156297,0,-0.5572897291449083,3,4,1,1,1,1,0,0,0,0,1,1,0,1,Stable Mid-Risk
0,-0.5876006952326126,0,0,0,0,1,-0.4968850678537152,0,-0.3608335150097337,1,1,0,0,1,1,0,0,1,0,0,1,0,2,Vulnerable High-Risk
1,1.4088534073065913,1,0,0,0,1,0.8227605339183194,0,-0.5133722048051554,3,2,1,0,1,0,1,0,1,0,0,0,0,0,Critical Churn-Risk
1,1.24587756220135,0,0,0,0,1,-1.517366679299596,0,-0.6321668423671106,3,0,0,1,0,0,0,1,0,0,1,0,0,3,Loyal Low-Risk
0,1.1236456783724194,1,0,0,1,1,1.1634750784564392,0,-0.4761175901753154,3,3,1,0,0,0,1,0,1,0,0,0,1,0,Critical Churn-Risk
0,-0.9542963467194052,1,0,0,0,1,0.6515722505650204,1,0.3181012090888592,0,1,1,0,1,0,1,0,1,0,0,1,0,0,Critical Churn-Risk
1,1.5310852911355222,1,1,1,1,1,1.603910953103277,0,-0.4812317423208536,3,6,1,1,1,0,1,0,0,0,1,1,0,1,Stable Mid-Risk
0,-0.7098325790615434,1,0,0,1,1,1.2066876548368837,1,0.070489089041907,1,3,1,0,0,0,1,0,1,0,0,0,1,0,Critical Churn-Risk
1,0.6347181430566958,0,0,0,0,0,-1.4907743246039378,0,-0.6195689321849928,2,0,0,1,0,0,0,1,0,1,0,0,0,3,Loyal Low-Risk
0,-0.8320644628904743,0,0,1,1,1,0.3108577060269006,0,-0.0012882332780356,0,4,1,0,0,1,0,0,1,0,0,0,1,2,Vulnerable High-Risk
0,1.5718292524118322,1,1,1,0,1,0.9041996201737724,0,-0.5179402894105332,3,4,0,1,0,0,1,0,0,1,0,0,1,1,Stable Mid-Risk
0,0.4717422979514547,0,0,0,0,0,0.3008855730160285,0,-0.4755286279135892,2,1,0,0,0,0,1,0,1,0,0,0,1,0,Critical Churn-Risk
0,-1.2802480369298874,1,0,0,0,1,-0.4769408018319716,1,2.2774032409041043,0,0,0,0,0,1,0,0,1,0,0,0,1,2,Vulnerable High-Risk
1,0.512486259227765,1,0,0,0,0,-1.3411923294408608,0,-0.6050502669366657,2,0,0,1,0,0,0,1,0,0,1,0,0,3,Loyal Low-Risk
0,-0.3838808888510611,1,0,0,0,0,-1.3295581742615106,0,-0.5464741289497617,1,0,0,1,1,0,0,1,0,1,0,1,0,3,Loyal Low-Risk
0,0.4309983366751445,1,0,1,1,1,0.0017215826898744,0,-0.4950513158545302,2,2,1,1,1,1,0,0,0,1,0,0,0,1,Stable Mid-Risk
0,0.1050466464646622,0,0,0,0,0,-1.46418196990828,0,-0.5998129539975238,2,0,0,0,1,0,0,1,1,0,0,0,0,2,Vulnerable High-Risk
0,-0.9542963467194052,0,1,1,1,1,0.1380074005051227,0,0.1377543732738723,0,4,1,0,0,1,0,0,1,0,0,0,0,2,Vulnerable High-Risk
0,-0.8320644628904743,1,0,1,1,1,1.1684611449618754,1,0.2303746178061894,0,3,1,0,0,0,1,0,1,0,0,0,0,0,Critical Churn-Risk
0,1.3273654847539706,1,1,0,1,1,1.4825833348043371,0,-0.4736067205396658,3,5,1,0,1,0,1,0,1,0,0,1,0,0,Critical Churn-Risk
0,-1.2395040756535771,1,0,0,1,1,0.8842553541520292,1,2.889259550114605,0,2,1,0,0,0,1,0,1,0,0,0,1,0,Critical Churn-Risk
0,-0.22090504374582,1,0,0,0,0,-0.525139444717852,0,-0.4628180993915692,2,0,0,0,0,1,0,0,1,0,0,0,0,2,Vulnerable High-Risk
0,0.3087664528462136,0,0,0,0,1,-0.4835888905058862,0,-0.5240298283365881,2,1,0,1,0,1,0,0,0,1,0,0,0,3,Loyal Low-Risk
0,-1.1172721918246462,0,0,0,0,1,0.3573943267443021,1,0.802722533808527,0,1,0,0,1,0,1,0,1,0,0,1,0,0,Critical Churn-Risk
1,-0.9950403079957154,0,0,0,0,0,-1.4924363467724169,0,-0.4089929020789338,0,0,0,1,1,0,0,1,0,1,0,1,0,3,Loyal Low-Risk
0,1.0421577558197987,1,0,0,1,1,1.0969941917172938,0,-0.473600725195877,3,3,1,1,1,0,1,0,0,1,0,0,0,1,Stable Mid-Risk
1,0.797693988161937,0,1,0,1,0,1.1800953001412255,0,-0.4461896740340171,3,4,1,1,0,0,1,0,0,1,0,0,1,1,Stable Mid-Risk
0,-1.1987601143772668,0,0,1,0,1,-0.299104429804758,0,0.9612798921571938,0,2,0,0,0,1,0,0,1,0,0,0,0,2,Vulnerable High-Risk
1,0.3495104141225239,0,1,1,1,1,1.5407541107010891,0,-0.358178580691704,2,6,1,1,0,0,1,0,0,0,1,0,1,1,Stable Mid-Risk
0,-0.506112772679992,1,0,1,1,1,1.1219245242444733,0,-0.1193003168868324,1,3,1,0,0,0,1,0,1,0,0,0,0,0,Critical Churn-Risk
1,-1.2802480369298874,1,0,0,0,1,-0.4902369791798008,0,2.2540573721901898,0,0,0,0,0,1,0,0,1,0,0,0,1,2,Vulnerable High-Risk
1,-1.1580161531009563,1,0,1,0,0,0.5319066544345585,1,1.2192517414459452,0,1,0,0,1,0,1,0,1,0,0,1,0,0,Critical Churn-Risk
0,-0.3838808888510611,0,0,0,0,0,-1.4608579255713223,0,-0.5656858334122534,1,0,0,0,0,0,0,1,1,0,0,0,1,2,Vulnerable High-Risk
0,-1.076528230548336,0,0,0,0,0,-1.5057325241202455,0,-0.3419198506945138,0,0,0,0,1,0,0,1,1,0,0,0,0,2,Vulnerable High-Risk
1,-0.9950403079957154,0,0,0,0,1,-1.5107185906256817,0,-0.4161263619637408,0,0,0,0,0,0,0,1,1,0,0,0,0,2,Vulnerable High-Risk
0,-0.5876006952326126,1,1,0,1,0,0.1562896443583875,0,-0.2401107991601513,1,3,1,0,0,1,0,0,1,0,0,0,0,2,Vulnerable High-Risk
0,0.797693988161937,0,1,0,1,1,-0.5317875333917667,0,-0.5596153569365246,3,3,1,0,1,1,0,0,1,0,0,1,0,1,Stable Mid-Risk
0,-0.0579291986405789,0,0,0,1,1,0.987300728597704,0,-0.3223781079094294,2,3,1,0,0,0,1,0,1,0,0,0,1,0,Critical Churn-Risk
1,-0.1394171211931994,0,0,0,0,1,-1.4675060142452372,0,-0.5867457524812635,2,0,0,0,0,0,0,1,1,0,0,0,0,2,Vulnerable High-Risk
0,0.1457906077409725,1,1,1,0,1,1.3712278495162684,0,-0.3325229131909402,2,5,1,1,1,0,1,0,0,0,1,1,0,1,Stable Mid-Risk
0,-0.6690886177852331,1,0,0,1,1,1.1701231671303538,1,0.0195487468297452,1,3,1,0,0,0,1,0,1,0,0,0,1,0,Critical Churn-Risk
0,0.3902543753988342,1,0,1,1,1,1.4460188470978068,0,-0.3730993829968178,2,4,1,1,0,0,1,0,0,1,0,0,1,1,Stable Mid-Risk
0,-1.2802480369298874,0,0,0,0,0,-1.4708300585821945,1,0.5322995545390214,0,0,0,0,0,0,0,1,1,0,0,0,1,2,Vulnerable High-Risk
0,1.1236456783724194,0,0,0,1,1,1.1584890119510036,0,-0.4764046295447487,3,4,1,1,0,0,1,0,0,0,1,0,1,1,Stable Mid-Risk
0,-1.1172721918246462,1,0,0,0,1,0.6814886495976356,1,0.9924077171090796,0,2,0,0,0,0,1,0,1,0,0,0,1,0,Critical Churn-Risk
0,-0.4246248501273714,1,1,1,1,0,1.033837349315106,0,-0.1803838398417165,1,3,1,0,1,0,1,0,1,0,0,1,0,0,Critical Churn-Risk
0,0.1457906077409725,0,0,0,0,0,-1.4891123024354591,0,-0.6039975081682798,2,0,0,1,0,0,0,1,0,1,0,0,0,3,Loyal Low-Risk
0,-1.1580161531009563,0,0,0,0,0,0.1862060433910031,1,0.9764547068212382,0,0,0,0,0,0,1,0,1,0,0,0,1,0,Critical Churn-Risk
0,-0.9542963467194052,0,1,1,0,0,0.005045627026832,0,0.0910626358460439,0,3,1,0,0,1,0,0,1,0,0,0,0,2,Vulnerable High-Risk
1,-1.2802480369298874,0,0,0,0,0,0.325815905543208,0,3.686910064506671,0,1,0,0,1,0,1,0,1,0,0,1,0,0,Critical Churn-Risk
1,-0.8320644628904743,0,1,0,0,1,-0.5184913560439374,0,-0.2253187811288656,0,1,0,0,0,1,0,0,1,0,0,0,1,2,Vulnerable High-Risk
0,-0.3838808888510611,1,0,1,1,1,0.2975615286790714,0,-0.3083949052943246,1,3,1,1,0,1,0,0,0,1,0,0,0,1,Stable Mid-Risk
0,1.2051336009250395,1,1,0,0,1,0.9141717531846444,0,-0.4960766980752802,3,3,1,1,1,0,1,0,0,1,0,0,0,1,Stable Mid-Risk
0,0.1865345690172827,1,0,1,1,0,1.1302346350868666,1,-0.363598157357434,2,3,1,0,1,0,1,0,1,0,0,0,0,0,Critical Churn-Risk
0,-0.9950403079957154,0,0,0,0,0,-1.5157046571311177,0,-0.4180718510232338,0,0,0,0,0,0,0,1,1,0,0,0,0,2,Vulnerable High-Risk
0,-0.0579291986405789,1,0,0,1,0,0.7928441348857043,0,-0.3437176910307415,2,2,1,0,1,0,1,0,1,0,0,1,0,0,Critical Churn-Risk
1,-0.791320501614164,1,0,0,0,1,0.3191678168692938,1,-0.0467613676685991,1,0,0,0,1,0,1,0,1,0,0,1,0,0,Critical Churn-Risk
0,-0.3431369275747509,1,0,0,1,1,1.128572612918388,1,-0.2060135435385135,1,3,1,0,0,0,1,0,1,0,0,0,1,0,Critical Churn-Risk
1,0.512486259227765,1,0,0,0,1,1.0354993714835847,0,-0.423612265518746,2,3,1,0,1,0,1,0,1,0,0,0,0,0,Critical Churn-Risk
0,1.490341329859212,1,0,1,1,0,1.3496215613260465,0,-0.4913334104635644,3,4,1,1,1,0,1,0,0,0,1,1,0,1,Stable Mid-Risk
0,-1.2395040756535771,0,0,0,0,0,-1.4808021915930665,0,0.1208286184562845,0,0,0,0,0,0,0,1,1,0,0,0,0,2,Vulnerable High-Risk
1,1.1643896396487294,1,1,0,1,1,1.3695658273477898,1,-0.4675249277613099,3,4,1,1,0,0,1,0,0,1,0,0,1,1,Stable Mid-Risk
0,0.3495104141225239,1,0,0,1,1,1.3263532509673457,1,-0.3761048727398881,2,4,1,0,0,0,1,0,1,0,0,0,1,0,Critical Churn-Risk
0,0.4717422979514547,0,0,0,1,1,-0.5234774225493735,0,-0.5398594661474859,2,3,1,1,0,1,0,0,0,1,0,0,1,1,Stable Mid-Risk
0,0.2680224915699033,0,0,1,0,0,-0.9722234080386044,0,-0.563351246540862,2,2,0,1,0,1,0,0,0,1,0,0,0,3,Loyal Low-Risk
1,1.6125732136881423,0,1,1,1,1,0.0100316935322676,0,-0.56299746068792,3,6,1,1,1,1,0,0,0,0,1,1,0,1,Stable Mid-Risk
0,-0.791320501614164,0,0,0,1,1,1.0654157705161995,0,0.1404224725554624,1,3,1,0,0,0,1,0,1,0,0,0,1,0,Critical Churn-Risk
1,0.7569500268856267,0,1,1,0,1,0.1645997552007807,0,-0.5105199946002881,3,4,1,1,1,1,0,0,0,1,0,1,0,1,Stable Mid-Risk
0,1.5718292524118322,0,0,0,1,1,1.143530812434696,0,-0.5062673550535761,3,4,1,1,0,0,1,0,0,0,1,0,1,1,Stable Mid-Risk
0,-0.4246248501273714,1,0,0,1,1,1.0604297040107642,1,-0.1763236887610358,1,2,1,0,0,0,1,0,1,0,0,0,1,0,Critical Churn-Risk
0,-1.2395040756535771,0,0,1,0,1,-0.3240347623319375,1,1.474889003863305,0,2,0,0,1,1,0,0,1,0,0,1,0,2,Vulnerable High-Risk
0,0.960669833267178,1,0,0,1,1,1.396158182043448,0,-0.4483805226869118,3,4,1,1,0,0,1,0,0,1,0,0,1,1,Stable Mid-Risk
0,-1.2802480369298874,0,1,0,0,0,-0.4503484471363135,0,2.3240949783319325,0,1,0,0,0,1,0,0,1,0,0,0,0,2,Vulnerable High-Risk
1,-0.3838808888510611,0,1,1,0,1,-0.2342855652340912,0,-0.3862144676740384,1,3,0,1,0,1,0,0,0,1,0,0,0,1,Stable Mid-Risk
0,1.368109446030281,1,0,0,1,1,0.2011642429073104,0,-0.5436575253860182,3,3,1,1,1,1,0,0,0,1,0,0,0,1,Stable Mid-Risk
0,-1.2802480369298874,0,0,0,0,0,-1.504070501951767,0,0.473934882754236,0,0,0,0,0,0,0,1,1,0,0,0,0,2,Vulnerable High-Risk
0,-0.5468567339563023,1,0,0,1,1,0.7778859353693965,1,-0.152318045496511,1,2,1,0,0,0,1,0,1,0,0,0,1,0,Critical Churn-Risk
0,-0.8728084241667845,0,1,0,0,1,0.4886940780541142,0,0.1062374505100881,0,2,0,0,1,0,1,0,1,0,0,0,0,0,Critical Churn-Risk
1,-0.9950403079957154,0,0,0,0,1,-1.4974224132778524,1,-0.4109383911384267,0,0,0,1,0,0,0,1,0,1,0,0,0,3,Loyal Low-Risk
1,0.797693988161937,1,1,0,0,0,1.1086283468966447,0,-0.4509249209901412,3,4,1,0,1,0,1,0,1,0,0,0,0,1,Stable Mid-Risk
0,-1.1987601143772668,0,0,0,0,1,-1.4808021915930665,0,-0.0761521488173661,0,0,0,0,0,0,0,1,1,0,0,0,1,2,Vulnerable High-Risk
1,0.7569500268856267,0,1,0,0,1,0.4770599228747639,0,-0.4894189209550195,3,2,0,0,1,0,1,0,1,0,0,0,0,0,Critical Churn-Risk
0,-0.7098325790615434,1,0,0,0,0,0.3607183710812596,1,-0.1151835230734413,1,0,0,0,0,0,1,0,1,0,0,0,1,0,Critical Churn-Risk
0,1.2866215234776603,1,0,0,0,1,0.978990617755311,0,-0.4978369024624404,3,3,1,0,0,0,1,0,1,0,0,0,1,0,Critical Churn-Risk
0,0.1865345690172827,0,0,0,0,1,-0.8176553463700914,0,-0.5436070924410352,2,2,1,0,1,1,0,0,1,0,0,1,0,2,Vulnerable High-Risk
0,-0.791320501614164,0,0,0,0,0,-1.4907743246039378,0,-0.5007551360516798,1,0,0,1,0,0,0,1,0,0,1,0,0,3,Loyal Low-Risk
0,0.6754621043330061,1,1,0,0,1,-0.3140626293210656,0,-0.5378750673068032,3,1,0,1,0,1,0,0,0,1,0,0,1,1,Stable Mid-Risk
0,0.512486259227765,1,0,0,1,1,1.241590120374935,0,-0.4078791800811082,2,3,1,1,1,0,1,0,0,1,0,0,0,1,Stable Mid-Risk
0,-0.5876006952326126,0,0,0,0,1,0.2094743537497036,0,-0.2302809597016612,1,0,0,0,0,0,1,0,1,0,0,0,1,0,Critical Churn-Risk
0,-1.2802480369298874,1,0,0,0,1,0.3291399498801655,1,3.6927465316851498,0,0,0,0,0,0,1,0,1,0,0,0,1,0,Critical Churn-Risk
0,1.4495973685829016,0,1,0,1,1,-0.3556131835330314,0,-0.5755718783613067,3,4,1,1,1,1,0,0,0,0,1,0,0,1,Stable Mid-Risk
0,0.8791819107145575,0,0,0,0,0,-1.5007464576148095,0,-0.6253902397084623,3,0,0,1,1,0,0,1,0,0,1,1,0,3,Loyal Low-Risk
1,-0.3838808888510611,0,0,0,0,1,0.7861960462117896,0,-0.2368981823579625,1,3,1,0,1,0,1,0,1,0,0,0,0,0,Critical Churn-Risk
0,-0.6283446565089229,0,0,0,0,1,0.3939588144508323,1,-0.1700219959378958,1,1,0,0,0,0,1,0,1,0,0,0,1,0,Critical Churn-Risk
0,1.5718292524118322,1,1,1,0,0,0.5186104770867298,0,-0.5367466836522973,3,5,1,1,1,1,0,0,0,0,1,1,0,1,Stable Mid-Risk
1,1.4088534073065913,0,0,0,0,1,-1.5140426349626388,0,-0.6340497467601675,3,0,0,1,1,0,0,1,0,0,1,0,0,3,Loyal Low-Risk
1,-0.7505765403378537,1,0,0,1,1,0.6648684279128493,0,-0.0071845616583447,1,1,1,0,0,0,1,0,1,0,0,0,1,0,Critical Churn-Risk
0,-1.2802480369298874,0,0,0,0,1,-1.296317730891938,1,0.8387140814091446,0,0,0,0,0,1,0,0,1,0,0,0,0,2,Vulnerable High-Risk
1,1.24587756220135,0,0,0,0,0,-1.5057325241202455,0,-0.6315284787694645,3,0,0,1,1,0,0,1,0,0,1,1,0,3,Loyal Low-Risk
0,0.3495104141225239,1,0,1,0,1,0.126373245325772,0,-0.4764365228080192,2,3,1,1,0,1,0,0,0,1,0,0,1,1,Stable Mid-Risk
0,-0.6283446565089229,1,0,0,1,0,0.924143886195516,0,-0.066586827608193,1,2,1,0,0,0,1,0,1,0,0,0,1,0,Critical Churn-Risk
0,0.960669833267178,1,1,0,1,1,1.1884054109836186,0,-0.4611797928151542,3,3,1,1,0,0,1,0,0,1,0,0,1,1,Stable Mid-Risk
0,-1.1172721918246462,0,0,0,0,0,-1.4708300585821945,0,-0.2672964489125382,0,0,0,0,1,0,0,1,1,0,0,1,0,2,Vulnerable High-Risk
0,-1.2395040756535771,0,1,0,0,1,-0.737878282283117,1,0.9904622280495868,0,3,1,0,0,1,0,0,1,0,0,0,1,2,Vulnerable High-Risk
0,-1.1987601143772668,0,0,0,0,1,-1.5024084797832884,0,-0.0951206671474213,0,0,0,0,0,0,0,1,1,0,0,0,0,2,Vulnerable High-Risk
0,0.1865345690172827,1,1,1,0,0,0.0881467354507637,0,-0.4598998658023299,2,4,0,1,0,1,0,0,0,1,0,0,1,1,Stable Mid-Risk
0,-0.1394171211931994,0,1,0,0,1,0.1346833561681651,1,-0.3992006071461532,2,4,1,0,1,1,0,0,1,0,0,0,0,2,Vulnerable High-Risk
0,-0.9950403079957154,0,0,0,0,0,-0.7062998610820231,0,-0.1022541270322285,0,0,0,0,0,1,0,0,1,0,0,0,0,2,Vulnerable High-Risk
0,1.24587756220135,1,0,1,1,1,1.4975415343206444,0,-0.4667394757771095,3,5,1,0,1,0,1,0,1,0,0,1,0,1,Stable Mid-Risk
1,-1.0357842692720256,0,0,0,0,0,-1.4675060142452372,0,-0.3657868325493635,0,0,0,0,0,0,0,1,1,0,0,0,0,2,Vulnerable High-Risk
0,-1.1987601143772668,0,0,0,1,0,1.0172171276303197,0,2.1169003934959445,0,3,1,0,0,0,1,0,1,0,0,0,1,0,Critical Churn-Risk
1,1.6125732136881423,0,0,0,0,0,-1.4558718590658866,0,-0.6335147764607703,3,0,0,1,1,0,0,1,0,0,1,0,0,3,Loyal Low-Risk
0,-0.5468567339563023,0,0,0,0,1,-0.2858082524569287,0,-0.3390849952078242,1,1,1,0,0,1,0,0,1,0,0,0,1,2,Vulnerable High-Risk
0,1.082901717096109,0,0,0,0,0,-1.5422970118267756,0,-0.6312974519436497,3,0,0,1,1,0,0,1,0,0,1,0,0,3,Loyal Low-Risk
1,-1.2395040756535771,0,0,1,0,0,0.8377187334346272,1,2.8347858564488044,0,3,1,0,1,0,1,0,1,0,0,1,0,0,Critical Churn-Risk
1,0.1050466464646622,1,0,0,0,1,-1.2979797530604165,0,-0.5836005451684168,2,0,0,0,0,0,0,1,1,0,0,0,1,2,Vulnerable High-Risk
0,-0.7505765403378537,0,0,0,0,0,-1.5024084797832884,0,-0.514568108374079,1,0,0,0,1,0,0,1,1,0,0,1,0,2,Vulnerable High-Risk
0,-0.7505765403378537,0,0,0,0,0,0.3507462380703874,1,-0.0807240481071744,1,1,0,0,0,0,1,0,1,0,0,0,1,0,Critical Churn-Risk
1,1.490341329859212,0,0,0,0,0,-1.495760391109374,0,-0.6340767220286394,3,0,0,1,1,0,0,1,0,0,1,1,0,3,Loyal Low-Risk
0,-1.0357842692720256,1,1,1,0,0,-0.0198847055003474,0,0.2696585315074872,0,3,0,0,0,1,0,0,1,0,0,0,1,2,Vulnerable High-Risk
1,1.490341329859212,0,1,1,1,1,0.3640424154182167,0,-0.5407766252755325,3,5,1,1,1,1,0,0,0,0,1,0,0,1,Stable Mid-Risk
1,1.6125732136881423,1,0,1,1,1,0.4704118342008493,0,-0.5408508660517753,3,4,1,1,0,1,0,0,0,0,1,0,1,1,Stable Mid-Risk
0,-0.9950403079957154,1,0,0,1,0,1.1983775439944904,1,0.6409226936940386,0,3,1,0,0,0,1,0,1,0,0,0,1,0,Critical Churn-Risk
1,-1.1580161531009563,0,1,0,0,0,-0.4819268683374076,0,0.5072027456715635,0,1,0,0,0,1,0,0,1,0,0,0,1,2,Vulnerable High-Risk
1,1.24587756220135,0,0,0,0,1,0.5152864327497723,0,-0.5206356023783723,3,2,0,0,1,0,1,0,1,0,0,1,0,0,Critical Churn-Risk
0,1.6125732136881423,0,0,0,0,0,-1.494098368940895,0,-0.635353663380017,3,0,0,1,1,0,0,1,0,0,1,0,0,3,Loyal Low-Risk
0,0.5532302205040753,0,0,0,0,1,-1.4525478147289292,0,-0.6146904261847448,2,0,0,1,0,0,0,1,0,0,1,0,1,3,Loyal Low-Risk
0,-1.1172721918246462,0,0,0,0,0,0.1712478438746953,1,0.6937751464769276,0,0,0,0,0,0,1,0,1,0,0,0,1,0,Critical Churn-Risk
0,-0.0986731599168891,0,0,0,0,1,-0.4918990013482794,0,-0.4788213158486877,2,1,0,0,0,1,0,0,1,0,0,0,0,2,Vulnerable High-Risk
0,1.24587756220135,1,0,0,1,1,1.328015273135824,0,-0.4760413453428097,3,4,1,1,1,0,1,0,0,0,1,0,0,1,Stable Mid-Risk
0,1.1236456783724194,0,0,0,0,0,-1.494098368940895,0,-0.629109574083302,3,0,0,1,1,0,0,1,0,0,1,0,0,3,Loyal Low-Risk
0,1.24587756220135,1,0,0,1,1,1.419426492402149,1,-0.4710256313613046,3,4,1,1,0,0,1,0,0,1,0,0,1,1,Stable Mid-Risk
1,-0.3023929662984406,0,0,1,1,0,0.7014329156193795,0,-0.2814386578450054,2,2,1,0,0,0,1,0,1,0,0,0,1,0,Critical Churn-Risk
0,-1.2802480369298874,0,0,0,0,1,-0.6298468413320059,1,2.0089257506940914,0,0,0,0,0,1,0,0,1,0,0,0,0,2,Vulnerable High-Risk
0,-1.076528230548336,1,0,0,0,1,0.5319066544345585,0,0.6802956865647272,0,1,0,0,0,0,1,0,1,0,0,0,1,0,Critical Churn-Risk
0,-0.4246248501273714,1,0,0,0,0,-1.3145999747452028,0,-0.5389459321543327,1,0,0,1,0,0,0,1,0,0,1,0,0,3,Loyal Low-Risk
1,-0.0579291986405789,1,0,1,1,0,0.5235965435921655,0,-0.3732648061217892,2,4,1,1,1,1,0,0,0,0,1,0,0,1,Stable Mid-Risk
1,0.2680224915699033,0,0,1,0,1,0.5551749647932596,0,-0.4292584131153176,2,2,0,0,1,0,1,0,1,0,0,0,0,0,Critical Churn-Risk
0,-0.2616490050221303,0,0,0,0,0,-1.459195903402844,0,-0.5767372920974281,2,0,0,0,0,0,0,1,1,0,0,0,0,2,Vulnerable High-Risk
0,0.8384379494382472,0,1,0,1,1,1.3728898716847469,1,-0.437742907069217,3,5,1,1,1,0,1,0,0,1,0,0,0,1,Stable Mid-Risk
0,-1.2802480369298874,0,0,1,1,0,0.8942274871629008,1,4.684945952026501,0,3,1,0,0,0,1,0,1,0,0,0,1,0,Critical Churn-Risk
0,-0.8320644628904743,1,1,1,0,1,0.081498646776849,0,-0.0632445771726539,0,3,0,0,0,1,0,0,1,0,0,0,1,2,Vulnerable High-Risk
0,-0.6690886177852331,1,0,0,0,1,1.023865216304234,1,-0.0106635538588496,1,3,1,0,1,0,1,0,1,0,0,1,0,0,Critical Churn-Risk
0,-1.2395040756535771,0,0,0,0,0,-1.477478147256109,0,0.1247195965752702,0,0,0,0,0,0,0,1,1,0,0,0,0,2,Vulnerable High-Risk
1,0.2680224915699033,0,1,1,1,0,-0.6564391960276642,0,-0.535628027443089,2,3,1,1,1,1,0,0,0,1,0,0,0,1,Stable Mid-Risk
0,-1.2802480369298874,1,0,0,0,1,0.3374500607225587,1,3.707337699631346,0,0,0,0,0,0,1,0,1,0,0,0,1,0,Critical Churn-Risk
1,-1.0357842692720256,0,1,1,0,0,-1.0021398070712195,0,-0.1615104813026147,0,2,0,0,0,1,0,0,1,0,0,0,0,2,Vulnerable High-Risk
0,-1.1580161531009563,0,0,0,0,0,0.1513035778529514,0,0.9519415446716282,0,0,0,0,0,0,1,0,1,0,0,0,1,0,Critical Churn-Risk
0,-0.9135523854430948,1,0,0,1,1,1.0155551054618408,1,0.3447367229397338,0,2,1,0,0,0,1,0,1,0,0,0,1,0,Critical Churn-Risk
0,0.9199258719908678,0,0,0,0,1,0.5568369869617381,0,-0.4971073440651306,3,2,0,0,0,0,1,0,1,0,0,0,1,0,Critical Churn-Risk
1,1.6125732136881423,0,0,0,1,1,0.3524082602388664,0,-0.5465274300198847,3,4,1,1,1,1,0,0,0,0,1,0,0,1,Stable Mid-Risk
0,-0.9135523854430948,0,0,0,1,1,0.0997808906301139,0,0.0523827760904907,0,3,1,0,1,1,0,0,1,0,0,1,0,2,Vulnerable High-Risk
0,-0.8728084241667845,1,0,1,1,1,1.5490642215434824,0,0.416542955499197,0,5,1,0,0,0,1,0,1,0,0,0,1,0,Critical Churn-Risk
1,-0.7098325790615434,0,0,0,0,0,-0.6148886418156984,0,-0.3293089126838727,1,0,0,0,0,1,0,0,1,0,0,0,1,2,Vulnerable High-Risk
1,-0.3838808888510611,0,0,0,0,0,-1.4758161250876305,0,-0.567874508604183,1,0,0,1,1,0,0,1,0,0,1,0,0,3,Loyal Low-Risk
1,-1.2802480369298874,0,0,0,0,0,-1.487450280266981,0,0.5031172186466287,0,0,0,0,0,0,0,1,1,0,0,0,0,2,Vulnerable High-Risk
0,-1.1987601143772668,0,0,0,0,0,-0.6581012181961428,1,0.6461106645193528,0,0,0,0,0,1,0,0,1,0,0,0,1,2,Vulnerable High-Risk
1,0.5939741817803856,0,1,0,0,1,1.0404854379890205,0,-0.43339257736674,2,4,1,1,0,0,1,0,0,1,0,0,1,1,Stable Mid-Risk
1,-0.7098325790615434,0,0,0,0,0,-1.5007464576148095,0,-0.5237362255669389,1,0,0,1,0,0,0,1,0,1,0,0,0,3,Loyal Low-Risk
0,1.368109446030281,0,0,0,1,0,1.1535029454455674,1,-0.493742664292463,3,4,1,0,0,0,1,0,1,0,0,0,1,0,Critical Churn-Risk
0,1.4495973685829016,0,0,1,0,1,-0.1378882794623305,0,-0.5644910493702823,3,3,0,1,1,1,0,0,0,1,0,0,0,1,Stable Mid-Risk
1,-0.6283446565089229,0,0,1,1,0,1.123586546412952,1,-0.027677046418336,1,4,1,1,1,0,1,0,0,1,0,0,0,1,Stable Mid-Risk
0,-1.0357842692720256,0,0,1,1,1,-0.176114789337339,1,0.2010800421603644,0,2,1,0,0,1,0,0,1,0,0,0,0,2,Vulnerable High-Risk
0,-0.8320644628904743,0,0,0,0,1,0.5202724992552084,1,0.0552806024518332,0,1,1,0,0,0,1,0,1,0,0,0,1,0,Critical Churn-Risk
0,-0.4653688114036817,1,0,0,0,0,0.2294186197714475,0,-0.2866629081865806,1,3,1,1,1,1,0,0,0,1,0,0,0,1,Stable Mid-Risk
0,-0.4653688114036817,0,0,1,0,1,-0.9572652085222968,0,-0.4760827975244749,1,2,0,0,0,1,0,0,1,0,0,0,0,2,Vulnerable High-Risk
1,0.960669833267178,1,1,0,1,0,0.0133557378692252,0,-0.5335724646604932,3,2,1,1,1,1,0,0,0,1,0,0,0,1,Stable Mid-Risk
1,-1.076528230548336,1,0,0,0,1,-0.5268014668863306,0,0.1491771733231802,0,0,0,0,1,1,0,0,1,0,0,1,0,2,Vulnerable High-Risk
0,1.3273654847539706,0,0,0,1,1,-0.375557449554775,0,-0.572472937290257,3,4,1,1,1,1,0,0,0,0,1,0,0,1,Stable Mid-Risk
0,0.3902543753988342,1,1,1,1,0,0.5202724992552084,0,-0.448701992727342,2,4,1,1,1,1,0,0,0,1,0,1,0,1,Stable Mid-Risk
1,1.4495973685829016,1,1,1,1,1,1.4709491796249865,0,-0.4826113359098877,3,5,1,1,1,0,1,0,0,0,1,0,0,1,Stable Mid-Risk
1,0.6347181430566958,1,0,0,0,0,-1.2796975092071516,0,-0.604441762150977,2,0,0,1,1,0,0,1,0,0,1,0,0,3,Loyal Low-Risk
0,0.7162060656093164,1,0,1,1,1,1.396158182043448,0,-0.4226494723396875,3,4,1,1,0,0,1,0,0,1,0,0,1,1,Stable Mid-Risk
0,-1.0357842692720256,0,0,0,1,1,0.005045627026832,0,0.2806019074671345,0,3,1,0,0,1,0,0,1,0,0,0,1,2,Vulnerable High-Risk
1,1.24587756220135,0,0,0,0,0,-1.5107185906256817,0,-0.6318020631684556,3,0,0,1,0,0,0,1,0,0,1,0,1,3,Loyal Low-Risk
0,-0.6283446565089229,0,0,0,0,0,-1.4525478147289292,0,-0.5302617201206545,1,0,0,0,1,0,0,1,1,0,0,1,0,2,Vulnerable High-Risk
1,0.3902543753988342,0,0,0,1,1,0.4371713908312766,1,-0.455488582469759,2,1,1,0,1,0,1,0,1,0,0,1,0,0,Critical Churn-Risk
1,-1.1580161531009563,0,0,0,0,0,-1.527338812310468,0,-0.2270248253810362,0,0,0,0,0,0,0,1,1,0,0,0,0,2,Vulnerable High-Risk
1,1.2051336009250395,1,0,0,0,0,-1.2896696422180234,0,-0.6189204358318284,3,0,0,1,1,0,0,1,0,0,1,0,0,3,Loyal Low-Risk
0,-1.2395040756535771,0,0,0,0,1,0.3291399498801655,1,2.239466204243993,0,1,0,0,0,0,1,0,1,0,0,0,1,0,Critical Churn-Risk
0,-1.2395040756535771,0,0,0,0,1,0.1845440212225241,0,2.070208656068116,0,0,0,0,0,0,1,0,1,0,0,0,1,0,Critical Churn-Risk
0,0.6347181430566958,1,1,0,1,1,1.0670777926846788,0,-0.4362562181507383,2,4,1,1,1,0,1,0,0,0,1,0,0,1,Stable Mid-Risk
0,-0.22090504374582,0,0,0,0,0,-1.504070501951767,0,-0.5855923553959927,2,0,0,1,1,0,0,1,0,0,1,0,0,3,Loyal Low-Risk
1,1.5310852911355222,0,0,1,1,1,0.5186104770867298,0,-0.5349107996102407,3,5,1,1,1,1,0,0,0,0,1,0,0,1,Stable Mid-Risk
0,-1.2802480369298874,1,0,0,1,1,0.7978302013911399,1,4.515688403850623,0,2,1,0,0,0,1,0,1,0,0,0,1,0,Critical Churn-Risk
0,0.5532302205040753,1,0,0,1,1,0.9922867951031402,0,-0.4320214215136399,2,3,1,1,0,0,1,0,0,1,0,0,1,1,Stable Mid-Risk
0,-0.0986731599168891,0,0,0,1,1,0.8460288442770204,1,-0.3272614423430354,2,2,1,0,0,0,1,0,1,0,0,0,1,0,Critical Churn-Risk
0,-0.7098325790615434,1,1,0,0,1,-0.0049265059840396,1,-0.1954349467775211,1,2,1,0,1,1,0,0,1,0,0,0,0,2,Vulnerable High-Risk
1,1.490341329859212,1,0,0,1,0,1.02885128280967,0,-0.5074253842556552,3,3,1,1,1,0,1,0,0,1,0,1,0,1,Stable Mid-Risk
0,1.3273654847539706,0,0,0,0,1,-1.504070501951767,0,-0.6325178041718771,3,0,0,1,1,0,0,1,0,0,1,1,0,3,Loyal Low-Risk
1,1.6125732136881423,0,1,1,1,1,1.3064089849456015,0,-0.5006352086439028,3,5,1,1,1,0,1,0,0,0,1,1,0,1,Stable Mid-Risk
0,-0.791320501614164,0,0,1,0,1,0.8061403122335331,1,0.0753875525667016,1,3,1,0,1,0,1,0,1,0,0,0,0,0,Critical Churn-Risk
0,-0.6283446565089229,0,0,0,0,1,-1.485788258098502,0,-0.5367466836522973,1,0,0,1,0,0,0,1,0,1,0,0,0,3,Loyal Low-Risk
0,0.7569500268856267,1,1,1,1,1,1.554050288048918,0,-0.4166875607309023,3,5,1,1,0,0,1,0,0,1,0,0,1,1,Stable Mid-Risk
1,0.7569500268856267,0,1,1,0,0,-0.1428743459677664,0,-0.5312843489852598,3,3,0,1,1,1,0,0,0,0,1,1,0,1,Stable Mid-Risk
0,1.6125732136881423,1,1,1,1,1,0.8692971546357213,0,-0.5216624808074624,3,6,1,1,1,1,0,0,0,0,1,0,0,1,Stable Mid-Risk
1,1.4088534073065913,1,0,0,0,0,0.7512935806737384,1,-0.5170629119915462,3,2,0,1,0,0,1,0,0,1,0,0,1,3,Loyal Low-Risk
0,0.0643026851883519,0,0,0,0,0,-1.499084435446331,0,-0.6013925058291596,2,0,0,0,0,0,0,1,1,0,0,0,0,2,Vulnerable High-Risk
0,1.4088534073065913,0,1,1,0,1,-0.4603205801471852,0,-0.5796332733608235,3,4,1,1,1,1,0,0,0,0,1,0,0,1,Stable Mid-Risk
0,0.6754621043330061,0,0,0,0,1,-1.487450280266981,0,-0.6202859838669202,3,0,0,1,1,0,0,1,0,1,0,0,0,3,Loyal Low-Risk
1,0.8384379494382472,0,0,0,0,1,-1.509056568457203,0,-0.6251583531336945,3,0,0,1,0,0,0,1,0,0,1,0,0,3,Loyal Low-Risk
0,-0.22090504374582,1,0,1,0,0,-0.1777768115058176,0,-0.4192530408093544,2,2,0,0,0,1,0,0,1,0,0,0,1,2,Vulnerable High-Risk
0,-0.3838808888510611,0,0,0,1,1,0.9956108394400972,1,-0.2062567296709502,1,3,1,0,0,0,1,0,1,0,0,0,1,0,Critical Churn-Risk
0,1.490341329859212,1,1,1,0,1,0.5551749647932596,0,-0.5311881434823178,3,5,1,1,1,1,0,0,0,0,1,1,0,1,Stable Mid-Risk
1,-1.2395040756535771,0,0,1,0,0,-1.1882862899408269,0,0.4632346929270254,0,1,0,0,1,1,0,0,1,0,0,0,0,2,Vulnerable High-Risk
0,0.1050466464646622,1,0,0,1,1,0.7197151594726443,1,-0.3867819019830572,2,1,1,0,0,0,1,0,1,0,0,0,1,0,Critical Churn-Risk
0,0.5532302205040753,0,1,1,0,0,0.1928541320649173,0,-0.4917520749784947,2,4,1,1,0,1,0,0,0,1,0,0,0,1,Stable Mid-Risk
0,0.8791819107145575,1,0,0,1,1,1.0770499256955504,0,-0.4608018652753675,3,3,1,1,1,0,1,0,0,0,1,0,0,1,Stable Mid-Risk
0,0.960669833267178,1,0,0,1,1,1.1119523912336016,1,-0.4658899242223474,3,3,1,1,0,0,1,0,0,1,0,0,1,1,Stable Mid-Risk
0,-0.9542963467194052,0,0,0,0,1,0.3640424154182167,1,0.2171303269011804,0,1,0,0,1,0,1,0,1,0,0,0,0,0,Critical Churn-Risk
0,-0.506112772679992,1,1,1,0,0,-0.1860869223482107,0,-0.3380288725755281,1,2,0,0,1,1,0,0,1,0,0,0,0,2,Vulnerable High-Risk
0,-0.8728084241667845,0,0,0,0,1,0.3690284819236528,0,0.0712186474392169,0,1,0,0,0,0,1,0,1,0,0,0,0,0,Critical Churn-Risk
0,-0.0986731599168891,1,0,0,1,1,0.8393807556031058,0,-0.328014534882194,2,2,1,0,0,0,1,0,1,0,0,0,1,0,Critical Churn-Risk
0,1.4495973685829016,0,1,0,0,0,0.204488287244268,0,-0.5470662343156942,3,4,1,1,1,1,0,0,0,0,1,0,0,1,Stable Mid-Risk
0,0.227278530293593,1,0,0,1,1,1.2565483198912426,0,-0.3600064852476011,2,4,1,0,0,0,1,0,1,0,0,0,1,0,Critical Churn-Risk
0,-0.6283446565089229,1,1,0,0,1,0.6831506717661141,1,-0.1136028132126034,1,2,0,0,1,0,1,0,1,0,0,0,0,0,Critical Churn-Risk
0,0.6347181430566958,1,0,0,1,1,1.3728898716847469,1,-0.4143396883376761,2,4,1,1,1,0,1,0,0,1,0,1,0,1,Stable Mid-Risk
0,-1.2802480369298874,0,0,0,0,0,-0.69798975023963,0,1.8892781735352813,0,0,0,0,0,1,0,0,1,0,0,0,1,2,Vulnerable High-Risk
1,1.24587756220135,0,1,0,1,0,-0.1927350110221254,0,-0.55948458703512,3,5,1,1,0,1,0,0,0,0,1,0,1,1,Stable Mid-Risk
0,-1.1987601143772668,0,0,0,1,1,0.1712478438746953,0,1.3742099450345504,0,3,1,1,0,1,0,0,0,1,0,0,1,2,Vulnerable High-Risk
0,0.6347181430566958,1,0,0,0,0,-1.344516373777818,0,-0.6090871135787457,2,0,0,1,1,0,0,1,0,1,0,0,0,3,Loyal Low-Risk
0,1.368109446030281,0,0,1,0,0,-1.1749901125929976,0,-0.6157858063379619,3,1,0,1,1,1,0,0,0,1,0,1,0,3,Loyal Low-Risk
1,1.4495973685829016,1,0,0,0,1,0.6515722505650204,0,-0.5243124709677127,3,2,0,1,1,0,1,0,0,0,1,1,0,1,Stable Mid-Risk
0,-0.6283446565089229,0,0,0,0,1,-0.6564391960276642,1,-0.374946843537809,1,0,0,0,0,1,0,0,1,0,0,0,1,2,Vulnerable High-Risk
1,-1.0357842692720256,0,0,0,0,0,-1.4675060142452372,0,-0.3657868325493635,0,0,0,1,0,0,0,1,0,1,0,0,0,3,Loyal Low-Risk
0,1.6125732136881423,1,1,1,1,1,0.7413214476628662,0,-0.5278187544066796,3,6,1,1,1,1,0,0,0,0,1,0,0,1,Stable Mid-Risk
0,-0.1394171211931994,0,0,0,0,0,-1.494098368940895,0,-0.589858534976452,2,0,0,0,0,0,0,1,1,0,0,0,0,2,Vulnerable High-Risk
0,0.1865345690172827,0,0,1,0,1,0.8493528886139774,0,-0.3895550771775097,2,3,1,0,0,0,1,0,1,0,0,0,1,0,Critical Churn-Risk
0,0.0643026851883519,1,1,0,1,1,1.4958795121521655,1,-0.3008978242400646,2,5,1,0,0,0,1,0,1,0,0,0,0,0,Critical Churn-Risk
0,0.3902543753988342,1,0,0,1,1,0.6598823614074136,1,-0.4373005219600817,2,1,1,0,0,0,1,0,1,0,0,0,1,0,Critical Churn-Risk
1,1.082901717096109,1,1,1,0,0,0.0233278708800969,0,-0.5396649172415366,3,3,0,1,0,1,0,0,0,1,0,0,0,1,Stable Mid-Risk
1,-0.8728084241667845,0,0,0,1,1,0.4886940780541142,1,0.1062374505100881,0,1,1,0,1,0,1,0,1,0,0,0,0,0,Critical Churn-Risk
1,1.1236456783724194,1,1,0,0,1,0.5368927209399946,0,-0.512188870934109,3,1,0,0,0,0,1,0,1,0,0,0,1,0,Critical Churn-Risk
0,-0.22090504374582,0,0,1,0,1,-0.2874702746254075,0,-0.4330104277300539,2,2,0,0,0,1,0,0,1,0,0,0,0,2,Vulnerable High-Risk
0,-1.2802480369298874,1,0,0,0,0,0.6981088712824219,1,4.340594388496267,0,1,1,0,0,0,1,0,1,0,0,0,0,0,Critical Churn-Risk
0,-1.2802480369298874,0,0,0,1,1,0.4753979007062849,1,3.9495510875382047,0,1,1,0,0,0,1,0,1,0,0,0,1,0,Critical Churn-Risk
0,-0.6283446565089229,0,1,0,0,0,-1.010449917913613,0,-0.4440117051498051,1,2,0,0,0,1,0,0,1,0,0,0,0,2,Vulnerable High-Risk
0,1.0421577558197987,0,0,0,0,0,-1.46418196990828,0,-0.6260413340439351,3,0,0,1,0,0,0,1,0,0,1,0,0,3,Loyal Low-Risk
1,-1.2802480369298874,0,0,0,0,0,-1.5290008344789463,0,0.430161378915647,0,0,0,1,0,0,0,1,0,1,0,0,0,3,Loyal Low-Risk
1,-1.1987601143772668,0,0,0,0,0,-0.6813695285548437,1,0.6256830293946779,0,0,0,0,0,1,0,0,1,0,0,0,0,2,Vulnerable High-Risk
0,0.8384379494382472,1,1,0,0,0,0.8643110881302852,0,-0.4708162210805954,3,3,0,0,0,0,1,0,1,0,0,0,1,0,Critical Churn-Risk
0,0.1050466464646622,1,0,0,0,1,-1.3029658195658524,0,-0.5840869174332899,2,0,0,0,0,0,0,1,1,0,0,0,1,2,Vulnerable High-Risk
1,0.7162060656093164,1,1,0,1,0,1.367903805179311,1,-0.4245949613991803,3,4,1,0,1,0,1,0,1,0,0,1,0,1,Stable Mid-Risk
1,1.4495973685829016,1,0,1,0,0,0.1995022207388319,0,-0.5473199937582367,3,3,1,1,1,1,0,0,0,0,1,1,0,1,Stable Mid-Risk
0,0.5939741817803856,1,0,0,0,0,-1.3096139082397669,0,-0.6053251729994201,2,0,0,0,0,0,0,1,1,0,0,0,1,2,Vulnerable High-Risk
0,1.3273654847539706,1,0,0,1,1,1.4626390687825932,0,-0.4746678963902984,3,4,1,0,1,0,1,0,1,0,0,0,0,0,Critical Churn-Risk
0,-1.1172721918246462,0,0,0,0,1,0.1645997552007807,1,0.6898841683579419,0,0,0,0,0,0,1,0,1,0,0,0,1,0,Critical Churn-Risk
0,0.7569500268856267,1,0,0,1,1,0.9922867951031402,1,-0.4546245973910128,3,2,1,0,0,0,1,0,1,0,0,0,1,0,Critical Churn-Risk
0,0.5532302205040753,1,0,0,1,0,1.0388234158205416,1,-0.4285443772370995,2,2,1,0,1,0,1,0,1,0,0,0,0,0,Critical Churn-Risk
0,-0.9542963467194052,1,0,0,0,1,0.4006069031247464,0,0.2299705546938331,0,0,0,0,0,0,1,0,1,0,0,0,1,0,Critical Churn-Risk
0,-0.9950403079957154,0,0,0,0,0,-1.4808021915930665,0,-0.4044534276067839,0,0,0,1,0,0,0,1,0,0,1,0,0,3,Loyal Low-Risk
0,-0.7505765403378537,1,0,0,0,1,-1.3295581742615106,0,-0.4741019359366277,1,0,0,1,1,0,0,1,0,1,0,1,0,3,Loyal Low-Risk
0,0.512486259227765,1,1,1,1,1,1.6903361058641662,0,-0.3736216553378646,2,6,1,0,0,0,1,0,1,0,0,0,1,0,Critical Churn-Risk
0,-0.9950403079957154,1,0,0,0,1,0.325815905543208,0,0.3004621082827904,0,0,0,0,1,0,1,0,1,0,0,1,0,0,Critical Churn-Risk
1,-1.2802480369298874,0,0,0,0,1,-0.4869129348428435,1,2.2598938393686683,0,1,0,0,0,1,0,0,1,0,0,0,0,2,Vulnerable High-Risk
1,1.368109446030281,0,1,0,1,1,1.274830563744508,0,-0.4873835284114341,3,5,1,1,1,0,1,0,0,1,0,0,0,1,Stable Mid-Risk
1,1.6125732136881423,1,1,1,0,0,0.2427147971192763,0,-0.5518042359620707,3,4,0,1,1,1,0,0,0,0,1,1,0,1,Stable Mid-Risk
0,0.3495104141225239,1,1,1,1,1,1.622193196956542,1,-0.3513693689834791,2,6,1,0,1,0,1,0,1,0,0,0,0,1,Stable Mid-Risk
1,-0.3838808888510611,1,0,0,0,0,-1.3195860412506386,0,-0.5450150121551419,1,0,0,1,0,0,0,1,0,0,1,0,0,3,Loyal Low-Risk
0,-0.1394171211931994,0,0,0,1,1,0.4687498120323708,1,-0.3600962770503469,2,1,1,0,0,0,1,0,1,0,0,0,1,0,Critical Churn-Risk
0,-1.1580161531009563,1,1,0,0,1,0.5103003662443366,0,1.2040769267819011,0,1,0,0,0,0,1,0,1,0,0,0,1,0,Critical Churn-Risk
1,-1.076528230548336,1,0,0,0,0,-1.3096139082397669,0,-0.2435336896858756,0,0,0,1,0,0,0,1,0,0,1,0,0,3,Loyal Low-Risk
0,1.4088534073065913,1,1,1,0,1,1.3496215613260465,0,-0.4861639681054834,3,5,1,1,1,0,1,0,0,1,0,1,0,1,Stable Mid-Risk
1,-1.0357842692720256,0,0,0,0,1,-0.6331708856689632,0,0.0004514829001646,0,0,0,0,0,1,0,0,1,0,0,0,0,2,Vulnerable High-Risk
1,0.960669833267178,1,0,0,0,1,-1.3411923294408608,0,-0.6170237058966337,3,0,0,1,0,0,0,1,0,1,0,0,0,3,Loyal Low-Risk
0,1.6125732136881423,1,0,0,0,0,-1.322910085587596,0,-0.6271186480459993,3,0,0,1,1,0,0,1,0,0,1,1,0,3,Loyal Low-Risk
0,1.6125732136881423,1,1,0,1,1,0.679826627429157,0,-0.5307769637985111,3,5,1,1,0,1,0,0,0,0,1,0,1,1,Stable Mid-Risk
1,-0.3838808888510611,0,0,0,0,0,-1.5024084797832884,0,-0.5717654867231686,1,0,0,1,1,0,0,1,0,0,1,1,0,3,Loyal Low-Risk
1,0.1050466464646622,1,0,0,0,0,-0.4869129348428435,0,-0.5044839900823743,2,0,0,0,0,1,0,0,1,0,0,0,0,2,Vulnerable High-Risk
0,-0.22090504374582,0,0,0,0,1,0.1911921098964387,0,-0.3729781938942746,2,0,0,0,0,0,1,0,1,0,0,0,1,0,Critical Churn-Risk
1,-0.2616490050221303,1,0,1,0,1,-0.1578325454840742,1,-0.4074797439215505,2,2,0,0,0,1,0,0,1,0,0,0,1,2,Vulnerable High-Risk
1,-0.8320644628904743,1,0,0,0,0,-1.2763734648701943,0,-0.4300440913893436,0,0,0,1,0,0,0,1,0,1,0,0,0,3,Loyal Low-Risk
0,0.3087664528462136,0,0,0,0,0,-1.4841262359300234,0,-0.6097262488596144,2,0,0,1,0,0,0,1,0,0,1,0,0,3,Loyal Low-Risk
1,-1.0357842692720256,0,1,0,1,0,-0.1977210775275612,0,0.1915957829953368,0,5,1,0,0,1,0,0,1,0,0,0,0,2,Vulnerable High-Risk
1,1.5310852911355222,1,1,0,1,1,1.0886840808749008,0,-0.506714908874774,3,3,1,0,1,0,1,0,1,0,0,1,0,1,Stable Mid-Risk
1,1.1236456783724194,0,0,0,0,0,-1.5007464576148095,0,-0.6294922932425465,3,0,0,1,1,0,0,1,0,0,1,1,0,3,Loyal Low-Risk
1,0.2680224915699033,0,0,0,0,1,-1.3145999747452028,0,-0.5934090525100265,2,0,0,1,1,1,0,0,0,1,0,1,0,3,Loyal Low-Risk
0,1.6125732136881423,1,1,1,1,0,1.650447573820679,0,-0.4840852263706828,3,6,1,1,1,0,1,0,0,0,1,1,0,1,Stable Mid-Risk
0,-1.2802480369298874,0,0,0,1,1,-1.000477784902741,1,1.3581596602937347,0,1,1,0,0,1,0,0,1,0,0,0,1,2,Vulnerable High-Risk
1,0.8791819107145575,1,0,1,1,1,0.1961781764018748,0,-0.5170441853588881,3,3,1,1,0,1,0,0,0,1,0,0,1,1,Stable Mid-Risk
0,-1.1987601143772668,1,0,0,0,1,0.6814886495976356,1,1.822158800982778,0,1,1,0,0,0,1,0,1,0,0,0,1,0,Critical Churn-Risk
1,1.24587756220135,0,1,1,1,0,0.3573943267443021,0,-0.5292991083464264,3,5,1,1,1,1,0,0,0,0,1,1,0,1,Stable Mid-Risk
1,1.5718292524118322,1,0,1,0,1,0.6648684279128493,0,-0.5296132237674902,3,2,0,1,0,0,1,0,0,0,1,0,1,1,Stable Mid-Risk
0,0.3902543753988342,0,0,0,0,1,-1.4675060142452372,0,-0.6110372193659545,2,0,0,1,0,0,0,1,0,1,0,0,0,3,Loyal Low-Risk
0,0.5939741817803856,0,0,0,0,0,-1.4741541029191516,0,-0.6173628865550322,2,0,0,1,1,0,0,1,0,0,1,0,0,3,Loyal Low-Risk
1,1.368109446030281,1,0,0,1,1,1.251562253385807,1,-0.4886030887173848,3,4,1,1,1,0,1,0,0,1,0,1,0,1,Stable Mid-Risk
0,-0.4653688114036817,1,1,0,1,1,1.3163811179564735,1,-0.1131606566081731,1,4,1,0,1,0,1,0,1,0,0,0,0,0,Critical Churn-Risk
0,-0.8728084241667845,0,0,1,0,1,-0.9688993637016472,0,-0.3203110257837183,0,2,0,0,0,1,0,0,1,0,0,0,1,2,Vulnerable High-Risk
1,-1.2802480369298874,1,0,0,1,1,1.1618130562879607,1,5.154781559894023,0,3,1,0,0,0,1,0,1,0,0,0,1,0,Critical Churn-Risk
0,0.9199258719908678,1,0,1,0,0,0.8526769329509349,0,-0.4785557162478238,3,3,0,0,0,0,1,0,1,0,0,0,1,0,Critical Churn-Risk
0,1.490341329859212,1,0,1,1,1,1.0920081252118583,0,-0.5042570163587669,3,4,1,1,1,0,1,0,0,0,1,1,0,1,Stable Mid-Risk
0,-1.1987601143772668,0,0,0,0,0,0.3008855730160285,0,1.4880210550148818,0,1,0,0,0,0,1,0,1,0,0,0,1,0,Critical Churn-Risk
0,-1.1580161531009563,0,0,1,1,1,0.3191678168692938,1,1.0698381816768947,0,4,1,0,0,1,0,0,1,0,0,0,1,2,Vulnerable High-Risk
0,-0.0986731599168891,1,0,1,1,1,0.1429934670105583,0,-0.406900978359049,2,3,1,1,1,1,0,0,0,0,1,1,0,1,Stable Mid-Risk
0,-1.1172721918246462,1,0,1,0,1,0.5967255190052254,0,0.9427977460920118,0,2,0,0,0,0,1,0,1,0,0,0,1,0,Critical Churn-Risk
0,1.5718292524118322,1,0,0,0,1,-1.3428543516093396,0,-0.6275361730952969,3,0,0,1,1,0,0,1,0,0,1,1,0,3,Loyal Low-Risk
0,-0.1394171211931994,1,0,0,0,1,-0.3173866736580229,0,-0.4521179095643585,2,1,0,1,0,1,0,0,0,1,0,0,1,3,Loyal Low-Risk
0,0.797693988161937,1,0,1,0,0,-0.1146199691036296,0,-0.5319747293554281,3,2,0,0,1,1,0,0,1,0,0,0,0,2,Vulnerable High-Risk
0,1.4495973685829016,1,1,0,0,0,0.3972828587877894,0,-0.5372542025373824,3,4,1,1,1,1,0,0,0,1,0,1,0,1,Stable Mid-Risk
1,0.5532302205040753,0,0,0,0,0,-1.509056568457203,0,-0.6189125513776867,2,0,0,1,0,0,0,1,0,0,1,0,0,3,Loyal Low-Risk
0,-0.9950403079957154,0,0,0,0,1,-0.3340068953428092,0,0.0430090560765706,0,1,1,0,1,1,0,0,1,0,0,1,0,2,Vulnerable High-Risk
0,1.6125732136881423,0,0,0,0,0,-1.499084435446331,0,-0.6355935181955709,3,0,0,1,1,0,0,1,0,0,1,1,0,3,Loyal Low-Risk
0,-0.6283446565089229,0,0,0,0,0,-1.4924363467724169,0,-0.5380436763586259,1,0,0,1,1,0,0,1,0,1,0,0,0,3,Loyal Low-Risk
0,-1.1987601143772668,0,0,1,1,1,1.4343846919184566,0,2.4831387089454724,0,5,1,0,0,0,1,0,1,0,0,0,1,0,Critical Churn-Risk
0,-1.2395040756535771,0,0,0,1,1,0.6316279845432766,0,2.593545213071691,0,2,1,0,1,0,1,0,1,0,0,0,0,0,Critical Churn-Risk
0,-0.9542963467194052,0,1,0,0,1,0.3141817503638577,1,0.1996209253657447,0,1,0,0,1,0,1,0,1,0,0,1,0,0,Critical Churn-Risk
0,0.7569500268856267,0,0,0,1,1,-0.2791601637830144,0,-0.5404880087667068,3,4,1,1,1,1,0,0,0,1,0,1,0,1,Stable Mid-Risk
1,-1.076528230548336,0,0,0,0,0,-1.485788258098502,0,-0.3319144783885506,0,0,0,1,0,0,0,1,0,0,1,0,0,3,Loyal Low-Risk
0,-1.1987601143772668,1,0,0,1,0,1.0005969059455335,0,2.102309225549748,0,2,1,0,0,0,1,0,1,0,0,0,1,0,Critical Churn-Risk
0,-0.6283446565089229,1,0,0,1,1,0.9773285955868324,0,-0.0562108859575644,1,2,1,0,0,0,1,0,1,0,0,0,1,0,Critical Churn-Risk
0,-0.0986731599168891,1,0,0,0,0,-0.4952230456852367,0,-0.4791978621182671,2,0,0,0,0,1,0,0,1,0,0,0,1,2,Vulnerable High-Risk
0,-0.0579291986405789,1,0,1,1,1,0.2078123315812251,0,-0.4079188299940054,2,3,1,0,0,1,0,0,1,0,0,0,1,2,Vulnerable High-Risk
0,0.512486259227765,0,1,1,1,0,0.5601610312986957,0,-0.4598998658023299,2,5,1,1,1,1,0,0,0,0,1,0,0,1,Stable Mid-Risk
0,1.2866215234776603,1,1,0,0,0,0.8194364895813623,0,-0.5064569155260396,3,3,0,1,1,0,1,0,0,1,0,0,0,1,Stable Mid-Risk
0,-1.2802480369298874,1,0,0,1,1,-0.1644806341579885,1,2.826031155681086,0,1,1,0,0,1,0,0,1,0,0,0,1,2,Vulnerable High-Risk
0,-1.2802480369298874,0,0,0,0,1,0.1596136886953446,1,3.395086705582744,0,0,0,0,0,0,1,0,1,0,0,0,1,0,Critical Churn-Risk
1,1.1643896396487294,1,0,0,1,0,1.1368827237607813,0,-0.4807040471965841,3,3,1,1,0,0,1,0,0,1,0,0,1,1,Stable Mid-Risk
0,-1.2802480369298874,0,0,0,0,0,-1.5206907236365534,0,0.4447525468618434,0,0,0,0,0,0,0,1,1,0,0,0,0,2,Vulnerable High-Risk
0,-0.9542963467194052,0,0,0,1,1,-0.6448050408483137,1,-0.1371432308324668,0,2,1,0,0,1,0,0,1,0,0,0,1,2,Vulnerable High-Risk
1,1.6125732136881423,1,1,1,1,0,1.650447573820679,0,-0.4840852263706828,3,6,1,1,1,0,1,0,0,0,1,0,0,1,Stable Mid-Risk
0,-1.2802480369298874,0,0,0,0,0,-1.5057325241202455,1,0.4710166491649967,0,0,0,0,0,0,0,1,1,0,0,0,0,2,Vulnerable High-Risk
0,-1.0357842692720256,0,0,0,0,1,-0.6830315507233222,0,-0.0214352690191298,0,0,0,0,0,1,0,0,1,0,0,0,0,2,Vulnerable High-Risk
0,1.368109446030281,1,0,1,0,1,0.856000977287892,0,-0.5093356139185474,3,3,0,1,1,0,1,0,0,1,0,0,0,1,Stable Mid-Risk
0,-1.2802480369298874,0,0,0,0,1,0.1695858217062168,1,3.4125961071181803,0,0,0,0,0,0,1,0,1,0,0,0,1,0,Critical Churn-Risk
1,0.3087664528462136,0,0,0,0,1,-1.4758161250876305,0,-0.6090144845695561,2,0,0,0,1,0,0,1,1,0,0,0,0,2,Vulnerable High-Risk
0,-0.6690886177852331,1,0,0,0,1,0.2194464867605758,0,-0.1768312076461208,1,3,1,0,1,1,0,0,1,0,0,0,0,2,Vulnerable High-Risk
0,-1.2395040756535771,0,0,0,1,1,0.7429834698313453,1,2.723892980057712,0,2,1,0,1,0,1,0,1,0,0,0,0,0,Critical Churn-Risk
0,1.4088534073065913,1,0,0,0,0,-1.327896152093032,0,-0.6244367419956146,3,0,0,1,1,0,0,1,0,0,1,1,0,3,Loyal Low-Risk
0,0.3495104141225239,0,1,0,1,1,1.3180431401249524,0,-0.3767996902611355,2,5,1,1,1,0,1,0,0,1,0,0,0,1,Stable Mid-Risk
1,0.960669833267178,0,0,0,0,1,-1.495760391109374,0,-0.6265463628720461,3,0,0,1,1,0,0,1,0,0,1,1,0,3,Loyal Low-Risk
0,1.6125732136881423,1,1,1,1,1,1.7169284605598245,0,-0.4808871621632973,3,6,1,1,1,0,1,0,0,0,1,0,0,1,Stable Mid-Risk
1,-1.1987601143772668,1,0,0,0,1,0.6632064057443707,1,1.806108516241962,0,1,1,0,1,0,1,0,1,0,0,0,0,0,Critical Churn-Risk
0,0.8791819107145575,0,0,0,0,0,-1.487450280266981,0,-0.6245412990279564,3,0,0,1,1,0,0,1,0,0,1,1,0,3,Loyal Low-Risk
0,0.797693988161937,1,0,1,1,1,1.52745793335326,0,-0.4231741713868093,3,5,1,0,0,0,1,0,1,0,0,0,1,0,Critical Churn-Risk
0,0.7162060656093164,0,0,1,0,1,0.8277466004237555,0,-0.4617881345953671,3,3,1,1,1,0,1,0,0,0,1,0,0,1,Stable Mid-Risk
0,-0.7505765403378537,1,0,1,1,1,0.8360567112661487,1,0.0328925129672079,1,2,1,0,0,0,1,0,1,0,0,0,1,0,Critical Churn-Risk
0,-0.22090504374582,0,1,0,0,0,-0.5351115777287238,0,-0.4640687709298146,2,1,0,1,1,1,0,0,0,1,0,1,0,3,Loyal Low-Risk
0,1.6125732136881423,1,1,1,0,1,1.0571056596738069,0,-0.5126279494215984,3,4,0,1,1,0,1,0,0,0,1,0,0,1,Stable Mid-Risk
0,1.2051336009250395,0,1,0,1,1,0.3158437725323362,0,-0.5294279390951576,3,4,1,1,1,1,0,0,0,1,0,1,0,1,Stable Mid-Risk
0,-0.8320644628904743,0,0,1,0,1,-0.348965094859117,0,-0.1795249617284957,0,2,0,0,0,1,0,0,1,0,0,0,1,2,Vulnerable High-Risk
0,0.4717422979514547,0,0,1,1,0,0.3341260163856011,0,-0.472934642500932,2,4,1,1,1,1,0,0,0,1,0,0,0,1,Stable Mid-Risk
1,0.8791819107145575,0,0,1,0,1,0.503652277570422,0,-0.4974124321221875,3,2,0,1,1,0,1,0,0,0,1,0,0,1,Stable Mid-Risk
0,1.4495973685829016,0,0,0,0,0,-1.487450280266981,0,-0.6331752718184644,3,0,0,1,1,0,0,1,0,0,1,0,0,3,Loyal Low-Risk
0,-0.506112772679992,0,0,0,0,0,-1.509056568457203,0,-0.5592587713407146,1,0,0,0,0,0,0,1,1,0,0,0,0,2,Vulnerable High-Risk
1,0.7162060656093164,1,0,0,0,0,-0.3290208288373734,0,-0.5414387455016625,3,1,0,1,1,1,0,0,0,1,0,0,0,3,Loyal Low-Risk
0,1.0421577558197987,1,0,0,0,1,-1.3411923294408608,0,-0.6187210192777077,3,0,0,1,1,0,0,1,0,0,1,1,0,3,Loyal Low-Risk
1,0.1050466464646622,1,0,0,1,1,0.8260845782552769,0,-0.3764059603324286,2,2,1,0,1,0,1,0,1,0,0,0,0,0,Critical Churn-Risk
0,-1.2395040756535771,0,0,0,0,1,-0.6448050408483137,0,1.099409615381186,0,0,0,0,0,1,0,0,1,0,0,0,1,2,Vulnerable High-Risk
1,1.24587756220135,1,1,1,0,0,0.3623803932497382,0,-0.5290255239474352,3,4,1,1,0,1,0,0,0,0,1,0,0,1,Stable Mid-Risk
0,1.0421577558197987,1,1,0,1,1,1.524133889016303,0,-0.4481774698591146,3,5,1,1,1,0,1,0,0,1,0,1,0,1,Stable Mid-Risk
1,-0.22090504374582,0,0,0,0,1,-1.4708300585821945,0,-0.5814234502685081,2,0,0,1,0,0,0,1,0,1,0,0,0,3,Loyal Low-Risk
0,1.5718292524118322,1,1,1,1,1,1.67371588417938,0,-0.4804085629711503,3,6,1,1,1,0,1,0,0,0,1,1,0,1,Stable Mid-Risk
0,1.24587756220135,0,0,0,0,0,-0.2076932105384332,0,-0.5603053402320936,3,2,1,1,1,1,0,0,0,1,0,1,0,1,Stable Mid-Risk
0,1.5718292524118322,1,0,0,0,1,0.9457501743857384,0,-0.5159137383068948,3,3,1,0,1,0,1,0,1,0,0,0,0,0,Critical Churn-Risk
0,0.3495104141225239,1,1,0,1,1,1.6088970196087131,1,-0.3524810770174749,2,5,1,0,0,0,1,0,1,0,0,0,1,0,Critical Churn-Risk
0,-0.791320501614164,0,0,0,1,1,0.8543389551194135,1,0.0874773774364071,1,2,1,0,0,0,1,0,1,0,0,0,1,0,Critical Churn-Risk
0,-1.2395040756535771,0,0,0,1,0,0.4720738563693278,1,2.406778263360378,0,1,1,0,0,0,1,0,1,0,0,0,1,0,Critical Churn-Risk
1,1.4495973685829016,0,0,0,0,1,-1.5107185906256817,0,-0.6343594825503297,3,0,0,1,1,0,0,1,0,0,1,0,0,3,Loyal Low-Risk
1,-1.2802480369298874,0,1,0,0,1,-0.5334495555602452,0,2.178183298869969,0,1,0,0,0,1,0,0,1,0,0,0,0,2,Vulnerable High-Risk
0,1.3273654847539706,1,1,1,1,1,1.4709491796249865,0,-0.4742257397858682,3,5,1,1,0,0,1,0,0,0,1,0,1,1,Stable Mid-Risk
0,1.6125732136881423,1,0,0,0,1,-1.322910085587596,0,-0.6271186480459993,3,0,0,1,1,0,0,1,0,0,1,0,0,3,Loyal Low-Risk
0,-0.1801610824695097,1,0,1,0,1,-0.3290208288373734,0,-0.4461137278117859,2,1,0,0,1,1,0,0,1,0,0,1,0,2,Vulnerable High-Risk
1,1.6125732136881423,1,0,0,0,0,-1.3312201964299892,0,-0.6275184060719224,3,0,0,1,1,0,0,1,0,0,1,1,0,3,Loyal Low-Risk
0,-1.2395040756535771,0,1,0,1,1,0.875945243309636,0,2.87953210481714,0,3,1,0,0,0,1,0,1,0,0,0,1,0,Critical Churn-Risk
1,-0.5876006952326126,0,0,0,0,0,-1.4841262359300234,1,-0.5432999099579574,1,0,0,1,1,0,0,1,0,1,0,0,0,3,Loyal Low-Risk
0,1.1236456783724194,1,0,0,1,1,1.3147190957879948,0,-0.4674107293025032,3,4,1,1,0,0,1,0,0,1,0,0,1,1,Stable Mid-Risk
0,-0.2616490050221303,1,0,1,0,1,0.0416101147333617,0,-0.3815398897949792,2,2,1,0,0,1,0,0,1,0,0,0,1,2,Vulnerable High-Risk
1,-1.2802480369298874,0,0,0,0,1,0.2277565976029689,1,3.5147342827415544,0,0,0,0,0,0,1,0,1,0,0,0,1,0,Critical Churn-Risk
0,-1.1580161531009563,0,0,0,0,0,-1.477478147256109,1,-0.192006022310165,0,0,0,0,0,0,0,1,1,0,0,0,0,2,Vulnerable High-Risk
1,1.4495973685829016,1,1,1,1,1,0.9108477088476872,0,-0.5111169799555002,3,6,1,1,1,1,0,0,0,0,1,1,0,1,Stable Mid-Risk
0,0.227278530293593,0,0,1,0,1,0.6465861840595843,1,-0.41492913792713,2,3,0,0,1,0,1,0,1,0,0,1,0,0,Critical Churn-Risk
0,0.3902543753988342,1,1,0,1,1,1.3429734726521318,0,-0.3815147542774147,2,4,1,1,1,0,1,0,0,1,0,0,0,1,Stable Mid-Risk
0,1.0014137945434884,0,0,0,0,1,-1.5024084797832884,0,-0.6276479828113596,3,0,0,1,1,0,0,1,0,0,1,0,0,3,Loyal Low-Risk
0,0.8791819107145575,0,0,0,0,0,-1.1434116913919037,0,-0.6025749589198643,3,1,0,0,0,1,0,0,1,0,0,0,1,2,Vulnerable High-Risk
0,-0.8320644628904743,0,0,0,0,0,0.4421574573367123,1,0.0341795288065646,0,1,1,0,1,0,1,0,1,0,0,0,0,0,Critical Churn-Risk
0,0.4717422979514547,0,1,0,0,1,-0.1096339025981937,0,-0.5075643477599047,2,3,0,1,0,1,0,0,0,1,0,0,0,1,Stable Mid-Risk
1,0.3902543753988342,1,1,0,1,1,0.1529656000214305,0,-0.4786987193888247,2,3,1,0,1,1,0,0,1,0,0,0,0,2,Vulnerable High-Risk
1,1.6125732136881423,1,0,0,0,0,-1.3312201964299892,0,-0.6275184060719224,3,0,0,1,1,0,0,1,0,0,1,0,0,3,Loyal Low-Risk
1,1.5718292524118322,1,1,1,1,0,0.8726211989726784,0,-0.5194804682492984,3,6,1,1,0,1,0,0,0,0,1,0,0,1,Stable Mid-Risk
0,-0.5468567339563023,1,0,0,0,0,0.8260845782552769,1,-0.1438551680877171,1,2,1,0,0,0,1,0,1,0,0,0,0,0,Critical Churn-Risk
0,-0.3838808888510611,1,0,1,1,1,0.2942374843421143,0,-0.3088812775591978,1,3,1,0,1,1,0,0,1,0,0,1,0,2,Vulnerable High-Risk
0,-0.0986731599168891,0,0,0,0,0,-1.509056568457203,0,-0.5940444743399415,2,0,0,1,1,0,0,1,0,0,1,1,0,3,Loyal Low-Risk
0,0.1050466464646622,1,0,0,0,0,-1.2830215535441087,0,-0.5821414283737971,2,0,0,1,1,0,0,1,0,1,0,0,0,3,Loyal Low-Risk
0,-0.9135523854430948,1,1,0,1,1,1.1269105907499095,1,0.3802861139359213,0,3,1,0,0,0,1,0,1,0,0,0,1,0,Critical Churn-Risk
0,-1.2802480369298874,0,0,0,0,1,-0.6963277280711512,0,1.8921964071245203,0,0,0,0,1,1,0,0,1,0,0,0,0,2,Vulnerable High-Risk
0,-0.4246248501273714,0,0,0,0,1,0.1629377330323022,0,-0.3133537877340102,1,0,0,0,0,0,1,0,1,0,0,0,0,0,Critical Churn-Risk
1,-1.0357842692720256,0,1,0,0,0,-0.8725020779298864,0,-0.104604926312449,0,3,0,1,0,1,0,0,0,0,1,0,0,3,Loyal Low-Risk
0,0.1457906077409725,0,1,1,0,1,-0.388853626902604,0,-0.4995720683803665,2,5,1,1,0,1,0,0,0,0,1,0,0,1,Stable Mid-Risk
1,0.0643026851883519,0,0,0,0,0,-1.4675060142452372,0,-0.5982241379322714,2,0,0,0,0,0,0,1,1,0,0,0,0,2,Vulnerable High-Risk
1,1.6125732136881423,1,1,0,0,0,-0.0115745946579542,0,-0.5640368315553203,3,3,0,1,1,1,0,0,0,0,1,1,0,1,Stable Mid-Risk
1,0.1457906077409725,1,0,0,0,0,-1.3195860412506386,0,-0.58790778783842,2,0,0,1,1,0,0,1,0,0,1,1,0,3,Loyal Low-Risk
0,-1.2802480369298874,0,0,0,0,0,0.3839866814399601,1,3.789048240130045,0,1,0,0,0,0,1,0,1,0,0,0,1,0,Critical Churn-Risk
0,-0.3838808888510611,1,0,0,0,1,0.4770599228747639,1,-0.2821308029911711,1,1,0,0,0,0,1,0,1,0,0,0,1,0,Critical Churn-Risk
0,-0.0171852373642686,1,0,0,0,1,0.6715165165867639,1,-0.3664279596257873,2,1,1,0,0,0,1,0,1,0,0,0,1,0,Critical Churn-Risk
1,1.5718292524118322,1,1,1,0,1,1.0089070167879266,0,-0.5128333806293645,3,4,0,1,1,0,1,0,0,1,0,1,0,1,Stable Mid-Risk
0,-0.3838808888510611,1,0,0,0,1,0.4837080115486781,0,-0.2811580584614248,1,1,0,0,0,0,1,0,1,0,0,0,0,0,Critical Churn-Risk
0,-0.6283446565089229,0,0,0,1,1,1.0587676818422855,0,-0.0403227253050395,1,3,1,1,1,0,1,0,0,1,0,0,0,0,Critical Churn-Risk
0,-1.2802480369298874,0,0,1,1,1,0.3557323045758235,0,3.739438269112978,0,4,1,0,0,1,0,0,1,0,0,0,1,2,Vulnerable High-Risk
1,-0.8320644628904743,0,0,0,0,0,-1.499084435446331,0,-0.4902045992290454,0,0,0,1,0,0,0,1,0,0,1,0,0,3,Loyal Low-Risk
0,1.6125732136881423,0,0,0,0,0,-1.472492080750673,0,-0.6343142925126166,3,0,0,1,1,0,0,1,0,0,1,1,0,3,Loyal Low-Risk
0,-1.2802480369298874,0,0,0,0,0,-1.5157046571311177,0,0.453507247629561,0,0,0,0,0,0,0,1,1,0,0,0,0,2,Vulnerable High-Risk
0,1.6125732136881423,1,0,0,1,0,1.1152764355705589,0,-0.509829643240136,3,3,1,1,1,0,1,0,0,0,1,0,0,1,Stable Mid-Risk
1,1.1236456783724194,1,0,0,0,0,0.3175057947008148,0,-0.5248186031891774,3,0,0,0,1,0,1,0,1,0,0,0,0,0,Critical Churn-Risk
1,1.1643896396487294,0,0,1,1,0,-0.4470244027993562,0,-0.570416195923843,3,4,1,1,1,1,0,0,0,0,1,1,0,1,Stable Mid-Risk
0,-1.076528230548336,0,0,0,0,0,-0.6364949300059205,0,0.0941476256403826,0,0,0,0,0,1,0,0,1,0,0,0,0,2,Vulnerable High-Risk
0,-0.0171852373642686,1,0,0,0,0,0.6814886495976356,1,-0.3653667837751548,2,1,1,0,0,0,1,0,1,0,0,0,1,0,Critical Churn-Risk
1,-0.0579291986405789,1,0,0,1,1,0.7230392038096014,1,-0.3513780542024947,2,1,1,0,1,0,1,0,1,0,0,1,0,0,Critical Churn-Risk
0,-0.5468567339563023,0,0,0,0,1,0.3008855730160285,1,-0.236071349507678,1,1,0,0,1,0,1,0,1,0,0,1,0,0,Critical Churn-Risk
1,1.6125732136881423,0,0,0,0,0,-1.4791401694245876,0,-0.6346340989333552,3,0,0,1,1,0,0,1,0,0,1,0,0,3,Loyal Low-Risk
0,-0.0171852373642686,1,0,0,0,1,-0.3522891391960741,0,-0.4753753469573866,2,1,0,0,0,1,0,0,1,0,0,0,1,2,Vulnerable High-Risk
0,1.3273654847539706,1,0,0,0,1,0.8593250216248496,0,-0.5067684658719304,3,2,1,0,0,0,1,0,1,0,0,0,1,0,Critical Churn-Risk
1,0.512486259227765,0,1,0,1,1,-0.461982602315664,0,-0.5379308943841625,2,3,1,0,1,1,0,0,1,0,0,0,0,2,Vulnerable High-Risk
0,0.3902543753988342,1,0,0,0,0,-1.3212480634191175,0,-0.5990928214193006,2,0,0,1,0,0,0,1,0,1,0,0,1,3,Loyal Low-Risk
0,-0.9950403079957154,1,0,0,0,1,0.3341260163856011,0,0.303704590048612,0,0,0,0,0,0,1,0,1,0,0,0,1,0,Critical Churn-Risk
1,-0.0171852373642686,0,0,0,0,0,-1.472492080750673,0,-0.5945807675117665,2,0,0,1,0,0,0,1,0,0,1,0,0,3,Loyal Low-Risk
0,-0.4246248501273714,1,1,1,0,1,-0.0414909936905698,0,-0.3445661991667432,1,3,0,0,0,1,0,0,1,0,0,0,0,2,Vulnerable High-Risk
0,1.0014137945434884,0,0,0,1,1,-0.6630872847015785,1,-0.5768304668608137,3,2,1,0,0,1,0,0,1,0,0,0,1,2,Vulnerable High-Risk
0,-1.2802480369298874,0,1,0,0,0,-0.5600419102559032,0,2.131491561442141,0,1,0,0,0,1,0,0,1,0,0,0,1,2,Vulnerable High-Risk
0,-1.2802480369298874,0,0,0,0,0,-0.6547771738591854,1,1.9651522468555025,0,0,0,0,0,1,0,0,1,0,0,0,1,2,Vulnerable High-Risk
0,-1.2802480369298874,0,0,0,0,1,-0.6581012181961428,0,1.959315779677024,0,0,0,0,0,1,0,0,1,0,0,0,1,2,Vulnerable High-Risk
0,-0.3431369275747509,0,0,1,1,1,1.0371613936520632,1,-0.2188537713311663,1,3,1,0,0,0,1,0,1,0,0,0,1,0,Critical Churn-Risk
0,-1.2802480369298874,0,0,0,0,0,-1.487450280266981,1,0.5031172186466287,0,0,0,0,1,0,0,1,1,0,0,0,0,2,Vulnerable High-Risk
0,0.8791819107145575,1,0,0,0,1,0.8393807556031058,0,-0.4759766799394118,3,2,1,0,0,0,1,0,1,0,0,0,1,0,Critical Churn-Risk
0,-1.1580161531009563,1,0,0,0,1,-1.3129379525767242,0,-0.07644397217629,0,0,0,1,1,0,0,1,0,0,1,1,0,3,Loyal Low-Risk
1,1.3273654847539706,1,1,1,1,0,1.4576530022771577,1,-0.4749331903529564,3,5,1,1,1,0,1,0,0,0,1,0,0,1,Stable Mid-Risk
0,0.960669833267178,1,0,0,0,0,-1.346178395946297,0,-0.6173308883797115,3,0,0,1,0,0,0,1,0,1,0,0,1,3,Loyal Low-Risk
0,0.512486259227765,0,1,0,1,1,0.3706905040921313,0,-0.474364154027255,2,4,1,0,0,1,0,0,1,0,0,0,1,2,Vulnerable High-Risk
1,1.5718292524118322,0,0,0,0,0,-1.499084435446331,0,-0.6351560052449772,3,0,0,1,1,0,0,1,0,0,1,1,0,3,Loyal Low-Risk
0,1.082901717096109,0,1,0,1,0,0.0532442699127125,0,-0.537913977087993,3,4,1,1,1,1,0,0,0,1,0,1,0,1,Stable Mid-Risk
0,1.490341329859212,0,0,0,0,1,-0.96557531936469,0,-0.6074791073152872,3,2,0,1,1,1,0,0,0,1,0,0,0,3,Loyal Low-Risk
0,-0.5468567339563023,0,0,0,0,0,-1.5290008344789463,0,-0.5573688676829215,1,0,0,1,0,0,0,1,0,1,0,0,0,3,Loyal Low-Risk
1,0.9199258719908678,0,0,0,0,0,-1.509056568457203,0,-0.6266560709017167,3,0,0,1,1,0,0,1,0,0,1,1,0,3,Loyal Low-Risk
0,0.227278530293593,0,0,0,0,0,-1.5123806127941604,0,-0.6093283908718381,2,0,0,1,0,0,0,1,0,1,0,0,0,3,Loyal Low-Risk
0,-0.9135523854430948,0,0,0,0,1,-0.6398189743428778,1,-0.1837288506752319,0,0,0,0,0,1,0,0,1,0,0,0,1,2,Vulnerable High-Risk
0,0.5939741817803856,1,1,0,0,1,0.0881467354507637,0,-0.5030654043098275,2,3,0,0,1,1,0,0,1,0,0,1,0,2,Vulnerable High-Risk
0,-1.2395040756535771,0,0,0,0,1,-0.987181607554912,1,0.6986388691256599,0,1,1,0,0,1,0,0,1,0,0,0,1,2,Vulnerable High-Risk
0,-1.2802480369298874,0,0,0,0,0,-0.6182126861526555,1,2.0293533858187667,0,0,0,0,1,1,0,0,1,0,0,1,0,2,Vulnerable High-Risk
0,-1.2802480369298874,0,0,0,0,0,-0.6531151516907069,1,1.9680704804447413,0,0,0,0,0,1,0,0,1,0,0,0,1,2,Vulnerable High-Risk
0,-1.2802480369298874,0,0,0,0,1,-0.7146099719244163,1,1.8600958376428884,0,3,1,0,0,1,0,0,1,0,0,0,1,2,Vulnerable High-Risk
1,0.5532302205040753,0,0,0,0,1,-1.485788258098502,0,-0.6171740292394166,2,0,0,1,0,0,0,1,0,0,1,0,0,3,Loyal Low-Risk
0,0.227278530293593,0,1,0,0,1,-0.2542298312558348,1,-0.496041066407524,2,2,0,0,1,1,0,0,1,0,0,1,0,2,Vulnerable High-Risk
0,1.3273654847539706,0,1,1,0,0,-0.1960590553590827,0,-0.5629223546345647,3,3,0,1,1,1,0,0,0,0,1,1,0,1,Stable Mid-Risk
0,-0.5468567339563023,0,1,0,0,1,0.2792792848258065,1,-0.239865053173689,1,1,0,0,0,0,1,0,1,0,0,0,1,0,Critical Churn-Risk
0,0.797693988161937,0,0,0,0,1,0.6831506717661141,1,-0.4791161586824149,3,2,1,0,0,0,1,0,1,0,0,0,1,0,Critical Churn-Risk
1,1.5718292524118322,0,0,0,0,0,-1.5073945462887242,0,-0.6355613154657048,3,0,0,1,0,0,0,1,0,0,1,0,0,3,Loyal Low-Risk
0,-1.2802480369298874,0,0,0,0,0,-0.6265227969950485,1,2.0147622178725704,0,0,0,0,0,1,0,0,1,0,0,0,0,2,Vulnerable High-Risk
0,0.797693988161937,0,0,1,1,1,-0.4752787796634931,0,-0.5558712081805195,3,4,1,0,0,1,0,0,1,0,0,0,1,2,Vulnerable High-Risk
0,-1.076528230548336,1,0,0,0,0,-1.3195860412506386,0,-0.2485363758388571,0,0,0,1,0,0,0,1,0,1,0,0,0,3,Loyal Low-Risk
0,-0.2616490050221303,0,0,0,0,0,-0.1362262572938518,0,-0.4046695930578385,2,2,1,1,0,1,0,0,0,1,0,0,0,3,Loyal Low-Risk
0,0.6347181430566958,1,0,0,1,1,1.1368827237607813,0,-0.4312535319977567,2,3,1,1,0,0,1,0,0,1,0,0,1,1,Stable Mid-Risk
1,1.2866215234776603,1,1,1,1,1,1.3163811179564735,0,-0.4796091665050382,3,4,1,1,1,0,1,0,0,1,0,0,0,1,Stable Mid-Risk
0,-1.1987601143772668,0,0,0,1,0,0.6299659623747981,1,1.7769261803495695,0,2,1,0,0,0,1,0,1,0,0,0,1,0,Critical Churn-Risk
0,-1.2802480369298874,0,0,0,0,1,-0.6896796393972369,0,1.9038693414814776,0,0,0,0,1,1,0,0,1,0,0,0,0,2,Vulnerable High-Risk
1,1.6125732136881423,1,0,0,0,0,-1.3528264846202114,0,-0.6285577769393228,3,0,0,1,1,0,0,1,0,0,1,1,0,3,Loyal Low-Risk
0,-1.2802480369298874,0,0,0,0,1,-0.6398189743428778,0,1.991416349158656,0,0,0,0,0,1,0,0,1,0,0,0,0,2,Vulnerable High-Risk
1,0.7569500268856267,1,1,0,0,1,0.9640324182390032,0,-0.4565326731993616,3,3,1,0,0,0,1,0,1,0,0,0,1,0,Critical Churn-Risk
1,0.3495104141225239,0,0,0,0,0,-1.499084435446331,0,-0.6123428299640193,2,0,0,1,1,0,0,1,0,0,1,0,0,3,Loyal Low-Risk
1,1.6125732136881423,0,1,0,1,1,0.1945161542333963,0,-0.5541228325124252,3,4,1,1,1,1,0,0,0,0,1,1,0,1,Stable Mid-Risk
0,0.4309983366751445,1,1,1,1,0,0.7197151594726443,0,-0.4377478199203773,2,5,1,1,1,1,0,0,0,0,1,1,0,1,Stable Mid-Risk
0,1.6125732136881423,1,1,1,1,1,1.638813418641328,0,-0.4846448876069753,3,6,1,1,1,0,1,0,0,0,1,1,0,1,Stable Mid-Risk
0,0.5939741817803856,1,0,0,1,1,1.010569038956405,0,-0.4355812525586693,2,2,1,1,1,0,1,0,0,1,0,1,0,1,Stable Mid-Risk
0,1.6125732136881423,1,1,1,1,0,0.7895200905487467,0,-0.525500157856325,3,6,1,1,1,1,0,0,0,0,1,1,0,1,Stable Mid-Risk
0,-1.1987601143772668,0,0,0,0,1,-1.46418196990828,0,-0.0615609808711697,0,0,0,0,1,0,0,1,1,0,0,1,0,2,Vulnerable High-Risk
0,-1.2802480369298874,0,0,0,0,1,0.1745718882116524,1,3.4213508078858976,0,0,0,0,0,0,1,0,1,0,0,0,1,0,Critical Churn-Risk
0,-1.2395040756535771,1,0,0,0,1,0.7047569599563366,1,2.6791467316893764,0,1,1,0,0,0,1,0,1,0,0,0,1,0,Critical Churn-Risk
0,-0.2616490050221303,0,1,0,0,1,-0.6697353733754932,0,-0.4740587028464168,2,3,1,0,1,1,0,0,1,0,0,0,0,2,Vulnerable High-Risk
1,-0.1394171211931994,0,1,0,0,1,-0.1528464789786381,0,-0.4328575678753794,2,2,1,0,0,1,0,0,1,0,0,0,0,2,Vulnerable High-Risk
0,0.1050466464646622,1,1,1,1,1,1.1867433888151402,1,-0.3412250331732663,2,4,1,0,1,0,1,0,1,0,0,0,0,0,Critical Churn-Risk
0,-0.22090504374582,0,1,0,0,0,-0.3107385849841083,0,-0.4359286613192931,2,2,0,1,1,1,0,0,0,1,0,0,0,3,Loyal Low-Risk
1,-0.3431369275747509,0,1,1,0,1,0.1828819990540456,0,-0.3388515365206851,1,4,1,0,1,1,0,0,1,0,0,1,0,1,Stable Mid-Risk
1,1.4088534073065913,0,1,1,0,1,-0.1461983903047237,0,-0.5634113278206404,3,3,0,1,1,1,0,0,0,0,1,0,0,1,Stable Mid-Risk
0,-0.6690886177852331,1,0,0,0,0,0.2609970409725416,1,-0.1682481676777701,1,0,0,0,0,0,1,0,1,0,0,0,1,0,Critical Churn-Risk
0,-0.3838808888510611,0,0,0,0,0,-0.299104429804758,0,-0.3956987268390661,1,2,0,1,1,1,0,0,0,1,0,0,0,3,Loyal Low-Risk
0,-0.7505765403378537,0,0,0,0,1,-1.1201433810332029,0,-0.425075611637408,1,1,0,0,0,1,0,0,1,0,0,0,0,2,Vulnerable High-Risk
1,-1.2802480369298874,0,0,0,0,1,-1.4558718590658866,1,0.5585636568421748,0,0,0,0,0,0,0,1,1,0,0,0,1,2,Vulnerable High-Risk
0,-1.2802480369298874,0,0,0,0,0,-0.6547771738591854,1,1.9651522468555025,0,0,0,0,0,1,0,0,1,0,0,0,0,2,Vulnerable High-Risk
0,-1.1580161531009563,0,0,0,1,1,-0.4603205801471852,0,0.522377560335608,0,3,1,0,1,1,0,0,1,0,0,1,0,2,Vulnerable High-Risk
1,-0.6690886177852331,1,1,0,0,1,0.1429934670105583,0,-0.1926240011878864,1,3,1,0,0,1,0,0,1,0,0,0,1,2,Vulnerable High-Risk
0,0.5532302205040753,0,0,0,1,1,-0.6930036837341939,0,-0.557940096385496,2,2,1,0,0,1,0,0,1,0,0,0,1,2,Vulnerable High-Risk
1,1.4495973685829016,1,1,1,1,1,0.7213771816411229,0,-0.5207598387721171,3,5,1,1,1,1,0,0,0,0,1,0,0,1,Stable Mid-Risk
0,0.227278530293593,1,1,1,0,0,0.1712478438746953,0,-0.4577298972359725,2,4,0,0,0,1,0,0,1,0,0,0,1,2,Vulnerable High-Risk
0,-0.0986731599168891,0,0,0,0,1,-0.4786028240004503,1,-0.4773151307703707,2,1,0,0,1,1,0,0,1,0,0,0,0,2,Vulnerable High-Risk
0,-1.1172721918246462,0,0,0,0,0,0.4704118342008493,1,0.8688691618312837,0,1,1,0,0,0,1,0,1,0,0,0,1,0,Critical Churn-Risk
0,-0.6283446565089229,0,0,0,0,1,0.8692971546357213,0,-0.0772870174354035,1,3,1,0,1,0,1,0,1,0,0,1,0,0,Critical Churn-Risk
1,-1.1580161531009563,0,0,0,0,0,-1.4924363467724169,0,-0.2025116632314265,0,0,0,1,0,0,0,1,0,0,1,0,0,3,Loyal Low-Risk
0,-0.8320644628904743,0,0,0,0,0,-1.4841262359300234,0,-0.4861639681054834,0,0,0,1,0,0,0,1,0,1,0,0,1,3,Loyal Low-Risk
1,1.6125732136881423,1,1,1,1,1,0.8576629994563706,0,-0.5222221420437549,3,6,1,1,1,1,0,0,0,0,1,1,0,1,Stable Mid-Risk
0,-1.1987601143772668,0,0,0,1,1,0.9041996201737724,0,2.017680451461809,0,2,1,0,0,0,1,0,1,0,0,0,1,0,Critical Churn-Risk
0,0.960669833267178,1,0,1,0,1,0.9856387064292256,1,-0.4736718804603187,3,3,1,0,0,0,1,0,1,0,0,0,1,0,Critical Churn-Risk
0,0.3495104141225239,1,0,0,0,1,-1.327896152093032,0,-0.598029589026322,2,0,0,1,0,0,0,1,0,1,0,0,0,3,Loyal Low-Risk
0,0.3087664528462136,0,0,1,0,0,-0.9572652085222968,0,-0.5646003928699145,2,2,0,1,1,1,0,0,0,1,0,1,0,3,Loyal Low-Risk
0,-1.0357842692720256,0,1,1,1,1,0.4554536346845415,0,0.4783122331380949,0,5,1,0,0,1,0,0,1,0,0,0,1,2,Vulnerable High-Risk
0,1.490341329859212,0,0,0,0,0,-1.4907743246039378,0,-0.6338265877209903,3,0,0,1,1,0,0,1,0,0,1,1,0,3,Loyal Low-Risk
1,-1.0357842692720256,0,0,0,0,0,-1.4675060142452372,0,-0.3657868325493635,0,0,0,1,0,0,0,1,0,1,0,0,0,3,Loyal Low-Risk
1,-1.1172721918246462,0,0,0,0,1,-1.1400876470549464,0,-0.0737202874930001,0,1,0,0,0,1,0,0,1,0,0,0,1,2,Vulnerable High-Risk
1,1.6125732136881423,1,1,1,1,0,1.3728898716847469,0,-0.4974371444365172,3,5,1,1,1,0,1,0,0,0,1,1,0,1,Stable Mid-Risk
1,0.4717422979514547,0,0,0,0,1,-1.472492080750673,0,-0.6139177496788469,2,0,0,1,1,0,0,1,0,1,0,0,0,3,Loyal Low-Risk
0,1.3273654847539706,1,0,0,1,1,1.0205411719672768,0,-0.4981906277459845,3,3,1,1,0,0,1,0,0,1,0,0,1,1,Stable Mid-Risk
0,-1.1987601143772668,1,0,1,1,0,-0.0065885281525186,0,1.2180844480102493,0,2,1,0,0,1,0,0,1,0,0,0,1,2,Vulnerable High-Risk
0,-0.3431369275747509,0,0,1,0,1,-0.4553345136417494,0,-0.4284996723821154,1,1,0,0,1,1,0,0,1,0,0,1,0,2,Vulnerable High-Risk
0,0.4717422979514547,1,0,0,0,1,0.6648684279128493,1,-0.4471244876449936,2,2,0,0,1,0,1,0,1,0,0,0,0,0,Critical Churn-Risk
0,1.6125732136881423,1,1,1,1,0,0.8078023344020117,0,-0.524620690199294,3,6,1,1,1,1,0,0,0,0,1,1,0,1,Stable Mid-Risk
0,-0.3431369275747509,0,1,1,0,0,-0.3273588066688946,0,-0.4105233534724015,1,2,0,0,0,1,0,0,1,0,0,0,1,2,Vulnerable High-Risk
0,-1.2802480369298874,0,0,0,0,0,-0.461982602315664,1,2.303667343207257,0,1,0,0,0,1,0,0,1,0,0,0,0,2,Vulnerable High-Risk
0,-0.4246248501273714,0,0,0,0,1,-1.4741541029191516,0,-0.5633068386384171,1,0,0,0,1,0,0,1,1,0,0,0,0,2,Vulnerable High-Risk
1,1.5310852911355222,1,0,1,1,1,0.703094937787858,0,-0.5257861819086757,3,5,1,1,1,1,0,0,0,0,1,1,0,1,Stable Mid-Risk
1,-0.3023929662984406,1,0,0,1,0,-0.1478604124732022,0,-0.3961476858527951,2,1,1,0,0,1,0,0,1,0,0,0,1,2,Vulnerable High-Risk
1,0.1865345690172827,0,0,0,0,0,-1.495760391109374,0,-0.6062723189889101,2,0,0,1,1,0,0,1,0,0,1,0,0,3,Loyal Low-Risk
1,-0.4246248501273714,1,0,0,1,0,0.6831506717661141,0,-0.2339270822181935,1,1,1,0,1,0,1,0,1,0,0,0,0,0,Critical Churn-Risk
1,1.082901717096109,1,0,1,1,1,0.2427147971192763,0,-0.5268246894488839,3,3,1,1,1,1,0,0,0,0,1,0,0,1,Stable Mid-Risk
1,0.6754621043330061,1,0,0,1,1,1.1634750784564392,1,-0.4341026808734548,3,3,1,0,0,0,1,0,1,0,0,0,1,0,Critical Churn-Risk
1,0.5939741817803856,1,0,1,1,1,1.4144404258967127,1,-0.4060341374676218,2,4,1,0,1,0,1,0,1,0,0,0,0,0,Critical Churn-Risk
1,-0.0579291986405789,0,0,0,0,1,-1.504070501951767,1,-0.5957801173012833,2,0,0,0,0,0,0,1,1,0,0,0,0,2,Vulnerable High-Risk
1,-1.2802480369298874,0,0,0,0,1,0.5402167652769517,0,4.063362197518536,0,1,1,0,0,0,1,0,1,0,0,0,1,0,Critical Churn-Risk
0,-1.1987601143772668,0,0,0,0,1,-1.472492080750673,0,-0.0688565648442679,0,0,0,0,0,0,0,1,1,0,0,0,1,2,Vulnerable High-Risk
0,0.8384379494382472,1,0,1,1,1,1.5623603988913113,0,-0.4254214763590956,3,5,1,1,1,0,1,0,0,1,0,0,0,1,Stable Mid-Risk
0,-1.2802480369298874,0,0,0,0,0,-1.4824642137615447,0,0.5118719194143465,0,0,0,0,0,0,0,1,1,0,0,0,0,2,Vulnerable High-Risk
0,-0.506112772679992,0,0,0,0,1,-1.499084435446331,0,-0.5575912092897207,1,0,0,1,0,0,0,1,0,1,0,0,0,3,Loyal Low-Risk
0,-1.1987601143772668,0,1,0,0,1,0.4753979007062849,1,1.6412283184499434,0,2,0,0,0,0,1,0,1,0,0,0,1,0,Critical Churn-Risk
0,0.7569500268856267,0,0,0,0,1,-1.494098368940895,0,-0.6225352685257031,3,0,0,1,1,0,0,1,0,1,0,0,0,3,Loyal Low-Risk
0,0.7569500268856267,0,1,1,0,1,-0.1428743459677664,0,-0.5312843489852598,3,3,0,1,1,1,0,0,0,1,0,0,0,1,Stable Mid-Risk
1,-0.791320501614164,0,0,0,0,0,-1.504070501951767,0,-0.5040902601536674,1,0,0,1,0,0,0,1,0,0,1,0,0,3,Loyal Low-Risk
0,-1.2802480369298874,0,0,0,0,0,-1.459195903402844,0,0.5527271896636962,0,0,0,0,0,0,0,1,1,0,0,0,0,2,Vulnerable High-Risk
1,-1.2802480369298874,0,0,0,0,1,-1.454209836897408,0,0.5614818904314142,0,0,0,0,0,0,0,1,1,0,0,0,0,2,Vulnerable High-Risk
0,1.24587756220135,1,1,1,0,0,0.2227705310975329,0,-0.5366858871191882,3,4,0,1,0,1,0,0,0,1,0,0,1,1,Stable Mid-Risk
0,-1.1987601143772668,0,0,0,0,0,-0.3373309396797665,0,0.9277202058809424,0,1,1,0,0,1,0,0,1,0,0,0,0,2,Vulnerable High-Risk
0,0.5532302205040753,0,0,0,0,0,-1.5157046571311177,0,-0.6194092719886211,2,0,0,1,1,0,0,1,0,0,1,1,0,3,Loyal Low-Risk
0,-1.2802480369298874,1,0,0,0,1,-0.498547090022194,0,2.239466204243993,0,0,0,0,1,1,0,0,1,0,0,1,0,2,Vulnerable High-Risk
1,-0.9950403079957154,0,0,0,0,0,-1.3062898639028098,1,-0.3363613105245342,0,0,0,0,0,1,0,0,1,0,0,0,0,2,Vulnerable High-Risk
1,1.5718292524118322,0,0,0,0,0,-1.472492080750673,0,-0.6338590125386486,3,0,0,1,1,0,0,1,0,0,1,0,0,3,Loyal Low-Risk
1,0.9199258719908678,1,0,0,1,1,0.8510149107824564,0,-0.478659938876011,3,2,1,0,1,0,1,0,1,0,0,1,0,0,Critical Churn-Risk
0,1.5310852911355222,1,0,1,0,1,0.8460288442770204,0,-0.5187166582840398,3,3,0,1,1,0,1,0,0,1,0,0,0,1,Stable Mid-Risk
0,-1.2395040756535771,0,0,0,0,0,0.5302446322660801,1,2.474870380442628,0,1,1,0,0,0,1,0,1,0,0,0,1,0,Critical Churn-Risk
1,1.4088534073065913,1,1,1,1,0,1.323029206630388,0,-0.4875372545004195,3,4,1,1,1,0,1,0,0,0,1,0,0,1,Stable Mid-Risk
0,1.3273654847539706,1,0,0,1,1,0.8992135536683364,1,-0.5046461141706654,3,2,1,0,1,0,1,0,1,0,0,0,0,0,Critical Churn-Risk
0,-0.7505765403378537,0,0,0,0,0,-0.4852509126743647,0,-0.2764402474921546,1,1,0,0,1,1,0,0,1,0,0,1,0,2,Vulnerable High-Risk
1,-0.506112772679992,1,0,1,0,1,1.0205411719672768,0,-0.1362538644052701,1,3,1,0,1,0,1,0,1,0,0,0,0,0,Critical Churn-Risk
1,-1.2802480369298874,0,0,0,0,1,0.3507462380703874,1,3.73068356834526,0,1,0,0,0,0,1,0,1,0,0,0,1,0,Critical Churn-Risk
0,-1.2802480369298874,1,0,0,0,1,0.354070282407345,1,3.7365200355237382,0,0,0,0,0,0,1,0,1,0,0,0,1,0,Critical Churn-Risk
1,0.6754621043330061,1,0,0,1,1,1.0172171276303197,0,-0.444374863107577,3,2,1,0,1,0,1,0,1,0,0,0,0,0,Critical Churn-Risk
0,1.6125732136881423,1,1,0,1,1,1.213335743510798,0,-0.5051124985342424,3,4,1,1,1,0,1,0,0,0,1,0,0,1,Stable Mid-Risk
0,0.5532302205040753,1,1,0,0,0,-0.388853626902604,0,-0.5352151284352499,2,1,0,0,0,1,0,0,1,0,0,0,1,2,Vulnerable High-Risk
0,-0.3431369275747509,1,0,0,0,1,0.6665304500813278,0,-0.270915058563195,1,2,0,0,1,0,1,0,1,0,0,0,0,0,Critical Churn-Risk
1,-1.1172721918246462,0,0,1,0,0,-1.0154359844190488,0,-0.0007644477620183,0,2,0,0,0,1,0,0,1,0,0,0,1,2,Vulnerable High-Risk
1,0.0235587239120416,1,0,1,0,0,0.7911821127172253,0,-0.3629115141599661,2,3,0,0,1,0,1,0,1,0,0,1,0,0,Critical Churn-Risk
0,0.3902543753988342,1,1,0,0,1,-0.1545085011471169,0,-0.5038091014357674,2,2,0,1,1,1,0,0,0,1,0,0,0,1,Stable Mid-Risk
0,-0.3838808888510611,0,1,0,1,1,1.1684611449618754,0,-0.1809653718975431,1,4,1,1,1,0,1,0,0,1,0,1,0,1,Stable Mid-Risk
0,-0.9950403079957154,0,0,0,0,0,0.1961781764018748,0,0.2498793927359766,0,0,0,0,1,0,1,0,1,0,0,0,0,0,Critical Churn-Risk
0,1.368109446030281,0,1,0,0,1,-0.3323448731743307,0,-0.5716203009724602,3,2,0,1,0,1,0,0,0,1,0,0,0,1,Stable Mid-Risk
0,-0.3431369275747509,0,1,0,0,1,-0.5068572008645872,1,-0.4357368916834288,1,1,0,0,1,1,0,0,1,0,0,0,0,2,Vulnerable High-Risk
0,-0.3431369275747509,1,0,0,0,0,-0.3323448731743307,0,-0.4112237295338189,1,1,0,0,1,1,0,0,1,0,0,1,0,2,Vulnerable High-Risk
0,1.490341329859212,1,1,1,0,1,0.4587776790214986,1,-0.5360240734302001,3,5,1,1,1,1,0,0,0,1,0,1,0,1,Stable Mid-Risk
0,0.8384379494382472,0,0,0,1,1,1.1800953001412255,0,-0.4502805032303931,3,4,1,1,0,0,1,0,0,1,0,0,0,1,Stable Mid-Risk
0,1.1236456783724194,0,1,0,1,0,-0.3722334052178177,0,-0.5645257159607936,3,4,1,1,0,1,0,0,0,0,1,0,1,1,Stable Mid-Risk
0,-1.0357842692720256,0,0,0,1,1,0.5418787874454303,1,0.5162492697982053,0,1,1,0,0,0,1,0,1,0,0,0,1,0,Critical Churn-Risk
0,-0.506112772679992,0,0,0,0,1,-1.5107185906256817,0,-0.5595366983492135,1,0,0,1,1,0,0,1,0,1,0,1,0,3,Loyal Low-Risk
1,-0.3838808888510611,1,0,0,0,0,0.6914607826085073,0,-0.250759791906849,1,1,1,0,0,0,1,0,1,0,0,0,1,0,Critical Churn-Risk
1,1.6125732136881423,0,1,1,1,1,0.5319066544345585,0,-0.5378926566599439,3,5,1,1,0,1,0,0,0,0,1,0,1,1,Stable Mid-Risk
0,-0.8728084241667845,1,0,0,0,1,0.3374500607225587,1,0.0619775744066259,0,0,0,0,0,0,1,0,1,0,0,0,1,0,Critical Churn-Risk
0,-0.4653688114036817,0,0,0,0,0,-1.5024084797832884,0,-0.5630992172763368,1,0,0,1,0,0,0,1,0,0,1,0,0,3,Loyal Low-Risk
0,-1.2802480369298874,1,0,0,1,1,0.95572230739661,1,4.792920594828353,0,2,1,0,0,0,1,0,1,0,0,0,1,0,Critical Churn-Risk
0,-0.0579291986405789,1,0,0,1,1,0.8609870437933281,0,-0.3362397174583159,2,2,1,0,0,0,1,0,1,0,0,0,1,0,Critical Churn-Risk
0,1.0014137945434884,0,0,1,1,0,0.1645997552007807,0,-0.5267173521214635,3,4,1,1,0,1,0,0,0,0,1,0,0,1,Stable Mid-Risk
1,0.512486259227765,0,0,0,0,1,-1.4891123024354591,0,-0.616342562129809,2,0,0,1,1,0,0,1,0,0,1,0,0,3,Loyal Low-Risk
0,-0.9135523854430948,1,0,0,0,1,1.0122310611248837,0,0.3436755470891013,0,3,1,0,0,0,1,0,1,0,0,0,1,0,Critical Churn-Risk
0,1.0421577558197987,1,0,1,1,1,1.2399280982064562,1,-0.4650933323594507,3,4,1,0,1,0,1,0,1,0,0,1,0,0,Critical Churn-Risk
1,-0.7505765403378537,0,0,0,0,0,-1.4907743246039378,0,-0.511844423690789,1,0,0,0,0,0,0,1,1,0,0,0,0,2,Vulnerable High-Risk
0,-0.22090504374582,1,1,1,1,0,0.5335686766030371,0,-0.3300384710811825,2,4,1,1,0,1,0,0,0,1,0,0,0,1,Stable Mid-Risk
1,-0.7505765403378537,1,0,0,0,1,0.8676351324672428,1,0.0402853713932807,1,2,1,0,1,0,1,0,1,0,0,0,0,0,Critical Churn-Risk
1,-0.8320644628904743,0,0,0,0,0,-1.1833002234353909,1,-0.404902386620513,0,1,0,0,0,1,0,0,1,0,0,0,0,2,Vulnerable High-Risk
1,1.490341329859212,1,0,1,0,1,0.9474121965542168,0,-0.5115109112805902,3,3,1,1,1,0,1,0,0,0,1,0,0,1,Stable Mid-Risk
1,-0.3023929662984406,0,0,0,1,1,0.8094643565704907,1,-0.2668474898988091,2,3,1,0,1,0,1,0,1,0,0,0,0,0,Critical Churn-Risk
0,1.0421577558197987,1,1,0,1,1,1.4643010909510716,1,-0.4517387040697116,3,5,1,1,0,0,1,0,0,1,0,0,1,1,Stable Mid-Risk
1,0.1050466464646622,0,1,1,1,1,-0.6132266196472196,0,-0.5168054207924957,2,3,1,1,1,1,0,0,0,0,1,1,0,1,Stable Mid-Risk
0,-0.6690886177852331,1,0,0,1,1,0.6632064057443707,1,-0.0851643407841344,1,1,1,0,0,0,1,0,1,0,0,0,1,0,Critical Churn-Risk
1,0.512486259227765,1,0,0,1,0,0.4637637455269347,0,-0.4672588896360637,2,4,1,1,1,1,0,0,0,1,0,1,0,1,Stable Mid-Risk
0,-0.6283446565089229,0,0,0,1,1,0.6233178737008834,0,-0.1252757475695605,1,2,1,0,0,0,1,0,1,0,0,0,1,0,Critical Churn-Risk
1,-1.2802480369298874,0,0,0,0,1,-0.6348329078374417,1,2.000171049926374,0,0,0,0,0,1,0,0,1,0,0,0,1,2,Vulnerable High-Risk
0,-0.4246248501273714,0,0,0,0,0,-1.5024084797832884,0,-0.5676207491616403,1,0,0,1,0,0,0,1,0,1,0,0,0,3,Loyal Low-Risk
0,-1.2802480369298874,0,0,0,0,1,0.1712478438746953,1,3.415514340707419,0,0,0,0,0,0,1,0,1,0,0,0,1,0,Critical Churn-Risk
1,1.4088534073065913,0,1,1,0,0,0.1014429127985924,0,-0.5506225982677978,3,4,1,1,0,1,0,0,0,0,1,0,0,1,Stable Mid-Risk
1,1.4088534073065913,1,0,1,1,1,1.3579316721684396,0,-0.4857348161070658,3,4,1,1,1,0,1,0,0,0,1,0,0,1,Stable Mid-Risk
0,-1.2395040756535771,0,0,0,1,0,-0.6713973955439717,1,1.0682817904293005,0,2,1,0,0,1,0,0,1,0,0,0,1,2,Vulnerable High-Risk
0,-0.3838808888510611,1,0,0,0,1,0.3374500607225587,1,-0.302558438115846,1,0,0,0,0,0,1,0,1,0,0,0,1,0,Critical Churn-Risk
0,-0.9542963467194052,0,0,0,0,0,0.3557323045758235,0,0.214212093311941,0,1,0,0,1,0,1,0,1,0,0,1,0,0,Critical Churn-Risk
0,-1.1172721918246462,0,0,0,0,0,-1.4841262359300234,0,-0.2750784051505096,0,0,0,0,0,0,0,1,1,0,0,0,0,2,Vulnerable High-Risk
0,0.8791819107145575,0,1,1,1,0,-0.6514531295222281,0,-0.5711641537411435,3,3,1,1,1,1,0,0,0,0,1,1,0,1,Stable Mid-Risk
0,1.0014137945434884,0,0,0,1,1,1.0122310611248837,1,-0.4753966924486349,3,3,1,1,0,0,1,0,0,0,1,0,1,1,Stable Mid-Risk
0,-0.3431369275747509,1,0,0,1,1,0.8327326669291911,1,-0.2475691898492807,1,2,1,0,0,0,1,0,1,0,0,0,0,0,Critical Churn-Risk
1,0.6754621043330061,1,0,0,1,0,1.1850813666466615,1,-0.4325851994070504,3,3,1,1,0,0,1,0,0,1,0,0,0,1,Stable Mid-Risk
0,-1.1172721918246462,1,0,0,0,0,-0.5866342649515616,1,0.2502036409125587,0,0,0,0,0,1,0,0,1,0,0,0,1,2,Vulnerable High-Risk
0,-1.2395040756535771,0,0,0,0,1,0.5119623884128152,1,2.453470000788207,0,1,1,0,0,0,1,0,1,0,0,0,1,0,Critical Churn-Risk
1,-1.1580161531009563,1,0,1,0,1,0.7413214476628662,1,1.366330714343604,0,2,0,0,0,0,1,0,1,0,0,0,0,0,Critical Churn-Risk
1,1.5310852911355222,1,1,1,1,1,0.480383967211721,0,-0.5368014861610154,3,5,1,1,1,1,0,0,0,0,1,0,0,1,Stable Mid-Risk
0,-1.1172721918246462,1,0,0,0,1,0.3690284819236528,1,0.809531745516752,0,0,0,0,1,0,1,0,1,0,0,0,0,0,Critical Churn-Risk
1,0.8384379494382472,1,1,1,1,0,0.6947848269454648,0,-0.4818406590843881,3,5,1,0,0,1,0,0,1,0,0,0,1,1,Stable Mid-Risk
0,0.5939741817803856,1,1,0,1,1,1.128572612918388,1,-0.4269481448571699,2,4,1,0,0,0,1,0,1,0,0,0,1,0,Critical Churn-Risk
1,-0.0579291986405789,0,0,0,0,0,-1.485788258098502,0,-0.5937738317086815,2,0,0,1,1,0,0,1,0,1,0,1,0,3,Loyal Low-Risk
1,-0.791320501614164,0,0,1,0,0,-0.099661769587322,0,-0.1518177768812129,1,3,0,0,1,1,0,0,1,0,0,0,0,2,Vulnerable High-Risk
1,-0.1801610824695097,1,0,0,0,0,-0.4952230456852367,0,-0.4662394767030911,2,0,0,0,0,1,0,0,1,0,0,0,0,2,Vulnerable High-Risk
0,-0.9135523854430948,1,0,0,0,0,0.7197151594726443,1,0.2502920722334448,0,1,1,0,0,0,1,0,1,0,0,0,1,0,Critical Churn-Risk
0,0.227278530293593,0,0,0,0,0,-1.4758161250876305,0,-0.6060360247711579,2,0,0,1,1,0,0,1,0,0,1,0,0,3,Loyal Low-Risk
0,-1.2802480369298874,0,0,0,0,1,-0.648129085185271,1,1.9768251812124595,0,0,0,0,0,1,0,0,1,0,0,0,0,2,Vulnerable High-Risk
0,1.4088534073065913,1,0,0,1,0,1.3064089849456015,1,-0.4883955584972545,3,4,1,1,0,0,1,0,0,1,0,0,1,1,Stable Mid-Risk
0,0.797693988161937,0,1,0,1,1,0.3524082602388664,0,-0.5010304411072684,3,4,1,1,0,1,0,0,0,1,0,0,0,1,Stable Mid-Risk
1,1.2051336009250395,0,1,1,1,0,1.4410327805923713,0,-0.4667090775105549,3,6,1,1,0,0,1,0,0,0,1,0,0,1,Stable Mid-Risk
0,-0.6690886177852331,0,0,0,0,1,0.7130670707987297,0,-0.0748646928221135,1,2,1,0,0,0,1,0,1,0,0,0,1,0,Critical Churn-Risk
0,-1.1172721918246462,1,0,0,0,1,0.5385547431084732,1,0.9087516875508872,0,1,0,0,0,0,1,0,1,0,0,0,1,0,Critical Churn-Risk
0,-0.8320644628904743,0,0,0,1,0,1.0271892606411914,0,0.1922131016392143,0,3,1,1,0,0,1,0,0,1,0,0,1,0,Critical Churn-Risk
1,1.6125732136881423,1,1,1,1,1,1.7302246379076531,0,-0.4802475493218202,3,6,1,1,1,0,1,0,0,0,1,0,0,1,Stable Mid-Risk
0,1.5718292524118322,1,0,1,1,0,1.361255716505397,0,-0.495648227270511,3,4,1,1,1,0,1,0,0,1,0,0,0,1,Stable Mid-Risk
0,-0.3431369275747509,0,0,0,0,0,-1.4841262359300234,0,-0.573010599721244,1,0,0,1,0,0,0,1,0,1,0,0,0,3,Loyal Low-Risk
0,-0.7098325790615434,0,0,0,0,0,-1.5024084797832884,0,-0.524101004765594,1,0,0,1,0,0,0,1,0,0,1,0,0,3,Loyal Low-Risk
0,1.4088534073065913,0,1,0,0,1,0.8576629994563706,1,-0.5115697664118017,3,3,1,1,1,0,1,0,0,1,0,1,0,1,Stable Mid-Risk
1,-1.2395040756535771,1,1,0,0,0,-0.1279161464514586,0,1.704456712883461,0,2,0,0,1,1,0,0,1,0,0,0,0,2,Vulnerable High-Risk
1,-1.1172721918246462,0,0,0,0,0,-1.3212480634191175,0,-0.1797494412353601,0,0,0,0,0,1,0,0,1,0,0,0,0,2,Vulnerable High-Risk
0,-0.7098325790615434,0,0,0,1,0,0.776223913200918,1,-0.0239887234097141,1,2,1,0,0,0,1,0,1,0,0,0,1,0,Critical Churn-Risk
0,-1.2802480369298874,0,0,0,0,1,-1.4824642137615447,1,0.5118719194143465,0,0,0,0,0,0,0,1,1,0,0,0,0,2,Vulnerable High-Risk
1,0.3495104141225239,0,1,0,0,1,-0.149522434641681,0,-0.4995044645134343,2,3,0,1,1,1,0,0,0,1,0,0,0,1,Stable Mid-Risk
1,0.4309983366751445,0,1,0,0,1,-0.0281948163427406,0,-0.4974389615184533,2,3,1,0,0,1,0,0,1,0,0,0,1,2,Vulnerable High-Risk
0,-1.2802480369298874,1,0,0,0,0,0.3158437725323362,0,3.6694006629712352,0,0,0,0,0,0,1,0,1,0,0,0,1,0,Critical Churn-Risk
0,-1.2802480369298874,0,0,0,0,1,0.1928541320649173,0,3.453451377367529,0,0,0,0,0,0,1,0,1,0,0,0,0,0,Critical Churn-Risk
1,-0.2616490050221303,0,0,0,1,1,0.8643110881302852,1,-0.2745379915228727,2,2,1,0,0,0,1,0,1,0,0,0,1,0,Critical Churn-Risk
0,-0.4246248501273714,1,0,0,0,1,0.4837080115486781,1,-0.2643782153232989,1,1,0,0,0,0,1,0,1,0,0,0,1,0,Critical Churn-Risk
0,1.5718292524118322,1,1,1,1,0,0.856000977287892,0,-0.5202910886907537,3,6,1,1,1,1,0,0,0,0,1,0,0,1,Stable Mid-Risk
0,-1.0357842692720256,0,0,0,0,0,-1.5073945462887242,0,-0.3832962340847992,0,0,0,1,0,0,0,1,0,0,1,0,0,3,Loyal Low-Risk
0,-0.1801610824695097,1,0,1,0,0,-0.0115745946579542,0,-0.4076735474293927,2,3,0,0,1,1,0,0,1,0,0,0,0,2,Vulnerable High-Risk
0,-0.6690886177852331,0,0,0,0,0,0.1612757108638236,0,-0.1888474636018119,1,0,0,0,0,0,1,0,1,0,0,0,1,0,Critical Churn-Risk
0,-1.0357842692720256,0,0,0,0,0,-1.5057325241202455,0,-0.3825666756874893,0,0,0,1,0,0,0,1,0,1,0,0,0,3,Loyal Low-Risk
0,1.490341329859212,1,0,1,1,1,1.5191478225108668,0,-0.4828288440034957,3,5,1,1,1,0,1,0,0,0,1,0,0,1,Stable Mid-Risk
1,-1.2802480369298874,0,0,0,0,0,-1.3328822185984677,0,0.7745129424458806,0,0,0,0,0,1,0,0,1,0,0,0,0,2,Vulnerable High-Risk
0,-1.1987601143772668,0,1,0,1,1,0.4188891469780118,0,1.591618347432876,0,4,1,0,0,1,0,0,1,0,0,0,1,2,Vulnerable High-Risk
0,-0.4653688114036817,0,0,0,1,1,1.0637537483477213,1,-0.1534853389322068,1,3,1,0,1,0,1,0,1,0,0,0,0,0,Critical Churn-Risk
0,1.490341329859212,1,0,0,0,1,0.6848126939345931,0,-0.5246846514834418,3,2,0,0,1,0,1,0,1,0,0,0,0,0,Critical Churn-Risk
0,1.5718292524118322,0,1,1,0,1,-0.5716760654352537,0,-0.5899233846117684,3,4,0,1,1,1,0,0,0,0,1,0,0,1,Stable Mid-Risk
1,1.490341329859212,0,0,0,0,0,-1.509056568457203,0,-0.6347437468490369,3,0,0,1,0,0,0,1,0,0,1,0,0,3,Loyal Low-Risk
0,0.6347181430566958,1,0,1,1,1,1.2980988741032085,0,-0.4196997092158707,2,4,1,0,0,0,1,0,1,0,0,0,1,0,Critical Churn-Risk
0,0.5939741817803856,1,0,0,0,1,0.6166697850269688,1,-0.4643988092524072,2,2,0,0,1,0,1,0,1,0,0,0,0,0,Critical Churn-Risk
0,-1.2395040756535771,1,0,0,0,1,-0.5118432673700231,1,1.2550487401406134,0,0,0,0,0,1,0,0,1,0,0,0,1,2,Vulnerable High-Risk
0,0.512486259227765,1,1,1,1,1,1.451004913603243,0,-0.3918923352009278,2,5,1,0,1,0,1,0,1,0,0,1,0,1,Stable Mid-Risk
0,0.7569500268856267,1,0,0,0,0,0.5385547431084732,0,-0.4852660500780251,3,1,0,0,1,0,1,0,1,0,0,0,0,0,Critical Churn-Risk
0,-0.4246248501273714,1,1,1,1,1,0.4787219450432425,1,-0.2651394936509266,1,4,1,0,0,1,0,0,1,0,0,0,1,2,Vulnerable High-Risk
0,1.6125732136881423,1,1,1,1,0,0.726363248146559,0,-0.5285383188533412,3,6,1,1,1,1,0,0,0,0,1,0,0,1,Stable Mid-Risk
1,0.1865345690172827,1,0,0,1,1,0.9357780413748666,0,-0.3815683326174864,2,3,1,0,0,0,1,0,1,0,0,0,1,0,Critical Churn-Risk
1,1.5718292524118322,1,1,1,1,0,0.8493528886139774,0,-0.5206153368673359,3,6,1,1,0,1,0,0,0,0,1,0,1,1,Stable Mid-Risk
1,-1.0357842692720256,0,0,0,0,0,-0.5351115777287238,1,0.0434954283414439,0,1,0,0,0,1,0,0,1,0,0,0,1,2,Vulnerable High-Risk
0,1.368109446030281,1,0,0,0,1,-1.3179240190821602,0,-0.6232773910745165,3,0,0,1,1,0,0,1,0,0,1,1,0,3,Loyal Low-Risk
1,0.7569500268856267,0,1,1,1,1,0.3856487036084391,0,-0.4955921073937948,3,4,1,1,1,1,0,0,0,1,0,0,0,1,Stable Mid-Risk
1,-0.0986731599168891,0,0,0,0,0,-1.504070501951767,0,-0.5934796549355726,2,0,0,1,1,0,0,1,0,1,0,0,0,3,Loyal Low-Risk
0,0.0643026851883519,1,0,0,1,0,0.6831506717661141,0,-0.3824416085336647,2,1,1,0,0,0,1,0,1,0,0,0,1,0,Critical Churn-Risk
1,1.2866215234776603,1,0,0,0,1,-1.3295581742615106,0,-0.6225577164763895,3,0,0,1,0,0,0,1,0,0,1,0,0,3,Loyal Low-Risk
0,1.3273654847539706,1,0,0,1,1,1.274830563744508,0,-0.4846606356504208,3,4,1,1,1,0,1,0,0,1,0,0,0,1,Stable Mid-Risk
0,0.5939741817803856,1,1,1,1,0,1.1950534996575333,0,-0.4220844222084377,2,4,1,0,0,0,1,0,1,0,0,0,0,0,Critical Churn-Risk
0,-1.2802480369298874,0,1,0,1,1,1.023865216304234,1,4.9125681719871634,0,3,1,0,0,0,1,0,1,0,0,0,1,0,Critical Churn-Risk
0,0.6754621043330061,1,1,0,0,1,-0.1678046784949459,1,-0.5276028850726809,3,2,0,0,1,1,0,0,1,0,0,1,0,2,Vulnerable High-Risk
1,1.4088534073065913,1,0,1,1,0,0.974004551249875,0,-0.5055616384339562,3,3,1,1,1,0,1,0,0,0,1,1,0,1,Stable Mid-Risk
1,0.2680224915699033,0,0,0,0,0,-1.5107185906256817,0,-0.6106266306865382,2,0,0,1,1,0,0,1,0,1,0,0,0,3,Loyal Low-Risk
0,-0.7505765403378537,0,0,0,0,0,-1.4924363467724169,0,-0.5122335215026875,1,0,0,0,0,0,0,1,1,0,0,0,0,2,Vulnerable High-Risk
0,0.4309983366751445,0,1,1,1,1,1.4410327805923713,1,-0.3801790300235663,2,5,1,0,1,0,1,0,1,0,0,1,0,1,Stable Mid-Risk
0,0.960669833267178,1,0,0,1,1,1.205025632668405,0,-0.4601558512048948,3,3,1,0,0,0,1,0,1,0,0,0,1,0,Critical Churn-Risk
0,-0.7505765403378537,0,0,1,0,0,-0.1894109666851681,0,-0.2071808369742093,1,2,1,1,1,1,0,0,0,1,0,1,0,1,Stable Mid-Risk
0,-1.2802480369298874,0,0,0,0,0,0.2177844645920968,1,3.4972248812061184,0,0,0,0,0,0,1,0,1,0,0,0,1,0,Critical Churn-Risk
1,-0.6690886177852331,0,1,0,0,1,-0.2974424076362792,0,-0.2836042248524047,1,2,0,1,0,1,0,0,0,1,0,0,0,2,Vulnerable High-Risk
1,1.5310852911355222,1,1,0,1,1,1.3712278495162684,0,-0.4927402691516563,3,4,1,0,0,0,1,0,1,0,0,0,1,0,Critical Churn-Risk
0,1.6125732136881423,1,1,0,1,1,0.6416001175541483,0,-0.5326158507177577,3,5,1,1,1,1,0,0,0,0,1,1,0,1,Stable Mid-Risk
1,-0.3838808888510611,0,0,0,0,1,0.3490842159019089,0,-0.3008561351887898,1,1,0,0,1,0,1,0,1,0,0,1,0,0,Critical Churn-Risk
1,-0.4653688114036817,1,0,0,0,0,-1.3328822185984677,0,-0.5360392330852091,1,0,0,0,0,0,0,1,1,0,0,0,0,2,Vulnerable High-Risk
0,-1.2802480369298874,0,0,0,0,1,-1.4841262359300234,1,0.5089536858251071,0,0,0,0,0,0,0,1,1,0,0,0,0,2,Vulnerable High-Risk
1,-1.2802480369298874,0,0,0,0,0,0.1645997552007807,1,3.403841406350462,0,0,0,0,1,0,1,0,1,0,0,0,0,0,Critical Churn-Risk
0,-0.0171852373642686,1,0,0,1,1,0.9440881522172598,1,-0.3374224863751667,2,2,1,0,0,0,1,0,1,0,0,0,1,0,Critical Churn-Risk
1,-0.6283446565089229,0,0,0,1,0,0.5335686766030371,1,-0.1427851491049961,1,1,1,0,0,0,1,0,1,0,0,0,1,0,Critical Churn-Risk
0,-1.1580161531009563,0,1,0,0,1,-1.0353802504407923,1,0.118494031584893,0,2,0,0,0,1,0,0,1,0,0,0,1,2,Vulnerable High-Risk
0,0.1457906077409725,1,0,0,0,0,-0.299104429804758,0,-0.4910539811469113,2,1,0,1,0,1,0,0,0,1,0,0,1,3,Loyal Low-Risk
0,0.7162060656093164,0,0,1,0,0,-0.8342755680548777,0,-0.576228667506711,3,3,0,1,1,1,0,0,0,0,1,1,0,1,Stable Mid-Risk
1,0.6347181430566958,0,0,1,0,1,-1.173328090424519,0,-0.5968186213464336,2,1,0,0,1,1,0,0,1,0,0,1,0,2,Vulnerable High-Risk
1,0.7162060656093164,0,0,0,0,0,-1.4841262359300234,0,-0.6209749158750464,3,0,0,1,1,0,0,1,0,0,1,1,0,3,Loyal Low-Risk
0,1.6125732136881423,1,1,1,0,0,0.4903561002225927,0,-0.5398914467895598,3,5,1,1,1,1,0,0,0,0,1,1,0,1,Stable Mid-Risk
1,-0.9135523854430948,1,0,0,0,0,-1.3295581742615106,0,-0.4039228396814676,0,0,0,0,1,0,0,1,1,0,0,1,0,2,Vulnerable High-Risk
0,-0.5876006952326126,0,0,0,0,0,-1.5007464576148095,0,-0.5463717347887357,1,0,0,0,0,0,0,1,1,0,0,0,0,2,Vulnerable High-Risk
0,-1.2802480369298874,0,0,0,1,1,0.503652277570422,1,3.999161058555273,0,1,1,0,0,0,1,0,1,0,0,0,1,0,Critical Churn-Risk
0,-1.2802480369298874,0,0,0,0,0,-1.5123806127941604,1,0.4593437148080397,0,0,0,0,0,0,0,1,1,0,0,0,1,2,Vulnerable High-Risk
0,-0.9542963467194052,0,0,0,1,1,0.9723425290813964,0,0.4307450256334947,0,3,1,0,0,0,1,0,1,0,0,0,1,0,Critical Churn-Risk
0,-1.2395040756535771,1,1,0,0,0,0.8626490659618067,0,2.863968192341197,0,2,1,0,0,0,1,0,1,0,0,0,0,0,Critical Churn-Risk
0,0.3087664528462136,1,0,1,0,1,0.4670877898638917,0,-0.4426039935539119,2,1,0,0,1,0,1,0,1,0,0,1,0,0,Critical Churn-Risk
0,1.490341329859212,1,0,0,1,0,1.1535029454455674,0,-0.5011720265644282,3,3,1,1,1,0,1,0,0,1,0,0,0,1,Stable Mid-Risk
0,0.1865345690172827,1,1,1,0,1,1.143530812434696,1,-0.3623694274251228,2,4,1,1,0,0,1,0,0,1,0,0,1,1,Stable Mid-Risk
1,-0.5876006952326126,1,0,0,0,1,0.5235965435921655,0,-0.1722234703999537,1,1,0,0,1,0,1,0,1,0,0,1,0,0,Critical Churn-Risk
0,-0.8728084241667845,0,0,0,0,1,0.1795579547170885,0,0.0157722092436709,0,0,0,0,0,0,1,0,1,0,0,0,1,0,Critical Churn-Risk
0,-0.9950403079957154,1,0,0,0,1,0.6781646052606785,1,0.4379433351536184,0,1,1,0,1,0,1,0,1,0,0,1,0,0,Critical Churn-Risk
0,-1.1987601143772668,1,0,0,0,0,0.3474221937334304,1,1.5288763252642317,0,0,0,0,0,0,1,0,1,0,0,0,1,0,Critical Churn-Risk
1,0.9199258719908678,0,1,0,0,0,-0.1777768115058176,0,-0.5431737457238361,3,2,1,1,1,1,0,0,0,1,0,1,0,1,Stable Mid-Risk
0,0.0235587239120416,1,0,0,0,1,0.9490742187226954,0,-0.3466037382200995,2,3,1,0,0,0,1,0,1,0,0,0,1,0,Critical Churn-Risk
0,0.5532302205040753,0,0,0,0,0,-0.6597632403646212,0,-0.5554564933308244,2,0,0,0,1,1,0,0,1,0,0,0,0,2,Vulnerable High-Risk
0,0.0643026851883519,1,0,0,0,0,-1.286345597881066,0,-0.5800477115764382,2,0,0,1,1,0,0,1,0,0,1,0,0,3,Loyal Low-Risk
0,-1.1987601143772668,0,0,0,0,0,-1.4824642137615447,0,-0.0776112656119857,0,0,0,0,0,0,0,1,1,0,0,0,1,2,Vulnerable High-Risk
1,-0.0986731599168891,0,0,0,0,0,-1.4475617482234937,0,-0.5870783683527252,2,0,0,1,0,0,0,1,0,0,1,0,0,3,Loyal Low-Risk
0,0.0235587239120416,1,1,1,0,0,-0.1794388336742964,0,-0.4631614209903033,2,2,0,1,0,1,0,0,0,1,0,0,1,1,Stable Mid-Risk
1,0.512486259227765,1,0,0,0,1,1.0039209502824906,0,-0.4260229802229002,2,3,1,1,1,0,1,0,0,1,0,1,0,1,Stable Mid-Risk
0,0.3087664528462136,0,1,1,0,1,-0.0963377252503647,0,-0.4908616124198685,2,3,0,0,0,1,0,0,1,0,0,0,0,2,Vulnerable High-Risk
0,1.5718292524118322,1,1,1,1,1,1.7900574359728842,0,-0.4747342198809628,3,6,1,1,0,0,1,0,0,0,1,0,1,1,Stable Mid-Risk
0,-1.2802480369298874,1,0,0,0,0,-0.3473030726906382,1,2.505025460864767,0,1,0,0,0,1,0,0,1,0,0,0,1,2,Vulnerable High-Risk
1,1.6125732136881423,0,1,1,1,0,-0.0115745946579542,0,-0.5640368315553203,3,6,1,1,1,1,0,0,0,0,1,0,0,1,Stable Mid-Risk
1,-0.4246248501273714,0,0,0,0,1,0.5103003662443366,0,-0.2603180642426181,1,1,1,0,0,0,1,0,1,0,0,0,1,0,Critical Churn-Risk
1,0.5532302205040753,0,0,0,0,1,-1.4824642137615447,0,-0.6169256689339493,2,0,0,1,1,0,0,1,0,1,0,0,0,3,Loyal Low-Risk
1,0.9199258719908678,0,0,0,0,0,-1.4558718590658866,0,-0.623320946799729,3,0,0,1,0,0,0,1,0,0,1,0,0,3,Loyal Low-Risk
0,-1.2802480369298874,0,0,0,0,0,-1.4741541029191516,0,0.5264630873605428,0,0,0,0,0,0,0,1,1,0,0,0,0,2,Vulnerable High-Risk
0,-0.8320644628904743,1,0,1,1,1,0.3673664597551738,0,0.0139763731887543,0,3,1,1,0,1,0,0,0,1,0,0,0,1,Stable Mid-Risk
0,-0.0579291986405789,1,0,0,0,1,0.5202724992552084,0,-0.373629585320444,2,1,0,0,0,0,1,0,1,0,0,0,1,0,Critical Churn-Risk
0,-1.1172721918246462,0,0,0,0,1,-1.3245721077560746,1,-0.181694930294853,0,0,0,0,0,1,0,0,1,0,0,0,1,2,Vulnerable High-Risk
1,1.4088534073065913,1,1,0,1,1,0.3557323045758235,0,-0.5374905471162211,3,3,1,1,0,1,0,0,0,0,1,0,1,1,Stable Mid-Risk
0,-1.2802480369298874,0,0,0,0,0,-0.6763834620494076,0,1.927215210195392,0,0,0,0,0,1,0,0,1,0,0,0,0,2,Vulnerable High-Risk
0,0.3087664528462136,0,1,0,0,1,-0.7461883931255102,1,-0.5465215799024321,2,3,0,1,0,1,0,0,0,1,0,0,1,1,Stable Mid-Risk
1,0.3495104141225239,1,1,0,1,1,0.3241538833747294,0,-0.4598998658023299,2,4,1,0,1,1,0,0,1,0,0,1,0,1,Stable Mid-Risk
0,-1.2802480369298874,1,0,0,0,1,0.3490842159019089,1,3.727765334756021,0,0,0,0,0,0,1,0,1,0,0,0,1,0,Critical Churn-Risk
0,0.7569500268856267,1,1,0,1,1,0.997272861608576,1,-0.454287878130716,3,3,1,1,0,0,1,0,0,1,0,0,1,1,Stable Mid-Risk
1,0.3902543753988342,0,1,1,1,0,-0.5533938215819889,0,-0.5363847321993684,2,4,1,1,1,1,0,0,0,0,1,1,0,1,Stable Mid-Risk
1,-0.3838808888510611,0,0,0,0,0,-1.5007464576148095,0,-0.5715223005907321,1,0,0,1,0,0,0,1,0,1,0,0,0,3,Loyal Low-Risk
0,-1.2802480369298874,0,0,0,0,1,0.1911921098964387,1,3.4505331437782902,0,0,0,0,0,0,1,0,1,0,0,0,1,0,Critical Churn-Risk
0,-1.2802480369298874,0,0,0,0,0,-1.4841262359300234,0,0.5089536858251071,0,0,0,0,0,0,0,1,1,0,0,0,0,2,Vulnerable High-Risk
0,0.960669833267178,1,1,0,1,1,1.3895100933695332,0,-0.4487900993310155,3,4,1,0,1,0,1,0,1,0,0,1,0,0,Critical Churn-Risk
1,-0.7098325790615434,1,0,0,1,1,0.8709591768041999,0,-0.0031963090863844,1,2,1,0,0,0,1,0,1,0,0,0,1,0,Critical Churn-Risk
1,-0.8320644628904743,1,0,0,0,1,-1.3096139082397669,0,-0.4390232716639259,0,0,0,1,1,0,0,1,0,0,1,0,0,3,Loyal Low-Risk
1,0.8791819107145575,0,1,1,0,0,0.1712478438746953,0,-0.5186359491348367,3,4,1,1,1,1,0,0,0,0,1,0,0,1,Stable Mid-Risk
0,-1.0357842692720256,0,0,0,1,1,0.0682024694290198,0,0.3083251265649074,0,2,1,0,0,1,0,0,1,0,0,0,1,2,Vulnerable High-Risk
1,0.0235587239120416,1,0,0,0,0,0.7097430264617727,1,-0.3713228933289497,2,1,1,0,1,0,1,0,1,0,0,1,0,0,Critical Churn-Risk
1,-0.6690886177852331,0,0,0,0,0,-1.4841262359300234,0,-0.5287358463485032,1,0,0,0,0,0,0,1,1,0,0,0,1,2,Vulnerable High-Risk
1,-0.4653688114036817,0,1,0,0,0,0.0017215826898744,0,-0.3230081810707425,1,3,1,1,0,1,0,0,0,1,0,0,0,1,Stable Mid-Risk
0,-0.0986731599168891,1,0,0,1,0,0.3341260163856011,0,-0.3852495678582415,2,3,1,1,0,1,0,0,0,0,1,0,1,1,Stable Mid-Risk
0,-1.1987601143772668,0,0,1,0,1,-0.4752787796634931,0,0.8066135119275126,0,1,0,0,0,1,0,0,1,0,0,0,0,2,Vulnerable High-Risk
0,-0.8728084241667845,0,0,0,0,0,0.2693071518149348,0,0.0420363115468242,0,1,0,0,0,0,1,0,1,0,0,0,1,0,Critical Churn-Risk
0,1.2051336009250395,1,1,1,1,1,1.6703918398424222,0,-0.4539244351196019,3,6,1,1,1,0,1,0,0,1,0,1,0,1,Stable Mid-Risk
0,-0.5876006952326126,0,0,0,0,0,-1.522352745805032,0,-0.5503651070687473,1,0,0,0,0,0,0,1,1,0,0,0,1,2,Vulnerable High-Risk
1,-1.076528230548336,0,0,0,0,0,-1.504070501951767,0,-0.3410860696690168,0,0,0,0,0,0,0,1,1,0,0,0,0,2,Vulnerable High-Risk
0,0.5532302205040753,1,0,0,1,1,1.2066876548368837,0,-0.4160021818110074,2,3,1,1,0,0,1,0,0,1,0,0,1,1,Stable Mid-Risk
0,-0.4653688114036817,1,0,0,0,1,0.6416001175541483,0,-0.2208700054473681,1,1,1,0,0,0,1,0,1,0,0,0,1,0,Critical Churn-Risk
0,1.4495973685829016,1,0,0,0,1,-1.3511644624517327,0,-0.6262391803889683,3,0,0,1,1,0,0,1,0,0,1,0,0,3,Loyal Low-Risk
0,-1.2802480369298874,1,0,0,0,1,-0.4885749570113221,0,2.256975605779429,0,0,0,0,0,1,0,0,1,0,0,0,1,2,Vulnerable High-Risk
0,-0.3023929662984406,0,0,0,0,1,0.325815905543208,0,-0.3321710263963958,2,1,0,0,0,0,1,0,1,0,0,0,1,0,Critical Churn-Risk
1,-0.3431369275747509,0,0,0,0,0,-1.4974224132778524,0,-0.5748782692183572,1,0,0,1,0,0,0,1,0,0,1,0,0,3,Loyal Low-Risk
0,-0.0986731599168891,1,0,0,0,1,0.6715165165867639,1,-0.3470301214959466,2,1,1,0,0,0,1,0,1,0,0,0,1,0,Critical Churn-Risk
0,-1.2395040756535771,0,0,0,0,0,0.5235965435921655,1,2.467088424204656,0,1,1,0,0,0,1,0,1,0,0,0,1,0,Critical Churn-Risk
0,0.7569500268856267,1,0,0,1,1,1.396158182043448,0,-0.4273503373069689,3,4,1,1,1,0,1,0,0,1,0,0,0,1,Stable Mid-Risk
1,1.0014137945434884,1,1,1,1,1,0.6548962949019775,0,-0.4970318725067882,3,5,1,1,0,1,0,0,0,0,1,0,1,1,Stable Mid-Risk
0,-0.7098325790615434,1,0,0,0,0,-1.3212480634191175,0,-0.4843400721122088,1,0,0,1,1,0,0,1,0,0,1,0,0,3,Loyal Low-Risk
1,1.6125732136881423,0,1,1,1,1,0.6283039402063195,0,-0.5332554635592348,3,6,1,1,1,1,0,0,0,0,1,0,0,1,Stable Mid-Risk
0,-1.2395040756535771,0,0,0,0,1,0.3657044375866952,1,2.282266963552836,0,1,0,0,0,0,1,0,1,0,0,0,1,0,Critical Churn-Risk
0,-0.1801610824695097,1,0,0,1,0,1.0571056596738069,0,-0.2782649820582996,2,3,1,0,1,0,1,0,1,0,0,1,0,0,Critical Churn-Risk
0,-0.1394171211931994,1,0,0,1,1,1.1202625020759949,1,-0.2838331059182274,2,3,1,0,0,0,1,0,1,0,0,0,1,0,Critical Churn-Risk
1,1.5310852911355222,0,1,1,1,1,1.2066876548368837,0,-0.5008784416962955,3,5,1,1,1,0,1,0,0,0,1,1,0,1,Stable Mid-Risk
0,-0.791320501614164,0,0,0,0,0,-1.4824642137615447,0,-0.4986706834879373,1,0,0,1,0,0,0,1,0,1,0,0,0,3,Loyal Low-Risk
0,1.082901717096109,1,1,1,0,1,0.9723425290813964,0,-0.4841212045930159,3,4,0,1,0,0,1,0,0,1,0,0,1,1,Stable Mid-Risk
0,-0.791320501614164,1,0,0,1,1,1.0122310611248837,1,0.1270819761475115,1,2,1,0,0,0,1,0,1,0,0,0,1,0,Critical Churn-Risk
0,-1.0357842692720256,1,0,0,0,1,0.3191678168692938,1,0.41848844455869,0,0,0,0,0,0,1,0,1,0,0,0,0,0,Critical Churn-Risk
0,1.2051336009250395,0,1,1,1,0,0.5385547431084732,0,-0.5170138660488699,3,5,1,1,0,1,0,0,0,0,1,0,0,1,Stable Mid-Risk
0,-0.4653688114036817,0,1,1,0,1,-0.1511844568101595,0,-0.347415225635289,1,3,0,1,0,1,0,0,0,1,0,0,1,1,Stable Mid-Risk
0,-1.2395040756535771,0,0,0,0,0,-0.1312401907884159,0,1.7005657347644756,0,2,1,0,0,1,0,0,1,0,0,0,1,2,Vulnerable High-Risk
0,-1.2802480369298874,0,0,0,0,0,-0.6930036837341939,0,1.8980328743029995,0,0,0,0,1,1,0,0,1,0,0,1,0,2,Vulnerable High-Risk
0,-1.1580161531009563,0,0,0,0,0,0.706418982124815,0,1.3418175521939946,0,2,1,0,0,0,1,0,1,0,0,0,1,0,Critical Churn-Risk
0,-0.5468567339563023,0,0,0,0,0,-1.4808021915930665,0,-0.5489059902741277,1,0,0,1,1,0,0,1,0,1,0,1,0,3,Loyal Low-Risk
0,-0.0986731599168891,0,0,1,1,0,0.6765025830921999,1,-0.3464653020915777,2,2,1,0,0,0,1,0,1,0,0,0,1,0,Critical Churn-Risk
1,1.4088534073065913,0,0,0,0,1,-1.509056568457203,0,-0.633792255561117,3,0,0,1,1,0,0,1,0,0,1,1,0,3,Loyal Low-Risk
0,1.6125732136881423,1,1,0,0,1,1.2582103420597217,0,-0.5029538051942573,3,4,1,1,1,0,1,0,0,0,1,1,0,1,Stable Mid-Risk
0,0.8384379494382472,0,0,0,0,0,-1.4924363467724169,0,-0.6240775258784207,3,0,0,1,1,0,0,1,0,0,1,1,0,3,Loyal Low-Risk
0,-1.1172721918246462,0,0,0,0,0,-1.504070501951767,0,-0.2867513395074667,0,0,0,1,0,0,0,1,0,1,0,0,1,3,Loyal Low-Risk
0,1.5718292524118322,0,0,1,0,1,1.0205411719672768,0,-0.5122659463203457,3,4,1,1,1,0,1,0,0,0,1,1,0,1,Stable Mid-Risk
1,0.7162060656093164,1,0,1,1,1,0.6432621397226272,0,-0.4744910337485262,3,5,1,1,1,1,0,0,0,1,0,1,0,1,Stable Mid-Risk
1,0.960669833267178,1,0,1,1,1,1.2764925859129863,0,-0.4557529022807793,3,4,1,1,0,0,1,0,0,0,1,0,1,1,Stable Mid-Risk
0,-1.2395040756535771,0,0,1,0,1,-0.4852509126743647,0,1.2861765650924992,0,1,0,0,1,1,0,0,1,0,0,1,0,2,Vulnerable High-Risk
0,-1.2395040756535771,1,0,0,0,1,0.7895200905487467,1,2.778366673723512,0,2,1,0,0,0,1,0,1,0,0,0,1,0,Critical Churn-Risk
1,-0.3431369275747509,1,1,0,0,0,-0.3340068953428092,1,-0.4114571882209581,1,1,0,0,0,1,0,0,1,0,0,0,1,2,Vulnerable High-Risk
1,0.5532302205040753,0,0,0,0,0,-1.4907743246039378,0,-0.6175465696976172,2,0,0,1,1,0,0,1,0,0,1,1,0,3,Loyal Low-Risk
0,1.5718292524118322,1,1,1,1,1,1.7102803718859096,0,-0.4786251979999486,3,6,1,1,0,0,1,0,0,0,1,0,1,1,Stable Mid-Risk
0,-0.1394171211931994,0,0,1,0,1,-1.1168193366962451,0,-0.5456959333259644,2,1,0,0,0,1,0,0,1,0,0,0,1,2,Vulnerable High-Risk
1,1.490341329859212,1,0,0,0,0,-1.3411923294408608,0,-0.626322558491518,3,0,0,1,1,0,0,1,0,0,1,0,0,3,Loyal Low-Risk
0,1.5718292524118322,1,0,1,1,0,0.6449241618911058,0,-0.5305859682972367,3,5,1,1,1,1,0,0,0,0,1,1,0,1,Stable Mid-Risk
0,-1.2802480369298874,0,0,0,1,1,0.8809313098150715,1,4.661600083312587,0,2,1,0,0,0,1,0,1,0,0,0,1,0,Critical Churn-Risk
0,0.960669833267178,0,1,1,1,1,0.6931228047769863,0,-0.4916932528008841,3,6,1,1,1,1,0,0,0,0,1,0,0,1,Stable Mid-Risk
1,0.960669833267178,0,0,0,0,1,-1.449223770391972,0,-0.6236793263633198,3,0,0,1,0,0,0,1,0,1,0,0,0,3,Loyal Low-Risk
0,-1.2802480369298874,0,0,0,1,1,0.4886940780541142,1,3.9728969562521192,0,1,1,0,0,0,1,0,1,0,0,0,1,0,Critical Churn-Risk
0,-0.1801610824695097,1,0,0,0,0,-1.304627841734331,0,-0.564251873803748,2,0,0,1,0,0,0,1,0,1,0,0,0,3,Loyal Low-Risk
1,-0.5468567339563023,0,0,0,0,0,-1.4824642137615447,0,-0.5491978136330516,1,0,0,0,0,0,0,1,1,0,0,0,0,2,Vulnerable High-Risk
0,1.368109446030281,1,0,1,0,0,-0.0315188606796979,0,-0.5558531284455256,3,2,1,0,0,1,0,0,1,0,0,0,1,2,Vulnerable High-Risk
1,-0.6283446565089229,1,0,1,0,1,-0.0946757030818859,0,-0.2653509598530453,1,2,0,1,0,1,0,0,0,1,0,0,0,2,Vulnerable High-Risk
1,0.797693988161937,1,0,0,0,0,-1.2979797530604165,0,-0.6103816091870644,3,0,0,1,0,0,0,1,0,0,1,0,0,3,Loyal Low-Risk
0,-0.5468567339563023,0,0,0,1,0,-0.2193273657177834,0,-0.3274120608508671,1,2,1,1,0,1,0,0,0,1,0,0,1,2,Vulnerable High-Risk
0,0.1457906077409725,0,1,1,1,0,0.6997708934509005,0,-0.3962508250856789,2,6,1,1,1,1,0,0,0,1,0,0,0,1,Stable Mid-Risk
0,-1.0357842692720256,0,0,0,0,1,0.1762339103801309,1,0.3557464223900455,0,0,0,0,0,0,1,0,1,0,0,0,0,0,Critical Churn-Risk
1,1.6125732136881423,1,1,1,0,1,1.33300133964126,0,-0.4993559829609485,3,5,1,1,1,0,1,0,0,1,0,1,0,1,Stable Mid-Risk
1,1.4088534073065913,1,1,0,1,1,1.545740177206525,1,-0.4760359809428294,3,5,1,1,0,0,1,0,0,1,0,0,1,1,Stable Mid-Risk
0,0.0643026851883519,0,0,0,1,1,1.1651371006249178,0,-0.3340823090548426,2,4,1,1,0,0,1,0,0,1,0,0,1,0,Critical Churn-Risk
0,1.0014137945434884,1,0,0,0,1,1.0122310611248837,1,-0.4753966924486349,3,3,1,0,1,0,1,0,1,0,0,0,0,0,Critical Churn-Risk
0,-1.0357842692720256,0,0,0,1,1,0.7130670707987297,1,0.5913937847211166,0,2,1,0,0,0,1,0,1,0,0,0,1,0,Critical Churn-Risk
0,-1.2802480369298874,1,0,0,1,1,1.196715521826012,1,5.216064465268048,0,3,1,0,0,0,1,0,1,0,0,0,1,0,Critical Churn-Risk
0,-0.9950403079957154,0,0,0,0,1,-1.504070501951767,0,-0.4135323765510837,0,0,0,0,1,0,0,1,1,0,0,0,0,2,Vulnerable High-Risk
0,1.490341329859212,1,0,1,1,0,1.3030849406086444,0,-0.4936679973349557,3,4,1,1,0,0,1,0,0,0,1,0,1,1,Stable Mid-Risk
0,0.7162060656093164,1,1,0,1,1,1.3163811179564735,0,-0.428142617919432,3,4,1,1,0,0,1,0,0,1,0,0,0,1,Stable Mid-Risk
0,-0.9135523854430948,0,0,0,0,0,-1.5057325241202455,0,-0.4601651597649881,0,0,0,1,0,0,0,1,0,1,0,0,0,3,Loyal Low-Risk
1,-0.8320644628904743,1,0,0,0,0,-1.3145999747452028,0,-0.4403701487051132,0,0,0,1,1,0,0,1,0,0,1,1,0,3,Loyal Low-Risk
0,-0.7505765403378537,0,0,0,0,1,0.7147290929672082,1,0.0044883726986122,1,2,1,0,0,0,1,0,1,0,0,0,1,0,Critical Churn-Risk
0,1.5310852911355222,0,1,1,0,1,-0.4968850678537152,0,-0.5851372988503871,3,4,1,1,1,1,0,0,0,0,1,0,0,1,Stable Mid-Risk
0,1.2866215234776603,1,1,1,1,1,1.4676251352880292,0,-0.4714381124551683,3,5,1,0,1,0,1,0,1,0,0,0,0,1,Stable Mid-Risk
1,1.368109446030281,1,1,1,1,0,0.8343946890976701,0,-0.5104680627740731,3,6,1,1,1,1,0,0,0,0,1,1,0,1,Stable Mid-Risk
1,1.5718292524118322,0,1,1,1,1,0.5717951864780458,0,-0.5341526982396402,3,5,1,1,1,1,0,0,0,0,1,1,0,1,Stable Mid-Risk
0,-0.506112772679992,0,0,0,1,0,0.8360567112661487,0,-0.1671037623486566,1,2,1,0,0,0,1,0,1,0,0,0,1,0,Critical Churn-Risk
0,1.6125732136881423,0,1,1,1,1,0.4837080115486781,0,-0.5402112532102984,3,5,1,1,1,1,0,0,0,0,1,0,0,1,Stable Mid-Risk
1,1.5718292524118322,0,1,1,0,0,-0.0248707720057835,0,-0.5632539720878874,3,4,0,1,1,1,0,0,0,0,1,1,0,1,Stable Mid-Risk
1,0.227278530293593,1,0,0,1,1,1.2083496770053626,0,-0.3643464223803159,2,3,1,0,1,0,1,0,1,0,0,1,0,0,Critical Churn-Risk
0,-0.1801610824695097,1,0,0,0,1,0.8360567112661487,1,-0.3050322280837356,2,2,1,0,0,0,1,0,1,0,0,0,1,0,Critical Churn-Risk
0,-0.6283446565089229,0,0,0,0,1,0.3873107257769176,1,-0.1713189886442244,1,1,0,0,0,0,1,0,1,0,0,0,1,0,Critical Churn-Risk
0,0.0235587239120416,0,0,0,1,1,-0.8542198340766214,0,-0.5328557055333116,2,2,1,1,0,1,0,0,0,1,0,0,1,2,Vulnerable High-Risk
1,-0.3838808888510611,0,1,1,0,0,-1.0038018292396984,0,-0.4988096469921869,1,2,0,1,0,1,0,0,0,0,1,0,0,3,Loyal Low-Risk
1,1.0421577558197987,0,0,0,0,1,-1.504070501951767,0,-0.6284154901843332,3,0,0,1,0,0,0,1,0,1,0,0,1,3,Loyal Low-Risk
0,1.5310852911355222,1,0,1,1,1,1.3180431401249524,0,-0.4953707895701256,3,4,1,1,1,0,1,0,0,0,1,0,0,1,Stable Mid-Risk
0,-1.1580161531009563,0,0,0,0,0,0.1895300877279602,0,0.9787892936926296,0,0,0,0,0,0,1,0,1,0,0,0,1,0,Critical Churn-Risk
1,0.512486259227765,0,0,0,0,0,-1.477478147256109,0,-0.6154544040809101,2,0,0,1,0,0,0,1,0,0,1,0,0,3,Loyal Low-Risk
0,-0.9135523854430948,0,0,0,0,1,0.1729098660431739,1,0.0757286448044048,0,0,0,0,0,0,1,0,1,0,0,0,1,0,Critical Churn-Risk
1,0.1457906077409725,0,0,0,0,0,-1.5073945462887242,0,-0.6057326740862058,2,0,0,1,1,0,0,1,0,0,1,1,0,3,Loyal Low-Risk
0,0.8791819107145575,0,1,1,1,1,0.1695858217062168,0,-0.5187420667198999,3,4,1,0,0,1,0,0,1,0,0,0,0,1,Stable Mid-Risk
1,-0.3838808888510611,1,0,1,0,0,-0.1694667006634244,0,-0.3767302085090108,1,2,0,1,0,1,0,0,0,0,1,0,0,3,Loyal Low-Risk
1,0.3495104141225239,1,1,0,1,1,0.4504675681791054,0,-0.4493386394793688,2,4,1,1,1,1,0,0,0,1,0,1,0,1,Stable Mid-Risk
0,-1.1172721918246462,0,0,0,0,1,0.2211085089290543,0,0.7229574823693202,0,0,0,0,0,0,1,0,1,0,0,0,0,0,Critical Churn-Risk
1,-0.22090504374582,0,0,0,0,1,-0.6298468413320059,0,-0.4759501505431459,2,3,1,1,1,1,0,0,0,1,0,1,0,1,Stable Mid-Risk
0,-1.2802480369298874,0,0,1,1,1,1.0321753271466272,0,4.92715933993336,0,3,1,0,0,0,1,0,1,0,0,0,1,0,Critical Churn-Risk
1,1.4088534073065913,0,1,1,0,0,-0.9672373415331684,0,-0.6058115452642934,3,2,0,1,1,1,0,0,0,0,1,1,0,1,Stable Mid-Risk
1,1.6125732136881423,1,1,1,1,1,0.8227605339183194,0,-0.5239011257526324,3,6,1,1,1,1,0,0,0,0,1,1,0,1,Stable Mid-Risk
1,0.960669833267178,1,0,0,0,1,-1.3245721077560746,0,-0.6159997642863743,3,0,0,1,1,0,0,1,0,0,1,1,0,3,Loyal Low-Risk
1,0.4717422979514547,1,0,0,0,0,-1.327896152093032,0,-0.6026339131337884,2,0,0,1,0,0,0,1,0,1,0,0,1,3,Loyal Low-Risk
0,1.368109446030281,1,0,0,1,1,1.196715521826012,0,-0.4914777665814115,3,3,1,0,0,0,1,0,1,0,0,0,1,0,Critical Churn-Risk
0,0.0643026851883519,1,1,1,0,1,-0.0132366168264328,1,-0.4523124584703079,2,3,0,1,0,1,0,0,0,1,0,0,0,1,Stable Mid-Risk
0,1.490341329859212,1,0,1,1,0,1.3479595391575674,0,-0.4914167885661141,3,4,1,1,1,0,1,0,0,0,1,0,0,1,Stable Mid-Risk
1,-1.2802480369298874,1,1,0,1,1,1.251562253385807,1,5.312366173712944,0,4,1,0,0,0,1,0,1,0,0,0,1,0,Critical Churn-Risk
0,0.3087664528462136,0,0,0,0,0,-1.5007464576148095,0,-0.6111497774397311,2,0,0,1,1,0,0,1,0,0,1,1,0,3,Loyal Low-Risk
1,-0.0986731599168891,1,1,0,0,1,-0.3439790283536809,0,-0.4620650068524106,2,1,0,0,1,1,0,0,1,0,0,0,0,2,Vulnerable High-Risk
0,-0.8728084241667845,0,0,1,1,0,0.1895300877279602,0,0.0186904428329101,0,3,1,0,0,1,0,0,1,0,0,0,0,2,Vulnerable High-Risk
0,-0.7098325790615434,0,0,0,0,0,-1.485788258098502,0,-0.5204532127790448,1,0,0,1,1,0,0,1,0,1,0,1,0,3,Loyal Low-Risk
0,-0.8728084241667845,0,0,0,1,1,0.1513035778529514,0,0.0075038807408261,0,3,1,0,0,1,0,0,1,0,0,0,1,2,Vulnerable High-Risk
1,1.2866215234776603,0,0,0,0,0,-1.495760391109374,0,-0.6315368967509718,3,0,0,1,1,0,0,1,0,1,0,0,0,3,Loyal Low-Risk
0,1.6125732136881423,0,1,1,1,0,0.3191678168692938,0,-0.5481264621235774,3,5,1,1,1,1,0,0,0,0,1,0,0,1,Stable Mid-Risk
0,1.6125732136881423,1,1,1,0,1,0.9391020857118236,0,-0.5183045133897076,3,4,0,1,1,0,1,0,0,0,1,0,0,1,Stable Mid-Risk
1,-1.2802480369298874,0,1,0,0,0,-0.4520104693047921,0,2.3211767447426936,0,1,0,0,0,1,0,0,1,0,0,0,0,2,Vulnerable High-Risk
1,-0.7098325790615434,0,1,1,0,0,0.0266519152170539,0,-0.188504142003078,1,4,0,1,1,1,0,0,0,1,0,1,0,1,Stable Mid-Risk
0,1.1236456783724194,1,0,1,1,0,0.5235965435921655,0,-0.512954309252598,3,4,1,1,1,1,0,0,0,1,0,1,0,1,Stable Mid-Risk
0,0.960669833267178,0,1,0,0,0,-0.4021498042504331,0,-0.559171004916978,3,2,0,1,0,1,0,0,0,1,0,0,0,3,Loyal Low-Risk
0,-0.9950403079957154,0,0,0,0,0,-1.4608579255713223,0,-0.3966714713688124,0,0,0,1,0,0,0,1,0,0,1,0,0,3,Loyal Low-Risk
0,-1.1987601143772668,0,0,1,0,0,0.5086383440758576,1,1.670410654342336,0,2,0,0,1,0,1,0,1,0,0,1,0,0,Critical Churn-Risk
0,0.6754621043330061,1,0,0,0,1,-0.4204320481036982,0,-0.5453457452952557,3,0,0,0,1,1,0,0,1,0,0,1,0,2,Vulnerable High-Risk
0,-1.2395040756535771,0,0,0,1,1,0.5119623884128152,1,2.453470000788207,0,1,1,0,0,0,1,0,1,0,0,0,1,0,Critical Churn-Risk
0,-1.076528230548336,0,1,1,0,1,1.1086283468966447,1,0.9696177024121632,0,5,1,0,1,0,1,0,1,0,0,0,0,0,Critical Churn-Risk
0,1.5310852911355222,1,1,1,1,1,1.6670677955054654,0,-0.4781079993239214,3,6,1,1,1,0,1,0,0,0,1,0,0,1,Stable Mid-Risk
0,-0.8320644628904743,1,0,1,1,1,1.60058690876632,1,0.3471039613757601,0,5,1,0,0,0,1,0,1,0,0,0,0,0,Critical Churn-Risk
0,0.797693988161937,0,1,1,1,1,1.3180431401249524,0,-0.4370495461884753,3,5,1,1,1,0,1,0,0,1,0,0,0,1,Stable Mid-Risk
0,1.6125732136881423,1,1,1,1,1,1.6238552191250208,0,-0.4853644520536369,3,6,1,1,1,0,1,0,0,0,1,1,0,1,Stable Mid-Risk
0,0.3087664528462136,0,0,0,0,1,-1.4691680364137156,0,-0.6084450731375094,2,0,0,1,1,0,0,1,0,0,1,0,0,3,Loyal Low-Risk
0,-1.2802480369298874,0,0,0,0,0,0.2028262650757895,1,3.470960778902965,0,0,0,0,0,0,1,0,1,0,0,0,0,0,Critical Churn-Risk
0,-1.1987601143772668,0,0,0,1,1,0.7330113368204731,1,1.8673914216159864,0,2,1,0,0,0,1,0,1,0,0,0,1,0,Critical Churn-Risk
0,0.3087664528462136,0,0,0,1,1,0.8892414206574647,0,-0.4064463676189472,2,2,1,0,0,0,1,0,1,0,0,0,1,0,Critical Churn-Risk
1,-1.2802480369298874,0,0,0,0,1,-0.4968850678537152,0,2.2423844378332327,0,1,0,0,0,1,0,0,1,0,0,0,1,2,Vulnerable High-Risk
0,-0.0986731599168891,0,0,0,0,0,-1.495760391109374,0,-0.5925382892616244,2,0,0,1,1,0,0,1,0,1,0,1,0,3,Loyal Low-Risk
1,-0.3838808888510611,0,1,1,1,1,1.1651371006249178,1,-0.1814517441624164,1,4,1,0,0,0,1,0,1,0,0,0,1,0,Critical Churn-Risk
1,-1.2802480369298874,1,0,0,0,1,0.3224918612062509,1,3.6810735973281927,0,0,0,0,0,0,1,0,1,0,0,0,1,0,Critical Churn-Risk
0,0.4717422979514547,1,0,1,1,0,1.3080710071140806,0,-0.3969308699100781,2,4,1,0,0,0,1,0,1,0,0,0,1,0,Critical Churn-Risk
0,1.3273654847539706,1,0,1,1,1,1.4742732239619438,1,-0.474048877144096,3,5,1,0,0,0,1,0,1,0,0,0,1,0,Critical Churn-Risk
0,-1.0357842692720256,0,1,0,0,1,-0.5517317994135101,0,0.0361998443683457,0,1,0,0,0,1,0,0,1,0,0,0,1,2,Vulnerable High-Risk
0,1.6125732136881423,1,0,0,0,1,-1.3195860412506386,0,-0.6269587448356301,3,0,0,1,1,0,0,1,0,0,1,1,0,3,Loyal Low-Risk
0,-0.9950403079957154,1,0,1,1,1,1.17510923363579,0,0.6318437447497387,0,3,1,0,1,0,1,0,1,0,0,1,0,0,Critical Churn-Risk
0,-0.6690886177852331,1,0,0,0,1,0.0133557378692252,1,-0.2194030858891408,1,2,1,0,1,1,0,0,1,0,0,1,0,2,Vulnerable High-Risk
1,1.368109446030281,1,0,0,1,1,1.1535029454455674,1,-0.493742664292463,3,3,1,0,1,0,1,0,1,0,0,1,0,0,Critical Churn-Risk
0,-1.2802480369298874,0,0,0,0,1,0.2244325532660114,1,3.5088978155630755,0,0,0,0,0,0,1,0,1,0,0,0,0,0,Critical Churn-Risk
1,-1.1987601143772668,0,1,0,0,0,-0.2957803854678007,0,0.9641981257464332,0,2,0,0,0,1,0,0,1,0,0,0,0,2,Vulnerable High-Risk
0,0.8384379494382472,1,1,0,0,0,0.9673564625759608,1,-0.4641150920978978,3,3,1,0,0,0,1,0,1,0,0,0,1,0,Critical Churn-Risk
0,-0.9950403079957154,0,0,1,0,1,-0.0132366168264328,0,0.1681688522372771,0,3,1,0,1,1,0,0,1,0,0,1,0,2,Vulnerable High-Risk
0,1.490341329859212,1,0,1,1,1,1.4493428914347644,1,-0.4863307243105827,3,5,1,1,1,0,1,0,0,0,1,0,0,1,Stable Mid-Risk
0,-1.1172721918246462,0,0,0,1,1,0.6814886495976356,0,0.9924077171090796,0,2,1,0,0,0,1,0,1,0,0,0,0,0,Critical Churn-Risk
1,1.6125732136881423,1,1,1,1,0,1.4177644702336702,0,-0.495278451096532,3,5,1,1,0,0,1,0,0,0,1,0,0,1,Stable Mid-Risk
0,-0.791320501614164,0,0,0,1,1,-0.5334495555602452,1,-0.2606262007085627,1,3,1,0,1,1,0,0,1,0,0,0,0,2,Vulnerable High-Risk
0,-1.1580161531009563,1,0,0,1,1,0.6931228047769863,1,1.332479204708429,0,1,1,0,0,0,1,0,1,0,0,0,1,0,Critical Churn-Risk
1,0.8791819107145575,1,1,1,1,0,0.8809313098150715,0,-0.4733237403128306,3,6,1,1,1,1,0,0,0,0,1,1,0,1,Stable Mid-Risk
0,1.6125732136881423,1,0,1,1,0,0.703094937787858,0,-0.5296576413259262,3,5,1,1,1,1,0,0,0,0,1,0,0,1,Stable Mid-Risk
0,-0.8320644628904743,1,0,0,1,1,1.3928341377064908,1,0.2909840846596204,0,4,1,0,0,0,1,0,1,0,0,0,1,0,Critical Churn-Risk
0,-1.2802480369298874,0,0,0,0,1,-1.3179240190821602,1,0.800777044749034,0,0,0,0,0,1,0,0,1,0,0,0,1,2,Vulnerable High-Risk
0,-1.2802480369298874,0,0,0,0,0,-0.6514531295222281,0,1.9709887140339808,0,0,0,0,0,1,0,0,1,0,0,0,1,2,Vulnerable High-Risk
0,0.8791819107145575,1,0,1,1,0,1.5141617560054308,1,-0.4328929404037338,3,5,1,1,0,0,1,0,0,1,0,0,1,1,Stable Mid-Risk
1,1.490341329859212,1,0,0,0,1,0.4787219450432425,0,-0.5350235361996036,3,1,0,1,1,0,1,0,0,0,1,1,0,3,Loyal Low-Risk
0,0.6347181430566958,0,1,0,0,0,-0.3090765628156297,0,-0.5348806023095185,2,2,0,1,1,1,0,0,0,0,1,1,0,3,Loyal Low-Risk
1,0.6347181430566958,1,1,0,1,1,1.278154608081465,1,-0.4211290481167225,2,4,1,1,1,0,1,0,0,1,0,1,0,1,Stable Mid-Risk
0,-0.9950403079957154,1,0,1,0,1,0.8460288442770204,0,0.5034414668232109,0,2,1,0,0,0,1,0,1,0,0,0,1,0,Critical Churn-Risk
1,1.5718292524118322,1,1,1,1,1,0.8792692876465931,0,-0.5191562200727162,3,6,1,1,0,1,0,0,0,0,1,0,0,1,Stable Mid-Risk
0,-1.2395040756535771,0,1,0,0,1,-0.5650279767613393,1,1.1927930902368424,0,1,0,0,0,1,0,0,1,0,0,0,1,2,Vulnerable High-Risk
0,1.4088534073065913,0,1,0,1,1,1.2000395661629697,0,-0.493888704076999,3,4,1,1,1,0,1,0,0,1,0,1,0,1,Stable Mid-Risk
1,0.0643026851883519,1,0,0,1,1,1.0936701473803367,0,-0.3412528258741162,2,3,1,0,1,0,1,0,1,0,0,0,0,0,Critical Churn-Risk
0,-1.1987601143772668,0,0,0,0,1,0.1679237995377378,0,1.371291711445311,0,0,0,0,0,0,1,0,1,0,0,0,1,0,Critical Churn-Risk
1,-0.9542963467194052,0,0,1,1,1,0.0266519152170539,0,0.098650043178066,0,3,1,1,0,1,0,0,0,1,0,0,0,1,Stable Mid-Risk
1,1.5718292524118322,0,1,0,1,1,1.3246912287988668,0,-0.4974315922417127,3,5,1,1,1,0,1,0,0,1,0,0,0,1,Stable Mid-Risk
0,1.0014137945434884,1,0,1,1,1,0.8526769329509349,0,-0.4850570519164615,3,2,1,1,1,0,1,0,0,0,1,1,0,1,Stable Mid-Risk
0,1.6125732136881423,0,1,1,1,1,-0.0365049271851337,0,-0.5652361056330898,3,6,1,1,1,1,0,0,0,0,1,0,0,1,Stable Mid-Risk
1,0.6347181430566958,0,1,1,1,1,1.3197051622934308,0,-0.4181512587399477,2,5,1,0,0,0,1,0,1,0,0,0,1,0,Critical Churn-Risk
0,-0.5876006952326126,0,0,0,0,0,-1.485788258098502,0,-0.5436070924410352,1,0,0,1,0,0,0,1,0,1,0,0,0,3,Loyal Low-Risk
1,0.4309983366751445,1,0,1,1,1,1.3130570736195162,0,-0.3903928475859037,2,4,1,1,1,0,1,0,0,1,0,1,0,1,Stable Mid-Risk
1,1.6125732136881423,1,1,1,1,1,0.9457501743857384,0,-0.517984706968969,3,6,1,1,1,1,0,0,0,0,1,0,0,1,Stable Mid-Risk
1,0.1050466464646622,1,0,1,1,1,0.2875893956681997,0,-0.4289341649387355,2,3,1,1,1,1,0,0,0,1,0,0,0,1,Stable Mid-Risk
0,-1.1580161531009563,0,0,0,0,0,-1.4658439920767583,0,-0.1838349682602952,0,0,0,0,0,0,0,1,1,0,0,0,0,2,Vulnerable High-Risk
1,0.6754621043330061,1,0,0,0,0,-1.3145999747452028,0,-0.6081461321356848,3,0,0,1,0,0,0,1,0,0,1,0,0,3,Loyal Low-Risk
1,1.5718292524118322,1,1,0,1,0,1.1867433888151402,0,-0.5041597419057923,3,4,1,1,1,0,1,0,0,0,1,0,0,1,Stable Mid-Risk
1,-0.8728084241667845,0,0,0,1,0,0.8576629994563706,0,0.214212093311941,0,2,1,0,0,0,1,0,1,0,0,0,1,0,Critical Churn-Risk
1,1.24587756220135,1,1,1,1,1,0.8177744674128837,0,-0.504038148839574,3,6,1,1,1,1,0,0,0,0,1,1,0,1,Stable Mid-Risk
0,1.3273654847539706,1,0,0,1,1,1.0188791497987983,0,-0.4982790590668706,3,3,1,0,1,0,1,0,1,0,0,0,0,0,Critical Churn-Risk
1,0.6754621043330061,0,0,0,0,0,-1.4741541029191516,0,-0.6193521491183637,3,0,0,1,1,0,0,1,0,0,1,1,0,3,Loyal Low-Risk
0,-0.1394171211931994,1,0,0,1,1,1.123586546412952,1,-0.2834440081063288,2,3,1,0,1,0,1,0,1,0,0,1,0,0,Critical Churn-Risk
0,-0.7098325790615434,1,0,1,0,1,0.606697652016097,1,-0.0611962016725149,1,2,0,0,0,0,1,0,1,0,0,0,1,0,Critical Churn-Risk
1,-1.1580161531009563,0,0,0,0,1,-1.4907743246039378,0,-0.2013443697957307,0,0,0,0,0,0,0,1,1,0,0,0,1,2,Vulnerable High-Risk
0,1.6125732136881423,1,0,1,1,0,1.4742732239619438,0,-0.4925600965202543,3,5,1,1,1,0,1,0,0,1,0,1,0,1,Stable Mid-Risk
0,-0.2616490050221303,0,0,0,1,1,0.6947848269454648,0,-0.2965868675304583,2,2,1,0,1,0,1,0,1,0,0,1,0,0,Critical Churn-Risk
0,0.1050466464646622,1,0,0,1,0,1.2382660760379778,0,-0.3361991864362432,2,3,1,0,1,0,1,0,1,0,0,0,0,0,Critical Churn-Risk
0,1.0014137945434884,1,0,1,0,0,0.9939488172716188,0,-0.4765036086376568,3,3,1,1,0,0,1,0,0,1,0,0,1,1,Stable Mid-Risk
1,-0.1801610824695097,1,0,0,0,0,-0.0132366168264328,0,-0.4078748049183057,2,2,1,0,0,1,0,0,1,0,0,0,1,2,Vulnerable High-Risk
0,-0.3023929662984406,1,0,0,0,1,-1.2630772875223653,0,-0.5467734349589144,2,0,0,1,0,0,0,1,0,1,0,0,0,3,Loyal Low-Risk
0,0.5939741817803856,0,1,0,1,1,0.0416101147333617,0,-0.50647001016394,2,3,1,1,1,1,0,0,0,1,0,1,0,1,Stable Mid-Risk
1,1.0014137945434884,1,1,1,0,0,0.0133557378692252,0,-0.5358745678670075,3,3,0,0,1,1,0,0,1,0,0,0,0,1,Stable Mid-Risk
0,-0.6690886177852331,1,0,0,1,1,0.6731785387552424,0,-0.0831044111917302,1,1,1,0,1,0,1,0,1,0,0,1,0,0,Critical Churn-Risk
0,-1.1172721918246462,0,1,0,0,1,-0.299104429804758,0,0.4184884445586898,0,2,0,0,0,1,0,0,1,0,0,0,0,2,Vulnerable High-Risk
0,-0.6283446565089229,0,0,0,0,1,0.1862060433910031,1,-0.2105530180106635,1,0,0,0,1,0,1,0,1,0,0,0,0,0,Critical Churn-Risk
0,0.960669833267178,1,0,0,1,1,1.328015273135824,1,-0.4525786832889753,3,4,1,1,1,0,1,0,0,1,0,0,0,1,Stable Mid-Risk
1,1.6125732136881423,0,0,0,0,0,-1.4907743246039378,0,-0.6351937601696476,3,0,0,1,1,0,0,1,0,0,1,0,0,3,Loyal Low-Risk
0,-0.4653688114036817,1,0,0,1,1,0.978990617755311,1,-0.1670153310277706,1,2,1,0,0,0,1,0,1,0,0,0,1,0,Critical Churn-Risk
1,0.6347181430566958,0,1,0,0,0,-0.6581012181961428,0,-0.5598940330744265,2,3,1,1,1,1,0,0,0,1,0,1,0,1,Stable Mid-Risk
0,1.4495973685829016,1,1,1,1,0,1.6654057733369867,0,-0.4727147176507284,3,6,1,1,1,0,1,0,0,0,1,0,0,1,Stable Mid-Risk
0,-0.0986731599168891,1,1,1,1,0,1.382862004695619,0,-0.2664492198059848,2,4,1,0,1,0,1,0,1,0,0,0,0,0,Critical Churn-Risk
0,-1.1987601143772668,0,0,0,0,1,-0.6215367304896128,0,0.6782112340009848,0,0,0,0,0,1,0,0,1,0,0,0,0,2,Vulnerable High-Risk
0,-0.7505765403378537,0,1,1,0,0,-0.8342755680548777,0,-0.3581507879908541,1,3,0,1,0,1,0,0,0,0,1,0,0,1,Stable Mid-Risk
1,-1.1580161531009563,0,0,0,0,1,-1.487450280266981,0,-0.1990097829243393,0,0,0,0,1,0,0,1,1,0,0,0,0,2,Vulnerable High-Risk
1,1.5718292524118322,1,0,0,0,1,1.02885128280967,0,-0.5118606360996181,3,3,1,1,1,0,1,0,0,0,1,1,0,1,Stable Mid-Risk
1,-0.9950403079957154,1,0,0,0,0,-1.3428543516093396,0,-0.3506282302941484,0,0,0,1,0,0,0,1,0,1,0,0,0,3,Loyal Low-Risk
1,1.1643896396487294,0,1,0,0,0,-1.037042272609271,0,-0.6038346773490023,3,2,0,0,1,1,0,0,1,0,0,0,0,2,Vulnerable High-Risk
1,1.6125732136881423,1,0,1,0,0,0.8526769329509349,0,-0.5224619968593088,3,3,0,1,1,0,1,0,0,0,1,0,0,1,Stable Mid-Risk
0,-1.1172721918246462,1,0,0,1,1,0.6382760732171912,0,0.9671163593356724,0,1,1,0,0,0,1,0,1,0,0,0,1,0,Critical Churn-Risk
0,0.6754621043330061,0,1,1,0,0,0.0864847132822851,0,-0.5097432955065366,3,4,0,1,1,1,0,0,0,0,1,0,0,1,Stable Mid-Risk
0,-0.9950403079957154,0,0,0,0,1,-1.499084435446331,0,-0.411586887491591,0,0,0,0,1,0,0,1,1,0,0,0,0,2,Vulnerable High-Risk
0,-1.1987601143772668,0,0,0,0,1,0.5169484549182508,0,1.6777062383154342,0,1,1,0,0,0,1,0,1,0,0,0,1,0,Critical Churn-Risk
1,-0.9542963467194052,0,0,0,0,0,-1.5024084797832884,0,-0.4383049372419593,0,0,0,1,0,0,0,1,0,0,1,0,0,3,Loyal Low-Risk
1,1.4088534073065913,0,1,0,0,1,-0.3522891391960741,0,-0.5740542973813955,3,2,0,1,1,1,0,0,0,0,1,0,0,1,Stable Mid-Risk
0,0.5532302205040753,0,0,0,0,1,-0.6514531295222281,0,-0.5548355925671564,2,0,0,0,1,1,0,0,1,0,0,1,0,2,Vulnerable High-Risk
0,1.4088534073065913,1,1,0,0,0,0.3424361272279943,0,-0.5381771903136892,3,4,1,1,0,1,0,0,0,1,0,0,0,1,Stable Mid-Risk
0,0.9199258719908678,0,0,0,0,0,-1.499084435446331,0,-0.626030735132594,3,0,0,1,0,0,0,1,0,1,0,0,1,3,Loyal Low-Risk
0,0.0235587239120416,1,1,0,1,1,0.2643210853094987,0,-0.41732798755931,2,4,1,0,1,1,0,0,1,0,0,0,0,2,Vulnerable High-Risk
1,1.2051336009250395,0,0,0,0,0,-1.487450280266981,0,-0.6299448738356214,3,0,0,1,1,0,0,1,0,0,1,1,0,3,Loyal Low-Risk
1,-1.2802480369298874,0,0,0,0,0,-0.6265227969950485,1,2.0147622178725704,0,0,0,0,0,1,0,0,1,0,0,0,0,2,Vulnerable High-Risk
1,0.6754621043330061,0,1,0,0,1,-0.8508957897396641,0,-0.5755786452797745,3,2,1,0,0,1,0,0,1,0,0,0,1,2,Vulnerable High-Risk
0,-1.2802480369298874,0,0,0,0,1,-0.6664113290385358,0,1.944724611730828,0,0,0,0,0,1,0,0,1,0,0,0,1,2,Vulnerable High-Risk
0,-0.7505765403378537,1,0,0,0,1,0.5934014746682683,0,-0.0239157675699831,1,2,0,0,0,0,1,0,1,0,0,0,1,0,Critical Churn-Risk
0,-0.5876006952326126,1,0,1,1,0,0.9673564625759608,0,-0.0902057474181762,1,3,1,0,1,0,1,0,1,0,0,0,0,0,Critical Churn-Risk
0,-1.2802480369298874,0,0,0,0,1,0.17789593254861,1,3.4271872750643766,0,0,0,0,0,0,1,0,1,0,0,0,1,0,Critical Churn-Risk
0,-1.2802480369298874,0,0,0,1,1,0.6897987604400287,1,4.326003220550071,0,2,1,0,1,0,1,0,1,0,0,1,0,0,Critical Churn-Risk
0,1.6125732136881423,1,1,1,1,1,1.740196770918525,0,-0.4797678396907123,3,6,1,1,1,0,1,0,0,0,1,1,0,1,Stable Mid-Risk
0,1.2866215234776603,1,1,1,0,0,1.1451928346031743,0,-0.4888577221878581,3,4,1,1,1,0,1,0,0,0,1,1,0,1,Stable Mid-Risk
0,1.490341329859212,1,1,1,1,1,1.5872907314184908,0,-0.4794103417989582,3,6,1,1,1,0,1,0,0,0,1,0,0,1,Stable Mid-Risk
0,-1.2802480369298874,1,0,0,0,1,-1.2996417752288951,0,0.832877614230666,0,0,0,0,0,0,0,1,1,0,0,0,1,2,Vulnerable High-Risk
1,1.5718292524118322,1,1,1,1,0,0.8476908664454988,0,-0.5206963989114815,3,6,1,1,1,1,0,0,0,0,1,1,0,1,Stable Mid-Risk
1,1.368109446030281,0,0,1,0,1,-0.5118432673700231,0,-0.5810283376183659,3,1,0,1,1,1,0,0,0,1,0,1,0,1,Stable Mid-Risk
0,-1.2395040756535771,0,0,0,0,0,-1.509056568457203,0,0.087755304444906,0,0,0,0,0,0,0,1,1,0,0,0,0,2,Vulnerable High-Risk
0,1.5718292524118322,0,1,1,1,1,1.4925554678152089,0,-0.4892443257830137,3,6,1,1,1,0,1,0,0,0,1,0,0,1,Stable Mid-Risk
0,-0.8728084241667845,0,0,0,1,1,-0.1179440134405869,0,-0.0712884261686339,0,2,1,1,0,1,0,0,0,1,0,0,1,2,Vulnerable High-Risk
1,0.5939741817803856,0,1,0,0,1,-0.3157246514895444,0,-0.5326125194008751,2,2,0,0,0,1,0,0,1,0,0,0,1,2,Vulnerable High-Risk
0,0.1050466464646622,0,0,0,0,1,0.1828819990540456,1,-0.4391479825010729,2,0,0,0,0,0,1,0,1,0,0,0,1,0,Critical Churn-Risk
0,-0.0171852373642686,1,0,0,1,0,1.3811999825271402,1,-0.2909076115891105,2,4,1,0,1,0,1,0,1,0,0,0,0,0,Critical Churn-Risk
1,1.1236456783724194,1,0,1,1,1,1.2947748297662514,0,-0.4685588867802366,3,4,1,0,1,0,1,0,1,0,0,0,0,1,Stable Mid-Risk
0,-0.8728084241667845,0,0,0,0,0,-1.5057325241202455,0,-0.4774092673377655,0,0,0,1,0,0,0,1,0,1,0,0,0,3,Loyal Low-Risk
0,-0.1394171211931994,0,1,1,0,0,-0.8409236567287923,0,-0.5134008149383833,2,3,0,1,1,1,0,0,0,1,0,1,0,1,Stable Mid-Risk
1,-0.4653688114036817,0,0,0,0,1,-1.2880076200495447,0,-0.52887629609344,1,0,0,0,0,1,0,0,1,0,0,0,1,2,Vulnerable High-Risk
0,0.6347181430566958,1,0,0,0,1,0.8726211989726784,0,-0.4501922724340442,2,2,1,0,1,0,1,0,1,0,0,1,0,0,Critical Churn-Risk
1,-1.1987601143772668,0,0,0,0,0,-1.1683420239190832,0,0.1981618085711251,0,1,0,0,0,1,0,0,1,0,0,0,0,2,Vulnerable High-Risk
1,0.4309983366751445,0,0,0,0,0,-0.4852509126743647,0,-0.5339168813839442,2,1,0,0,0,1,0,0,1,0,0,0,0,2,Vulnerable High-Risk
0,-1.1172721918246462,1,0,0,1,0,1.346297516989089,0,1.3815055290076486,0,4,1,0,0,0,1,0,1,0,0,0,1,0,Critical Churn-Risk
0,-1.2802480369298874,0,0,0,0,1,-0.3107385849841083,0,2.5692265998280317,0,1,1,0,0,1,0,0,1,0,0,0,1,2,Vulnerable High-Risk
1,1.5718292524118322,1,1,1,1,0,0.6864747161030716,0,-0.5285594171935982,3,5,1,1,0,1,0,0,0,1,0,0,1,1,Stable Mid-Risk
1,-0.9950403079957154,0,0,0,0,0,-1.495760391109374,0,-0.4102898947852623,0,0,0,1,0,0,0,1,0,1,0,0,1,3,Loyal Low-Risk
0,-0.9950403079957154,1,0,0,1,1,-0.1844249001797322,0,0.101373727861356,0,1,1,0,0,1,0,0,1,0,0,0,1,2,Vulnerable High-Risk
0,-0.506112772679992,1,0,0,1,1,0.8609870437933281,0,-0.162934857221172,1,2,1,0,1,0,1,0,1,0,0,1,0,0,Critical Churn-Risk
1,0.0235587239120416,1,1,0,1,1,1.2931128075977727,1,-0.3110699527511272,2,4,1,1,0,0,1,0,0,1,0,0,0,1,Stable Mid-Risk
0,1.5718292524118322,1,0,0,0,1,0.4737358785378064,0,-0.5389353588442268,3,1,0,1,1,0,1,0,0,1,0,1,0,3,Loyal Low-Risk
0,-0.0579291986405789,1,0,0,1,1,0.8609870437933281,0,-0.3362397174583159,2,2,1,1,0,0,1,0,0,1,0,0,1,0,Critical Churn-Risk
0,0.227278530293593,1,1,0,0,0,1.0039209502824906,0,-0.3827537419432098,2,3,1,1,1,0,1,0,0,1,0,1,0,1,Stable Mid-Risk
0,-1.2802480369298874,0,0,0,1,1,0.7828720018748321,1,4.489424301547469,0,2,1,0,0,0,1,0,1,0,0,0,1,0,Critical Churn-Risk
1,-1.2395040756535771,0,0,0,0,1,-1.1483977578973394,0,0.5099264303548537,0,1,0,0,0,1,0,0,1,0,0,0,0,2,Vulnerable High-Risk
0,-0.8320644628904743,0,0,0,1,1,-0.4968850678537152,0,-0.2194823139503871,0,3,1,0,1,1,0,0,1,0,0,0,0,2,Vulnerable High-Risk
1,-0.9542963467194052,0,1,1,0,0,0.9374400635433452,0,0.41848844455869,0,4,1,0,1,0,1,0,1,0,0,0,0,0,Critical Churn-Risk
1,-0.8728084241667845,0,0,1,0,1,-0.3406549840167238,0,-0.1364623096616443,0,2,0,0,0,1,0,0,1,0,0,0,1,2,Vulnerable High-Risk
1,-1.076528230548336,0,0,0,0,0,-1.499084435446331,0,-0.3385847265925261,0,0,0,0,0,0,0,1,1,0,0,0,0,2,Vulnerable High-Risk
0,1.5718292524118322,0,1,1,1,1,0.6648684279128493,0,-0.5296132237674902,3,6,1,1,1,1,0,0,0,1,0,0,0,1,Stable Mid-Risk
1,0.3902543753988342,1,1,0,1,1,0.9856387064292256,0,-0.4106970901698074,2,3,1,1,1,0,1,0,0,1,0,1,0,1,Stable Mid-Risk
1,-0.9950403079957154,0,0,0,1,1,0.9773285955868324,1,0.5546726787231891,0,3,1,0,0,0,1,0,1,0,0,0,1,0,Critical Churn-Risk
0,-1.1172721918246462,0,0,0,1,1,1.0454715044944562,1,1.2054387691235462,0,3,1,0,0,0,1,0,1,0,0,0,1,0,Critical Churn-Risk
0,-1.2395040756535771,0,0,0,0,1,0.1961781764018748,1,2.083827079484565,0,0,0,0,0,0,1,0,1,0,0,0,1,0,Critical Churn-Risk
1,0.512486259227765,0,0,0,0,0,-1.4608579255713223,0,-0.6141856068681973,2,0,0,1,0,0,0,1,0,0,1,0,0,3,Loyal Low-Risk
1,-0.1801610824695097,0,0,1,1,1,-0.1594945676525527,0,-0.4255854639426544,2,5,1,1,1,1,0,0,0,1,0,1,0,1,Stable Mid-Risk
0,0.4309983366751445,1,0,0,0,0,0.5202724992552084,0,-0.4536654576798642,2,1,0,0,0,0,1,0,1,0,0,0,1,0,Critical Churn-Risk
1,1.1236456783724194,1,1,1,1,1,0.6698544944182854,0,-0.504534487749219,3,5,1,1,0,1,0,0,0,0,1,0,1,1,Stable Mid-Risk
0,0.3902543753988342,0,0,1,0,0,-1.0387042947777498,1,-0.5760184162950832,2,2,0,1,0,1,0,0,0,1,0,0,0,3,Loyal Low-Risk
1,-1.0357842692720256,0,1,1,0,0,-0.5035331565276299,0,0.0573570378903303,0,4,1,1,1,1,0,0,0,0,1,1,0,1,Stable Mid-Risk
0,-0.3023929662984406,0,0,0,0,1,-1.4824642137615447,0,-0.5764047298650361,2,0,0,1,1,0,0,1,0,1,0,0,0,3,Loyal Low-Risk
1,0.3087664528462136,1,0,0,1,1,0.9889627507661828,1,-0.3979051961382469,2,2,1,0,1,0,1,0,1,0,0,1,0,0,Critical Churn-Risk
0,-0.22090504374582,1,0,0,1,1,1.1867433888151402,0,-0.2481194853261087,2,3,1,1,1,0,1,0,0,1,0,0,0,1,Stable Mid-Risk
0,-0.9135523854430948,0,0,1,0,0,-0.96557531936469,0,-0.2877240840372131,0,2,0,0,0,1,0,0,1,0,0,0,1,2,Vulnerable High-Risk
0,-0.22090504374582,1,0,0,0,1,0.7197151594726443,0,-0.3066926023672683,2,2,0,0,1,0,1,0,1,0,0,0,0,0,Critical Churn-Risk
0,-0.8728084241667845,0,0,1,0,0,-0.3655853165439033,0,-0.1437578936347425,0,2,0,1,1,1,0,0,0,1,0,0,0,2,Vulnerable High-Risk
1,-1.1580161531009563,0,1,0,1,0,-0.8725020779298864,0,0.2328887882830723,0,2,1,0,1,1,0,0,1,0,0,1,0,2,Vulnerable High-Risk
0,1.4495973685829016,0,0,0,0,1,-0.8276274793809634,0,-0.599594438922001,3,2,1,0,1,1,0,0,1,0,0,0,0,2,Vulnerable High-Risk
0,-1.2802480369298874,0,0,0,0,1,0.1745718882116524,0,3.4213508078858976,0,0,0,0,0,0,1,0,1,0,0,0,1,0,Critical Churn-Risk
0,-0.5876006952326126,0,0,0,0,0,-1.485788258098502,0,-0.5436070924410352,1,0,0,1,0,0,0,1,0,1,0,0,0,3,Loyal Low-Risk
0,1.0014137945434884,1,1,0,1,1,1.60058690876632,1,-0.4397741169110246,3,5,1,1,1,0,1,0,0,0,1,0,0,1,Stable Mid-Risk
0,-0.2616490050221303,0,0,0,0,1,-1.4791401694245876,0,-0.5793312775100853,2,0,0,0,0,0,0,1,1,0,0,0,1,2,Vulnerable High-Risk
0,-0.6283446565089229,0,0,0,0,1,-0.9688993637016472,0,-0.4359055007352516,1,2,0,0,1,1,0,0,1,0,0,1,0,2,Vulnerable High-Risk
0,-1.2802480369298874,0,0,0,0,0,-0.960589252859254,1,1.4281972664354767,0,1,1,0,0,1,0,0,1,0,0,0,1,2,Vulnerable High-Risk
1,0.227278530293593,1,0,0,1,1,1.1451928346031743,1,-0.3700332365542181,2,3,1,0,1,0,1,0,1,0,0,0,0,0,Critical Churn-Risk
0,1.082901717096109,0,1,0,0,1,0.6033736076791401,0,-0.5057161331533865,3,3,0,1,1,0,1,0,0,1,0,1,0,1,Stable Mid-Risk
0,-0.0986731599168891,0,1,0,0,1,-0.3040904963101938,0,-0.4575464516174596,2,2,0,1,0,1,0,0,0,0,1,0,0,1,Stable Mid-Risk
0,-1.2395040756535771,0,0,0,0,1,-1.3411923294408608,1,0.2842496994536836,0,0,0,0,0,1,0,0,1,0,0,0,0,2,Vulnerable High-Risk
0,0.7162060656093164,1,0,0,0,0,-1.3162619969136813,0,-0.6094164220510008,3,0,0,1,0,0,0,1,0,1,0,0,1,3,Loyal Low-Risk
0,-0.9542963467194052,0,1,1,0,0,-0.4653066466526213,0,-0.0741093853048986,0,4,1,1,0,1,0,0,0,1,0,0,0,1,Stable Mid-Risk
1,-1.1987601143772668,0,0,0,0,0,-1.5007464576148095,0,-0.0936615503528017,0,0,0,0,0,0,0,1,1,0,0,0,0,2,Vulnerable High-Risk
1,-0.7505765403378537,0,0,0,1,1,-0.1661426563264673,0,-0.2017334676076293,1,2,1,0,1,1,0,0,1,0,0,1,0,2,Vulnerable High-Risk
0,-0.0579291986405789,0,1,0,0,1,0.2909134400051568,0,-0.3987993500276328,2,1,0,0,1,0,1,0,1,0,0,1,0,0,Critical Churn-Risk
0,-1.0357842692720256,0,1,0,0,0,-0.112957946935151,0,0.2288032612581374,0,3,0,0,0,1,0,0,1,0,0,0,1,2,Vulnerable High-Risk
0,-0.9950403079957154,1,1,1,1,1,1.281478652418422,1,0.6733475113522526,0,4,1,0,1,0,1,0,1,0,0,0,0,0,Critical Churn-Risk
1,-0.6283446565089229,0,0,0,0,0,-1.4924363467724169,0,-0.5380436763586259,1,0,0,1,1,0,0,1,0,1,0,0,0,3,Loyal Low-Risk
1,-0.0171852373642686,0,0,0,0,1,-1.5073945462887242,0,-0.59829488298898,2,0,0,0,1,0,0,1,1,0,0,1,0,2,Vulnerable High-Risk
0,-1.2395040756535771,0,0,0,1,0,0.5551749647932596,0,2.5040527163350204,0,1,1,0,0,0,1,0,1,0,0,0,0,0,Critical Churn-Risk
0,-1.0357842692720256,1,0,0,1,1,0.6648684279128493,1,0.5702365911991318,0,1,1,0,0,0,1,0,1,0,0,0,1,0,Critical Churn-Risk
1,1.6125732136881423,1,1,0,1,0,1.4875694013097729,0,-0.4919204836787773,3,5,1,1,1,0,1,0,0,0,1,1,0,1,Stable Mid-Risk
0,-0.0579291986405789,1,0,0,1,1,1.1684611449618754,1,-0.3024976415827369,2,3,1,0,0,0,1,0,1,0,0,0,1,0,Critical Churn-Risk
1,-0.22090504374582,0,1,0,0,0,0.3191678168692938,0,-0.3569279091534585,2,1,0,0,0,0,1,0,1,0,0,0,0,0,Critical Churn-Risk
0,-0.5876006952326126,1,0,0,1,1,0.8377187334346272,1,-0.1141659810982461,1,2,1,0,1,0,1,0,1,0,0,1,0,0,Critical Churn-Risk
0,-1.0357842692720256,0,0,0,0,1,0.3357880385540801,0,0.4257840285317881,0,1,0,0,0,0,1,0,1,0,0,0,1,0,Critical Churn-Risk
0,-0.7505765403378537,1,0,0,1,1,1.331339317472781,1,0.1488436609129814,1,4,1,0,0,0,1,0,1,0,0,0,1,0,Critical Churn-Risk
1,-0.8728084241667845,0,0,0,1,1,-0.1711287228319032,0,-0.0868523386445768,0,2,1,0,1,1,0,0,1,0,0,0,0,2,Vulnerable High-Risk
1,1.6125732136881423,1,1,1,1,1,1.5174858003423883,0,-0.4904813547854538,3,5,1,1,1,0,1,0,0,0,1,0,0,1,Stable Mid-Risk
1,-0.1801610824695097,1,1,0,1,0,1.3728898716847469,1,-0.2400260591648196,2,4,1,1,0,0,1,0,0,1,0,0,1,1,Stable Mid-Risk
0,-0.7098325790615434,1,0,0,0,1,0.3125197281953792,1,-0.1257621198344336,1,0,0,0,1,0,1,0,1,0,0,1,0,0,Critical Churn-Risk
0,-1.1580161531009563,1,0,0,0,1,0.3208298390377723,0,1.0710054751125904,0,0,0,0,0,0,1,0,1,0,0,0,1,0,Critical Churn-Risk
0,1.5718292524118322,1,0,0,0,0,-1.337868285103904,0,-0.6272929869628603,3,0,0,1,0,0,0,1,0,0,1,0,1,3,Loyal Low-Risk
0,-1.1172721918246462,0,0,1,0,1,0.8161124452444047,1,1.0712000240185395,0,3,1,0,0,0,1,0,1,0,0,0,1,0,Critical Churn-Risk
1,0.5939741817803856,1,0,0,0,0,-1.337868285103904,0,-0.6073922551251313,2,0,0,1,0,0,0,1,0,0,1,0,0,3,Loyal Low-Risk
0,1.0014137945434884,0,0,0,1,1,0.8593250216248496,0,-0.4846545369386354,3,3,1,1,0,0,1,0,0,1,0,0,1,1,Stable Mid-Risk
0,0.7162060656093164,1,1,0,1,1,1.3379874061466956,0,-0.4266548909915846,3,4,1,1,1,0,1,0,0,0,1,1,0,1,Stable Mid-Risk
0,-0.9950403079957154,0,0,0,0,1,-1.4741541029191516,0,-0.4018594421941267,0,0,0,0,1,0,0,1,1,0,0,1,0,2,Vulnerable High-Risk
1,0.6347181430566958,0,0,0,0,0,-1.504070501951767,0,-0.6205218247855607,2,0,0,1,0,0,0,1,0,0,1,0,0,3,Loyal Low-Risk
0,1.5310852911355222,0,0,0,0,0,-1.499084435446331,0,-0.6347061679859161,3,0,0,1,1,0,0,1,0,1,0,0,0,3,Loyal Low-Risk
1,-1.2802480369298874,0,1,1,0,1,0.1878680655594816,0,3.444696676599812,0,4,1,0,1,1,0,0,1,0,0,0,0,2,Vulnerable High-Risk
0,-0.9950403079957154,1,0,0,0,1,0.6931228047769863,0,0.443779802332097,0,1,1,0,1,0,1,0,1,0,0,0,0,0,Critical Churn-Risk
0,-1.2802480369298874,1,0,0,0,1,0.4105790361356186,1,3.835739977557874,0,0,0,0,0,0,1,0,1,0,0,0,1,0,Critical Churn-Risk
0,-1.2802480369298874,0,0,0,0,1,-0.9821955410494762,1,1.3902602297753663,0,1,1,0,1,1,0,0,1,0,0,0,0,2,Vulnerable High-Risk
1,1.1236456783724194,0,0,0,0,0,-1.4708300585821945,0,-0.6277700570259462,3,0,0,1,0,0,0,1,0,0,1,0,0,3,Loyal Low-Risk
1,0.6754621043330061,1,0,1,1,1,1.10198025822273,0,-0.4384216665855289,3,3,1,1,0,0,1,0,0,1,0,0,1,1,Stable Mid-Risk
0,-1.1580161531009563,0,0,0,1,1,-0.5400976442341598,1,0.4663474754222138,0,3,1,0,0,1,0,0,1,0,0,0,1,2,Vulnerable High-Risk
0,-0.1394171211931994,0,0,0,0,0,-1.4891123024354591,0,-0.5892748882586042,2,0,0,1,0,0,0,1,0,1,0,0,0,3,Loyal Low-Risk
0,1.4088534073065913,1,0,0,0,1,-1.3145999747452028,0,-0.6237500987981466,3,0,0,1,1,0,0,1,0,0,1,1,0,3,Loyal Low-Risk
0,0.8384379494382472,1,0,0,1,1,1.1169384577390378,1,-0.4543876468004335,3,3,1,0,1,0,1,0,1,0,0,1,0,0,Critical Churn-Risk
0,1.4088534073065913,1,1,1,0,0,0.2028262650757895,0,-0.5453869438871038,3,4,0,1,1,1,0,0,0,0,1,1,0,1,Stable Mid-Risk
1,-1.076528230548336,0,0,0,0,0,-1.494098368940895,0,-0.3360833835160353,0,0,0,0,0,0,0,1,1,0,0,0,0,2,Vulnerable High-Risk
0,0.5939741817803856,1,0,0,1,1,1.3811999825271402,0,-0.4084659987919878,2,4,1,0,0,0,1,0,1,0,0,0,1,0,Critical Churn-Risk
0,0.8384379494382472,0,1,1,0,0,1.1535029454455674,0,-0.4520098268388312,3,5,1,1,0,0,1,0,0,0,1,0,0,1,Stable Mid-Risk
0,1.490341329859212,0,1,1,1,1,0.6615443835758922,0,-0.5258519449191374,3,6,1,1,0,1,0,0,0,0,1,0,0,1,Stable Mid-Risk
0,-1.1987601143772668,0,1,0,0,1,0.706418982124815,0,1.8440455529020725,0,2,1,0,0,0,1,0,1,0,0,0,0,0,Critical Churn-Risk
0,-1.1580161531009563,0,0,0,0,0,-0.6730594177124505,0,0.3729640005665573,0,0,0,0,0,1,0,0,1,0,0,0,0,2,Vulnerable High-Risk
1,0.960669833267178,1,1,1,0,1,0.3673664597551738,0,-0.5117625083619682,3,4,1,1,1,1,0,0,0,0,1,1,0,1,Stable Mid-Risk
0,1.082901717096109,1,0,0,1,1,0.9656944404074818,1,-0.4845103024049144,3,2,1,0,1,0,1,0,1,0,0,0,0,0,Critical Churn-Risk
0,1.1643896396487294,1,0,0,0,0,-1.322910085587596,0,-0.6200261669409105,3,0,0,1,1,0,0,1,0,0,1,0,0,3,Loyal Low-Risk
0,-1.2395040756535771,0,0,0,0,1,-0.6581012181961428,0,1.083845702905243,0,0,0,0,0,1,0,0,1,0,0,0,1,2,Vulnerable High-Risk
1,0.5532302205040753,1,1,0,1,1,1.1933914774890548,1,-0.416995623032876,2,4,1,0,0,0,1,0,1,0,0,0,1,0,Critical Churn-Risk
1,-0.8320644628904743,0,0,0,0,0,-1.472492080750673,0,-0.4830212550093796,0,0,0,0,0,0,0,1,1,0,0,0,0,2,Vulnerable High-Risk
0,-0.7505765403378537,1,0,0,0,1,0.5202724992552084,1,-0.0410360712935202,1,1,0,0,0,0,1,0,1,0,0,0,1,0,Critical Churn-Risk
1,-0.1801610824695097,1,0,1,0,1,0.8526769329509349,0,-0.3030196531946051,2,2,1,1,0,0,1,0,0,1,0,0,1,1,Stable Mid-Risk
0,-0.3431369275747509,0,1,1,0,0,-0.1445363681362449,0,-0.3848428978870959,1,3,0,0,1,1,0,0,1,0,0,0,0,2,Vulnerable High-Risk
0,-0.0579291986405789,0,0,1,0,1,-0.3173866736580229,1,-0.465553943381481,2,2,0,0,0,1,0,0,1,0,0,0,1,2,Vulnerable High-Risk
1,1.4495973685829016,1,1,1,0,1,0.453791612516063,0,-0.5343782621885669,3,5,1,1,0,1,0,0,0,1,0,0,1,1,Stable Mid-Risk
1,0.2680224915699033,1,0,1,1,0,1.1884054109836186,0,-0.3736660632403096,2,3,1,1,0,0,1,0,0,0,1,0,0,1,Stable Mid-Risk
0,0.3902543753988342,0,0,0,0,0,-1.477478147256109,0,-0.6118516101350444,2,0,0,0,1,0,0,1,1,0,0,1,0,2,Vulnerable High-Risk
0,-0.791320501614164,0,1,1,1,1,-0.3439790283536809,1,-0.2131006822552374,1,4,1,0,0,1,0,0,1,0,0,0,1,2,Vulnerable High-Risk
0,-1.076528230548336,1,0,0,0,1,0.8626490659618067,0,0.846218110638617,0,2,1,0,0,0,1,0,1,0,0,0,1,0,Critical Churn-Risk
0,0.1050466464646622,1,0,0,0,0,0.3507462380703874,1,-0.4227734495836748,2,0,0,0,1,0,1,0,1,0,0,1,0,0,Critical Churn-Risk
0,0.227278530293593,0,0,0,0,1,-1.4808021915930665,0,-0.606484983784887,2,0,0,1,1,0,0,1,0,1,0,1,0,3,Loyal Low-Risk
0,-0.5876006952326126,0,0,0,0,0,-1.487450280266981,0,-0.543914274924113,1,0,0,1,1,0,0,1,0,0,1,1,0,3,Loyal Low-Risk
0,-1.1580161531009563,0,0,0,0,0,-1.5024084797832884,0,-0.2095154238456006,0,0,0,0,0,0,0,1,1,0,0,0,0,2,Vulnerable High-Risk
0,-0.22090504374582,0,0,1,0,1,-0.3655853165439033,0,-0.4428073547796428,2,2,0,0,0,1,0,0,1,0,0,0,1,2,Vulnerable High-Risk
1,0.3495104141225239,0,1,0,1,0,0.1795579547170885,0,-0.4719896906720354,2,4,1,1,0,1,0,0,0,1,0,0,0,1,Stable Mid-Risk
1,0.7162060656093164,0,1,1,1,0,0.3557323045758235,0,-0.4942892459421887,3,4,1,1,0,1,0,0,0,1,0,0,1,1,Stable Mid-Risk
1,1.6125732136881423,0,0,0,0,0,-1.477478147256109,0,-0.6345541473281706,3,0,0,1,0,0,0,1,0,0,1,0,1,3,Loyal Low-Risk
0,1.5310852911355222,1,0,0,0,0,-1.2880076200495447,0,-0.6242662900751165,3,0,0,1,1,0,0,1,0,1,0,1,0,3,Loyal Low-Risk
1,0.4717422979514547,0,0,0,0,0,-1.4691680364137156,0,-0.6136583511375813,2,0,0,1,1,0,0,1,0,1,0,0,0,3,Loyal Low-Risk
0,-1.2395040756535771,0,1,0,0,1,0.3623803932497382,1,2.278375985433851,0,1,0,0,0,0,1,0,1,0,0,0,1,0,Critical Churn-Risk
1,0.0643026851883519,0,0,0,0,1,-1.485788258098502,0,-0.6000584561883645,2,0,0,1,1,0,0,1,0,1,0,0,0,3,Loyal Low-Risk
0,1.6125732136881423,1,0,0,0,0,-1.346178395946297,0,-0.6282379705185842,3,0,0,1,1,0,0,1,0,0,1,0,0,3,Loyal Low-Risk
0,1.5718292524118322,1,0,0,0,1,-1.3395303072723823,0,-0.6273740490070058,3,0,0,1,0,0,0,1,0,0,1,0,1,3,Loyal Low-Risk
0,1.2866215234776603,1,0,1,1,1,1.5191478225108668,0,-0.4686545665700477,3,5,1,1,1,0,1,0,0,0,1,1,0,1,Stable Mid-Risk
0,1.6125732136881423,1,0,0,0,1,-1.3145999747452028,0,-0.6267188900200761,3,0,0,1,1,0,0,1,0,0,1,0,0,3,Loyal Low-Risk
0,-1.2802480369298874,1,0,0,0,1,0.3141817503638577,1,3.666482429381996,0,0,0,0,0,0,1,0,1,0,0,0,0,0,Critical Churn-Risk
0,-0.1394171211931994,0,1,0,0,0,0.8410427777715843,0,-0.3165173221177073,2,3,1,1,1,0,1,0,0,1,0,0,0,1,Stable Mid-Risk
0,-0.3838808888510611,0,1,1,0,1,0.131359311831208,0,-0.3327135185379851,1,4,1,1,1,1,0,0,0,1,0,0,0,1,Stable Mid-Risk
1,0.797693988161937,0,0,0,0,0,-1.5157046571311177,0,-0.6248075940999075,3,0,0,1,0,0,0,1,0,0,1,0,0,3,Loyal Low-Risk
0,-0.3023929662984406,1,0,0,0,1,0.8277466004237555,1,-0.2643782153232989,2,2,1,0,0,0,1,0,1,0,0,0,1,0,Critical Churn-Risk
0,1.2866215234776603,1,1,1,1,1,1.672053862010901,0,-0.4603937207174319,3,6,1,1,1,0,1,0,0,0,1,0,0,1,Stable Mid-Risk
0,-0.6690886177852331,1,0,0,1,1,1.0504575709998925,1,-0.005170408279105,1,2,1,0,0,0,1,0,1,0,0,0,1,0,Critical Churn-Risk
0,-1.2802480369298874,0,0,0,0,1,0.1562896443583875,1,3.3892502384042658,0,0,0,0,1,0,1,0,1,0,0,0,0,0,Critical Churn-Risk
0,-0.3431369275747509,1,0,0,1,1,1.1584890119510036,0,-0.201811287170009,1,3,1,0,1,0,1,0,1,0,0,0,0,0,Critical Churn-Risk
0,-1.2395040756535771,1,0,0,1,1,0.8859173763205076,0,2.891205039174097,0,2,1,0,0,0,1,0,1,0,0,0,1,0,Critical Churn-Risk
1,0.0643026851883519,0,1,1,1,0,0.6632064057443707,0,-0.3844426829948574,2,6,1,1,0,1,0,0,0,0,1,0,0,1,Stable Mid-Risk
0,0.1457906077409725,1,0,0,0,1,0.679826627429157,1,-0.39814373335978,2,1,1,0,1,0,1,0,1,0,0,1,0,0,Critical Churn-Risk
1,0.8384379494382472,1,0,1,1,1,0.4637637455269347,0,-0.496864157932694,3,4,1,1,0,1,0,0,0,1,0,0,0,1,Stable Mid-Risk
1,0.5939741817803856,0,0,0,0,0,-1.4808021915930665,0,-0.6178492588199054,2,0,0,1,1,0,0,1,0,0,1,1,0,3,Loyal Low-Risk
1,1.6125732136881423,0,0,0,0,0,-1.4924363467724169,0,-0.6352737117748324,3,0,0,1,1,0,0,1,0,0,1,1,0,3,Loyal Low-Risk
1,1.6125732136881423,1,1,1,0,1,1.0953321695488154,0,-0.5107890625023517,3,4,1,1,1,0,1,0,0,0,1,1,0,1,Stable Mid-Risk
0,-1.2802480369298874,0,0,0,0,0,-1.509056568457203,1,0.4651801819865181,0,0,0,0,0,0,0,1,1,0,0,0,0,2,Vulnerable High-Risk
0,-0.9542963467194052,1,0,0,0,1,0.6150077628584902,1,0.3052609812962063,0,1,1,0,0,0,1,0,1,0,0,0,1,0,Critical Churn-Risk
0,-0.9950403079957154,0,0,0,1,1,0.5086383440758576,1,0.3717967071308614,0,1,1,0,1,0,1,0,1,0,0,0,0,0,Critical Churn-Risk
0,0.512486259227765,0,1,0,0,0,-0.0697453705547064,1,-0.5079872801641423,2,3,1,1,1,1,0,0,0,1,0,1,0,1,Stable Mid-Risk
0,-1.0357842692720256,0,0,1,1,1,1.183419344478183,0,0.797858811159795,0,4,1,0,0,0,1,0,1,0,0,0,1,0,Critical Churn-Risk
0,1.5718292524118322,1,0,0,0,1,-1.3411923294408608,0,-0.6274551110511513,3,0,0,1,1,0,0,1,0,0,1,1,0,3,Loyal Low-Risk
0,0.3495104141225239,0,0,1,1,1,1.2066876548368837,0,-0.3861102450458513,2,4,1,1,1,0,1,0,0,1,0,0,0,1,Stable Mid-Risk
1,1.4088534073065913,0,1,0,1,0,-0.461982602315664,0,-0.5797191037605071,3,3,1,1,1,1,0,0,0,0,1,1,0,1,Stable Mid-Risk
0,1.490341329859212,1,1,1,0,1,1.4094543593912772,0,-0.4883317987717754,3,5,1,1,1,0,1,0,0,1,0,1,0,1,Stable Mid-Risk
0,1.5310852911355222,1,1,1,1,1,0.9108477088476872,0,-0.5155107115240304,3,6,1,1,1,1,0,0,0,0,1,0,0,1,Stable Mid-Risk
0,-0.3023929662984406,1,0,0,0,0,-1.3129379525767242,1,-0.5535078201648511,2,0,0,1,1,0,0,1,0,1,0,0,0,3,Loyal Low-Risk
0,1.6125732136881423,1,1,1,1,0,1.6155451082826278,0,-0.4857642100795601,3,6,1,1,1,0,1,0,0,0,1,0,0,1,Stable Mid-Risk
1,0.0643026851883519,0,0,1,1,1,-0.8060211911907411,0,-0.5318551683027154,2,2,1,1,0,1,0,0,0,0,1,0,1,1,Stable Mid-Risk
1,1.3273654847539706,1,0,0,0,0,-1.2896696422180234,0,-0.6211101637775781,3,0,0,1,1,0,0,1,0,0,1,1,0,3,Loyal Low-Risk
0,1.5310852911355222,1,1,1,1,1,1.5673464653967473,0,-0.4830402251085512,3,6,1,1,1,0,1,0,0,0,1,1,0,1,Stable Mid-Risk
1,1.6125732136881423,0,1,0,1,1,-0.3655853165439033,0,-0.581066523459648,3,4,1,1,1,1,0,0,0,0,1,1,0,1,Stable Mid-Risk
1,0.1050466464646622,0,0,1,1,1,0.2427147971192763,0,-0.4333115153225944,2,3,1,1,0,1,0,0,0,1,0,0,0,1,Stable Mid-Risk
0,-0.791320501614164,1,1,0,1,0,1.1086283468966447,1,0.1512616258869226,1,3,1,0,0,0,1,0,1,0,0,0,0,0,Critical Churn-Risk
0,-0.8320644628904743,1,1,0,1,0,0.4670877898638917,0,0.0409139140125014,0,4,1,1,0,1,0,0,0,1,0,0,1,1,Stable Mid-Risk
1,1.2051336009250395,0,1,1,1,1,0.1978401985703534,0,-0.5360055449629667,3,4,1,1,1,1,0,0,0,1,0,0,0,1,Stable Mid-Risk
0,-0.3023929662984406,0,1,1,1,1,0.377338592766046,0,-0.3252121616835944,2,4,1,0,1,1,0,0,1,0,0,1,0,1,Stable Mid-Risk
0,0.797693988161937,0,1,1,0,0,-0.8542198340766214,0,-0.5809790292502007,3,3,0,1,0,1,0,0,0,0,1,0,0,1,Stable Mid-Risk
0,-0.9950403079957154,0,0,0,0,1,0.1712478438746953,0,0.2401519474385123,0,0,0,0,1,0,1,0,1,0,0,1,0,0,Critical Churn-Risk
0,-1.2395040756535771,0,0,0,0,0,-1.487450280266981,0,0.1130466622183131,0,0,0,0,0,0,0,1,1,0,0,0,0,2,Vulnerable High-Risk
1,0.960669833267178,0,0,0,0,0,-1.487450280266981,0,-0.6260343920669164,3,0,0,1,0,0,0,1,0,0,1,0,0,3,Loyal Low-Risk
0,-0.8320644628904743,0,0,0,0,0,-1.5073945462887242,0,-0.492449394297691,0,0,0,0,1,0,0,1,1,0,0,0,0,2,Vulnerable High-Risk
0,0.5939741817803856,1,0,0,0,0,-1.259753243185408,0,-0.601677381012871,2,0,0,1,0,0,0,1,0,1,0,0,1,3,Loyal Low-Risk
0,-1.2395040756535771,0,0,0,0,0,-1.5157046571311177,0,0.0799733482069346,0,0,0,0,0,0,0,1,1,0,0,0,1,2,Vulnerable High-Risk
0,-0.5876006952326126,0,0,0,0,1,-0.4918990013482794,0,-0.3599119675605002,1,1,0,0,0,1,0,0,1,0,0,0,0,2,Vulnerable High-Risk
0,-0.9950403079957154,0,1,0,1,1,-0.1594945676525527,0,0.1111011731588203,0,2,1,0,0,1,0,0,1,0,0,0,1,2,Vulnerable High-Risk
0,0.512486259227765,1,1,0,0,1,0.6565583170704561,0,-0.4525408419685962,2,2,0,0,0,0,1,0,1,0,0,0,0,0,Critical Churn-Risk
0,-1.1987601143772668,0,0,0,0,0,-0.6431430186798349,0,0.6592427156709296,0,0,0,0,0,1,0,0,1,0,0,0,0,2,Vulnerable High-Risk
0,0.227278530293593,0,0,0,0,0,-1.487450280266981,0,-0.6070835958031926,2,0,0,1,0,0,0,1,0,1,0,0,0,3,Loyal Low-Risk
0,1.6125732136881423,1,1,1,1,1,1.6870120615272086,0,-0.4823262910566208,3,6,1,1,0,0,1,0,0,0,1,0,1,1,Stable Mid-Risk
0,0.5532302205040753,1,1,0,0,1,0.960708373902046,1,-0.434380844415578,2,3,1,0,0,0,1,0,1,0,0,0,1,0,Critical Churn-Risk
1,1.5718292524118322,1,1,0,1,1,1.1368827237607813,0,-0.5065916032301583,3,4,1,1,1,0,1,0,0,0,1,1,0,1,Stable Mid-Risk
1,1.368109446030281,0,0,1,1,0,-0.4736167574950145,0,-0.5790247742585896,3,3,1,1,1,1,0,0,0,0,1,0,0,1,Stable Mid-Risk
0,-0.3023929662984406,1,0,0,1,0,1.367903805179311,1,-0.1914223755923172,2,4,1,0,0,0,1,0,1,0,0,0,0,0,Critical Churn-Risk
0,-0.5876006952326126,1,0,1,1,1,0.5717951864780458,1,-0.1633151783906969,1,4,1,1,1,1,0,0,0,1,0,1,0,1,Stable Mid-Risk
1,-0.791320501614164,1,0,0,0,1,-1.322910085587596,0,-0.4586491942640845,1,0,0,1,1,0,0,1,0,0,1,0,0,3,Loyal Low-Risk
1,1.3273654847539706,1,1,1,1,0,0.8892414206574647,0,-0.5051767020959816,3,6,1,1,1,1,0,0,0,0,1,0,0,1,Stable Mid-Risk
0,1.1236456783724194,1,0,0,1,1,1.02885128280967,1,-0.4838676531500163,3,3,1,0,0,0,1,0,1,0,0,0,1,0,Critical Churn-Risk
1,-0.7098325790615434,0,0,0,0,0,-1.5107185906256817,0,-0.5259249007588684,1,0,0,1,0,0,0,1,0,0,1,0,0,3,Loyal Low-Risk
0,1.6125732136881423,1,0,0,0,0,-1.327896152093032,0,-0.6273585028615533,3,0,0,1,1,0,0,1,0,0,1,1,0,3,Loyal Low-Risk
0,-0.0986731599168891,1,0,0,1,1,0.9723425290813964,1,-0.3129526840990236,2,2,1,0,1,0,1,0,1,0,0,1,0,0,Critical Churn-Risk
1,0.3902543753988342,0,0,1,1,1,1.183419344478183,0,-0.3945450065828551,2,4,1,1,0,0,1,0,0,0,1,0,1,1,Stable Mid-Risk
0,1.5718292524118322,1,0,0,0,0,-1.322910085587596,0,-0.6265634285655504,3,0,0,1,1,0,0,1,0,0,1,0,0,3,Loyal Low-Risk
0,-1.2802480369298874,0,0,0,0,1,-0.3340068953428092,1,2.528371329578681,0,1,1,0,0,1,0,0,1,0,0,0,0,2,Vulnerable High-Risk
0,0.2680224915699033,1,0,0,1,1,1.025527238472713,1,-0.3879654078275819,2,2,1,0,1,0,1,0,1,0,0,0,0,0,Critical Churn-Risk
0,0.1050466464646622,0,0,0,0,0,-1.5140426349626388,0,-0.6046766766462559,2,0,0,0,1,0,0,1,1,0,0,0,0,2,Vulnerable High-Risk
1,0.8384379494382472,0,0,1,1,1,1.4443568249293284,0,-0.4330953498715396,3,5,1,0,1,0,1,0,1,0,0,0,0,1,Stable Mid-Risk
0,-1.2802480369298874,1,0,0,1,1,0.9906247729346612,1,4.854203500202378,0,2,1,0,0,0,1,0,1,0,0,0,1,0,Critical Churn-Risk
1,-0.0579291986405789,0,0,1,1,1,1.1335586794238242,1,-0.3063278231686134,2,4,1,0,0,0,1,0,1,0,0,0,1,0,Critical Churn-Risk
0,0.6347181430566958,0,0,0,0,0,-1.4841262359300234,0,-0.6190924858847089,2,0,0,1,1,0,0,1,0,0,1,1,0,3,Loyal Low-Risk
1,-0.0986731599168891,1,0,1,1,1,1.213335743510798,0,-0.2856530795545272,2,3,1,0,0,0,1,0,1,0,0,0,1,0,Critical Churn-Risk
0,-0.9135523854430948,0,0,0,0,0,-1.4891123024354591,0,-0.4548592805118257,0,0,0,0,1,0,0,1,1,0,0,1,0,2,Vulnerable High-Risk
1,-0.8320644628904743,1,0,0,1,1,1.346297516989089,0,0.278413232275205,0,4,1,0,0,0,1,0,1,0,0,0,1,0,Critical Churn-Risk
0,1.0014137945434884,0,1,1,1,0,0.1679237995377378,0,-0.5265160946325504,3,4,1,1,1,1,0,0,0,0,1,0,0,1,Stable Mid-Risk
0,1.0421577558197987,0,1,0,1,1,0.0150177600377037,0,-0.5379997105041742,3,3,1,0,1,1,0,0,1,0,0,1,0,1,Stable Mid-Risk
0,0.1865345690172827,0,0,0,0,0,-1.495760391109374,0,-0.6062723189889101,2,0,0,1,0,0,0,1,0,0,1,0,0,3,Loyal Low-Risk
1,0.4717422979514547,0,0,0,0,0,-1.5024084797832884,0,-0.6162523365502384,2,0,0,0,0,0,0,1,1,0,0,0,0,2,Vulnerable High-Risk
1,-0.22090504374582,0,0,0,0,0,-1.487450280266981,0,-0.5835079028322504,2,0,0,1,1,0,0,1,0,1,0,1,0,3,Loyal Low-Risk
0,-0.9950403079957154,0,0,1,0,0,-0.5118432673700231,0,-0.0263800537120074,0,1,0,0,0,1,0,0,1,0,0,0,1,2,Vulnerable High-Risk
0,-1.1987601143772668,1,0,0,0,1,0.3740145484290884,1,1.5522221939781458,0,0,0,0,0,0,1,0,1,0,0,0,1,0,Critical Churn-Risk
0,-0.3023929662984406,0,0,0,0,0,0.7845340240433111,0,-0.2702146825017774,2,3,1,0,1,0,1,0,1,0,0,0,0,0,Critical Churn-Risk
1,1.0014137945434884,1,0,0,1,1,1.1900674331520973,0,-0.4646294167917867,3,3,1,0,0,0,1,0,1,0,0,0,1,0,Critical Churn-Risk
0,-0.8320644628904743,0,0,0,0,0,-1.5073945462887242,0,-0.492449394297691,0,0,0,0,0,0,0,1,1,0,0,0,0,2,Vulnerable High-Risk
1,1.2051336009250395,0,0,0,0,0,-1.4791401694245876,0,-0.6294816621547897,3,0,0,1,1,0,0,1,0,0,1,0,0,3,Loyal Low-Risk
0,1.3273654847539706,1,0,1,1,1,1.424412558907585,0,-0.4767018167706773,3,5,1,1,1,0,1,0,0,0,1,0,0,1,Stable Mid-Risk
0,1.5718292524118322,1,0,1,1,1,0.5202724992552084,0,-0.5366656216081518,3,4,1,1,1,1,0,0,0,0,1,0,0,1,Stable Mid-Risk
1,-0.4653688114036817,0,0,0,1,1,-0.1977210775275612,0,-0.3548434565897163,1,2,1,1,1,1,0,0,0,1,0,1,0,1,Stable Mid-Risk
0,1.5718292524118322,1,1,0,1,1,1.489231423478251,0,-0.4894064498713047,3,5,1,1,0,0,1,0,0,1,0,0,1,1,Stable Mid-Risk
0,-1.0357842692720256,0,0,0,0,1,0.3440981493964733,0,0.4294318205183373,0,1,0,0,0,0,1,0,1,0,0,0,1,0,Critical Churn-Risk
0,1.6125732136881423,0,1,1,0,1,0.2726311961518919,0,-0.5503651070687473,3,5,1,1,1,1,0,0,0,0,1,1,0,1,Stable Mid-Risk
0,-1.2802480369298874,0,0,0,0,0,0.1762339103801309,0,3.4242690414751364,0,0,0,0,0,0,1,0,1,0,0,0,1,0,Critical Churn-Risk
1,1.6125732136881423,1,0,1,0,1,1.1252485685814309,0,-0.5093499336090282,3,4,1,1,1,0,1,0,0,0,1,0,0,1,Stable Mid-Risk
1,1.2866215234776603,1,0,1,1,1,1.5507262437119609,0,-0.466948522317877,3,5,1,1,0,0,1,0,0,1,0,0,1,1,Stable Mid-Risk
0,1.6125732136881423,1,1,1,1,1,1.6654057733369867,0,-0.4833656619240211,3,6,1,1,0,0,1,0,0,0,1,0,1,1,Stable Mid-Risk
0,-0.1394171211931994,1,0,0,1,0,1.1884054109836186,0,-0.2758566007743067,2,3,1,0,1,0,1,0,1,0,0,0,0,0,Critical Churn-Risk
0,-0.791320501614164,0,0,0,0,1,-1.4758161250876305,0,-0.4970031214369435,1,0,0,1,0,0,0,1,0,0,1,0,0,3,Loyal Low-Risk
0,-0.0579291986405789,1,1,0,1,0,1.3147190957879948,0,-0.2864473568419209,2,4,1,0,0,0,1,0,1,0,0,0,1,0,Critical Churn-Risk
0,-1.2802480369298874,0,0,0,0,1,0.1645997552007807,1,3.403841406350462,0,0,0,0,0,0,1,0,1,0,0,0,1,0,Critical Churn-Risk
1,-1.0357842692720256,0,1,1,0,1,-1.0071258735766555,1,-0.1636991564945442,0,2,0,0,0,1,0,0,1,0,0,0,1,2,Vulnerable High-Risk
0,1.1643896396487294,1,0,0,1,1,1.354607627831482,1,-0.4683721568678633,3,4,1,0,0,0,1,0,1,0,0,0,1,0,Critical Churn-Risk
1,0.2680224915699033,0,0,0,0,0,-1.1533838244027754,1,-0.579255619602216,2,1,0,0,1,1,0,0,1,0,0,1,0,2,Vulnerable High-Risk
0,-0.9135523854430948,0,0,0,0,1,0.1828819990540456,1,0.0789121723563022,0,0,0,0,0,0,1,0,1,0,0,0,1,0,Critical Churn-Risk
1,-0.7505765403378537,1,0,1,1,0,0.5202724992552084,0,-0.0410360712935202,1,4,1,0,1,1,0,0,1,0,0,1,0,2,Vulnerable High-Risk
0,-1.2802480369298874,1,0,0,0,1,0.5119623884128152,1,4.013752226501469,0,1,0,0,0,0,1,0,1,0,0,0,0,0,Critical Churn-Risk
1,1.4088534073065913,1,1,1,0,1,0.982314662092268,1,-0.5051324864355387,3,3,1,1,1,0,1,0,0,1,0,1,0,1,Stable Mid-Risk
0,1.6125732136881423,1,1,1,1,1,0.8825933319835501,0,-0.5210228679659854,3,6,1,1,1,1,0,0,0,0,1,0,0,1,Stable Mid-Risk
1,-1.076528230548336,0,0,0,0,1,-0.6713973955439717,1,0.076638224104947,0,0,0,0,1,1,0,0,1,0,0,0,0,2,Vulnerable High-Risk
0,-1.2802480369298874,0,0,0,0,1,-1.5024084797832884,1,0.4768531163434754,0,0,0,0,0,0,0,1,1,0,0,0,0,2,Vulnerable High-Risk
1,-0.3023929662984406,0,0,0,0,0,-1.4924363467724169,0,-0.5777516069062235,2,0,0,1,0,0,0,1,0,1,0,0,1,3,Loyal Low-Risk
0,0.0235587239120416,1,0,1,1,1,1.5174858003423883,1,-0.2878957448365801,2,5,1,0,0,0,1,0,1,0,0,0,1,0,Critical Churn-Risk
0,-0.5876006952326126,0,1,1,1,1,0.1180631344833788,0,-0.2471759962709412,1,4,1,0,0,1,0,0,1,0,0,0,1,2,Vulnerable High-Risk
0,1.5718292524118322,0,0,1,1,1,0.4753979007062849,0,-0.5388542968000812,3,5,1,1,1,1,0,0,0,0,1,1,0,1,Stable Mid-Risk
1,-0.1801610824695097,1,0,0,0,1,-0.4586585579787067,0,-0.4618118119470039,2,0,0,1,0,1,0,0,0,1,0,0,1,3,Loyal Low-Risk
1,-1.2395040756535771,1,1,0,0,0,0.5235965435921655,0,2.467088424204656,0,1,0,0,1,0,1,0,1,0,0,1,0,0,Critical Churn-Risk
1,-0.6283446565089229,1,0,1,0,1,0.0632164029235842,0,-0.2345473830777419,1,3,0,0,0,1,0,0,1,0,0,0,0,2,Vulnerable High-Risk
0,0.960669833267178,1,1,0,0,1,0.7180531373041658,0,-0.4901573403854949,3,2,0,0,0,0,1,0,1,0,0,0,1,0,Critical Churn-Risk
0,1.1236456783724194,0,1,0,0,0,-0.4902369791798008,0,-0.5713189810373833,3,4,1,1,0,1,0,0,0,1,0,0,1,1,Stable Mid-Risk
0,0.0235587239120416,1,0,0,0,0,-1.2996417752288951,0,-0.5788607997636719,2,0,0,1,1,0,0,1,0,0,1,1,0,3,Loyal Low-Risk
0,-1.2802480369298874,0,1,1,0,1,0.6183318071954478,0,4.200519176212783,0,3,0,0,0,0,1,0,1,0,0,0,0,0,Critical Churn-Risk
0,-1.2395040756535771,0,0,0,0,0,0.1961781764018748,1,2.083827079484565,0,0,0,0,1,0,1,0,1,0,0,1,0,0,Critical Churn-Risk
0,1.24587756220135,1,1,1,0,1,0.6598823614074136,0,-0.512701654807628,3,2,0,1,1,0,1,0,0,0,1,1,0,1,Stable Mid-Risk
0,-1.0357842692720256,1,0,0,1,1,1.1451928346031743,1,0.7810789680216691,0,3,1,0,0,0,1,0,1,0,0,0,1,0,Critical Churn-Risk
0,0.9199258719908678,0,0,0,0,1,-0.0016024616470825,0,-0.5321261471360018,3,3,1,1,0,1,0,0,0,0,1,0,0,1,Stable Mid-Risk
0,1.3273654847539706,1,1,1,1,1,1.17510923363579,0,-0.489966514903583,3,4,1,1,1,0,1,0,0,1,0,0,0,1,Stable Mid-Risk
0,-1.2802480369298874,0,0,1,1,1,0.6648684279128493,1,4.282229716711481,0,2,1,0,0,0,1,0,1,0,0,0,1,0,Critical Churn-Risk
0,1.24587756220135,1,0,0,0,0,-1.3145999747452028,0,-0.6210410768081358,3,0,0,1,0,0,0,1,0,0,1,0,0,3,Loyal Low-Risk
0,1.5310852911355222,1,1,1,1,1,1.6022489309347985,0,-0.4813139460839308,3,6,1,1,1,0,1,0,0,0,1,1,0,1,Stable Mid-Risk
1,0.1457906077409725,0,1,1,0,0,-0.8026971468537838,0,-0.5388499150679653,2,3,0,1,1,1,0,0,0,0,1,1,0,1,Stable Mid-Risk
0,0.797693988161937,0,0,1,1,1,1.3363253839782172,1,-0.4358382039438854,3,5,1,1,1,0,1,0,0,1,0,0,0,1,Stable Mid-Risk
0,-0.4246248501273714,1,1,0,0,1,-0.3439790283536809,1,-0.3907504177094864,1,1,0,0,0,1,0,0,1,0,0,0,1,2,Vulnerable High-Risk
0,-0.4246248501273714,0,0,1,0,1,1.002258928114012,0,-0.1852052692500249,1,4,1,0,1,0,1,0,1,0,0,0,0,0,Critical Churn-Risk
0,-1.1172721918246462,0,1,1,0,0,-0.16281861198951,0,0.4982534959978965,0,3,0,0,1,1,0,0,1,0,0,1,0,2,Vulnerable High-Risk
0,0.5939741817803856,0,0,0,0,1,0.6814886495976356,1,-0.4596566796698933,2,2,1,0,0,0,1,0,1,0,0,0,1,0,Critical Churn-Risk
0,0.0235587239120416,1,0,0,0,1,0.6166697850269688,1,-0.3809358980935027,2,1,1,0,0,0,1,0,1,0,0,0,1,0,Critical Churn-Risk
0,-0.5876006952326126,0,0,0,0,1,-1.0403663169462285,1,-0.4612821869761801,1,2,0,0,1,1,0,0,1,0,0,1,0,2,Vulnerable High-Risk
0,-1.2802480369298874,0,0,0,0,0,-1.495760391109374,0,0.4885260507004324,0,0,0,0,1,0,0,1,1,0,0,1,0,2,Vulnerable High-Risk
0,0.960669833267178,0,0,1,1,1,0.5651470978041312,0,-0.4995776031998815,3,5,1,1,1,1,0,0,0,0,1,1,0,1,Stable Mid-Risk
0,-1.2395040756535771,0,0,0,0,1,-1.4891123024354591,0,0.1111011731588203,0,0,0,0,0,0,0,1,1,0,0,0,0,2,Vulnerable High-Risk
0,0.1050466464646622,1,1,0,0,1,-0.1727907450003817,0,-0.473842537395362,2,2,0,0,0,1,0,0,1,0,0,0,1,2,Vulnerable High-Risk
0,1.2866215234776603,1,0,0,0,0,-1.322910085587596,0,-0.6221985492654062,3,0,0,1,1,0,0,1,0,0,1,1,0,3,Loyal Low-Risk
0,-0.7098325790615434,1,1,0,0,1,0.6499102283965414,0,-0.0517119425074872,1,2,0,0,1,0,1,0,1,0,0,1,0,0,Critical Churn-Risk
0,-0.3431369275747509,0,0,0,1,1,0.8493528886139774,1,-0.2452346029778893,1,2,1,0,0,0,1,0,1,0,0,0,1,0,Critical Churn-Risk
0,-1.2802480369298874,0,0,0,0,0,-0.3074145406471512,0,2.5750630670065093,0,1,1,0,0,1,0,0,1,0,0,0,0,2,Vulnerable High-Risk
1,1.5310852911355222,0,1,1,1,0,0.3507462380703874,0,-0.5432133796810342,3,4,1,1,1,1,0,0,0,0,1,1,0,1,Stable Mid-Risk
0,-1.2802480369298874,0,0,0,1,1,0.8626490659618067,1,4.629499513830955,0,2,1,0,0,0,1,0,1,0,0,0,1,0,Critical Churn-Risk
1,-1.1580161531009563,1,0,0,1,0,0.8244225560867979,1,1.4246953861283895,0,2,1,0,0,0,1,0,1,0,0,0,0,0,Critical Churn-Risk
0,0.2680224915699033,0,0,1,0,0,-0.1827628780112537,0,-0.4940431987964294,2,2,1,1,0,1,0,0,0,1,0,0,1,1,Stable Mid-Risk
0,-0.1394171211931994,1,1,0,0,1,0.0432721369018403,0,-0.4099007969733638,2,2,1,0,0,1,0,0,1,0,0,0,1,2,Vulnerable High-Risk
1,-0.7505765403378537,0,0,0,0,0,-1.5290008344789463,0,-0.5207936733644559,1,0,0,1,0,0,0,1,0,0,1,0,0,3,Loyal Low-Risk
0,1.1643896396487294,1,1,1,1,0,0.7197151594726443,0,-0.5043323256126827,3,5,1,1,1,1,0,0,0,0,1,1,0,1,Stable Mid-Risk
1,-0.791320501614164,0,1,0,0,1,-0.4220940702721767,0,-0.2326945363544154,1,1,0,0,1,1,0,0,1,0,0,1,0,2,Vulnerable High-Risk
0,1.368109446030281,0,1,1,0,1,-0.5783241541091684,0,-0.584512795635368,3,4,0,1,0,1,0,0,0,0,1,0,0,1,Stable Mid-Risk
0,-1.2395040756535771,0,0,0,1,1,-0.5168293338754589,1,1.249212272962135,0,3,1,0,0,1,0,0,1,0,0,0,1,2,Vulnerable High-Risk
0,1.082901717096109,1,1,0,1,1,1.4742732239619438,0,-0.4547443197946739,3,5,1,1,1,0,1,0,0,1,0,1,0,1,Stable Mid-Risk
1,1.2051336009250395,1,1,0,1,1,1.002258928114012,0,-0.491166654258465,3,3,1,1,1,0,1,0,0,1,0,1,0,1,Stable Mid-Risk
0,0.0235587239120416,0,1,1,0,1,0.95572230739661,0,-0.3459170950226314,2,4,1,1,0,0,1,0,0,1,0,0,1,1,Stable Mid-Risk
1,1.368109446030281,0,0,1,1,1,0.4886940780541142,0,-0.5285872444624841,3,5,1,1,1,1,0,0,0,0,1,1,0,1,Stable Mid-Risk
0,1.6125732136881423,1,1,1,1,0,1.6703918398424222,0,-0.4831258071084671,3,6,1,1,1,0,1,0,0,0,1,1,0,1,Stable Mid-Risk
1,-1.2802480369298874,0,0,0,0,0,-1.4974224132778524,1,0.4856078171111931,0,0,0,0,0,0,0,1,1,0,0,0,0,2,Vulnerable High-Risk
0,-0.5468567339563023,1,1,0,0,1,1.0089070167879266,1,-0.1117545986060851,1,3,1,0,0,0,1,0,1,0,0,0,1,0,Critical Churn-Risk
1,0.7569500268856267,1,1,1,1,1,1.0089070167879266,0,-0.45350219985669,3,3,1,1,0,0,1,0,0,1,0,0,0,1,Stable Mid-Risk
0,1.24587756220135,1,0,1,1,0,1.3496215613260465,0,-0.4748558129471812,3,4,1,0,0,0,1,0,1,0,0,0,1,0,Critical Churn-Risk
0,-0.22090504374582,0,0,0,0,0,-1.485788258098502,0,-0.5832994575758762,2,0,0,1,1,0,0,1,0,1,0,0,0,3,Loyal Low-Risk
0,-0.4246248501273714,1,1,0,1,1,1.2149977656792768,1,-0.1527240606045791,1,3,1,0,1,0,1,0,1,0,0,0,0,0,Critical Churn-Risk
0,-1.1580161531009563,0,0,0,0,0,-1.487450280266981,0,-0.1990097829243393,0,0,0,0,0,0,0,1,1,0,0,0,0,2,Vulnerable High-Risk
1,0.3902543753988342,0,0,0,0,0,-1.4658439920767583,0,-0.6109014875711061,2,0,0,1,0,0,0,1,0,0,1,0,0,3,Loyal Low-Risk
0,-0.1394171211931994,0,0,0,0,0,-1.477478147256109,0,-0.5879130459169591,2,0,0,1,0,0,0,1,0,1,0,0,0,3,Loyal Low-Risk
0,-1.1580161531009563,0,0,0,0,1,0.1745718882116524,1,0.968283652771368,0,0,0,0,1,0,1,0,1,0,0,1,0,0,Critical Churn-Risk
0,-0.0986731599168891,0,0,0,0,0,-1.499084435446331,0,-0.5929148355312037,2,0,0,1,0,0,0,1,0,1,0,0,0,3,Loyal Low-Risk
0,-1.1580161531009563,1,0,0,0,1,0.327477927711687,1,1.0756746488553734,0,0,0,0,0,0,1,0,1,0,0,0,1,0,Critical Churn-Risk
1,1.5718292524118322,0,1,1,1,0,0.6864747161030716,0,-0.5285594171935982,3,6,1,1,1,1,0,0,0,0,1,0,0,1,Stable Mid-Risk
0,0.5532302205040753,0,1,1,0,0,-0.811007257696177,0,-0.5667568872295806,2,3,0,1,1,1,0,0,0,0,1,1,0,1,Stable Mid-Risk
0,-1.1580161531009563,1,0,0,0,0,-0.4786028240004503,1,0.5095373325429551,0,0,0,0,0,1,0,0,1,0,0,0,0,2,Vulnerable High-Risk
0,-1.0357842692720256,1,1,0,0,1,0.4936801445595503,1,0.4950920762762208,0,1,0,0,0,0,1,0,1,0,0,0,0,0,Critical Churn-Risk
0,1.490341329859212,1,0,1,1,1,1.3429734726521318,0,-0.4916669228737632,3,4,1,1,1,0,1,0,0,1,0,0,0,1,Stable Mid-Risk
0,1.6125732136881423,1,1,0,1,0,1.1917294553205762,0,-0.5061518694016427,3,4,1,1,1,0,1,0,0,0,1,0,0,1,Stable Mid-Risk
0,-0.5468567339563023,1,0,0,0,1,0.5003282332334644,1,-0.2010525464368068,1,1,0,0,0,0,1,0,1,0,0,0,1,0,Critical Churn-Risk
0,-0.1801610824695097,0,0,1,0,0,0.8709591768041999,0,-0.3008058208165616,2,3,1,0,0,0,1,0,1,0,0,0,1,0,Critical Churn-Risk
0,-1.1172721918246462,1,0,0,0,1,0.4637637455269347,1,0.8649781837122981,0,1,0,0,0,0,1,0,1,0,0,0,1,0,Critical Churn-Risk
0,1.6125732136881423,1,1,1,1,1,1.726900593570696,0,-0.4804074525321894,3,6,1,1,1,0,1,0,0,0,1,1,0,1,Stable Mid-Risk
1,-0.9950403079957154,0,0,0,1,1,0.5202724992552084,1,0.3763361816030117,0,1,1,0,1,0,1,0,1,0,0,1,0,0,Critical Churn-Risk
0,-1.0357842692720256,0,1,0,0,1,-0.1894109666851681,0,0.1952435749818858,0,2,1,1,0,1,0,0,0,1,0,0,1,2,Vulnerable High-Risk
0,-0.4246248501273714,0,1,0,0,1,-0.498547090022194,0,-0.4143500458659431,1,1,0,0,0,1,0,0,1,0,0,0,1,2,Vulnerable High-Risk
0,1.6125732136881423,0,0,0,0,0,-1.5123806127941604,0,-0.6362331310370479,3,0,0,1,1,0,0,1,0,0,1,0,0,3,Loyal Low-Risk
1,-0.9950403079957154,0,0,0,0,0,-1.5007464576148095,0,-0.4122353838447553,0,0,0,0,1,0,0,1,1,0,0,1,0,2,Vulnerable High-Risk
0,0.797693988161937,1,1,1,0,1,0.5518509204563025,0,-0.487815798439015,3,5,1,1,1,1,0,0,0,1,0,1,0,1,Stable Mid-Risk
0,1.4495973685829016,0,1,1,0,0,-0.860867922750536,0,-0.6012861685389513,3,3,0,1,0,1,0,0,0,0,1,0,0,1,Stable Mid-Risk
0,1.5718292524118322,1,1,1,1,0,0.7695758245270033,0,-0.5245063149863215,3,6,1,1,1,1,0,0,0,0,1,0,0,1,Stable Mid-Risk
0,-1.2395040756535771,0,0,0,0,0,-1.494098368940895,0,0.1052647059803418,0,0,0,0,0,0,0,1,1,0,0,0,0,2,Vulnerable High-Risk
0,0.0643026851883519,1,0,1,1,1,1.0487955488314131,0,-0.3457552434117997,2,3,1,0,0,0,1,0,1,0,0,0,1,0,Critical Churn-Risk
0,0.1050466464646622,0,0,0,0,0,-1.3511644624517327,0,-0.5887885159937309,2,0,0,0,0,1,0,0,1,0,0,0,1,2,Vulnerable High-Risk
1,1.1643896396487294,0,0,0,0,0,-1.5190287014680746,0,-0.6311342818934986,3,0,0,1,1,0,0,1,0,1,0,1,0,3,Loyal Low-Risk
0,-1.2802480369298874,0,0,0,0,0,-0.6913416615657154,0,1.9009511078922383,0,0,0,0,0,1,0,0,1,0,0,0,1,2,Vulnerable High-Risk
0,-1.2802480369298874,1,0,0,0,1,-0.4885749570113221,1,2.256975605779429,0,0,0,0,0,1,0,0,1,0,0,0,0,2,Vulnerable High-Risk
1,0.8384379494382472,0,0,0,0,0,-0.1395503016308091,0,-0.5360981872991332,3,2,1,1,1,1,0,0,0,1,0,1,0,1,Stable Mid-Risk
0,1.6125732136881423,1,0,0,0,0,-1.3013037973973738,0,-0.626079277178599,3,0,0,1,1,0,0,1,0,0,1,0,0,3,Loyal Low-Risk
0,-1.2395040756535771,0,0,0,0,0,0.3856487036084391,1,2.30561283226675,0,1,0,0,0,0,1,0,1,0,0,0,1,0,Critical Churn-Risk
0,-1.1987601143772668,0,0,1,1,1,1.1269105907499095,1,2.21320210194084,0,4,1,0,0,0,1,0,1,0,0,0,1,0,Critical Churn-Risk
0,-0.791320501614164,1,1,0,1,1,1.196715521826012,1,0.1733568230625913,1,3,1,0,0,0,1,0,1,0,0,0,1,0,Critical Churn-Risk
0,0.3495104141225239,0,0,0,1,1,-0.3605992500384672,0,-0.5171528295531194,2,4,1,0,0,1,0,0,1,0,0,0,1,2,Vulnerable High-Risk
0,-0.3431369275747509,0,0,0,0,0,-1.4758161250876305,0,-0.5718433062855484,1,0,0,1,1,0,0,1,0,1,0,1,0,3,Loyal Low-Risk
1,-0.1801610824695097,0,0,0,1,1,0.8410427777715843,1,-0.3044284556169965,2,2,1,1,1,0,1,0,0,1,0,0,0,1,Stable Mid-Risk
0,-0.9950403079957154,0,1,0,0,0,-1.178314156929955,0,-0.2864270913308845,0,1,0,0,0,1,0,0,1,0,0,0,0,2,Vulnerable High-Risk
0,-1.2802480369298874,0,0,0,0,1,-1.4741541029191516,0,0.5264630873605428,0,0,0,0,0,0,0,1,1,0,0,0,0,2,Vulnerable High-Risk
0,0.8791819107145575,1,0,1,0,1,1.0072449946194475,0,-0.4652588038480238,3,3,1,1,1,0,1,0,0,0,1,0,0,1,Stable Mid-Risk
0,0.3495104141225239,1,0,0,0,1,-1.3145999747452028,0,-0.5969178809923261,2,0,0,0,1,0,0,1,1,0,0,0,0,2,Vulnerable High-Risk
0,-0.5468567339563023,0,0,0,0,0,-0.6614252625331,0,-0.4050370743246317,1,0,0,0,0,1,0,0,1,0,0,0,0,2,Vulnerable High-Risk
1,1.6125732136881423,1,1,1,1,0,0.9258059083639948,0,-0.5189441262311848,3,6,1,1,1,1,0,0,0,0,1,0,0,1,Stable Mid-Risk
0,1.2051336009250395,0,1,1,0,1,-0.701313794576587,0,-0.5861250488289491,3,4,0,1,1,1,0,0,0,0,1,0,0,1,Stable Mid-Risk
1,0.960669833267178,0,1,1,1,1,0.2593350188040626,0,-0.5184181288286542,3,4,1,1,1,1,0,0,0,0,1,1,0,1,Stable Mid-Risk
0,-0.7098325790615434,1,0,0,0,0,-0.4403763141254418,1,-0.2910070968251073,1,0,0,0,0,1,0,0,1,0,0,0,1,2,Vulnerable High-Risk
0,-0.9135523854430948,0,0,0,0,1,0.480383967211721,1,0.1738874109879075,0,1,1,0,0,0,1,0,1,0,0,0,1,0,Critical Churn-Risk
1,-0.0171852373642686,0,0,0,0,0,-1.5240147679735103,0,-0.600063509406701,2,0,0,1,0,0,0,1,0,0,1,0,0,3,Loyal Low-Risk
0,-0.4653688114036817,0,0,0,0,0,-1.472492080750673,0,-0.5583239259484908,1,0,0,0,1,0,0,1,1,0,0,1,0,2,Vulnerable High-Risk
1,1.2051336009250395,0,0,0,0,0,-1.4907743246039378,0,-0.630130158507954,3,0,0,1,1,0,0,1,0,1,0,0,0,3,Loyal Low-Risk
0,-1.2395040756535771,0,0,0,0,0,-1.3395303072723823,0,0.2861951885131763,0,0,0,0,0,1,0,0,1,0,0,0,1,2,Vulnerable High-Risk
1,-0.22090504374582,0,0,0,0,0,-1.4691680364137156,0,-0.5812150050121339,2,0,0,1,0,0,0,1,0,0,1,0,0,3,Loyal Low-Risk
0,-1.1172721918246462,1,0,0,1,1,0.9989348837770544,1,1.178201922290646,0,2,1,0,1,0,1,0,1,0,0,0,0,0,Critical Churn-Risk
0,-0.3023929662984406,0,1,0,1,0,-0.1245921021145015,0,-0.3930049727566913,2,5,1,1,0,1,0,0,0,1,0,0,1,1,Stable Mid-Risk
0,-1.2395040756535771,1,0,0,0,1,0.6947848269454648,1,2.6674737973324194,0,1,1,0,0,0,1,0,1,0,0,0,1,0,Critical Churn-Risk
0,0.6754621043330061,1,0,1,1,1,1.3911721155380123,0,-0.4181107608044236,3,4,1,1,1,0,1,0,0,1,0,0,0,1,Stable Mid-Risk
0,1.24587756220135,1,1,0,1,0,1.4443568249293284,0,-0.4696577093663487,3,5,1,0,1,0,1,0,1,0,0,1,0,1,Stable Mid-Risk
1,-1.1580161531009563,0,0,0,0,0,-1.4758161250876305,0,-0.1908387288744693,0,0,0,0,1,0,0,1,1,0,0,1,0,2,Vulnerable High-Risk
0,-1.2802480369298874,0,0,0,1,1,-0.3157246514895444,0,2.560471899060313,0,1,1,0,0,1,0,0,1,0,0,0,0,2,Vulnerable High-Risk
0,-0.8728084241667845,0,0,0,0,0,-1.4808021915930665,0,-0.4701136833646674,0,0,0,0,0,0,0,1,1,0,0,0,0,2,Vulnerable High-Risk
0,0.797693988161937,1,0,0,0,1,0.2709691739834133,0,-0.5064264201968051,3,0,0,0,1,0,1,0,1,0,0,0,0,0,Critical Churn-Risk
0,1.1236456783724194,1,0,0,0,0,0.8194364895813623,0,-0.495923306666218,3,2,1,0,0,0,1,0,1,0,0,0,1,0,Critical Churn-Risk
0,1.2866215234776603,1,0,1,1,1,1.3246912287988668,0,-0.4791602074913091,3,4,1,1,1,0,1,0,0,1,0,1,0,1,Stable Mid-Risk
1,0.4309983366751445,0,1,0,1,0,0.3457601715649518,0,-0.4675933907194153,2,4,1,1,1,1,0,0,0,0,1,0,0,1,Stable Mid-Risk
0,1.1643896396487294,1,0,1,1,0,1.2083496770053626,0,-0.476656174798607,3,3,1,1,1,0,1,0,0,1,0,0,0,1,Stable Mid-Risk
0,-1.2802480369298874,0,0,0,0,0,-0.6780454842178864,1,1.924296976606152,0,0,0,0,0,1,0,0,1,0,0,0,0,2,Vulnerable High-Risk
0,-1.1172721918246462,0,0,0,1,1,0.8210985117498408,1,1.0741182576077788,0,2,1,0,0,0,1,0,1,0,0,0,1,0,Critical Churn-Risk
0,1.368109446030281,1,1,1,0,0,0.131359311831208,0,-0.5473162063038705,3,4,0,1,1,1,0,0,0,0,1,0,0,1,Stable Mid-Risk
0,1.4088534073065913,0,1,1,1,1,1.5374300663641316,0,-0.476465132941247,3,6,1,1,0,0,1,0,0,0,1,0,1,1,Stable Mid-Risk
0,0.3902543753988342,0,0,1,1,1,1.1368827237607813,0,-0.3983454968386086,2,4,1,1,1,0,1,0,0,0,1,1,0,1,Stable Mid-Risk
0,-1.2802480369298874,1,0,0,1,1,0.706418982124815,1,4.355185556442463,0,1,1,0,0,0,1,0,1,0,0,0,1,0,Critical Churn-Risk
1,-0.0579291986405789,0,0,0,0,0,-1.4558718590658866,0,-0.5904908189207873,2,0,0,1,0,0,0,1,0,0,1,0,0,3,Loyal Low-Risk
0,-1.0357842692720256,0,0,0,0,1,-1.509056568457203,0,-0.384025792482109,0,0,0,0,0,0,0,1,1,0,0,0,0,2,Vulnerable High-Risk
0,-1.1580161531009563,0,0,0,1,1,-0.6730594177124505,1,0.3729640005665573,0,2,1,0,0,1,0,0,1,0,0,0,1,2,Vulnerable High-Risk
1,0.0643026851883519,1,0,0,1,0,0.4122410583040972,0,-0.4096228699648648,2,3,1,1,1,1,0,0,0,1,0,0,0,1,Stable Mid-Risk
0,-1.1987601143772668,0,0,0,0,1,-1.5073945462887242,0,-0.0994980175312802,0,0,0,1,0,0,0,1,0,1,0,0,0,3,Loyal Low-Risk
1,-0.5468567339563023,0,0,0,0,1,-1.327896152093032,0,-0.5220582412531264,1,0,0,0,0,1,0,0,1,0,0,0,0,2,Vulnerable High-Risk
1,-0.0579291986405789,0,1,1,0,0,-0.9772094745440404,1,-0.5379626143144803,2,2,0,0,1,1,0,0,1,0,0,0,0,2,Vulnerable High-Risk
0,-1.2802480369298874,1,0,0,1,0,1.025527238472713,1,4.915486405576403,0,2,1,0,0,0,1,0,1,0,0,0,0,0,Critical Churn-Risk
0,-1.1987601143772668,0,1,1,0,0,-0.7794288364950829,0,0.5395951385121196,0,3,0,0,0,1,0,0,1,0,0,0,0,2,Vulnerable High-Risk
0,0.5532302205040753,0,0,0,0,0,-1.5024084797832884,0,-0.6184158307667523,2,0,0,0,0,0,0,1,1,0,0,0,1,2,Vulnerable High-Risk
0,-1.2802480369298874,0,0,0,0,0,-1.4575338812343652,1,0.5556454232529355,0,0,0,0,0,0,0,1,1,0,0,0,0,2,Vulnerable High-Risk
1,1.490341329859212,1,1,0,0,0,0.653234272733499,0,-0.526268835431886,3,2,0,1,1,0,1,0,0,1,0,0,0,1,Stable Mid-Risk
0,-1.1172721918246462,0,0,0,0,0,-1.4808021915930665,0,-0.2731329160910167,0,0,0,0,0,0,0,1,1,0,0,0,0,2,Vulnerable High-Risk
0,-1.2802480369298874,0,0,0,0,0,-1.5007464576148095,0,0.4797713499327145,0,0,0,0,1,0,0,1,1,0,0,0,0,2,Vulnerable High-Risk
0,-0.2616490050221303,0,0,0,0,1,-1.4675060142452372,0,-0.5778181193527019,2,0,0,1,1,0,0,1,0,1,0,1,0,3,Loyal Low-Risk
0,-0.9135523854430948,0,0,0,0,1,-1.000477784902741,1,-0.2988664304688539,0,1,1,0,0,1,0,0,1,0,0,0,1,2,Vulnerable High-Risk
0,-0.3023929662984406,0,0,1,1,0,1.1468548567716528,0,-0.2212781500053036,2,4,1,1,1,0,1,0,0,0,1,0,0,1,Stable Mid-Risk
1,1.2866215234776603,0,1,0,0,0,0.5402167652769517,0,-0.521541938387338,3,2,0,0,0,0,1,0,1,0,0,0,1,0,Critical Churn-Risk
1,-0.0986731599168891,1,1,1,0,0,0.0931328019561993,0,-0.412549172402738,2,4,0,0,0,1,0,0,1,0,0,0,1,2,Vulnerable High-Risk
0,-0.791320501614164,0,0,0,0,1,0.17789593254861,0,-0.0821970612522188,1,0,0,0,0,0,1,0,1,0,0,0,1,0,Critical Churn-Risk
0,1.2866215234776603,1,1,1,1,1,1.6687298176739438,0,-0.4605733043229236,3,6,1,1,0,0,1,0,0,1,0,0,1,1,Stable Mid-Risk
1,0.5532302205040753,1,0,1,0,1,0.6648684279128493,0,-0.4564849116021564,2,2,0,0,1,0,1,0,1,0,0,0,0,0,Critical Churn-Risk
0,-0.8320644628904743,0,0,0,0,0,-1.499084435446331,0,-0.4902045992290454,0,0,0,1,0,0,0,1,0,1,0,0,0,3,Loyal Low-Risk
0,-0.7098325790615434,0,0,0,0,0,-1.4974224132778524,1,-0.5230066671696292,1,0,0,0,1,0,0,1,1,0,0,0,0,2,Vulnerable High-Risk
1,-0.6283446565089229,1,0,0,1,1,0.9224818640270374,1,-0.0669110757847751,1,2,1,0,0,0,1,0,1,0,0,0,1,0,Critical Churn-Risk
1,-0.791320501614164,0,1,0,0,1,-0.0547871710383989,0,-0.1405617330370043,1,3,1,0,0,1,0,0,1,0,0,0,0,2,Vulnerable High-Risk
1,1.4088534073065913,1,1,1,1,0,0.3058716395214645,0,-0.5400654591067263,3,4,1,1,1,1,0,0,0,0,1,1,0,1,Stable Mid-Risk
0,-0.3431369275747509,0,0,0,0,0,-1.186624267772348,0,-0.5312214947233377,1,1,0,0,0,1,0,0,1,0,0,0,1,2,Vulnerable High-Risk
0,-1.076528230548336,0,0,1,0,0,-0.4902369791798008,0,0.1675203558841127,0,1,0,0,0,1,0,0,1,0,0,0,0,2,Vulnerable High-Risk
0,0.8384379494382472,1,1,1,0,1,-0.1578325454840742,1,-0.5372870972799342,3,2,0,1,0,1,0,0,0,1,0,0,1,1,Stable Mid-Risk
0,-0.6690886177852331,0,0,0,0,1,0.3158437725323362,1,-0.1569185549195471,1,1,0,0,1,0,1,0,1,0,0,1,0,0,Critical Churn-Risk
0,-0.9135523854430948,0,0,0,0,0,-1.4891123024354591,0,-0.4548592805118257,0,0,0,0,0,0,0,1,1,0,0,0,1,2,Vulnerable High-Risk
0,-0.791320501614164,0,0,0,0,1,0.327477927711687,0,-0.0446769151048568,1,1,0,1,0,0,1,0,0,1,0,0,0,0,Critical Churn-Risk
0,-0.9542963467194052,1,0,0,1,1,0.6831506717661141,1,0.3291904967279683,0,1,1,0,0,0,1,0,1,0,0,0,1,0,Critical Churn-Risk
0,-0.3023929662984406,0,1,1,1,0,0.3158437725323362,1,-0.3335179034375831,2,5,1,1,0,1,0,0,0,1,0,0,0,1,Stable Mid-Risk
0,-1.0357842692720256,0,0,1,0,1,-0.6780454842178864,0,-0.0192465938272004,0,3,1,0,0,1,0,0,1,0,0,0,1,2,Vulnerable High-Risk
1,0.227278530293593,1,1,1,1,1,0.6848126939345931,0,-0.4114871188218733,2,5,1,1,1,1,0,0,0,0,1,0,0,1,Stable Mid-Risk
0,0.4309983366751445,1,1,0,0,1,0.974004551249875,0,-0.4174528317770315,2,3,1,0,0,0,1,0,1,0,0,0,1,0,Critical Churn-Risk
1,-1.1580161531009563,0,0,1,1,1,1.1069663247281656,1,1.6231352701966597,0,4,1,0,1,0,1,0,1,0,0,0,0,0,Critical Churn-Risk
0,-0.3023929662984406,1,0,1,1,0,1.4659631131195507,0,-0.1781780846873082,2,5,1,1,0,0,1,0,0,0,1,0,1,1,Stable Mid-Risk
1,-0.22090504374582,0,1,0,0,0,-0.2858082524569287,0,-0.4328019824736796,2,2,0,1,0,1,0,0,0,1,0,0,0,3,Loyal Low-Risk
1,1.6125732136881423,1,0,0,0,0,-1.286345597881066,0,-0.6253597127319372,3,0,0,1,0,0,0,1,0,0,1,0,0,3,Loyal Low-Risk
1,1.5718292524118322,1,1,0,0,1,0.6864747161030716,0,-0.5285594171935982,3,2,0,1,1,0,1,0,0,1,0,1,0,1,Stable Mid-Risk
0,-0.3431369275747509,1,0,0,1,1,0.802816267896576,0,-0.2517714462177853,1,2,1,0,1,0,1,0,1,0,0,1,0,0,Critical Churn-Risk
0,0.7162060656093164,1,1,1,1,1,1.4908934456467302,1,-0.4161263619637409,3,5,1,1,0,0,1,0,0,0,1,0,1,1,Stable Mid-Risk
0,1.0014137945434884,0,1,0,1,1,0.3175057947008148,0,-0.5174595076314631,3,4,1,1,1,1,0,0,0,0,1,0,0,1,Stable Mid-Risk
0,-0.7098325790615434,0,0,0,0,0,-0.5301255112232879,0,-0.3107051735524723,1,1,0,0,0,1,0,0,1,0,0,0,1,2,Vulnerable High-Risk
0,-1.1580161531009563,1,1,0,0,1,0.5086383440758576,0,1.2029096333462053,0,1,0,0,0,0,1,0,1,0,0,0,1,0,Critical Churn-Risk
0,-0.1801610824695097,0,1,0,0,0,-0.2907943189623648,0,-0.4414848055667856,2,2,0,0,0,1,0,0,1,0,0,0,1,2,Vulnerable High-Risk
0,-0.9542963467194052,1,0,0,0,1,0.3241538833747294,1,0.2031228056728319,0,0,0,0,0,0,1,0,1,0,0,0,1,0,Critical Churn-Risk
0,0.9199258719908678,1,1,0,1,1,0.8310706447607126,0,-0.4799106104142563,3,2,1,0,1,0,1,0,1,0,0,0,0,0,Critical Churn-Risk
0,-1.1987601143772668,1,0,0,1,1,1.201701588331448,1,2.278862357698724,0,3,1,0,0,0,1,0,1,0,0,0,1,0,Critical Churn-Risk
0,-0.9135523854430948,0,0,0,1,1,1.0005969059455335,1,0.3399614316118877,0,3,1,0,0,0,1,0,1,0,0,0,1,0,Critical Churn-Risk
1,0.9199258719908678,0,0,0,0,0,-1.5190287014680746,0,-0.6272814066708394,3,0,0,1,1,0,0,1,0,1,0,0,0,3,Loyal Low-Risk
1,-0.506112772679992,0,0,0,0,0,-1.477478147256109,0,-0.553978158179234,1,0,0,0,0,0,0,1,1,0,0,0,0,2,Vulnerable High-Risk
1,1.2051336009250395,1,0,1,1,1,1.3712278495162684,0,-0.4706000556295406,3,4,1,1,1,0,1,0,0,1,0,1,0,1,Stable Mid-Risk
0,-0.0171852373642686,1,0,1,1,1,1.33300133964126,1,-0.2960366282005007,2,4,1,0,0,0,1,0,1,0,0,0,1,0,Critical Churn-Risk
0,0.4309983366751445,0,0,0,0,1,-1.5007464576148095,0,-0.6149641869759984,2,0,0,1,1,0,0,1,0,0,1,0,0,3,Loyal Low-Risk
0,-0.9542963467194052,0,0,0,0,0,-1.3528264846202114,1,-0.3857767326356525,0,0,0,1,1,1,0,0,0,1,0,0,0,3,Loyal Low-Risk
0,1.1236456783724194,0,1,1,0,0,-0.1644806341579885,0,-0.5525657422344031,3,3,0,1,1,1,0,0,0,0,1,0,0,1,Stable Mid-Risk
0,1.0421577558197987,1,1,0,1,1,0.7080810042932936,0,-0.496748747564758,3,5,1,1,0,1,0,0,0,0,1,0,1,1,Stable Mid-Risk
1,-1.0357842692720256,0,0,0,0,0,-1.5073945462887242,0,-0.3832962340847992,0,0,0,1,0,0,0,1,0,1,0,0,0,3,Loyal Low-Risk
1,-1.2395040756535771,0,1,0,1,0,1.0737258813585928,0,3.111045302896789,0,3,1,0,0,0,1,0,1,0,0,0,1,0,Critical Churn-Risk
0,0.1865345690172827,0,0,0,0,0,-0.9356589203320744,0,-0.5545120705902978,2,2,0,0,0,1,0,0,1,0,0,0,1,2,Vulnerable High-Risk
1,1.3273654847539706,1,0,1,1,1,1.2997608962716871,0,-0.4833341658371301,3,4,1,1,1,0,1,0,0,1,0,0,0,1,Stable Mid-Risk
1,0.2680224915699033,0,0,0,0,0,-1.4974224132778524,0,-0.6094593372508424,2,0,0,1,0,0,0,1,0,0,1,0,0,3,Loyal Low-Risk
0,1.368109446030281,1,0,1,1,1,1.304746962777123,1,-0.4858155223037831,3,4,1,1,0,0,1,0,0,1,0,0,1,1,Stable Mid-Risk
0,1.4495973685829016,1,0,0,0,0,-1.337868285103904,0,-0.6255624885421881,3,0,0,1,0,0,0,1,0,0,1,0,0,3,Loyal Low-Risk
1,1.2051336009250395,0,1,1,1,0,-0.5351115777287238,0,-0.5768608152123166,3,4,1,1,1,1,0,0,0,0,1,0,0,1,Stable Mid-Risk
0,-1.1987601143772668,0,0,1,1,1,0.7828720018748321,1,1.911164925454576,0,3,1,0,0,0,1,0,1,0,0,0,0,0,Critical Churn-Risk
0,1.6125732136881423,1,1,0,1,1,1.4875694013097729,0,-0.4919204836787773,3,5,1,1,0,0,1,0,0,0,1,0,1,1,Stable Mid-Risk
0,0.3495104141225239,0,0,0,0,0,-1.4675060142452372,0,-0.6097025233832791,2,0,0,1,1,0,0,1,0,0,1,1,0,3,Loyal Low-Risk
1,-0.1394171211931994,0,1,0,1,0,0.9922867951031402,1,-0.2988133716763222,2,3,1,0,1,0,1,0,1,0,0,1,0,0,Critical Churn-Risk
0,-1.1580161531009563,0,1,0,0,0,-0.3190486958265014,0,0.6215975023697431,0,2,0,0,0,1,0,0,1,0,0,0,1,2,Vulnerable High-Risk
0,0.8384379494382472,1,0,0,0,0,-1.35448850678869,0,-0.6151066596596481,3,0,0,1,1,0,0,1,0,1,0,0,0,3,Loyal Low-Risk
0,-1.2802480369298874,1,0,0,0,1,0.3191678168692938,1,3.675237130149714,0,0,0,0,0,0,1,0,1,0,0,0,1,0,Critical Churn-Risk
1,0.3495104141225239,1,1,1,0,0,0.5019902554019434,1,-0.4450307708476346,2,5,1,0,1,1,0,0,1,0,0,1,0,1,Stable Mid-Risk
0,0.2680224915699033,0,0,0,0,1,-1.4741541029191516,0,-0.607416573738375,2,0,0,1,1,0,0,1,0,0,1,0,0,3,Loyal Low-Risk
0,1.24587756220135,0,0,0,0,0,-1.5140426349626388,0,-0.631984452767783,3,0,0,1,0,0,0,1,0,0,1,0,0,3,Loyal Low-Risk
0,-0.7098325790615434,1,0,0,0,1,-1.2780354870386728,0,-0.4748558129471812,1,0,0,0,0,0,0,1,1,0,0,0,1,2,Vulnerable High-Risk
0,-0.791320501614164,0,0,0,0,0,-0.69798975023963,0,-0.3018983614706609,1,0,0,1,0,1,0,0,0,1,0,0,1,3,Loyal Low-Risk
0,-1.2802480369298874,0,0,0,0,1,-0.4869129348428435,0,2.2598938393686683,0,1,0,0,0,1,0,0,1,0,0,0,0,2,Vulnerable High-Risk
0,-1.2802480369298874,0,0,0,0,0,-1.4741541029191516,0,0.5264630873605428,0,0,0,1,0,0,0,1,0,0,1,0,0,3,Loyal Low-Risk
0,-0.9950403079957154,0,0,0,0,1,0.1629377330323022,1,0.2369094656726909,0,0,0,0,0,0,1,0,1,0,0,0,1,0,Critical Churn-Risk
0,1.1236456783724194,0,1,0,0,0,-0.112957946935151,0,-0.5495996687502583,3,3,0,1,0,1,0,0,0,0,1,0,1,1,Stable Mid-Risk
0,-0.8320644628904743,1,0,0,1,1,1.1069663247281656,1,0.2137631342982119,0,3,1,0,0,0,1,0,1,0,0,0,1,0,Critical Churn-Risk
0,0.3087664528462136,1,0,1,1,0,0.1978401985703534,0,-0.4656651565518027,2,3,1,1,1,1,0,0,0,1,0,1,0,1,Stable Mid-Risk
0,1.368109446030281,0,1,0,0,1,-0.1212680577775442,0,-0.5605571467684785,3,3,0,1,1,1,0,0,0,0,1,0,0,1,Stable Mid-Risk
1,0.3902543753988342,0,0,0,0,0,-1.4808021915930665,0,-0.6121230737247411,2,0,0,1,0,0,0,1,0,1,0,0,0,3,Loyal Low-Risk
0,1.368109446030281,1,1,1,0,1,-0.0315188606796979,0,-0.5558531284455256,3,3,0,1,1,1,0,0,0,1,0,1,0,1,Stable Mid-Risk
0,0.6754621043330061,1,0,0,1,0,1.1269105907499095,0,-0.4366707264319853,3,3,1,0,0,0,1,0,1,0,0,0,1,0,Critical Churn-Risk
0,-1.2802480369298874,0,0,0,0,0,-1.472492080750673,1,0.5293813209497821,0,0,0,0,0,0,0,1,1,0,0,0,0,2,Vulnerable High-Risk
0,0.3495104141225239,0,0,0,0,0,-1.4891123024354591,0,-0.6115090489385224,2,0,0,1,0,0,0,1,0,0,1,0,0,3,Loyal Low-Risk
1,0.3495104141225239,0,0,0,0,0,-1.5123806127941604,0,-0.6134545379980153,2,0,0,1,1,0,0,1,0,0,1,0,0,3,Loyal Low-Risk
1,-0.3838808888510611,0,1,1,0,0,0.6515722505650204,0,-0.2565962590853275,1,3,0,0,0,0,1,0,1,0,0,0,0,0,Critical Churn-Risk
0,-1.1987601143772668,0,0,0,0,0,-1.3195860412506386,0,0.0653821802607384,0,0,0,0,0,1,0,0,1,0,0,0,1,2,Vulnerable High-Risk
0,-1.1580161531009563,0,1,1,0,0,-0.5500697772450316,0,0.4593437148080397,0,4,1,0,0,1,0,0,1,0,0,0,0,2,Vulnerable High-Risk
1,0.797693988161937,0,0,0,0,0,-1.494098368940895,0,-0.6233760078108467,3,0,0,1,0,0,0,1,0,0,1,0,0,3,Loyal Low-Risk
0,-1.1580161531009563,1,1,0,1,1,1.1568269897825243,1,1.658154073267531,0,3,1,0,0,0,1,0,1,0,0,0,1,0,Critical Churn-Risk
0,-0.8728084241667845,0,0,1,0,1,0.9773285955868324,0,0.2492308963828124,0,4,1,0,0,0,1,0,1,0,0,0,1,0,Critical Churn-Risk
0,-1.2395040756535771,0,1,0,0,1,-0.0880276144079715,0,1.751148450311289,0,2,1,0,0,1,0,0,1,0,0,0,0,2,Vulnerable High-Risk
0,-0.2616490050221303,1,0,0,0,0,0.4820459893801996,0,-0.3242560452654676,2,1,0,0,1,0,1,0,1,0,0,0,0,0,Critical Churn-Risk
1,-0.3431369275747509,0,1,0,0,1,-0.2841462302884502,0,-0.4044534276067839,1,2,0,1,1,1,0,0,0,1,0,1,0,1,Stable Mid-Risk
0,-0.8320644628904743,0,0,0,0,0,-1.4791401694245876,0,-0.484817091064296,0,0,0,0,0,0,0,1,1,0,0,0,0,2,Vulnerable High-Risk
0,1.1236456783724194,1,0,1,1,1,1.1368827237607813,0,-0.4776484668122933,3,3,1,0,0,0,1,0,1,0,0,0,1,0,Critical Churn-Risk
1,1.2866215234776603,1,1,1,1,1,0.8576629994563706,0,-0.5043917040628856,3,6,1,1,0,1,0,0,0,0,1,0,0,1,Stable Mid-Risk
0,1.368109446030281,0,1,1,1,1,0.7014329156193795,0,-0.5174369788080774,3,6,1,1,1,1,0,0,0,0,1,0,0,1,Stable Mid-Risk
0,1.1236456783724194,1,0,0,0,1,0.4787219450432425,0,-0.5155376635774983,3,1,0,1,1,0,1,0,0,1,0,0,0,3,Loyal Low-Risk
1,-0.6283446565089229,1,1,0,1,1,0.1845440212225241,0,-0.2108772661872457,1,3,1,1,1,1,0,0,0,1,0,0,0,1,Stable Mid-Risk
1,0.3902543753988342,0,0,0,0,0,-1.5107185906256817,0,-0.6145662460320112,2,0,0,1,0,0,0,1,0,0,1,0,0,3,Loyal Low-Risk
0,-1.2802480369298874,1,0,0,0,1,-0.4869129348428435,0,2.2598938393686683,0,0,0,0,0,1,0,0,1,0,0,0,1,2,Vulnerable High-Risk
1,0.5939741817803856,0,0,1,0,0,-0.0331808828481767,0,-0.5119416981437636,2,3,1,1,1,1,0,0,0,0,1,0,0,1,Stable Mid-Risk
0,-0.9135523854430948,0,0,0,0,1,-1.4708300585821945,0,-0.4490228133333472,0,0,0,0,0,0,0,1,1,0,0,0,0,2,Vulnerable High-Risk
0,1.5310852911355222,1,1,1,1,1,0.7895200905487467,0,-0.5215115862286633,3,6,1,1,1,1,0,0,0,0,1,1,0,1,Stable Mid-Risk
0,1.4088534073065913,1,0,0,1,1,1.216659787847756,0,-0.493030400080164,3,3,1,0,1,0,1,0,1,0,0,1,0,0,Critical Churn-Risk
0,-1.2802480369298874,0,0,0,0,1,0.5701331643095673,1,4.115890402124844,0,1,1,0,0,0,1,0,1,0,0,0,1,0,Critical Churn-Risk
0,-1.0357842692720256,0,0,0,0,1,0.1513035778529514,1,0.3448030464303983,0,0,0,0,0,0,1,0,1,0,0,0,1,0,Critical Churn-Risk
0,-1.2802480369298874,0,0,0,0,0,-0.6713973955439717,0,1.9359699109631092,0,0,0,0,0,1,0,0,1,0,0,0,0,2,Vulnerable High-Risk
0,-1.1580161531009563,0,0,1,1,1,-0.0348429050166552,0,0.821204679873709,0,3,1,0,1,1,0,0,1,0,0,0,0,2,Vulnerable High-Risk
1,1.368109446030281,1,1,0,1,0,1.477597268298901,0,-0.4767559314595777,3,5,1,1,1,0,1,0,0,0,1,0,0,1,Stable Mid-Risk
0,-0.8320644628904743,0,0,0,0,1,0.6582203392389346,0,0.09254420059135,0,2,1,0,0,0,1,0,1,0,0,0,1,0,Critical Churn-Risk
0,-0.3431369275747509,0,0,0,0,0,-1.4741541029191516,0,-0.5716098475984092,1,0,0,1,1,0,0,1,0,1,0,1,0,3,Loyal Low-Risk
0,-0.2616490050221303,0,0,0,1,1,0.6964468491139434,0,-0.2963707020794035,2,2,1,0,0,0,1,0,1,0,0,0,1,0,Critical Churn-Risk
0,-1.076528230548336,0,0,0,1,1,0.874283221141157,1,0.8520545778170956,0,2,1,0,0,0,1,0,1,0,0,0,1,0,Critical Churn-Risk
0,1.0014137945434884,1,0,1,1,0,1.4343846919184566,0,-0.4498369913566773,3,4,1,1,0,0,1,0,0,0,1,0,1,1,Stable Mid-Risk
0,-0.7505765403378537,1,0,0,1,1,0.7080810042932936,1,0.0029319814510179,1,1,1,0,0,0,1,0,1,0,0,0,1,0,Critical Churn-Risk
1,0.3902543753988342,1,0,0,0,0,-1.39105299449522,0,-0.6047935568029308,2,0,0,1,0,0,0,1,0,0,1,0,1,3,Loyal Low-Risk
0,-0.3023929662984406,1,0,0,1,1,0.9939488172716188,1,-0.241930264636843,2,2,1,0,1,0,1,0,1,0,0,0,0,0,Critical Churn-Risk
0,1.2866215234776603,0,0,0,0,0,-1.5073945462887242,0,-0.6321654393701926,3,0,0,1,1,0,0,1,0,0,1,1,0,3,Loyal Low-Risk
0,-0.4246248501273714,1,0,0,0,1,0.6748405609237209,1,-0.2351958794309063,1,1,1,0,0,0,1,0,1,0,0,0,1,0,Critical Churn-Risk
0,-0.5468567339563023,0,0,0,0,1,-1.499084435446331,0,-0.5521160472222908,1,0,0,1,1,0,0,1,0,1,0,1,0,3,Loyal Low-Risk
1,1.1643896396487294,1,0,0,1,1,1.1418687902662172,1,-0.4804216374943996,3,3,1,0,0,0,1,0,1,0,0,0,1,0,Critical Churn-Risk
0,-0.4246248501273714,0,0,0,1,1,0.7379974033259092,0,-0.2255530206142895,1,2,1,0,1,0,1,0,1,0,0,0,0,0,Critical Churn-Risk
0,1.5310852911355222,1,0,0,1,1,1.2681824750705932,1,-0.4978369024624404,3,4,1,0,0,0,1,0,1,0,0,0,1,0,Critical Churn-Risk
0,-0.8320644628904743,0,0,0,0,1,0.503652277570422,0,0.0507910123145421,0,1,1,0,1,0,1,0,1,0,0,0,0,0,Critical Churn-Risk
0,-0.0579291986405789,0,1,1,0,1,-0.026532794174262,0,-0.4336357634991765,2,3,1,1,0,1,0,0,0,1,0,0,1,1,Stable Mid-Risk
0,-0.8728084241667845,0,0,0,1,1,0.0033836048583535,0,-0.0357832508328894,0,2,1,0,0,1,0,0,1,0,0,0,1,2,Vulnerable High-Risk
1,1.4495973685829016,1,0,0,0,0,-1.2979797530604165,0,-0.6235324130018478,3,0,0,1,0,0,0,1,0,0,1,0,0,3,Loyal Low-Risk
1,1.6125732136881423,1,1,1,1,1,0.8427047999400633,0,-0.5229417064904166,3,6,1,1,1,1,0,0,0,0,1,0,0,1,Stable Mid-Risk
0,1.4088534073065913,1,1,1,1,1,1.7052943053804734,0,-0.4677962625732127,3,6,1,1,1,0,1,0,0,0,1,1,0,1,Stable Mid-Risk
0,1.1236456783724194,0,1,1,1,1,1.3346633618097383,0,-0.4662625718247696,3,5,1,0,1,0,1,0,1,0,0,0,0,1,Stable Mid-Risk
0,-1.2802480369298874,0,0,0,0,1,-0.6564391960276642,1,1.962234013266263,0,0,0,0,0,1,0,0,1,0,0,0,0,2,Vulnerable High-Risk
1,-1.2802480369298874,0,0,0,0,1,0.2061503094127465,1,3.476797246081444,0,0,0,0,0,0,1,0,1,0,0,0,1,0,Critical Churn-Risk
1,1.0421577558197987,0,1,0,1,0,-0.4918990013482794,0,-0.5681712781217327,3,4,1,1,0,1,0,0,0,1,0,0,0,1,Stable Mid-Risk
1,0.5939741817803856,0,0,0,0,0,0.1911921098964387,1,-0.4955266342042927,2,0,0,0,1,0,1,0,1,0,0,0,0,0,Critical Churn-Risk
0,-1.2802480369298874,0,0,0,0,1,0.4953421667280288,1,3.9845698906090767,0,1,1,0,0,0,1,0,1,0,0,0,1,0,Critical Churn-Risk
0,-1.2802480369298874,0,0,0,0,0,-1.4741541029191516,0,0.5264630873605428,0,0,0,0,0,0,0,1,1,0,0,0,0,2,Vulnerable High-Risk
0,-0.4246248501273714,1,1,0,0,0,-0.1927350110221254,1,-0.3676583084381148,1,2,0,0,0,1,0,0,1,0,0,0,1,2,Vulnerable High-Risk
0,0.6347181430566958,0,1,1,0,1,-0.1478604124732022,1,-0.5233267795276325,2,3,0,1,1,1,0,0,0,1,0,1,0,1,Stable Mid-Risk
0,0.1865345690172827,0,0,0,0,1,-1.494098368940895,0,-0.6061187277473713,2,0,0,1,1,0,0,1,0,1,0,0,0,3,Loyal Low-Risk
0,-0.791320501614164,0,0,0,0,1,-1.4907743246039378,0,-0.5007551360516798,1,0,0,1,0,0,0,1,0,1,0,0,1,3,Loyal Low-Risk
0,0.4309983366751445,1,0,0,0,0,-1.2747114427017154,0,-0.5969241975152465,2,0,0,1,1,0,0,1,0,0,1,0,0,3,Loyal Low-Risk
0,-1.076528230548336,0,1,1,1,1,-0.0464770601960057,0,0.3901398896917941,0,6,1,1,0,1,0,0,0,0,1,0,0,1,Stable Mid-Risk
0,1.5718292524118322,0,1,1,1,0,-0.3605992500384672,0,-0.5796285050052855,3,5,1,1,1,1,0,0,0,0,1,0,0,1,Stable Mid-Risk
1,-1.2802480369298874,0,0,0,0,1,0.1479795335159944,1,3.374659070458069,0,0,0,0,0,0,1,0,1,0,0,0,1,0,Critical Churn-Risk
1,1.6125732136881423,1,1,0,1,1,1.0072449946194475,0,-0.5150264975771375,3,3,1,1,0,0,1,0,0,0,1,0,1,1,Stable Mid-Risk
0,-1.076528230548336,0,1,0,0,1,0.3091956838584216,0,0.568569029148138,0,1,0,0,0,0,1,0,1,0,0,0,1,0,Critical Churn-Risk
1,-0.8320644628904743,0,0,1,0,0,-0.9738854302070832,0,-0.348333550890644,0,2,0,0,0,1,0,0,1,0,0,0,0,2,Vulnerable High-Risk
0,-0.3023929662984406,0,0,0,0,0,0.204488287244268,1,-0.3485580303975086,2,0,0,0,0,0,1,0,1,0,0,0,0,0,Critical Churn-Risk
0,-0.4653688114036817,0,0,1,0,0,0.4787219450432425,0,-0.2468688137878633,1,2,0,1,0,0,1,0,0,1,0,0,1,0,Critical Churn-Risk
1,-1.076528230548336,0,0,1,0,1,-0.5317875333917667,0,0.1466758302466893,0,1,0,0,0,1,0,0,1,0,0,0,0,2,Vulnerable High-Risk
0,-0.506112772679992,0,0,0,1,1,0.8044782900650546,1,-0.1723843755101372,1,2,1,0,0,0,1,0,1,0,0,0,0,0,Critical Churn-Risk
0,-0.5876006952326126,1,1,0,1,1,1.1501789011086103,1,-0.0564156742796162,1,3,1,0,0,0,1,0,1,0,0,0,1,0,Critical Churn-Risk
0,0.4309983366751445,0,0,1,0,0,-0.3107385849841083,0,-0.5199889483443931,2,2,0,1,0,1,0,0,0,1,0,0,1,3,Loyal Low-Risk
1,0.1050466464646622,1,0,0,0,1,-1.3096139082397669,0,-0.5847354137864542,2,0,0,1,1,0,0,1,0,0,1,1,0,3,Loyal Low-Risk
0,-1.2802480369298874,0,0,0,0,0,0.2892514178366782,1,3.622708925543407,0,1,0,0,1,0,1,0,1,0,0,0,0,0,Critical Churn-Risk
0,-0.0171852373642686,1,0,0,0,1,0.9540602852281316,0,-0.3363613105245342,2,3,1,0,0,0,1,0,1,0,0,0,1,0,Critical Churn-Risk
0,0.797693988161937,0,1,1,1,0,-0.0298568385112193,0,-0.5263585062214204,3,6,1,1,1,1,0,0,0,0,1,1,0,1,Stable Mid-Risk
0,-0.0171852373642686,0,0,0,1,1,0.0017215826898744,0,-0.4377036042599343,2,2,1,1,1,1,0,0,0,1,0,0,0,1,Stable Mid-Risk
1,1.6125732136881423,0,1,1,1,1,-0.0331808828481767,0,-0.5650762024227206,3,6,1,1,1,1,0,0,0,0,1,0,0,1,Stable Mid-Risk
0,0.7569500268856267,0,1,1,0,1,-0.6763834620494076,0,-0.5673133098370216,3,3,1,0,1,1,0,0,1,0,0,1,0,1,Stable Mid-Risk
1,1.4495973685829016,0,0,0,0,1,-1.4907743246039378,0,-0.6333444447801596,3,0,0,1,1,0,0,1,0,0,1,0,0,3,Loyal Low-Risk
0,-0.9950403079957154,0,0,0,0,1,-0.7129479497559376,0,-0.1048481124448856,0,3,1,0,0,1,0,0,1,0,0,0,0,2,Vulnerable High-Risk
0,0.6754621043330061,0,0,0,1,0,-0.5035331565276299,0,-0.5511822124737342,3,3,1,1,1,1,0,0,0,0,1,1,0,1,Stable Mid-Risk
0,1.6125732136881423,0,1,1,1,0,0.6748405609237209,0,-0.531016818614065,3,6,1,1,0,1,0,0,0,0,1,0,0,1,Stable Mid-Risk
0,-0.9542963467194052,1,0,0,1,1,1.0205411719672768,1,0.4476707804510826,0,2,1,0,0,0,1,0,1,0,0,0,1,0,Critical Churn-Risk
0,-0.1801610824695097,0,1,0,1,1,0.9158337753531228,1,-0.2953718686159091,2,3,1,0,0,0,1,0,1,0,0,0,0,0,Critical Churn-Risk
0,0.8791819107145575,0,1,0,1,0,0.8310706447607126,0,-0.4765072678647279,3,3,1,0,0,0,1,0,1,0,0,0,0,0,Critical Churn-Risk
0,-0.8728084241667845,0,0,0,0,1,0.3241538833747294,1,0.0580865962876401,0,1,0,0,0,0,1,0,1,0,0,0,1,0,Critical Churn-Risk
1,0.7162060656093164,0,0,1,1,0,1.2715065194075503,0,-0.4312325123080383,3,4,1,1,0,0,1,0,0,1,0,0,0,1,Stable Mid-Risk
0,1.490341329859212,1,1,1,1,1,1.7019702610435166,0,-0.4736572527230293,3,6,1,1,0,0,1,0,0,0,1,0,1,1,Stable Mid-Risk
0,-1.2802480369298874,0,0,0,0,1,0.1695858217062168,0,3.4125961071181803,0,0,0,0,0,0,1,0,1,0,0,0,1,0,Critical Churn-Risk
1,1.4495973685829016,0,1,1,0,0,1.0072449946194475,0,-0.5062109640663445,3,4,1,1,1,0,1,0,0,0,1,0,0,1,Stable Mid-Risk
1,0.3087664528462136,0,1,1,0,0,-0.8159933242016129,0,-0.5525003999389224,2,3,0,1,0,1,0,0,0,1,0,0,0,1,Stable Mid-Risk
1,-0.0579291986405789,1,0,0,0,0,-1.2979797530604165,0,-0.5731638069846791,2,0,0,1,0,0,0,1,0,0,1,0,0,3,Loyal Low-Risk
1,0.0235587239120416,1,0,0,1,1,1.3479595391575674,0,-0.3054051463720157,2,4,1,0,1,0,1,0,1,0,0,0,0,0,Critical Churn-Risk
0,0.9199258719908678,1,0,1,1,1,1.622193196956542,0,-0.4303006393971888,3,5,1,1,0,0,1,0,0,0,1,0,1,1,Stable Mid-Risk
1,1.4495973685829016,1,0,0,0,1,-1.3561505289571687,0,-0.6264929398315109,3,0,0,1,1,0,0,1,0,0,1,0,0,3,Loyal Low-Risk
1,-0.8320644628904743,0,0,0,0,0,-1.509056568457203,0,-0.4928983533114201,0,0,0,0,1,0,0,1,1,0,0,0,0,2,Vulnerable High-Risk
0,1.5718292524118322,0,1,1,1,1,0.7080810042932936,0,-0.5275056106197064,3,6,1,1,1,1,0,0,0,0,1,0,0,1,Stable Mid-Risk
0,0.3087664528462136,1,0,0,1,1,1.2582103420597217,0,-0.3748440331403561,2,4,1,0,0,0,1,0,1,0,0,0,0,0,Critical Churn-Risk
1,1.2866215234776603,1,0,0,0,1,0.9324539970379092,0,-0.5003510729393235,3,3,1,1,0,0,1,0,0,1,0,0,1,1,Stable Mid-Risk
0,0.8384379494382472,1,0,1,0,0,1.0953321695488154,0,-0.4557927222322895,3,3,1,1,1,0,1,0,0,1,0,0,0,1,Stable Mid-Risk
0,-0.8320644628904743,0,0,1,0,1,0.6316279845432766,1,0.0853608563716842,0,3,0,0,0,0,1,0,1,0,0,0,0,0,Critical Churn-Risk
0,0.8384379494382472,0,0,0,1,1,-0.3439790283536809,1,-0.5493923625390009,3,4,1,0,0,1,0,0,1,0,0,0,1,2,Vulnerable High-Risk
0,1.6125732136881423,1,1,0,1,1,1.10198025822273,0,-0.5104692560816132,3,4,1,1,1,0,1,0,0,0,1,1,0,1,Stable Mid-Risk
0,0.5532302205040753,0,0,0,0,0,-1.4907743246039378,0,-0.6175465696976172,2,0,0,1,0,0,0,1,0,0,1,0,1,3,Loyal Low-Risk
0,0.3087664528462136,1,0,0,0,1,-1.336206262935425,0,-0.5970568444965756,2,0,0,1,0,0,0,1,0,0,1,0,0,3,Loyal Low-Risk
0,-0.8320644628904743,0,1,1,1,1,-0.4603205801471852,0,-0.2096052156483465,0,4,1,0,1,1,0,0,1,0,0,0,0,2,Vulnerable High-Risk
0,-0.9542963467194052,0,1,0,0,0,0.3590563489127806,0,0.2153793867476367,0,1,0,0,0,0,1,0,1,0,0,0,1,0,Critical Churn-Risk
1,0.7569500268856267,1,0,1,0,1,0.5302446322660801,0,-0.4858272488451866,3,1,0,0,0,0,1,0,1,0,0,0,1,0,Critical Churn-Risk
1,0.6754621043330061,0,0,0,1,1,0.8510149107824564,0,-0.4560477974645341,3,3,1,0,1,0,1,0,1,0,0,1,0,0,Critical Churn-Risk
0,0.3495104141225239,1,0,0,1,1,1.1634750784564392,1,-0.389723296156338,2,3,1,0,0,0,1,0,1,0,0,0,1,0,Critical Churn-Risk
0,0.960669833267178,0,1,1,0,1,-0.1511844568101595,0,-0.5437094866020612,3,3,0,1,1,1,0,0,0,1,0,1,0,1,Stable Mid-Risk
0,-1.1580161531009563,0,0,0,0,1,-1.4824642137615447,0,-0.1955079026172522,0,0,0,0,0,0,0,1,1,0,0,0,1,2,Vulnerable High-Risk
0,-0.506112772679992,0,1,1,0,1,-0.0215467276688259,0,-0.3105140987341293,1,3,1,1,0,1,0,0,0,1,0,0,0,1,Stable Mid-Risk
1,-0.2616490050221303,0,0,0,0,1,-1.4808021915930665,0,-0.57954744296114,2,0,0,0,1,0,0,1,1,0,0,1,0,2,Vulnerable High-Risk
1,-0.506112772679992,1,0,0,1,1,1.3645797608423538,1,-0.0787229736459816,1,4,1,0,1,0,1,0,1,0,0,0,0,0,Critical Churn-Risk
0,-1.0357842692720256,1,0,0,0,0,0.354070282407345,1,0.4338091709021961,0,0,0,0,0,0,1,0,1,0,0,0,0,0,Critical Churn-Risk
0,-1.0357842692720256,1,0,0,1,1,0.9656944404074818,1,0.7022866611122087,0,2,1,0,0,0,1,0,1,0,0,0,1,0,Critical Churn-Risk
0,0.7569500268856267,0,0,0,1,1,1.1368827237607813,0,-0.4448597388424045,3,4,1,0,0,0,1,0,1,0,0,0,1,0,Critical Churn-Risk
0,-1.1580161531009563,1,0,0,0,1,0.5152864327497723,0,1.207578807088988,0,1,0,0,0,0,1,0,1,0,0,0,0,0,Critical Churn-Risk
0,-1.2802480369298874,0,0,0,0,0,-1.504070501951767,0,0.473934882754236,0,0,0,0,1,0,0,1,1,0,0,1,0,2,Vulnerable High-Risk
1,-0.22090504374582,1,1,1,1,0,1.1950534996575333,0,-0.2470772590442375,2,4,1,0,0,0,1,0,1,0,0,0,1,0,Critical Churn-Risk
0,-0.4246248501273714,1,1,0,1,1,1.1950534996575333,1,-0.1557691739150896,1,3,1,0,0,0,1,0,1,0,0,0,1,0,Critical Churn-Risk
0,-0.8320644628904743,0,0,1,0,1,-0.3672473387123819,0,-0.1844635108795158,0,2,0,0,0,1,0,0,1,0,0,0,0,2,Vulnerable High-Risk
1,-1.1987601143772668,0,0,1,0,1,-1.12346742537016,1,0.2375579620258552,0,1,0,0,0,1,0,0,1,0,0,0,0,2,Vulnerable High-Risk
1,0.0643026851883519,1,0,0,0,1,-1.3029658195658524,0,-0.581715273627432,2,0,0,1,1,0,0,1,0,1,0,1,0,3,Loyal Low-Risk
0,-0.3431369275747509,1,1,1,0,1,-0.2143412992123476,0,-0.3946481627469399,1,2,0,1,0,1,0,0,0,1,0,0,1,1,Stable Mid-Risk
0,0.7569500268856267,1,0,0,0,0,0.5053142997389005,1,-0.4875108451466707,3,1,0,0,1,0,1,0,1,0,0,1,0,0,Critical Churn-Risk
0,-0.7505765403378537,0,0,0,1,1,-0.6132266196472196,0,-0.3064007790083444,1,2,1,0,0,1,0,0,1,0,0,0,1,2,Vulnerable High-Risk
0,1.082901717096109,1,1,1,1,0,1.627179263461978,0,-0.4457950701210069,3,6,1,1,0,0,1,0,0,0,1,0,1,1,Stable Mid-Risk
0,-1.1987601143772668,0,0,0,0,0,0.8510149107824564,0,1.9709887140339808,0,3,1,0,0,0,1,0,1,0,0,0,1,0,Critical Churn-Risk
1,1.3273654847539706,1,1,1,1,0,1.4792592904673796,0,-0.473783583181438,3,5,1,1,0,0,1,0,0,0,1,0,1,1,Stable Mid-Risk
0,-1.1172721918246462,0,0,0,0,1,0.181219976885567,1,0.6996116136554063,0,0,0,0,0,0,1,0,1,0,0,0,0,0,Critical Churn-Risk
1,1.082901717096109,1,1,1,1,0,0.8476908664454988,0,-0.4914167885661141,3,6,1,1,1,1,0,0,0,0,1,1,0,1,Stable Mid-Risk
1,1.6125732136881423,0,1,1,1,1,0.0150177600377037,0,-0.562757605872366,3,6,1,1,1,1,0,0,0,0,1,1,0,1,Stable Mid-Risk
1,1.2051336009250395,0,0,0,1,1,1.17510923363579,1,-0.481531851297167,3,4,1,0,0,0,1,0,1,0,0,0,1,0,Critical Churn-Risk
0,-0.1801610824695097,1,1,0,0,1,0.987300728597704,1,-0.2867177965926478,2,3,1,0,1,0,1,0,1,0,0,1,0,0,Critical Churn-Risk
0,-1.1987601143772668,0,0,1,0,0,-0.1378882794623305,0,1.1028142212352985,0,2,1,0,0,1,0,0,1,0,0,0,0,2,Vulnerable High-Risk
1,-0.5468567339563023,1,0,0,0,1,-1.3528264846202114,0,-0.5264355916369853,1,0,0,0,1,0,0,1,1,0,0,1,0,2,Vulnerable High-Risk
0,-1.2802480369298874,0,0,0,0,1,-1.5057325241202455,0,0.4710166491649967,0,0,0,0,0,0,0,1,1,0,0,0,0,2,Vulnerable High-Risk
0,-0.3431369275747509,0,0,1,0,1,0.703094937787858,0,-0.2657789674461338,1,3,0,0,0,0,1,0,1,0,0,0,1,0,Critical Churn-Risk
0,1.0014137945434884,0,0,1,0,1,-0.375557449554775,0,-0.5594216940698347,3,2,0,1,0,1,0,0,0,1,0,0,1,1,Stable Mid-Risk
0,1.6125732136881423,1,0,0,0,0,-1.3079518860712882,0,-0.6263990835993375,3,0,0,1,1,0,0,1,0,0,1,1,0,3,Loyal Low-Risk
0,1.4088534073065913,0,0,0,0,0,-1.472492080750673,0,-0.6319039867680798,3,0,0,1,1,0,0,1,0,0,1,0,0,3,Loyal Low-Risk
1,0.797693988161937,0,0,0,0,1,-1.4608579255713223,0,-0.6211735673661378,3,0,0,1,1,0,0,1,0,1,0,1,0,3,Loyal Low-Risk
1,1.5718292524118322,1,1,1,1,0,0.8343946890976701,0,-0.5213448952646457,3,6,1,1,1,1,0,0,0,0,1,1,0,1,Stable Mid-Risk
0,-0.2616490050221303,1,0,0,0,0,-1.2896696422180234,0,-0.5546884160898425,2,0,0,1,0,0,0,1,0,1,0,0,0,3,Loyal Low-Risk
0,0.1050466464646622,1,1,1,1,1,1.6088970196087131,0,-0.3000455147473345,2,6,1,1,0,0,1,0,0,0,1,0,0,1,Stable Mid-Risk
1,0.9199258719908678,0,0,0,0,1,0.1413314448420797,0,-0.5231630011119098,3,0,0,1,1,0,1,0,0,0,1,1,0,3,Loyal Low-Risk
1,0.0235587239120416,0,0,0,0,0,-1.485788258098502,0,-0.5980868092927777,2,0,0,1,0,0,0,1,0,0,1,0,0,3,Loyal Low-Risk
0,1.6125732136881423,1,1,0,1,1,1.4908934456467302,0,-0.491760580468408,3,5,1,1,0,0,1,0,0,0,1,0,1,1,Stable Mid-Risk
1,-1.2802480369298874,0,0,0,0,1,-1.5157046571311177,0,0.453507247629561,0,0,0,0,0,0,0,1,1,0,0,0,0,2,Vulnerable High-Risk
0,-0.9135523854430948,0,0,0,0,1,-1.0270701395983994,1,-0.3073558372739137,0,1,1,0,0,1,0,0,1,0,0,0,0,2,Vulnerable High-Risk
0,0.1865345690172827,0,0,1,1,0,0.8377187334346272,0,-0.390630215868282,2,3,1,0,0,0,1,0,1,0,0,0,1,0,Critical Churn-Risk
0,-0.8320644628904743,0,0,1,0,0,-1.023746095261442,0,-0.3618023213025176,0,2,0,0,0,1,0,0,1,0,0,0,0,2,Vulnerable High-Risk
1,-1.2802480369298874,0,0,0,0,0,-1.4758161250876305,0,0.5235448537713036,0,0,0,1,0,0,0,1,0,1,0,0,0,3,Loyal Low-Risk
0,1.2051336009250395,0,1,1,0,1,-0.8708400557614077,0,-0.5955745671179145,3,3,0,1,1,1,0,0,0,0,1,1,0,1,Stable Mid-Risk
0,-1.2802480369298874,0,0,0,0,0,-1.3145999747452028,0,0.8066135119275126,0,0,0,0,1,1,0,0,1,0,0,0,0,2,Vulnerable High-Risk
0,-0.5876006952326126,1,1,0,0,1,-0.1395503016308091,0,-0.2947892811480029,1,2,0,0,0,1,0,0,1,0,0,0,0,2,Vulnerable High-Risk
0,1.490341329859212,1,0,0,1,1,0.8360567112661487,1,-0.5170972441514196,3,2,1,0,0,0,1,0,1,0,0,0,1,0,Critical Churn-Risk
0,-1.2395040756535771,0,0,0,0,1,0.330801972048644,0,2.2414116933034864,0,1,0,0,0,0,1,0,1,0,0,0,1,0,Critical Churn-Risk
1,-0.5468567339563023,0,0,0,0,0,-1.4691680364137156,0,-0.5468632267616601,1,0,0,0,0,0,0,1,1,0,0,0,0,2,Vulnerable High-Risk
0,-0.8320644628904743,1,0,0,1,1,0.653234272733499,1,0.0911973235501627,0,1,1,0,0,0,1,0,1,0,0,0,1,0,Critical Churn-Risk
0,-0.9542963467194052,0,0,0,0,0,-1.4758161250876305,0,-0.4289665897563937,0,0,0,0,0,0,0,1,1,0,0,0,0,2,Vulnerable High-Risk
0,-0.22090504374582,0,1,1,1,0,0.5618230534671742,0,-0.3264949017228205,2,5,1,1,0,1,0,0,0,1,0,0,1,1,Stable Mid-Risk
1,-0.22090504374582,1,0,1,0,1,0.4886940780541142,1,-0.3356664930032867,2,1,0,0,0,0,1,0,1,0,0,0,1,0,Critical Churn-Risk
1,-1.2802480369298874,0,0,0,1,0,0.8094643565704907,1,4.536116038975298,0,2,1,0,0,0,1,0,1,0,0,0,0,0,Critical Churn-Risk
0,-0.3431369275747509,0,0,0,0,1,-1.4791401694245876,0,-0.5723102236598265,1,0,0,0,0,0,0,1,1,0,0,0,0,2,Vulnerable High-Risk
0,-0.7505765403378537,1,0,0,0,1,0.3374500607225587,1,-0.0838368306023628,1,0,0,0,0,0,1,0,1,0,0,0,1,0,Critical Churn-Risk
0,-0.0171852373642686,0,0,0,0,1,0.3191678168692938,1,-0.4039228396814676,2,1,0,0,0,0,1,0,1,0,0,0,1,0,Critical Churn-Risk
0,-0.8728084241667845,0,0,0,0,0,-1.4891123024354591,0,-0.4725455446890334,0,0,0,1,0,0,0,1,0,1,0,0,0,3,Loyal Low-Risk
0,-1.2802480369298874,1,0,0,0,1,-1.322910085587596,0,0.7920223439813163,0,0,0,0,0,0,0,1,1,0,0,0,0,2,Vulnerable High-Risk
1,0.227278530293593,1,1,0,0,1,0.5202724992552084,0,-0.4263027662749342,2,1,0,0,0,0,1,0,1,0,0,0,0,0,Critical Churn-Risk
1,-0.9542963467194052,0,0,0,0,0,-1.4974224132778524,0,-0.4365539970884158,0,0,0,1,0,0,0,1,0,0,1,0,0,3,Loyal Low-Risk
1,0.8791819107145575,1,1,1,0,1,0.028313937385533,0,-0.5277620614502759,3,3,0,1,1,1,0,0,0,0,1,1,0,1,Stable Mid-Risk
0,-0.1394171211931994,1,0,0,1,1,0.2061503094127465,0,-0.3908350041903339,2,2,1,1,1,1,0,0,0,1,0,1,0,1,Stable Mid-Risk
0,0.4717422979514547,1,0,0,1,1,0.8111263787389692,0,-0.4357109518293022,2,2,1,0,0,0,1,0,1,0,0,0,1,0,Critical Churn-Risk
1,1.082901717096109,0,1,1,1,1,0.729687292483516,0,-0.4983232747273137,3,6,1,1,0,1,0,0,0,0,1,0,1,1,Stable Mid-Risk
0,-1.1987601143772668,0,0,0,0,1,-0.3157246514895444,1,0.9466887242109976,0,1,1,0,0,1,0,0,1,0,0,0,1,2,Vulnerable High-Risk
1,-0.5876006952326126,0,1,1,0,1,-0.1096339025981937,0,-0.2892599964526022,1,3,0,1,0,1,0,0,0,1,0,0,0,1,Stable Mid-Risk
0,1.4088534073065913,1,0,0,0,0,-1.3195860412506386,0,-0.6240075899971971,3,0,0,1,1,0,0,1,0,0,1,1,0,3,Loyal Low-Risk
1,-0.4246248501273714,0,0,1,0,0,-0.3207107179949802,1,-0.3871977855138908,1,2,0,0,0,1,0,0,1,0,0,0,1,2,Vulnerable High-Risk
1,0.0235587239120416,0,1,1,0,0,-1.0220840730929637,0,-0.5501934462693803,2,2,0,1,1,1,0,0,0,1,0,1,0,1,Stable Mid-Risk
0,-1.1172721918246462,0,0,0,0,0,-1.4907743246039378,0,-0.2789693832694953,0,0,0,0,0,0,0,1,1,0,0,0,0,2,Vulnerable High-Risk
0,-1.2395040756535771,0,0,0,0,0,-1.4907743246039378,0,0.1091556840993273,0,0,0,0,0,0,0,1,1,0,0,0,0,2,Vulnerable High-Risk
1,1.6125732136881423,1,1,1,1,0,0.8277466004237555,0,-0.5236612709370784,3,6,1,1,1,1,0,0,0,0,1,1,0,1,Stable Mid-Risk
1,-0.9542963467194052,0,0,0,0,0,-1.4758161250876305,0,-0.4289665897563937,0,0,0,0,0,0,0,1,1,0,0,0,0,2,Vulnerable High-Risk
1,1.4088534073065913,1,0,0,0,0,-1.2796975092071516,0,-0.6219476604047929,3,0,0,1,0,0,0,1,0,0,1,0,0,3,Loyal Low-Risk
0,-0.6690886177852331,1,0,0,1,1,0.6698544944182854,1,-0.0837910543891983,1,1,1,0,0,0,1,0,1,0,0,0,1,0,Critical Churn-Risk
0,-0.9950403079957154,0,0,0,0,1,-1.4658439920767583,0,-0.3986169604283053,0,0,0,0,0,0,0,1,1,0,0,0,0,2,Vulnerable High-Risk
0,-1.1172721918246462,0,1,1,0,1,-0.7162719940928949,1,0.1743295675923377,0,4,0,0,0,1,0,0,1,0,0,0,0,2,Vulnerable High-Risk
1,-0.3838808888510611,1,0,0,0,1,-0.5467457329080743,1,-0.4319334605721203,1,0,0,1,1,1,0,0,0,1,0,1,0,3,Loyal Low-Risk
0,-1.2802480369298874,0,0,0,1,1,0.4903561002225927,1,3.9758151898413594,0,1,1,0,0,0,1,0,1,0,0,0,1,0,Critical Churn-Risk
0,0.7162060656093164,0,0,0,0,1,0.2078123315812251,1,-0.5044744533712985,3,0,0,0,0,0,1,0,1,0,0,0,1,0,Critical Churn-Risk
0,-0.6283446565089229,0,0,0,0,0,-1.5073945462887242,0,-0.5409619099478652,1,0,0,1,1,0,0,1,0,0,1,1,0,3,Loyal Low-Risk
0,1.4495973685829016,1,1,0,1,1,1.5291199555217383,0,-0.4796508090802246,3,5,1,1,1,0,1,0,0,0,1,0,0,1,Stable Mid-Risk
0,-1.2802480369298874,1,0,0,1,0,0.6548962949019775,1,4.264720315176047,0,1,1,0,0,0,1,0,1,0,0,0,1,0,Critical Churn-Risk
0,-0.3023929662984406,0,0,0,0,1,0.1496415556844729,0,-0.3559658541240391,2,0,0,0,0,0,1,0,1,0,0,0,1,0,Critical Churn-Risk
0,1.4088534073065913,0,1,1,1,1,-0.5135052895385016,0,-0.5823798461506957,3,4,1,1,1,1,0,0,0,1,0,0,0,1,Stable Mid-Risk
0,-0.0171852373642686,0,0,0,0,0,-1.477478147256109,0,-0.5951113554370827,2,0,0,1,1,0,0,1,0,1,0,1,0,3,Loyal Low-Risk
0,1.4088534073065913,1,1,0,1,1,1.3562696499999605,0,-0.4858206465067494,3,4,1,1,0,0,1,0,0,1,0,0,1,1,Stable Mid-Risk
0,1.6125732136881423,0,1,1,1,1,-0.0115745946579542,0,-0.5640368315553203,3,6,1,1,1,1,0,0,0,0,1,1,0,1,Stable Mid-Risk
0,1.5718292524118322,1,0,1,1,1,1.4559909801086786,1,-0.4910276907542155,3,5,1,1,1,0,1,0,0,0,1,1,0,1,Stable Mid-Risk
1,-1.2802480369298874,0,0,0,0,1,-0.4952230456852367,0,2.245302671422472,0,1,0,0,0,1,0,0,1,0,0,0,1,2,Vulnerable High-Risk
0,0.5532302205040753,0,0,0,0,0,-1.146735735728861,1,-0.5918412780817649,2,1,0,0,1,1,0,0,1,0,0,0,0,2,Vulnerable High-Risk
0,-1.2395040756535771,0,0,0,0,1,-1.1434116913919037,1,0.5157628975333322,0,1,0,0,0,1,0,0,1,0,0,0,1,2,Vulnerable High-Risk
0,-1.2802480369298874,0,0,0,0,1,-0.6448050408483137,1,1.9826616483909376,0,0,0,0,0,1,0,0,1,0,0,0,0,2,Vulnerable High-Risk
0,0.6347181430566958,0,0,0,0,1,0.028313937385533,0,-0.5107009525701074,2,3,1,1,0,1,0,0,0,1,0,0,1,1,Stable Mid-Risk
0,1.1643896396487294,1,0,1,1,1,1.2798166302499436,0,-0.47260830240063,3,4,1,1,1,0,1,0,0,1,0,0,0,1,Stable Mid-Risk
0,-0.0171852373642686,0,0,0,0,0,0.6432621397226272,1,-0.3694346245359126,2,2,1,0,1,0,1,0,1,0,0,0,0,0,Critical Churn-Risk
0,-1.2395040756535771,0,0,0,0,0,-0.6763834620494076,0,1.062445323250822,0,0,0,0,0,1,0,0,1,0,0,0,1,2,Vulnerable High-Risk
0,-1.1987601143772668,0,0,0,0,0,-1.4974224132778524,1,-0.0907433167635624,0,0,0,0,0,0,0,1,1,0,0,0,1,2,Vulnerable High-Risk
0,-1.1172721918246462,0,0,1,0,1,0.6848126939345931,1,0.9943532061685724,0,2,1,0,1,0,1,0,1,0,0,1,0,0,Critical Churn-Risk
1,1.5718292524118322,1,1,1,1,0,0.8343946890976701,0,-0.5213448952646457,3,6,1,1,1,1,0,0,0,0,1,0,0,1,Stable Mid-Risk
0,0.1865345690172827,1,1,0,0,1,-0.3240347623319375,0,-0.4979904937039794,2,1,0,0,0,1,0,0,1,0,0,0,0,2,Vulnerable High-Risk
1,1.3273654847539706,1,0,1,1,1,1.3064089849456015,0,-0.482980440553586,3,4,1,1,1,0,1,0,0,0,1,0,0,1,Stable Mid-Risk
1,1.4088534073065913,1,0,1,1,1,1.3895100933695332,0,-0.4841040385130792,3,4,1,1,1,0,1,0,0,1,0,0,0,1,Stable Mid-Risk
1,0.6754621043330061,1,0,0,0,0,0.3457601715649518,1,-0.4915335179096837,3,0,0,0,1,0,1,0,1,0,0,1,0,0,Critical Churn-Risk
1,0.7162060656093164,1,1,1,1,1,0.1895300877279602,0,-0.5057332992333231,3,3,1,1,1,1,0,0,0,0,1,1,0,1,Stable Mid-Risk
1,-0.3023929662984406,0,0,0,0,0,-1.5024084797832884,0,-0.5790984839474108,2,0,0,1,0,0,0,1,0,1,0,0,1,3,Loyal Low-Risk
1,-0.6283446565089229,1,0,0,0,1,-0.2974424076362792,1,-0.3049092373960665,1,1,0,1,0,1,0,0,0,1,0,0,0,3,Loyal Low-Risk
1,1.2866215234776603,1,0,0,0,1,-1.35448850678869,0,-0.6239045935175769,3,0,0,1,0,0,0,1,0,0,1,0,0,3,Loyal Low-Risk
0,-0.3023929662984406,0,0,0,1,1,-0.887460277446194,0,-0.496041066407524,2,2,1,1,1,1,0,0,0,1,0,1,0,1,Stable Mid-Risk
0,-0.3838808888510611,1,0,0,1,1,1.382862004695619,1,-0.149594360813221,1,4,1,0,0,0,1,0,1,0,0,0,1,0,Critical Churn-Risk
0,-0.3431369275747509,0,0,1,0,0,-1.0154359844190488,0,-0.5071752499480061,1,2,0,0,0,1,0,0,1,0,0,0,0,2,Vulnerable High-Risk
0,0.1865345690172827,1,0,0,1,1,1.1717851892988325,0,-0.3597583763189613,2,3,1,0,0,0,1,0,1,0,0,0,1,0,Critical Churn-Risk
0,-0.4653688114036817,0,0,0,0,1,0.1280352674942509,0,-0.3028458399087256,1,0,0,0,0,0,1,0,1,0,0,0,1,0,Critical Churn-Risk
0,-1.2802480369298874,0,0,0,0,1,-0.6315088635004846,0,2.006007517104852,0,0,0,0,0,1,0,0,1,0,0,0,0,2,Vulnerable High-Risk
0,-0.9135523854430948,1,0,0,0,1,0.3640424154182167,0,0.1367462562157714,0,0,0,0,0,0,1,0,1,0,0,0,0,0,Critical Churn-Risk
0,-1.076528230548336,0,0,0,0,1,0.6515722505650204,1,0.7403279204005065,0,2,1,0,0,0,1,0,1,0,0,0,1,0,Critical Churn-Risk
0,0.7569500268856267,1,1,0,0,1,1.0504575709998925,0,-0.450696206020883,3,3,1,1,1,0,1,0,0,1,0,1,0,1,Stable Mid-Risk
0,-0.9135523854430948,0,0,0,0,1,-1.4708300585821945,0,-0.4490228133333472,0,0,0,0,0,0,0,1,1,0,0,0,0,2,Vulnerable High-Risk
0,-1.076528230548336,0,1,1,0,0,-0.4603205801471852,0,0.1825284143430577,0,4,1,0,1,1,0,0,1,0,0,1,0,2,Vulnerable High-Risk
1,0.5939741817803856,1,1,1,1,1,0.8543389551194135,0,-0.4470110007831898,2,6,1,1,0,1,0,0,0,0,1,0,0,1,Stable Mid-Risk
1,1.1643896396487294,1,1,1,0,1,0.4853700337171571,0,-0.5176055816153515,3,5,1,1,0,1,0,0,0,1,0,0,1,1,Stable Mid-Risk
0,0.797693988161937,0,1,0,1,1,-0.2010451218645185,0,-0.5377010745116713,3,5,1,1,1,1,0,0,0,0,1,0,0,1,Stable Mid-Risk
1,0.1050466464646622,1,1,0,0,1,-0.1777768115058176,0,-0.4743289096602353,2,2,0,0,1,1,0,0,1,0,0,1,0,2,Vulnerable High-Risk
0,1.5718292524118322,1,0,0,1,1,1.359593694336918,0,-0.4957292893146565,3,4,1,1,1,0,1,0,0,1,0,0,0,1,Stable Mid-Risk
0,-1.076528230548336,0,1,0,0,0,-0.2841462302884502,1,0.2709092030457327,0,2,0,0,0,1,0,0,1,0,0,0,1,2,Vulnerable High-Risk
0,0.512486259227765,0,1,0,0,0,-0.3822055382286897,0,-0.5318406677631415,2,2,0,1,1,1,0,0,0,0,1,1,0,3,Loyal Low-Risk
0,-1.2395040756535771,1,0,0,1,1,0.6897987604400287,1,2.6616373301539413,0,1,1,0,0,0,1,0,1,0,0,0,1,0,Critical Churn-Risk
0,-1.1580161531009563,0,0,0,1,1,0.1280352674942509,1,0.9355994365718884,0,3,1,0,1,1,0,0,1,0,0,0,0,2,Vulnerable High-Risk
0,-1.2395040756535771,0,0,0,0,0,-1.346178395946297,0,0.278413232275205,0,0,0,0,0,1,0,0,1,0,0,0,0,2,Vulnerable High-Risk
0,-1.1580161531009563,0,0,0,1,0,0.4338473464943191,1,1.1503814287398983,0,1,1,0,0,0,1,0,1,0,0,0,1,0,Critical Churn-Risk
0,0.7569500268856267,1,1,1,0,0,-0.16281861198951,0,-0.5326312260264471,3,2,0,1,1,1,0,0,0,1,0,1,0,1,Stable Mid-Risk
1,1.1236456783724194,1,0,0,0,0,-1.3578125511256471,0,-0.6212638313187898,3,0,0,1,1,0,0,1,0,1,0,1,0,3,Loyal Low-Risk
0,-0.9542963467194052,0,0,0,0,1,-1.4841262359300234,0,-0.431884823345633,0,0,0,1,0,0,0,1,0,1,0,0,0,3,Loyal Low-Risk
0,-1.1987601143772668,1,0,0,1,1,1.3479595391575674,1,2.407264635625252,0,4,1,0,1,0,1,0,1,0,0,0,0,0,Critical Churn-Risk
0,-0.6283446565089229,1,0,1,0,1,1.025527238472713,0,-0.0468076888366823,1,3,1,0,1,0,1,0,1,0,0,0,0,0,Critical Churn-Risk
0,-0.9950403079957154,1,0,0,1,1,0.7396594254943878,1,0.4619377002206968,0,1,1,0,0,0,1,0,1,0,0,0,1,0,Critical Churn-Risk
1,0.5532302205040753,0,1,1,1,0,0.5385547431084732,0,-0.4659226032099088,2,5,1,1,0,1,0,0,0,0,1,0,0,1,Stable Mid-Risk
0,1.4495973685829016,0,1,1,1,1,0.5867533859943537,0,-0.5276113437207658,3,6,1,1,1,1,0,0,0,0,1,1,0,1,Stable Mid-Risk
0,-1.2802480369298874,0,0,0,1,1,-0.375557449554775,1,2.4554154898477,0,1,1,0,0,1,0,0,1,0,0,0,0,2,Vulnerable High-Risk
0,-1.1580161531009563,0,0,0,0,0,-1.472492080750673,0,-0.188504142003078,0,0,0,1,1,0,0,1,0,1,0,0,0,3,Loyal Low-Risk
0,-1.2802480369298874,0,0,0,0,1,-1.3195860412506386,1,0.797858811159795,0,0,0,0,0,1,0,0,1,0,0,0,0,2,Vulnerable High-Risk
1,-0.1801610824695097,0,0,1,0,1,-0.3456410505221597,0,-0.4481263027009163,2,2,0,1,1,1,0,0,0,1,0,1,0,1,Stable Mid-Risk
0,0.2680224915699033,0,0,0,1,1,-0.2060311883699544,0,-0.4960859623088969,2,2,1,1,1,1,0,0,0,1,0,1,0,1,Stable Mid-Risk
0,-0.8728084241667845,0,0,0,0,0,0.6648684279128493,0,0.1577929105866485,0,2,1,0,0,0,1,0,1,0,0,0,1,0,Critical Churn-Risk
0,1.5718292524118322,0,0,1,1,1,-0.112957946935151,0,-0.5675502604276007,3,5,1,1,1,1,0,0,0,0,1,1,0,1,Stable Mid-Risk
1,-1.2395040756535771,0,0,0,0,0,-1.4758161250876305,0,0.126665085634763,0,0,0,0,0,0,0,1,1,0,0,0,0,2,Vulnerable High-Risk
0,-0.0986731599168891,0,0,0,0,1,0.4936801445595503,1,-0.367175346918437,2,2,0,0,0,0,1,0,1,0,0,0,0,0,Critical Churn-Risk
0,-0.6283446565089229,0,0,0,0,0,-1.4841262359300234,0,-0.5364224354757152,1,0,0,1,0,0,0,1,0,1,0,0,0,3,Loyal Low-Risk
0,0.9199258719908678,1,0,0,1,1,0.9856387064292256,0,-0.4702179059928544,3,3,1,0,1,0,1,0,1,0,0,1,0,0,Critical Churn-Risk
0,1.0421577558197987,1,1,0,0,1,0.4986662110649859,0,-0.5092130673018478,3,1,0,0,1,0,1,0,1,0,0,0,0,0,Critical Churn-Risk
0,-1.1172721918246462,0,1,1,0,0,-0.3522891391960741,1,0.3873606196068043,0,2,0,0,0,1,0,0,1,0,0,0,1,2,Vulnerable High-Risk
0,-1.2802480369298874,0,0,0,0,1,-1.5073945462887242,1,0.4680984155757574,0,0,0,0,0,0,0,1,1,0,0,0,1,2,Vulnerable High-Risk
0,-0.9542963467194052,1,0,0,0,1,0.3075336616899431,0,0.1972863384943532,0,0,0,0,0,0,1,0,1,0,0,0,1,0,Critical Churn-Risk
0,-0.2616490050221303,0,0,1,0,0,-0.5201533782124163,0,-0.4546038122514883,2,1,0,0,1,1,0,0,1,0,0,0,0,2,Vulnerable High-Risk
0,0.7162060656093164,0,0,0,0,0,-1.509056568457203,0,-0.6226915238687165,3,0,0,1,1,0,0,1,0,0,1,1,0,3,Loyal Low-Risk
0,1.6125732136881423,1,1,1,1,1,1.6238552191250208,0,-0.4853644520536369,3,6,1,1,1,0,1,0,0,0,1,0,0,1,Stable Mid-Risk
1,0.4309983366751445,0,1,1,1,1,1.3695658273477898,0,-0.3858828502207158,2,5,1,1,1,0,1,0,0,1,0,1,0,1,Stable Mid-Risk
0,0.960669833267178,1,0,0,0,1,-1.2913316643865018,0,-0.6139518810658555,3,0,0,1,1,0,0,1,0,0,1,0,0,3,Loyal Low-Risk
0,-1.2802480369298874,0,0,0,0,0,-1.5190287014680746,0,0.4476707804510826,0,0,0,0,0,0,0,1,1,0,0,0,0,2,Vulnerable High-Risk
1,1.6125732136881423,1,0,0,1,1,1.2831406745869012,1,-0.5017545311164877,3,4,1,1,0,0,1,0,0,0,1,0,1,1,Stable Mid-Risk
0,1.6125732136881423,1,1,1,0,1,1.1884054109836186,0,-0.5063117726120121,3,4,1,1,1,0,1,0,0,0,1,0,0,1,Stable Mid-Risk
0,0.1457906077409725,1,0,0,1,1,1.0172171276303197,0,-0.3661220350562356,2,2,1,0,0,0,1,0,1,0,0,0,1,0,Critical Churn-Risk
0,-1.1172721918246462,0,0,1,1,0,0.3440981493964733,0,0.7949405775705556,0,4,1,0,1,1,0,0,1,0,0,0,0,2,Vulnerable High-Risk
0,-0.791320501614164,1,0,0,0,1,0.653234272733499,1,0.0370336253938426,1,2,0,0,0,0,1,0,1,0,0,0,1,0,Critical Churn-Risk
0,0.4717422979514547,0,0,0,0,0,0.8094643565704907,0,-0.4358406510999351,2,3,1,1,1,0,1,0,0,1,0,1,0,1,Stable Mid-Risk
1,1.5310852911355222,1,0,1,1,1,1.432722669749978,0,-0.4896987299178014,3,5,1,1,0,0,1,0,0,1,0,0,1,1,Stable Mid-Risk
0,0.4717422979514547,0,0,0,0,0,-1.5057325241202455,0,-0.616511735091504,2,0,0,1,1,0,0,1,0,1,0,1,0,3,Loyal Low-Risk
0,-0.0171852373642686,1,0,0,1,1,0.703094937787858,1,-0.3630675694321179,2,1,1,0,1,0,1,0,1,0,0,1,0,0,Critical Churn-Risk
0,1.490341329859212,1,0,0,0,1,-1.3245721077560746,0,-0.625488777466021,3,0,0,1,1,0,0,1,0,0,1,1,0,3,Loyal Low-Risk
0,-0.6690886177852331,0,0,1,1,0,-0.1794388336742964,1,-0.2592283913422885,1,2,1,0,0,1,0,0,1,0,0,0,1,2,Vulnerable High-Risk
1,1.4495973685829016,0,0,0,0,0,-1.5057325241202455,0,-0.6341057231077872,3,0,0,1,1,0,0,1,0,1,0,0,0,3,Loyal Low-Risk
0,-0.6690886177852331,0,0,0,0,1,0.1712478438746953,0,-0.1867875340094077,1,0,0,0,1,0,1,0,1,0,0,1,0,0,Critical Churn-Risk
1,1.4495973685829016,0,1,1,1,0,0.6000495633421824,0,-0.5269346518739856,3,5,1,1,1,1,0,0,0,0,1,0,0,1,Stable Mid-Risk
0,-1.1580161531009563,0,0,0,0,0,-1.522352745805032,0,-0.2235229450739492,0,0,0,0,0,0,0,1,1,0,0,0,0,2,Vulnerable High-Risk
1,-0.2616490050221303,0,1,1,0,0,-0.8625299449190146,0,-0.499133895168769,2,3,0,0,1,1,0,0,1,0,0,1,0,2,Vulnerable High-Risk
0,-0.1394171211931994,0,0,0,0,1,-1.136763602717989,1,-0.5480305201973559,2,1,0,0,0,1,0,0,1,0,0,0,1,2,Vulnerable High-Risk
1,-1.1172721918246462,0,0,0,0,0,-1.477478147256109,0,-0.2711874270315239,0,0,0,0,1,0,0,1,1,0,0,1,0,2,Vulnerable High-Risk
0,1.5310852911355222,1,0,0,1,1,1.0039209502824906,0,-0.5109073007917093,3,3,1,1,1,0,1,0,0,1,0,0,0,1,Stable Mid-Risk
0,-0.3431369275747509,0,1,1,1,0,0.3191678168692938,0,-0.3197079241752754,1,4,1,1,1,1,0,0,0,1,0,0,0,1,Stable Mid-Risk
0,1.6125732136881423,1,1,1,0,0,0.453791612516063,0,-0.5416503821036218,3,5,1,1,1,1,0,0,0,0,1,0,0,1,Stable Mid-Risk
0,-1.2802480369298874,0,0,1,0,1,0.3158437725323362,0,3.6694006629712352,0,1,0,0,0,0,1,0,1,0,0,0,0,0,Critical Churn-Risk
0,1.5310852911355222,0,0,1,0,1,-0.4569965358102282,0,-0.5831644085365352,3,4,1,1,1,1,0,0,0,1,0,0,0,1,Stable Mid-Risk
1,0.1457906077409725,0,0,0,0,0,-1.5157046571311177,0,-0.6065213858670813,2,0,0,0,1,0,0,1,1,0,0,0,0,2,Vulnerable High-Risk
0,0.227278530293593,1,0,1,1,1,1.155164967614046,1,-0.3691353185267599,2,3,1,0,0,0,1,0,1,0,0,0,1,0,Critical Churn-Risk
0,-0.6283446565089229,0,0,0,0,1,0.1729098660431739,1,-0.2131470034233206,1,0,0,0,0,0,1,0,1,0,0,0,1,0,Critical Churn-Risk
1,0.3495104141225239,1,0,1,1,1,1.472611201793465,0,-0.3638760843659331,2,5,1,1,1,0,1,0,0,1,0,0,0,1,Stable Mid-Risk
0,-1.2802480369298874,0,0,0,0,1,-0.648129085185271,1,1.9768251812124595,0,0,0,0,0,1,0,0,1,0,0,0,1,2,Vulnerable High-Risk
0,-1.2395040756535771,0,0,1,0,0,-1.1616939352451685,1,0.494362517878911,0,1,0,0,1,1,0,0,1,0,0,0,0,2,Vulnerable High-Risk
0,-0.7505765403378537,0,0,0,0,0,0.3873107257769176,0,-0.0721638962454058,1,1,0,0,0,0,1,0,1,0,0,0,1,0,Critical Churn-Risk
0,-1.2395040756535771,0,0,1,0,1,1.0072449946194475,1,3.033225740517074,0,4,1,0,1,0,1,0,1,0,0,1,0,0,Critical Churn-Risk
0,-1.2802480369298874,0,0,0,0,0,-1.495760391109374,1,0.4885260507004324,0,0,0,0,0,0,0,1,1,0,0,0,0,2,Vulnerable High-Risk
1,-0.791320501614164,1,0,1,1,1,0.2659831074779772,0,-0.0601018640765501,1,4,1,0,0,1,0,0,1,0,0,0,1,2,Vulnerable High-Risk
0,-1.076528230548336,0,0,0,0,0,-1.5240147679735103,0,-0.3510914419749801,0,0,0,0,0,0,0,1,1,0,0,0,0,2,Vulnerable High-Risk
0,-1.1580161531009563,0,0,0,0,1,0.3939588144508323,1,1.1223663862832018,0,1,0,0,1,0,1,0,1,0,0,0,0,0,Critical Churn-Risk
1,-1.1172721918246462,0,0,1,1,1,1.1418687902662172,1,1.2618579518488389,0,4,1,0,0,0,1,0,1,0,0,0,0,0,Critical Churn-Risk
0,-0.7098325790615434,0,1,0,1,0,1.228293943027106,0,0.0752312186244209,1,4,1,0,0,0,1,0,1,0,0,0,1,0,Critical Churn-Risk
0,0.5939741817803856,0,1,0,0,0,0.354070282407345,0,-0.483610513714899,2,1,0,0,1,0,1,0,1,0,0,1,0,0,Critical Churn-Risk
0,-0.9950403079957154,0,0,1,0,0,-0.023208749837305,0,0.1642778741182913,0,3,1,0,0,1,0,0,1,0,0,0,0,2,Vulnerable High-Risk
0,-0.6283446565089229,0,0,0,0,1,-1.3013037973973738,0,-0.5007551360516798,1,0,0,0,0,1,0,0,1,0,0,0,0,2,Vulnerable High-Risk
1,-0.7098325790615434,0,1,0,0,0,0.3424361272279943,0,-0.1191960942586453,1,1,0,0,0,0,1,0,1,0,0,0,0,0,Critical Churn-Risk
0,-0.2616490050221303,0,1,1,0,1,1.0321753271466272,0,-0.2527052809663419,2,4,1,1,1,0,1,0,0,1,0,0,0,1,Stable Mid-Risk
0,-0.3838808888510611,1,1,0,0,0,-0.3456410505221597,0,-0.402507938547291,1,1,0,0,0,1,0,0,1,0,0,0,1,2,Vulnerable High-Risk
0,-1.1580161531009563,0,0,0,0,0,0.2643210853094987,0,1.0313174982989364,0,1,0,0,0,0,1,0,1,0,0,0,1,0,Critical Churn-Risk
1,-0.1394171211931994,0,0,0,0,0,-1.494098368940895,0,-0.589858534976452,2,0,0,1,0,0,0,1,0,1,0,0,0,3,Loyal Low-Risk
0,-0.3023929662984406,0,0,0,0,0,-1.5206907236365534,0,-0.5815677585229211,2,0,0,0,0,0,0,1,1,0,0,0,0,2,Vulnerable High-Risk
0,-0.9542963467194052,0,0,0,0,0,-0.6597632403646212,1,-0.1423960512930975,0,0,0,0,0,1,0,0,1,0,0,0,0,2,Vulnerable High-Risk
0,-0.5876006952326126,0,0,0,0,1,-0.5068572008645872,1,-0.3626766099082006,1,1,0,0,0,1,0,0,1,0,0,0,0,2,Vulnerable High-Risk
0,-1.1987601143772668,1,0,0,1,1,0.9989348837770544,0,2.1008501087551283,0,2,1,0,0,0,1,0,1,0,0,0,1,0,Critical Churn-Risk
1,1.490341329859212,0,1,1,0,0,-0.6165506639841769,0,-0.5899697057798516,3,4,0,1,1,1,0,0,0,0,1,0,0,1,Stable Mid-Risk
0,-0.7505765403378537,0,0,0,0,0,-1.5107185906256817,0,-0.5165135974335717,1,0,0,1,0,0,0,1,0,1,0,0,0,3,Loyal Low-Risk
0,-0.5468567339563023,1,0,0,1,0,0.1596136886953446,0,-0.2608763350162119,1,2,1,0,0,1,0,0,1,0,0,0,0,2,Vulnerable High-Risk
0,0.2680224915699033,1,0,0,0,0,0.8609870437933281,0,-0.4024106640943163,2,2,1,0,0,0,1,0,1,0,0,0,1,0,Critical Churn-Risk
0,-0.0579291986405789,0,0,0,1,1,1.216659787847756,0,-0.2972083432022407,2,4,1,0,0,0,1,0,1,0,0,0,1,0,Critical Churn-Risk
1,-0.3431369275747509,0,0,0,0,0,-1.4808021915930665,0,-0.5725436823469656,1,0,0,1,0,0,0,1,0,1,0,0,0,3,Loyal Low-Risk
0,-0.7505765403378537,0,0,1,0,0,-0.5317875333917667,0,-0.2873349862253145,1,1,0,0,1,1,0,0,1,0,0,0,0,2,Vulnerable High-Risk
0,1.2866215234776603,0,1,1,0,1,0.3175057947008148,0,-0.5335740399552783,3,5,1,1,0,1,0,0,0,0,1,0,0,1,Stable Mid-Risk
0,0.7162060656093164,0,0,0,0,1,-1.5107185906256817,0,-0.6228059644016279,3,0,0,1,0,0,0,1,0,1,0,0,0,3,Loyal Low-Risk
1,0.797693988161937,0,0,1,1,1,0.131359311831208,0,-0.5156766700645824,3,4,1,1,0,1,0,0,0,1,0,0,1,1,Stable Mid-Risk
0,-0.1801610824695097,1,0,0,1,0,1.1767712558042684,0,-0.2637744428565598,2,3,1,1,0,0,1,0,0,1,0,0,1,0,Critical Churn-Risk
0,-0.4653688114036817,0,0,0,0,1,-1.4608579255713223,0,-0.556466868209884,1,0,0,1,1,0,0,1,0,0,1,1,0,3,Loyal Low-Risk
1,-0.3023929662984406,0,0,0,1,1,1.033837349315106,1,-0.2365427564720936,2,3,1,0,0,0,1,0,1,0,0,0,1,0,Critical Churn-Risk
0,-0.6283446565089229,0,0,0,0,0,-1.5107185906256817,0,-0.5416104063010294,1,0,0,1,0,0,0,1,0,1,0,0,0,3,Loyal Low-Risk
0,1.0421577558197987,0,0,0,1,1,-0.6581012181961428,0,-0.5780635953733912,3,2,1,1,1,1,0,0,0,1,0,1,0,1,Stable Mid-Risk
0,-0.6283446565089229,0,0,0,0,0,0.5551749647932596,1,-0.1385699228094283,1,1,1,0,1,0,1,0,1,0,0,0,0,0,Critical Churn-Risk
0,0.7569500268856267,1,0,0,0,0,-1.3062898639028098,0,-0.6098521763878555,3,0,0,1,0,0,0,1,0,0,1,0,0,3,Loyal Low-Risk
1,1.6125732136881423,0,1,1,1,0,-0.5284634890548093,0,-0.5889017807677426,3,4,1,1,0,1,0,0,0,0,1,0,0,1,Stable Mid-Risk
0,0.797693988161937,0,1,0,1,0,0.6416001175541483,1,-0.481869209238301,3,2,1,0,0,0,1,0,1,0,0,0,1,0,Critical Churn-Risk
0,-0.22090504374582,0,0,0,0,1,-1.5024084797832884,0,-0.5853839101396184,2,0,0,1,0,0,0,1,0,0,1,0,0,3,Loyal Low-Risk
0,-1.1987601143772668,0,0,0,0,0,-1.4891123024354591,0,-0.0834477327904643,0,0,0,0,0,0,0,1,1,0,0,0,0,2,Vulnerable High-Risk
0,1.2866215234776603,1,1,1,0,1,0.5485268761193449,0,-0.5210929793736088,3,5,1,1,0,1,0,0,0,0,1,0,0,1,Stable Mid-Risk
0,0.512486259227765,0,0,1,1,1,1.010569038956405,0,-0.4255154613378151,2,3,1,1,1,0,1,0,0,0,1,1,0,1,Stable Mid-Risk
0,-1.1987601143772668,0,0,0,1,1,-0.9423070090059888,1,0.3966016926393955,0,1,1,0,0,1,0,0,1,0,0,0,0,2,Vulnerable High-Risk
0,1.5718292524118322,1,0,1,1,1,0.6150077628584902,0,-0.5320450850918563,3,5,1,1,1,1,0,0,0,0,1,1,0,1,Stable Mid-Risk
0,-1.2802480369298874,0,0,0,0,0,-1.3212480634191175,1,0.7949405775705556,0,0,0,0,0,1,0,0,1,0,0,0,0,2,Vulnerable High-Risk
1,1.0421577558197987,0,0,0,0,0,-1.4791401694245876,0,-0.6269316425965843,3,0,0,1,1,0,0,1,0,0,1,1,0,3,Loyal Low-Risk
1,0.0643026851883519,0,0,0,1,1,0.8327326669291911,0,-0.36743355007472,2,3,1,0,0,0,1,0,1,0,0,0,1,0,Critical Churn-Risk
0,-0.9950403079957154,0,1,0,0,1,-0.4968850678537152,1,-0.0205435865335289,0,1,0,0,0,1,0,0,1,0,0,0,1,2,Vulnerable High-Risk
1,-0.7098325790615434,0,0,0,0,0,-1.495760391109374,0,-0.5226418879709742,1,0,0,0,0,0,0,1,1,0,0,0,0,2,Vulnerable High-Risk
1,1.368109446030281,0,0,1,1,0,-0.3373309396797665,0,-0.5718816353237353,3,4,1,1,1,1,0,0,0,0,1,0,0,1,Stable Mid-Risk
0,-0.8320644628904743,0,0,0,0,1,-1.178314156929955,0,-0.4035555095793256,0,1,0,0,1,1,0,0,1,0,0,1,0,2,Vulnerable High-Risk
0,1.0421577558197987,0,0,0,0,1,-1.517366679299596,0,-0.6292068755644659,3,0,0,1,1,0,0,1,0,0,1,0,0,3,Loyal Low-Risk
1,-1.1987601143772668,0,0,0,0,0,-1.5190287014680746,0,-0.1097118350936176,0,0,0,1,0,0,0,1,0,0,1,0,0,3,Loyal Low-Risk
0,0.4309983366751445,0,0,0,1,0,-0.3074145406471512,1,-0.519723654381735,2,4,1,0,1,1,0,0,1,0,0,1,0,2,Vulnerable High-Risk
0,-0.9542963467194052,0,0,0,0,0,0.5235965435921655,0,0.2731604118145743,0,2,0,0,0,0,1,0,1,0,0,0,1,0,Critical Churn-Risk
0,-1.1987601143772668,0,0,0,0,0,-1.4808021915930665,0,-0.0761521488173661,0,0,0,1,0,0,0,1,0,1,0,0,0,3,Loyal Low-Risk
1,-0.4246248501273714,0,0,0,1,1,0.1562896443583875,1,-0.3143688255041803,1,3,1,1,1,1,0,0,0,1,0,0,0,1,Stable Mid-Risk
0,0.3087664528462136,1,0,0,1,1,1.3695658273477898,0,-0.3653063916535741,2,4,1,1,1,0,1,0,0,1,0,0,0,1,Stable Mid-Risk
0,1.4495973685829016,1,0,0,0,0,-1.3062898639028098,0,-0.6239553454060853,3,0,0,1,1,0,0,1,0,0,1,0,0,3,Loyal Low-Risk
0,0.8791819107145575,1,0,0,1,1,1.3130570736195162,1,-0.4457331681963866,3,4,1,0,0,0,1,0,1,0,0,0,1,0,Critical Churn-Risk
0,0.7162060656093164,1,0,1,1,1,0.4920181223910713,0,-0.4849051222434586,3,4,1,1,0,1,0,0,0,0,1,0,0,1,Stable Mid-Risk
0,-1.2802480369298874,0,0,0,0,1,-0.3173866736580229,0,2.557553665471074,0,1,1,0,0,1,0,0,1,0,0,0,1,2,Vulnerable High-Risk
0,1.6125732136881423,1,1,1,1,0,0.7728998688639604,0,-0.5262996739081713,3,6,1,1,1,1,0,0,0,0,1,0,0,1,Stable Mid-Risk
1,0.3087664528462136,0,0,0,0,1,-1.4758161250876305,0,-0.6090144845695561,2,0,0,1,1,0,0,1,0,1,0,0,0,3,Loyal Low-Risk
1,1.6125732136881423,1,1,1,1,1,1.7551549704348326,0,-0.4790482752440506,3,6,1,1,1,0,1,0,0,0,1,0,0,1,Stable Mid-Risk
0,-1.076528230548336,0,0,0,0,0,-1.4891123024354591,0,-0.3335820404395445,0,0,0,0,0,0,0,1,1,0,0,0,0,2,Vulnerable High-Risk
0,-1.1172721918246462,0,0,0,0,1,-1.5007464576148095,0,-0.2848058504479738,0,0,0,0,1,0,0,1,1,0,0,1,0,2,Vulnerable High-Risk
0,0.6347181430566958,1,0,0,0,1,0.1911921098964387,0,-0.4990280182131503,2,3,1,1,1,1,0,0,0,1,0,1,0,1,Stable Mid-Risk
0,-1.2802480369298874,1,0,0,1,1,0.9656944404074818,1,4.810429996363789,0,2,1,0,0,0,1,0,1,0,0,0,1,0,Critical Churn-Risk
1,1.2866215234776603,0,1,1,1,0,0.0333000038909686,0,-0.5489284382248142,3,3,1,1,0,1,0,0,0,1,0,0,0,1,Stable Mid-Risk
0,-0.6283446565089229,0,0,0,0,0,-1.487450280266981,0,-0.5370709318288795,1,0,0,1,1,0,0,1,0,1,0,1,0,3,Loyal Low-Risk
0,0.3087664528462136,0,0,0,0,1,0.5053142997389005,0,-0.4393298778196434,2,2,0,0,0,0,1,0,1,0,0,0,1,0,Critical Churn-Risk
1,0.3495104141225239,0,1,0,0,0,-0.9772094745440404,0,-0.5687082896296799,2,2,0,1,1,1,0,0,0,1,0,1,0,3,Loyal Low-Risk
0,0.7569500268856267,1,0,0,0,1,0.4920181223910713,0,-0.4884087631741289,3,1,0,1,1,0,1,0,0,1,0,0,0,3,Loyal Low-Risk
0,0.3495104141225239,1,0,0,0,1,0.5136244105812937,0,-0.4440580263178882,2,1,0,0,0,0,1,0,1,0,0,0,1,0,Critical Churn-Risk
1,-1.2802480369298874,0,0,0,0,0,-0.4769408018319716,1,2.2774032409041043,0,1,0,0,0,1,0,0,1,0,0,0,0,2,Vulnerable High-Risk
0,-1.2395040756535771,0,0,0,0,1,-1.4741541029191516,0,0.1286105746942558,0,0,0,0,0,0,0,1,1,0,0,0,0,2,Vulnerable High-Risk
0,1.4495973685829016,0,0,0,0,0,0.4920181223910713,0,-0.5324327731290741,3,2,0,1,1,0,1,0,0,1,0,1,0,3,Loyal Low-Risk
1,-0.3431369275747509,1,0,0,0,0,-1.3328822185984677,0,-0.5517658591915822,1,0,0,1,0,0,0,1,0,0,1,0,0,3,Loyal Low-Risk
0,1.5310852911355222,1,1,1,0,0,0.4155651026410543,0,-0.5400074329210248,3,4,1,1,1,1,0,0,0,0,1,1,0,1,Stable Mid-Risk
0,-1.1987601143772668,0,0,1,0,1,-1.1650179795821258,0,0.2010800421603644,0,1,0,0,0,1,0,0,1,0,0,0,1,2,Vulnerable High-Risk
0,-1.2395040756535771,0,0,0,0,0,-0.6614252625331,0,1.0799547247862575,0,0,0,0,1,1,0,0,1,0,0,0,0,2,Vulnerable High-Risk
0,-1.1987601143772668,0,0,0,0,0,-1.1633559574136474,0,0.202539158954984,0,1,0,0,1,1,0,0,1,0,0,1,0,2,Vulnerable High-Risk
0,-1.0357842692720256,1,0,1,1,1,0.327477927711687,1,0.4221362365452391,0,3,1,0,0,1,0,0,1,0,0,0,1,2,Vulnerable High-Risk
0,-0.791320501614164,0,1,0,1,1,0.2377287306138407,0,-0.0671890027932741,1,3,1,0,0,1,0,0,1,0,0,0,1,2,Vulnerable High-Risk
0,-1.0357842692720256,0,0,0,0,0,-1.46418196990828,0,-0.3643277157547439,0,0,0,0,0,0,0,1,1,0,0,0,0,2,Vulnerable High-Risk
1,-0.8320644628904743,0,0,0,1,1,-0.2824842081199717,0,-0.1615666011793309,0,1,1,0,0,1,0,0,1,0,0,0,0,2,Vulnerable High-Risk
1,0.8384379494382472,1,0,0,1,1,1.3446354948206105,0,-0.4395803134031824,3,4,1,1,0,0,1,0,0,1,0,0,1,1,Stable Mid-Risk
0,-0.8320644628904743,1,0,0,1,1,0.9773285955868324,1,0.1787443312273407,0,2,1,0,0,0,1,0,1,0,0,0,1,0,Critical Churn-Risk
1,1.24587756220135,0,0,0,0,0,-1.504070501951767,0,-0.6314372839698007,3,0,0,1,0,0,0,1,0,0,1,0,0,3,Loyal Low-Risk
0,-0.7098325790615434,0,1,1,1,0,0.653234272733499,0,-0.0509823841101774,1,6,1,0,0,1,0,0,1,0,0,0,0,2,Vulnerable High-Risk
1,0.1457906077409725,0,1,0,0,0,-0.3705713830493392,0,-0.4978369024624404,2,2,0,1,0,1,0,0,0,1,0,0,0,3,Loyal Low-Risk
0,-1.1580161531009563,0,0,0,0,1,-1.16003191307669,0,0.0309470239077149,0,1,0,0,0,1,0,0,1,0,0,0,1,2,Vulnerable High-Risk
1,-0.3431369275747509,0,0,0,0,0,-1.499084435446331,0,-0.5751117279054963,1,0,0,1,0,0,0,1,0,0,1,0,0,3,Loyal Low-Risk
0,1.1643896396487294,0,1,1,0,0,-0.701313794576587,0,-0.5848190907352496,3,4,0,1,1,1,0,0,0,1,0,1,0,1,Stable Mid-Risk
0,-0.6690886177852331,1,0,0,0,0,-0.3157246514895444,0,-0.2873807624384791,1,1,0,0,0,1,0,0,1,0,0,0,1,2,Vulnerable High-Risk
1,1.3273654847539706,0,0,0,0,1,-1.494098368940895,0,-0.6319872162465607,3,0,0,1,1,0,0,1,0,0,1,1,0,3,Loyal Low-Risk
1,-0.2616490050221303,0,0,0,0,0,-1.5007464576148095,0,-0.5821414283737971,2,0,0,1,1,0,0,1,0,0,1,1,0,3,Loyal Low-Risk
0,-0.6690886177852331,0,0,1,0,1,-0.5101812452015443,0,-0.3275493894903607,1,1,0,0,0,1,0,0,1,0,0,0,0,2,Vulnerable High-Risk
0,0.8791819107145575,1,1,0,1,0,1.3878480712010548,1,-0.4409578768685405,3,4,1,1,1,0,1,0,0,1,0,0,0,1,Stable Mid-Risk
0,-1.2802480369298874,0,0,0,0,0,-1.485788258098502,1,0.5060354522358681,0,0,0,0,0,0,0,1,1,0,0,0,0,2,Vulnerable High-Risk
1,-1.1172721918246462,0,0,0,0,0,-1.4741541029191516,0,-0.2692419379720311,0,0,0,1,0,0,0,1,0,0,1,0,0,3,Loyal Low-Risk
0,-0.5468567339563023,0,0,0,0,1,-0.8342755680548777,0,-0.4353867036527201,1,2,1,0,0,1,0,0,1,0,0,0,1,2,Vulnerable High-Risk
0,-0.9135523854430948,1,1,0,0,1,-0.3423170061852024,0,-0.0887536120436266,0,1,0,0,1,1,0,0,1,0,0,1,0,2,Vulnerable High-Risk
1,-0.3838808888510611,0,0,1,0,0,0.6316279845432766,1,-0.2595144926745668,1,3,0,0,0,0,1,0,1,0,0,0,1,0,Critical Churn-Risk
0,-1.1987601143772668,0,0,0,1,0,-0.3207107179949802,1,0.9423113738271386,0,1,1,0,0,1,0,0,1,0,0,0,0,2,Vulnerable High-Risk
0,1.6125732136881423,1,0,1,1,1,1.5557123102173966,0,-0.4886424678662072,3,5,1,1,1,0,1,0,0,0,1,0,0,1,Stable Mid-Risk
0,-0.9135523854430948,1,0,0,0,1,0.726363248146559,1,0.2524144239347098,0,1,1,0,0,0,1,0,1,0,0,0,1,0,Critical Churn-Risk
1,-0.9135523854430948,0,0,0,0,1,-0.3074145406471512,0,-0.0776112656119857,0,2,0,0,0,1,0,0,1,0,0,0,0,2,Vulnerable High-Risk
0,-0.8728084241667845,0,0,0,0,1,-1.4708300585821945,0,-0.4671954497754281,0,0,0,1,0,0,0,1,0,1,0,0,0,3,Loyal Low-Risk
0,0.1865345690172827,1,1,0,1,1,1.3944961598749692,1,-0.3391771499527476,2,4,1,0,1,0,1,0,1,0,0,0,0,0,Critical Churn-Risk
1,-0.6283446565089229,1,1,1,0,1,-0.0896896365764501,0,-0.2643782153232989,1,2,0,1,0,1,0,0,0,1,0,0,0,1,Stable Mid-Risk
1,0.1457906077409725,1,1,0,1,1,1.3197051622934308,0,-0.3374129262323682,2,4,1,0,1,0,1,0,1,0,0,1,0,0,Critical Churn-Risk
0,-0.6283446565089229,0,0,0,1,1,1.2299559651955845,0,-0.006925163117079,1,4,1,0,0,0,1,0,1,0,0,0,1,0,Critical Churn-Risk
1,1.368109446030281,1,1,1,1,1,1.522471866847824,0,-0.4744039222981012,3,5,1,1,1,0,1,0,0,1,0,1,0,1,Stable Mid-Risk
1,1.1643896396487294,0,1,1,1,0,0.6681924722498068,0,-0.507250559201922,3,6,1,1,1,1,0,0,0,1,0,0,0,1,Stable Mid-Risk
0,-0.4246248501273714,0,0,0,1,1,0.9440881522172598,0,-0.194086849739014,1,3,1,0,0,0,1,0,1,0,0,0,0,0,Critical Churn-Risk
0,-1.2802480369298874,0,0,0,0,1,-1.3428543516093396,0,0.757003540910445,0,0,0,0,0,1,0,0,1,0,0,0,1,2,Vulnerable High-Risk
0,-1.076528230548336,0,0,0,0,0,0.1911921098964387,0,0.5093705763378555,0,0,0,0,1,0,1,0,1,0,0,1,0,0,Critical Churn-Risk
0,-0.0579291986405789,0,0,1,0,1,0.453791612516063,1,-0.3809251692935422,2,2,0,0,0,0,1,0,1,0,0,0,1,0,Critical Churn-Risk
1,1.4495973685829016,0,1,1,1,1,0.6715165165867639,0,-0.5232974331975424,3,6,1,1,1,1,0,0,0,0,1,1,0,1,Stable Mid-Risk
1,0.0643026851883519,1,0,0,1,0,0.752955602842217,1,-0.3754378479194905,2,2,1,0,0,0,1,0,1,0,0,0,1,0,Critical Churn-Risk
1,0.797693988161937,0,0,1,0,0,0.6981088712824219,0,-0.4781250604822959,3,3,0,0,1,0,1,0,1,0,0,0,0,0,Critical Churn-Risk
1,-0.9135523854430948,0,0,1,1,1,0.874283221141157,0,0.2996367492878541,0,3,1,0,0,0,1,0,1,0,0,0,1,0,Critical Churn-Risk
1,-0.1394171211931994,0,0,0,0,1,0.1978401985703534,1,-0.3918077487200803,2,0,0,0,0,0,1,0,1,0,0,0,1,0,Critical Churn-Risk
1,1.6125732136881423,0,0,0,0,0,-1.485788258098502,0,-0.6349539053540938,3,0,0,1,1,0,0,1,0,0,1,0,0,3,Loyal Low-Risk
1,0.5939741817803856,0,0,0,0,0,-1.487450280266981,0,-0.6183356310847785,2,0,0,1,0,0,0,1,0,1,0,0,0,3,Loyal Low-Risk
1,-0.3431369275747509,1,1,0,1,0,0.3324639942171226,0,-0.3178402546781623,1,3,1,1,0,1,0,0,0,1,0,0,0,1,Stable Mid-Risk
0,1.3273654847539706,1,0,0,0,0,-1.3295581742615106,0,-0.623232515478843,3,0,0,1,1,0,0,1,0,1,0,1,0,3,Loyal Low-Risk
0,-1.1580161531009563,1,0,1,1,1,1.1983775439944904,0,1.6873364091599237,0,3,1,0,0,0,1,0,1,0,0,0,0,0,Critical Churn-Risk
0,-0.8320644628904743,1,0,0,1,1,1.2149977656792768,1,0.2429454701906046,0,3,1,0,0,0,1,0,1,0,0,0,1,0,Critical Churn-Risk
0,-1.2802480369298874,1,1,0,0,1,0.5618230534671742,1,4.101299234178647,0,1,0,0,0,0,1,0,1,0,0,0,1,0,Critical Churn-Risk
0,0.0235587239120416,0,0,0,0,0,0.1147390901464217,1,-0.4327774595023415,2,0,0,0,0,0,1,0,1,0,0,0,1,0,Critical Churn-Risk
0,0.0643026851883519,0,0,1,1,1,1.3396494283151743,0,-0.316572907519407,2,5,1,0,0,0,1,0,1,0,0,0,1,0,Critical Churn-Risk
0,-0.7505765403378537,0,0,0,0,0,-1.4758161250876305,0,-0.5083425433837019,1,0,0,1,0,0,0,1,0,0,1,0,0,3,Loyal Low-Risk
0,-1.1580161531009563,0,0,0,0,1,0.4770599228747639,1,1.180731058067987,0,1,1,0,0,0,1,0,1,0,0,0,1,0,Critical Churn-Risk
1,-0.791320501614164,0,0,0,0,0,-1.4891123024354591,0,-0.5003382455389312,1,0,0,1,0,0,0,1,0,1,0,0,0,3,Loyal Low-Risk
1,1.3273654847539706,1,0,1,1,1,0.4853700337171571,0,-0.526665513071289,3,4,1,1,1,1,0,0,0,0,1,0,0,1,Stable Mid-Risk
1,-0.3838808888510611,0,1,1,0,0,-0.2525678090873561,0,-0.3888895151308411,1,2,0,1,1,1,0,0,0,1,0,1,0,1,Stable Mid-Risk
0,0.9199258719908678,0,1,0,0,0,-0.2060311883699544,0,-0.5449455304030172,3,3,0,1,0,1,0,0,0,0,1,0,1,1,Stable Mid-Risk
0,0.6754621043330061,0,0,0,1,1,0.997272861608576,0,-0.4457756152304119,3,3,1,1,0,0,1,0,0,0,1,0,1,1,Stable Mid-Risk
0,1.1236456783724194,1,0,0,1,0,1.2532242755542855,0,-0.4709508815255148,3,4,1,1,1,0,1,0,0,1,0,0,0,1,Stable Mid-Risk
1,1.490341329859212,0,0,0,0,1,-1.477478147256109,0,-0.6331595629005928,3,0,0,1,1,0,0,1,0,1,0,1,0,3,Loyal Low-Risk
0,0.3087664528462136,1,0,0,1,1,0.6681924722498068,0,-0.4253792977344995,2,1,1,0,0,0,1,0,1,0,0,0,1,0,Critical Churn-Risk
0,1.4088534073065913,0,1,1,0,1,0.1463175113475158,0,-0.5483051774763431,3,4,1,1,1,1,0,0,0,0,1,1,0,1,Stable Mid-Risk
0,0.1050466464646622,1,0,0,1,1,1.0188791497987983,1,-0.3575995660906644,2,2,1,0,0,0,1,0,1,0,0,0,1,0,Critical Churn-Risk
1,-0.5468567339563023,1,0,1,1,1,1.201701588331448,1,-0.0779030889709096,1,3,1,1,0,0,1,0,0,1,0,0,1,1,Stable Mid-Risk
1,-0.791320501614164,0,0,0,0,0,-1.4608579255713223,0,-0.4932511068222073,1,0,0,1,0,0,0,1,0,0,1,0,0,3,Loyal Low-Risk
1,0.3495104141225239,1,0,0,1,1,0.7878580683802682,0,-0.4211290481167225,2,2,1,0,1,0,1,0,1,0,0,0,0,0,Critical Churn-Risk
0,-1.1580161531009563,0,1,0,0,0,-0.9905056518918692,0,0.1500109543486772,0,2,0,0,0,1,0,0,1,0,0,0,0,2,Vulnerable High-Risk
1,-0.3431369275747509,0,1,1,0,0,-0.3207107179949802,0,-0.4095895187238449,1,2,0,0,0,1,0,0,1,0,0,0,1,2,Vulnerable High-Risk
0,-1.1172721918246462,0,0,0,1,1,-0.4603205801471852,0,0.3241322251732869,0,3,1,0,1,1,0,0,1,0,0,1,0,2,Vulnerable High-Risk
0,-1.1172721918246462,1,0,0,0,1,-0.026532794174262,0,0.5780185474371032,0,2,1,0,0,1,0,0,1,0,0,0,1,2,Vulnerable High-Risk
1,-1.2802480369298874,0,0,0,0,1,0.1429934670105583,1,3.3659043696903512,0,0,0,0,0,0,1,0,1,0,0,0,0,0,Critical Churn-Risk
1,1.6125732136881423,1,1,1,1,0,0.5119623884128152,0,-0.5388520759221594,3,5,1,1,1,1,0,0,0,0,1,0,0,1,Stable Mid-Risk
0,-0.3431369275747509,0,0,0,0,1,-0.5151673117069804,0,-0.4369041851191245,1,1,0,0,1,1,0,0,1,0,0,1,0,2,Vulnerable High-Risk
0,0.3902543753988342,1,1,1,1,0,0.6499102283965414,0,-0.4381149127291717,2,5,1,1,1,1,0,0,0,0,1,1,0,1,Stable Mid-Risk
0,-1.1580161531009563,0,0,0,0,0,-1.487450280266981,0,-0.1990097829243393,0,0,0,0,0,0,0,1,1,0,0,0,0,2,Vulnerable High-Risk
0,1.4495973685829016,1,1,1,1,1,1.7418587930870038,0,-0.4688237395317428,3,6,1,1,1,0,1,0,0,1,0,1,0,1,Stable Mid-Risk
1,0.0235587239120416,0,0,0,0,0,-1.485788258098502,0,-0.5980868092927777,2,0,0,1,0,0,0,1,0,1,0,0,0,3,Loyal Low-Risk
0,-1.2802480369298874,0,0,0,0,1,0.1596136886953446,1,3.395086705582744,0,0,0,0,0,0,1,0,1,0,0,0,1,0,Critical Churn-Risk
0,-0.0579291986405789,1,0,0,1,1,1.2848026967553796,1,-0.2897303696298151,2,4,1,1,0,0,1,0,0,1,0,0,1,0,Critical Churn-Risk
0,-1.1580161531009563,1,0,0,0,0,0.4371713908312766,1,1.15271601561129,0,1,0,0,1,0,1,0,1,0,0,0,0,0,Critical Churn-Risk
0,1.490341329859212,1,0,1,1,1,1.500865578657602,0,-0.4837460031315422,3,5,1,1,0,0,1,0,0,0,1,0,1,1,Stable Mid-Risk
0,0.227278530293593,1,0,0,1,0,0.9956108394400972,0,-0.3835020069660917,2,2,1,0,0,0,1,0,1,0,0,0,1,0,Critical Churn-Risk
1,-1.1987601143772668,0,0,1,0,1,0.5053142997389005,0,1.667492420753097,0,2,0,0,0,0,1,0,1,0,0,0,1,0,Critical Churn-Risk
1,0.6347181430566958,1,0,1,1,0,0.4936801445595503,0,-0.4773497115502301,2,4,1,1,0,1,0,0,0,0,1,0,1,1,Stable Mid-Risk
0,-0.7098325790615434,1,0,0,0,0,-1.3162619969136813,0,-0.4832457345162441,1,0,0,1,0,0,0,1,0,0,1,0,0,3,Loyal Low-Risk
0,-0.3023929662984406,0,0,0,0,0,-1.4924363467724169,0,-0.5777516069062235,2,0,0,1,1,0,0,1,0,1,0,1,0,3,Loyal Low-Risk
0,-1.2802480369298874,0,0,0,1,0,0.453791612516063,1,3.911614050878095,0,1,1,0,0,0,1,0,1,0,0,0,1,0,Critical Churn-Risk
0,0.6347181430566958,0,1,0,1,1,-0.6647493068700573,0,-0.5603704793747104,2,3,1,0,0,1,0,0,1,0,0,0,1,2,Vulnerable High-Risk
0,-1.2802480369298874,0,0,0,0,0,-1.4791401694245876,0,0.5177083865928251,0,0,0,0,0,0,0,1,1,0,0,0,0,2,Vulnerable High-Risk
0,-1.2802480369298874,0,0,0,0,0,-1.5157046571311177,0,0.453507247629561,0,0,0,0,0,0,0,1,1,0,0,0,1,2,Vulnerable High-Risk
0,0.1865345690172827,0,0,0,0,0,0.5069763219073791,0,-0.4211948729345249,2,2,0,1,0,0,1,0,0,1,0,0,1,3,Loyal Low-Risk
0,1.368109446030281,1,0,1,1,1,1.4144404258967127,0,-0.4800661665757297,3,5,1,1,1,0,1,0,0,1,0,0,0,1,Stable Mid-Risk
0,-0.2616490050221303,0,1,0,1,0,-0.5633659545928605,0,-0.4602241139789121,2,4,1,1,1,1,0,0,0,1,0,0,0,1,Stable Mid-Risk
0,1.24587756220135,0,1,1,1,0,0.1995022207388319,0,-0.5379626143144803,3,4,1,1,1,1,0,0,0,1,0,1,0,1,Stable Mid-Risk
0,-0.9135523854430948,0,0,0,0,0,-1.173328090424519,1,-0.354047574701742,0,1,0,0,0,1,0,0,1,0,0,0,0,2,Vulnerable High-Risk
0,-1.2395040756535771,0,1,0,1,1,0.1978401985703534,1,2.0857725685440585,0,3,1,0,0,1,0,0,1,0,0,0,1,2,Vulnerable High-Risk
0,-0.5876006952326126,0,1,0,0,1,-0.1894109666851681,0,-0.3040047556403374,1,2,1,0,1,1,0,0,1,0,0,1,0,2,Vulnerable High-Risk
0,1.2866215234776603,1,0,0,0,0,-1.304627841734331,0,-0.6212108394352022,3,0,0,1,0,0,0,1,0,0,1,0,0,3,Loyal Low-Risk
0,-0.9542963467194052,1,0,0,0,1,0.653234272733499,1,0.3186848558067069,0,1,1,0,0,0,1,0,1,0,0,0,1,0,Critical Churn-Risk
1,-0.1801610824695097,0,0,0,0,0,-1.4808021915930665,0,-0.5855851676285316,2,0,0,0,0,0,0,1,1,0,0,0,0,2,Vulnerable High-Risk
0,-1.2802480369298874,0,0,0,0,0,0.3573943267443021,0,3.742356502702217,0,1,0,0,0,0,1,0,1,0,0,0,1,0,Critical Churn-Risk
0,-1.1580161531009563,1,0,0,0,1,0.6931228047769863,1,1.332479204708429,0,1,1,0,0,0,1,0,1,0,0,0,1,0,Critical Churn-Risk
0,0.227278530293593,0,0,1,1,1,0.17789593254861,1,-0.4571312852176671,2,4,1,1,1,1,0,0,0,1,0,1,0,1,Stable Mid-Risk
0,1.368109446030281,1,0,0,0,0,1.013893083293362,0,-0.5010600261281675,3,3,1,1,0,0,1,0,0,1,0,0,1,1,Stable Mid-Risk
0,-1.2802480369298874,0,0,0,0,1,0.181219976885567,0,3.4330237422428547,0,0,0,0,0,0,1,0,1,0,0,0,1,0,Critical Churn-Risk
0,-0.5876006952326126,0,0,1,0,1,-0.4819268683374076,0,-0.3580688726620333,1,1,0,0,0,1,0,0,1,0,0,0,0,2,Vulnerable High-Risk
0,0.7569500268856267,1,0,0,1,1,1.0969941917172938,1,-0.4475534929247792,3,3,1,0,0,0,1,0,1,0,0,0,1,0,Critical Churn-Risk
0,-1.2802480369298874,0,0,0,0,0,-0.6148886418156984,1,2.0351898529972448,0,0,0,0,0,1,0,0,1,0,0,0,0,2,Vulnerable High-Risk
1,-0.8320644628904743,0,0,0,0,0,-1.5107185906256817,0,-0.4933473123251493,0,0,0,1,1,0,0,1,0,0,1,0,0,3,Loyal Low-Risk
0,0.3495104141225239,1,0,0,1,1,1.3795379603586615,1,-0.3716580406039044,2,4,1,0,0,0,1,0,1,0,0,0,1,0,Critical Churn-Risk
0,-0.8320644628904743,1,0,0,0,0,-1.322910085587596,0,-0.4426149437737589,0,0,0,0,0,0,0,1,1,0,0,0,1,2,Vulnerable High-Risk
1,0.9199258719908678,0,0,0,0,0,-1.4791401694245876,0,-0.6247800635943487,3,0,0,1,0,0,0,1,0,0,1,0,0,3,Loyal Low-Risk
0,-1.0357842692720256,1,0,0,0,1,0.3507462380703874,0,0.4323500541075764,0,0,0,0,0,0,1,0,1,0,0,0,1,0,Critical Churn-Risk
0,-0.8320644628904743,0,0,1,0,1,0.8177744674128837,1,0.1356442659093454,0,3,1,0,0,0,1,0,1,0,0,0,1,0,Critical Churn-Risk
1,1.4495973685829016,1,1,1,1,0,0.7712378466954819,0,-0.5182222443466915,3,6,1,1,1,1,0,0,0,0,1,1,0,1,Stable Mid-Risk
0,-1.1172721918246462,1,0,0,1,1,0.6100216963530546,1,0.9505797023299832,0,1,1,0,1,0,1,0,1,0,0,1,0,0,Critical Churn-Risk
0,0.6754621043330061,0,0,0,0,0,-0.69798975023963,0,-0.5648395456713742,3,0,0,0,0,1,0,0,1,0,0,0,0,2,Vulnerable High-Risk
0,0.3087664528462136,0,1,0,1,0,-0.0913516587449288,0,-0.4904345538458335,2,5,1,1,1,1,0,0,0,1,0,1,0,1,Stable Mid-Risk
0,-0.6690886177852331,0,0,0,0,0,-1.485788258098502,0,-0.5290791679472373,1,0,0,1,1,0,0,1,0,1,0,0,0,3,Loyal Low-Risk
0,-0.9135523854430948,1,0,0,0,1,0.3108577060269006,1,0.119767442605652,0,0,0,0,0,0,1,0,1,0,0,0,0,0,Critical Churn-Risk
0,1.6125732136881423,1,0,0,1,1,1.2149977656792768,0,-0.5050325469290579,3,4,1,1,0,0,1,0,0,1,0,0,1,1,Stable Mid-Risk
0,-1.2395040756535771,1,0,0,0,1,0.6399380953856697,0,2.603272658369156,0,1,1,0,0,0,1,0,1,0,0,0,1,0,Critical Churn-Risk
1,-0.3838808888510611,0,0,0,0,0,-1.459195903402844,0,-0.5654426472798169,1,0,0,1,0,0,0,1,0,0,1,0,0,3,Loyal Low-Risk
0,1.5718292524118322,1,0,0,1,1,1.3662417830108329,0,-0.4954050411380744,3,4,1,1,0,0,1,0,0,1,0,0,1,1,Stable Mid-Risk
0,-0.8728084241667845,1,0,0,1,1,1.1535029454455674,1,0.3007863564593727,0,3,1,0,0,0,1,0,1,0,0,0,1,0,Critical Churn-Risk
0,-1.2802480369298874,0,0,0,0,1,-0.6863555950602795,1,1.909705808659956,0,0,0,0,0,1,0,0,1,0,0,0,0,2,Vulnerable High-Risk
0,-0.6690886177852331,0,0,1,0,1,-0.362261272206946,1,-0.296993767203032,1,2,0,0,0,1,0,0,1,0,0,0,0,2,Vulnerable High-Risk
0,-1.2802480369298874,1,0,0,0,1,0.6864747161030716,1,4.320166753371592,0,1,1,0,0,0,1,0,1,0,0,0,0,0,Critical Churn-Risk
0,-0.8320644628904743,0,0,0,0,1,0.6731785387552424,0,0.0965848317149121,0,2,1,0,1,0,1,0,1,0,0,1,0,0,Critical Churn-Risk
0,0.8791819107145575,0,1,1,0,0,-0.6880176172287581,0,-0.5734987406125349,3,3,1,1,1,1,0,0,0,1,0,0,0,1,Stable Mid-Risk
0,1.4495973685829016,1,0,1,0,0,0.8443668221085419,0,-0.5145004391894009,3,3,0,1,1,0,1,0,0,0,1,1,0,1,Stable Mid-Risk
1,-1.1580161531009563,1,0,0,0,0,-0.4636446244841425,1,0.5200429734642165,0,0,0,0,0,1,0,0,1,0,0,0,0,2,Vulnerable High-Risk
1,-1.2802480369298874,0,0,0,0,0,-0.1860869223482107,1,2.7880941190209763,0,2,1,0,0,1,0,0,1,0,0,0,1,2,Vulnerable High-Risk
0,-0.22090504374582,0,1,1,0,0,-0.3772194717232536,0,-0.4442664715742624,2,2,0,0,0,1,0,0,1,0,0,0,0,2,Vulnerable High-Risk
0,-0.4653688114036817,0,0,0,0,1,-1.4907743246039378,0,-0.56124215953773,1,0,0,0,0,0,0,1,1,0,0,0,0,2,Vulnerable High-Risk
0,-0.791320501614164,0,0,0,1,1,0.6116837185215331,1,0.026611362575131,1,2,1,0,0,0,1,0,1,0,0,0,1,0,Critical Churn-Risk
0,1.2866215234776603,1,0,1,0,0,0.327477927711687,0,-0.5330352891388033,3,4,1,0,1,1,0,0,1,0,0,1,0,1,Stable Mid-Risk
0,-1.2802480369298874,0,1,0,0,1,-0.3290208288373734,1,2.5371260303463985,0,2,0,0,0,1,0,0,1,0,0,0,1,2,Vulnerable High-Risk
0,1.0014137945434884,0,0,1,1,1,-0.2425956760764844,0,-0.5513713945133125,3,5,1,1,1,1,0,0,0,0,1,0,0,1,Stable Mid-Risk
0,-0.4653688114036817,1,1,0,1,1,1.2997608962716871,1,-0.1158135962347543,1,4,1,0,0,0,1,0,1,0,0,0,1,0,Critical Churn-Risk
0,-0.5468567339563023,0,0,0,0,0,-1.5007464576148095,0,-0.5524078705812148,1,0,0,1,0,0,0,1,0,0,1,0,0,3,Loyal Low-Risk
0,-0.0579291986405789,0,0,0,1,1,0.9640324182390032,0,-0.3249315623000138,2,3,1,1,0,0,1,0,0,1,0,0,1,0,Critical Churn-Risk
0,0.797693988161937,1,1,1,1,1,0.8127884009074476,0,-0.4705266409480503,3,6,1,1,0,1,0,0,0,0,1,0,0,1,Stable Mid-Risk
0,0.5532302205040753,1,0,0,0,1,0.975666573418354,0,-0.4332632230409757,2,3,1,1,0,0,1,0,0,1,0,0,1,1,Stable Mid-Risk
0,-0.8728084241667845,1,1,0,0,1,-0.3057525184786724,0,-0.1262484920993068,0,1,0,0,0,1,0,0,1,0,0,0,1,2,Vulnerable High-Risk
1,0.8384379494382472,0,1,0,0,1,-0.5351115777287238,0,-0.5618218759746496,3,4,1,0,1,1,0,0,1,0,0,0,0,1,Stable Mid-Risk
1,-0.8728084241667845,0,0,0,0,1,-1.5140426349626388,1,-0.4798411286621316,0,0,0,0,0,0,0,1,1,0,0,0,0,2,Vulnerable High-Risk
0,1.0014137945434884,1,0,1,1,1,1.33300133964126,0,-0.4559753447685254,3,4,1,0,1,0,1,0,1,0,0,0,0,0,Critical Churn-Risk
0,-1.2395040756535771,1,0,0,0,1,0.354070282407345,1,2.2686485401363865,0,0,0,0,0,0,1,0,1,0,0,0,0,0,Critical Churn-Risk
0,-1.2395040756535771,0,1,0,0,0,-0.3306828510058519,1,1.467107047625334,0,2,0,0,0,1,0,0,1,0,0,0,0,2,Vulnerable High-Risk
1,1.5718292524118322,0,0,0,0,0,-1.4924363467724169,0,-0.634831757068395,3,0,0,1,1,0,0,1,0,0,1,0,0,3,Loyal Low-Risk
1,-1.2802480369298874,0,0,0,0,1,-1.509056568457203,0,0.4651801819865181,0,0,0,0,0,0,0,1,1,0,0,0,0,2,Vulnerable High-Risk
0,1.4495973685829016,1,0,0,0,0,-1.3212480634191175,0,-0.6247166237337131,3,0,0,1,1,0,0,1,0,0,1,1,0,3,Loyal Low-Risk
0,1.6125732136881423,0,1,1,1,0,0.653234272733499,0,-0.5320561894814653,3,6,1,1,0,1,0,0,0,0,1,0,0,1,Stable Mid-Risk
0,-1.2395040756535771,0,0,0,0,0,-1.5123806127941604,0,0.0838643263259204,0,0,0,0,0,0,0,1,1,0,0,0,0,2,Vulnerable High-Risk
0,-1.2802480369298874,1,0,0,1,1,1.0072449946194475,1,4.883385836094771,0,2,1,0,0,0,1,0,1,0,0,0,1,0,Critical Churn-Risk
0,0.3495104141225239,0,1,1,1,1,0.5003282332334644,0,-0.4451697343518841,2,5,1,1,1,1,0,0,0,1,0,0,0,1,Stable Mid-Risk
1,1.6125732136881423,1,0,0,0,0,-1.304627841734331,0,-0.6262391803889683,3,0,0,1,1,0,0,1,0,0,1,1,0,3,Loyal Low-Risk
0,-1.076528230548336,1,0,0,0,1,0.3557323045758235,1,0.5919148978620522,0,0,0,0,0,0,1,0,1,0,0,0,1,0,Critical Churn-Risk
1,-1.1580161531009563,0,0,0,0,1,0.2975615286790714,1,1.0546633670128505,0,1,0,0,0,0,1,0,1,0,0,0,1,0,Critical Churn-Risk
0,-0.8320644628904743,1,0,0,1,1,1.0388234158205416,1,0.195355814735318,0,2,1,0,0,0,1,0,1,0,0,0,1,0,Critical Churn-Risk
0,1.0421577558197987,1,1,1,0,1,0.1197251566518578,0,-0.5317675506356292,3,3,1,1,0,1,0,0,0,1,0,0,1,1,Stable Mid-Risk
0,-1.0357842692720256,0,0,0,0,0,-1.4675060142452372,0,-0.3657868325493635,0,0,0,0,0,0,0,1,1,0,0,0,0,2,Vulnerable High-Risk
0,1.3273654847539706,0,1,0,0,1,-0.3207107179949802,0,-0.5695547037010176,3,2,0,0,0,1,0,0,1,0,0,0,0,2,Vulnerable High-Risk
0,-1.2802480369298874,0,0,0,0,1,0.1928541320649173,0,3.453451377367529,0,0,0,0,0,0,1,0,1,0,0,0,0,0,Critical Churn-Risk
0,0.960669833267178,0,0,0,0,0,-1.4907743246039378,0,-0.6262391803889683,3,0,0,1,1,0,0,1,0,1,0,1,0,3,Loyal Low-Risk
0,-1.1580161531009563,0,0,0,0,0,-1.522352745805032,0,-0.2235229450739492,0,0,0,0,0,0,0,1,1,0,0,0,0,2,Vulnerable High-Risk
1,1.0421577558197987,0,0,0,0,1,-0.6880176172287581,0,-0.5798442124786898,3,0,0,1,0,1,0,0,0,1,0,0,0,3,Loyal Low-Risk
0,1.2051336009250395,1,0,1,1,1,1.4227505367391058,0,-0.4677281432083844,3,4,1,1,1,0,1,0,0,0,1,0,0,1,Stable Mid-Risk
0,-0.2616490050221303,1,1,0,0,0,-0.1079718804297152,0,-0.4009947803899076,2,2,0,1,0,1,0,0,0,1,0,0,1,3,Loyal Low-Risk
0,1.2051336009250395,1,1,0,0,0,0.8609870437933281,0,-0.4990412528326026,3,3,0,0,1,0,1,0,1,0,0,0,0,0,Critical Churn-Risk
1,1.0421577558197987,0,1,0,1,0,1.1451928346031743,0,-0.470731953192896,3,4,1,1,1,0,1,0,0,1,0,1,0,1,Stable Mid-Risk
0,1.4495973685829016,1,1,1,1,1,0.8942274871629008,0,-0.5119628447639755,3,6,1,1,0,1,0,0,0,0,1,0,1,1,Stable Mid-Risk
1,1.1643896396487294,1,1,0,0,1,1.1933914774890548,0,-0.4775034039051604,3,4,1,1,1,0,1,0,0,1,0,1,0,1,Stable Mid-Risk
0,0.3902543753988342,1,0,1,1,1,0.453791612516063,0,-0.4541312645212756,2,4,1,1,1,1,0,0,0,0,1,1,0,1,Stable Mid-Risk
0,-0.5876006952326126,1,0,0,1,0,0.6482482062280629,0,-0.1491847841691173,1,1,1,0,1,0,1,0,1,0,0,0,0,0,Critical Churn-Risk
0,0.960669833267178,0,0,0,0,1,-1.504070501951767,0,-0.6270583336771758,3,0,0,1,1,0,0,1,0,0,1,0,0,3,Loyal Low-Risk
0,-1.1580161531009563,1,0,0,0,1,0.802816267896576,1,1.4095205714643455,0,2,1,0,0,0,1,0,1,0,0,0,1,0,Critical Churn-Risk
0,-1.1580161531009563,0,0,0,0,0,-1.4741541029191516,0,-0.1896714354387736,0,0,0,0,1,0,0,1,1,0,0,1,0,2,Vulnerable High-Risk
1,0.1050466464646622,0,1,0,0,0,-0.3057525184786724,0,-0.4868124644586477,2,2,0,1,1,1,0,0,0,1,0,1,0,3,Loyal Low-Risk
1,1.2866215234776603,1,1,1,0,1,0.7313493146519946,0,-0.5112158810715681,3,2,0,0,1,0,1,0,1,0,0,0,0,1,Stable Mid-Risk
0,-0.0579291986405789,0,0,0,0,0,-1.4575338812343652,0,-0.5906732085201147,2,0,0,1,0,0,0,1,0,1,0,0,0,3,Loyal Low-Risk
0,1.4088534073065913,0,0,0,0,1,-1.487450280266981,0,-0.6326764603652314,3,0,0,1,1,0,0,1,0,0,1,0,0,3,Loyal Low-Risk
0,-1.1580161531009563,0,0,0,0,0,-0.4686306909895784,1,0.5165410931571294,0,1,0,0,1,1,0,0,1,0,0,1,0,2,Vulnerable High-Risk
0,1.5310852911355222,1,1,1,1,1,1.6238552191250208,0,-0.4802452971639277,3,6,1,1,0,0,1,0,0,0,1,0,1,1,Stable Mid-Risk
0,-1.1987601143772668,0,0,0,1,0,-0.3788814938917323,1,0.8912422860154514,0,1,1,0,1,1,0,0,1,0,0,1,0,2,Vulnerable High-Risk
0,0.8384379494382472,1,0,0,1,1,1.233280009532542,1,-0.446821856013517,3,3,1,0,0,0,1,0,1,0,0,0,1,0,Critical Churn-Risk
1,-1.2395040756535771,0,1,1,0,0,-0.176114789337339,0,1.6480375301581682,0,3,0,1,0,1,0,0,0,0,1,0,0,1,Stable Mid-Risk
1,-0.1394171211931994,0,0,0,1,1,0.7645897580215673,0,-0.3254665717913743,2,2,1,0,1,0,1,0,1,0,0,1,0,0,Critical Churn-Risk
0,0.5939741817803856,0,1,1,0,0,-0.761146592641818,0,-0.5651994611473802,2,3,0,1,0,1,0,0,0,0,1,0,0,1,Stable Mid-Risk
1,1.4495973685829016,1,0,0,1,1,0.6050356298476185,1,-0.5266808924314431,3,1,1,1,0,0,1,0,0,1,0,0,1,1,Stable Mid-Risk
1,-0.8320644628904743,0,1,0,1,1,0.1679237995377378,0,-0.0398987084587398,0,3,1,0,0,1,0,0,1,0,0,0,0,2,Vulnerable High-Risk
1,-0.9950403079957154,0,0,1,0,0,-0.2824842081199717,0,0.0631124430246634,0,2,0,0,1,1,0,0,1,0,0,0,0,2,Vulnerable High-Risk
0,0.8791819107145575,1,1,0,1,0,1.4875694013097729,0,-0.4345908217647458,3,5,1,0,0,0,1,0,1,0,0,0,1,0,Critical Churn-Risk
1,1.490341329859212,0,0,1,1,1,0.9091856866792086,0,-0.5134286076392331,3,3,1,1,0,0,1,0,0,0,1,0,0,1,Stable Mid-Risk
0,-0.2616490050221303,1,1,0,1,1,0.1562896443583875,0,-0.3666244736722007,2,3,1,0,1,1,0,0,1,0,0,0,0,2,Vulnerable High-Risk
0,1.6125732136881423,1,1,1,0,1,1.070401837021636,0,-0.5119883365801213,3,4,0,1,1,0,1,0,0,0,1,0,0,1,Stable Mid-Risk
0,1.5310852911355222,0,1,1,1,1,-0.2143412992123476,0,-0.5711626591272695,3,5,1,1,1,1,0,0,0,0,1,0,0,1,Stable Mid-Risk
1,-1.2802480369298874,0,1,0,0,0,-0.4719547353265357,1,2.2861579416718216,0,1,0,0,0,1,0,0,1,0,0,0,0,2,Vulnerable High-Risk
0,-0.9135523854430948,0,0,0,1,1,0.8210985117498408,1,0.2826579356777349,0,2,1,0,0,0,1,0,1,0,0,0,1,0,Critical Churn-Risk
1,-0.1801610824695097,0,0,0,0,1,0.1862060433910031,0,-0.3837239062487393,2,0,0,1,1,0,1,0,0,1,0,0,0,3,Loyal Low-Risk
0,-1.2802480369298874,0,0,0,0,1,0.1662617773692593,1,3.406759639939701,0,0,0,0,0,0,1,0,1,0,0,0,1,0,Critical Churn-Risk
0,-0.4653688114036817,1,0,0,1,1,0.9806526399237896,0,-0.1667500370651125,1,2,1,0,0,0,1,0,1,0,0,0,1,0,Critical Churn-Risk
0,0.7569500268856267,1,1,0,1,1,0.9640324182390032,1,-0.4565326731993616,3,3,1,0,1,0,1,0,1,0,0,0,0,0,Critical Churn-Risk
1,0.8384379494382472,0,0,0,0,0,-1.504070501951767,0,-0.6248341049571123,3,0,0,1,1,0,0,1,0,1,0,0,0,3,Loyal Low-Risk
1,0.8384379494382472,0,1,0,0,0,1.0354993714835847,0,-0.4596837003512752,3,4,1,1,0,0,1,0,0,1,0,0,1,1,Stable Mid-Risk
0,-0.3431369275747509,1,0,0,1,1,1.205025632668405,1,-0.1952744439301131,1,3,1,0,0,0,1,0,1,0,0,0,1,0,Critical Churn-Risk
0,1.5310852911355222,1,1,1,1,1,0.997272861608576,0,-0.511236115844018,3,6,1,1,1,1,0,0,0,0,1,1,0,1,Stable Mid-Risk
0,1.1643896396487294,1,1,0,1,1,1.427736603244542,0,-0.4642301479024914,3,5,1,1,0,0,1,0,0,1,0,0,1,1,Stable Mid-Risk
0,-0.8728084241667845,0,1,1,0,1,-0.338992961848245,0,-0.1359759373967711,0,2,0,1,0,1,0,0,0,1,0,0,0,2,Vulnerable High-Risk
0,-1.2395040756535771,0,0,0,0,1,0.2161224424236182,0,2.10717294819848,0,0,0,0,1,0,1,0,1,0,0,1,0,0,Critical Churn-Risk
0,-0.3023929662984406,0,0,0,0,1,-1.5057325241202455,0,-0.57954744296114,2,0,0,1,1,0,0,1,0,1,0,0,0,3,Loyal Low-Risk
0,0.3495104141225239,1,0,0,0,1,-0.2824842081199717,0,-0.5106215448533935,2,1,0,1,1,1,0,0,0,1,0,1,0,3,Loyal Low-Risk
0,-0.5876006952326126,1,0,0,1,1,0.9939488172716188,1,-0.0852908276889312,1,2,1,0,0,0,1,0,1,0,0,0,1,0,Critical Churn-Risk
0,1.6125732136881423,1,0,0,1,1,1.3080710071140806,1,-0.5005552570387182,3,4,1,1,1,0,1,0,0,0,1,0,0,1,Stable Mid-Risk
1,1.5718292524118322,1,1,1,1,1,0.856000977287892,0,-0.5202910886907537,3,6,1,1,1,1,0,0,0,0,1,1,0,1,Stable Mid-Risk
1,0.0643026851883519,0,1,0,0,1,-0.1329022129568947,0,-0.4643189052374637,2,3,0,1,0,1,0,0,0,1,0,0,0,1,Stable Mid-Risk
0,-0.1394171211931994,0,0,1,1,1,1.1302346350868666,0,-0.2826658124825317,2,4,1,0,1,0,1,0,1,0,0,1,0,0,Critical Churn-Risk
0,0.3087664528462136,0,1,1,1,1,1.1086283468966447,0,-0.3876557903614065,2,5,1,1,1,0,1,0,0,1,0,1,0,1,Stable Mid-Risk
0,0.1457906077409725,0,1,0,0,0,-0.9788714967125188,0,-0.5555706048225255,2,2,0,1,0,1,0,0,0,1,0,0,0,3,Loyal Low-Risk
0,0.5532302205040753,1,0,1,1,1,1.274830563744508,0,-0.4109107955489303,2,4,1,1,0,0,1,0,0,1,0,0,1,1,Stable Mid-Risk
0,1.0421577558197987,1,1,0,1,1,1.427736603244542,0,-0.4539150138650765,3,5,1,1,0,0,1,0,0,1,0,0,1,1,Stable Mid-Risk
0,0.2680224915699033,1,0,0,0,0,0.5518509204563025,0,-0.4295502364742415,2,1,0,1,1,0,1,0,0,1,0,1,0,3,Loyal Low-Risk
1,-1.1580161531009563,0,0,1,0,0,-0.1112959247666722,1,0.7675091818317066,0,2,1,0,1,1,0,0,1,0,0,1,0,2,Vulnerable High-Risk
1,0.797693988161937,1,0,0,1,1,1.0271892606411914,0,-0.456320900079678,3,3,1,1,1,0,1,0,0,1,0,1,0,1,Stable Mid-Risk
0,1.5310852911355222,1,0,0,1,1,1.3296772953043026,0,-0.4947953632285854,3,4,1,1,0,0,1,0,0,1,0,0,1,1,Stable Mid-Risk
0,1.3273654847539706,0,0,0,0,1,0.204488287244268,0,-0.5416104063010294,3,0,0,1,1,0,1,0,0,1,0,0,0,3,Loyal Low-Risk
0,-1.2802480369298874,0,0,0,0,1,-0.6597632403646212,0,1.956397546087785,0,0,0,0,0,1,0,0,1,0,0,0,0,2,Vulnerable High-Risk
0,1.5310852911355222,1,0,0,1,1,1.0920081252118583,0,-0.5065505013486197,3,3,1,1,0,0,1,0,0,1,0,0,1,1,Stable Mid-Risk
1,-0.1394171211931994,0,0,0,0,1,-0.9688993637016472,0,-0.5283810806964782,2,2,0,0,0,1,0,0,1,0,0,0,0,2,Vulnerable High-Risk
0,-1.2802480369298874,0,0,0,1,1,0.856000977287892,1,4.617826579473998,0,2,1,0,0,0,1,0,1,0,0,0,1,0,Critical Churn-Risk
0,1.4088534073065913,1,1,1,1,1,0.679826627429157,0,-0.520753619177937,3,5,1,1,0,1,0,0,0,0,1,0,0,1,Stable Mid-Risk
0,-1.2802480369298874,0,0,0,0,1,-1.5057325241202455,0,0.4710166491649967,0,0,0,0,0,0,0,1,1,0,0,0,0,2,Vulnerable High-Risk
0,-0.2616490050221303,0,0,0,1,1,0.7978302013911399,1,-0.2831846095650631,2,2,1,0,1,0,1,0,1,0,0,0,0,0,Critical Churn-Risk
1,-0.0986731599168891,1,0,0,0,1,-1.3195860412506386,0,-0.5725813369739237,2,0,0,1,0,0,0,1,0,0,1,0,0,3,Loyal Low-Risk
0,0.6347181430566958,0,0,1,1,1,1.1717851892988325,0,-0.428752188921266,2,4,1,0,1,0,1,0,1,0,0,1,0,0,Critical Churn-Risk
1,0.9199258719908678,0,1,0,0,0,-0.3024284741417151,0,-0.55099044283787,3,2,0,0,0,1,0,0,1,0,0,0,1,2,Vulnerable High-Risk
0,-1.0357842692720256,1,0,0,0,1,0.6781646052606785,1,0.5760730583776105,0,1,1,0,0,0,1,0,1,0,0,0,0,0,Critical Churn-Risk
0,0.1865345690172827,1,1,0,1,1,0.875945243309636,0,-0.3870976173128871,2,2,1,0,0,0,1,0,1,0,0,0,1,0,Critical Churn-Risk
0,-0.0579291986405789,0,0,0,0,1,0.6332900067117551,0,-0.3612270925661772,2,2,1,0,1,0,1,0,1,0,0,0,0,0,Critical Churn-Risk
0,-1.1580161531009563,0,0,0,0,1,-0.6281848191635273,0,0.4044809233303414,0,0,0,0,0,1,0,0,1,0,0,0,1,2,Vulnerable High-Risk
1,1.6125732136881423,1,0,0,0,1,-1.3195860412506386,0,-0.6269587448356301,3,0,0,1,1,0,0,1,0,0,1,1,0,3,Loyal Low-Risk
0,-1.1172721918246462,0,0,0,1,1,0.8842553541520292,1,1.1110825497381431,0,2,1,0,0,0,1,0,1,0,0,0,1,0,Critical Churn-Risk
1,-1.2802480369298874,0,0,0,0,0,-1.499084435446331,0,0.4826895835219538,0,0,0,0,0,0,0,1,1,0,0,0,0,2,Vulnerable High-Risk
0,-0.7098325790615434,0,0,0,1,1,0.8875793984889861,0,0.0004514829001646,1,2,1,0,0,0,1,0,1,0,0,0,1,0,Critical Churn-Risk
1,-0.9950403079957154,0,1,0,0,1,-0.448686424967835,0,-0.0017371922917648,0,1,0,0,1,1,0,0,1,0,0,1,0,2,Vulnerable High-Risk
0,0.1050466464646622,0,0,0,0,0,-1.4525478147289292,0,-0.5986780853794863,2,0,0,1,0,0,0,1,0,1,0,0,0,3,Loyal Low-Risk
0,0.960669833267178,1,0,0,1,0,1.328015273135824,0,-0.4525786832889753,3,4,1,0,0,0,1,0,1,0,0,0,1,0,Critical Churn-Risk
0,0.3902543753988342,1,0,1,1,1,1.374551893853226,1,-0.3789358501752963,2,4,1,0,1,0,1,0,1,0,0,0,0,0,Critical Churn-Risk
1,1.3273654847539706,1,1,0,0,1,0.6964468491139434,0,-0.5154347353187622,3,2,0,0,0,0,1,0,1,0,0,0,1,0,Critical Churn-Risk
1,-1.2395040756535771,0,0,0,0,0,-1.4791401694245876,0,0.1227741075157773,0,0,0,1,0,0,0,1,0,1,0,0,0,3,Loyal Low-Risk
0,1.3273654847539706,1,1,0,1,1,1.1950534996575333,0,-0.4889053390529506,3,3,1,1,0,0,1,0,0,1,0,0,1,1,Stable Mid-Risk
0,-0.5876006952326126,1,0,0,0,1,0.3108577060269006,0,-0.2115428282339142,1,0,0,0,0,0,1,0,1,0,0,0,1,0,Critical Churn-Risk
0,-0.3838808888510611,1,1,0,1,1,0.4571156568530201,0,-0.2850490365804104,1,4,1,1,0,1,0,0,0,1,0,0,1,1,Stable Mid-Risk
0,-1.1580161531009563,0,0,0,0,1,-0.648129085185271,1,0.3904734021019928,0,0,0,0,0,1,0,0,1,0,0,0,0,2,Vulnerable High-Risk
0,1.5310852911355222,0,0,0,0,0,-1.494098368940895,0,-0.6344595566966845,3,0,0,1,1,0,0,1,0,0,1,1,0,3,Loyal Low-Risk
0,-1.1580161531009563,1,0,0,0,0,-0.4686306909895784,0,0.5165410931571294,0,0,0,0,0,1,0,0,1,0,0,0,1,2,Vulnerable High-Risk
0,-0.5468567339563023,0,0,0,0,1,-0.6581012181961428,0,-0.4044534276067839,1,0,0,0,1,1,0,0,1,0,0,0,0,2,Vulnerable High-Risk
0,-0.5876006952326126,0,0,0,0,0,0.4321853243258406,0,-0.1891185069692336,1,2,0,0,0,0,1,0,1,0,0,0,1,0,Critical Churn-Risk
0,0.227278530293593,0,1,0,0,1,0.6199938293639263,0,-0.4173235860003519,2,2,1,0,0,0,1,0,1,0,0,0,1,0,Critical Churn-Risk
0,-1.2395040756535771,1,0,0,0,1,0.280941306994285,1,2.183047021518701,0,0,0,0,1,0,1,0,1,0,0,1,0,0,Critical Churn-Risk
0,0.5939741817803856,1,1,0,1,0,0.997272861608576,0,-0.4365539970884158,2,3,1,1,1,0,1,0,0,1,0,0,0,1,Stable Mid-Risk
1,0.797693988161937,0,0,0,0,0,-1.485788258098502,0,-0.6228253976996695,3,0,0,1,1,0,0,1,0,0,1,0,0,3,Loyal Low-Risk
0,-0.9542963467194052,1,0,0,0,0,-0.16281861198951,0,0.0321143173434107,0,1,1,0,0,1,0,0,1,0,0,0,0,2,Vulnerable High-Risk
0,-0.2616490050221303,1,1,1,1,1,0.8410427777715843,0,-0.2775643078376393,2,6,1,1,1,1,0,0,0,1,0,1,0,1,Stable Mid-Risk
1,-0.9950403079957154,0,0,0,0,1,-0.4569965358102282,1,-0.0049796740575862,0,1,0,0,0,1,0,0,1,0,0,0,1,2,Vulnerable High-Risk
0,0.4717422979514547,0,0,1,1,1,0.204488287244268,0,-0.4830511856102948,2,4,1,1,0,1,0,0,0,1,0,0,1,1,Stable Mid-Risk
0,-1.1987601143772668,0,0,0,0,0,-1.1833002234353909,0,0.1850297574195484,0,1,0,0,0,1,0,0,1,0,0,0,0,2,Vulnerable High-Risk
0,-1.2395040756535771,0,0,0,0,1,-0.6049165088048264,0,1.1461013528090145,0,0,0,0,1,1,0,0,1,0,0,0,0,2,Vulnerable High-Risk
1,-0.9542963467194052,1,0,0,1,1,0.6831506717661141,1,0.3291904967279683,0,1,1,0,1,0,1,0,1,0,0,0,0,0,Critical Churn-Risk
0,-1.2802480369298874,1,0,0,0,1,0.3507462380703874,1,3.73068356834526,0,0,0,0,0,0,1,0,1,0,0,0,1,0,Critical Churn-Risk
0,-0.3023929662984406,0,1,0,0,0,0.3158437725323362,0,-0.3335179034375831,2,1,0,0,1,0,1,0,1,0,0,0,0,0,Critical Churn-Risk
0,-1.2395040756535771,0,0,0,0,1,0.1496415556844729,0,2.029353385818766,0,0,0,0,0,0,1,0,1,0,0,0,1,0,Critical Churn-Risk
0,0.4309983366751445,0,1,0,0,1,0.3457601715649518,1,-0.4675933907194153,2,1,0,0,0,0,1,0,1,0,0,0,1,0,Critical Churn-Risk
0,-1.2802480369298874,0,0,0,0,0,-1.459195903402844,1,0.5527271896636962,0,0,0,0,0,0,0,1,1,0,0,0,0,2,Vulnerable High-Risk
0,1.0421577558197987,1,0,0,0,1,0.9806526399237896,0,-0.480525347272038,3,3,1,1,0,0,1,0,0,1,0,0,1,1,Stable Mid-Risk
1,1.082901717096109,1,1,1,1,1,0.3873107257769176,0,-0.5183618120400899,3,4,1,1,0,1,0,0,0,0,1,0,0,1,Stable Mid-Risk
0,0.4717422979514547,0,1,0,1,1,-0.3589372278699887,0,-0.5270192383548331,2,4,1,1,0,1,0,0,0,1,0,0,1,1,Stable Mid-Risk
0,1.368109446030281,1,0,1,1,1,1.3113950514510375,0,-0.4854670765020829,3,4,1,1,0,0,1,0,0,1,0,0,1,1,Stable Mid-Risk
1,1.4495973685829016,0,0,0,0,0,-1.4907743246039378,0,-0.6333444447801596,3,0,0,1,1,0,0,1,0,0,1,0,0,3,Loyal Low-Risk
0,-0.9542963467194052,0,0,0,0,1,-1.3245721077560746,0,-0.375854738432239,0,0,0,0,0,1,0,0,1,0,0,0,1,2,Vulnerable High-Risk
0,-0.5468567339563023,1,1,0,0,1,0.6632064057443707,0,-0.172453857262262,1,2,0,0,0,0,1,0,1,0,0,0,1,0,Critical Churn-Risk
0,-1.1580161531009563,0,0,0,0,0,-1.4974224132778524,0,-0.2060135435385135,0,0,0,0,0,0,0,1,1,0,0,0,0,2,Vulnerable High-Risk
0,1.5310852911355222,1,1,1,1,1,1.6238552191250208,0,-0.4802452971639277,3,6,1,1,1,0,1,0,0,0,1,0,0,1,Stable Mid-Risk
0,-1.2802480369298874,0,0,0,0,1,-0.6614252625331,0,1.953479312498545,0,0,0,0,0,1,0,0,1,0,0,0,0,2,Vulnerable High-Risk
0,-0.9950403079957154,1,0,0,0,1,0.3474221937334304,0,0.3088925608739262,0,0,0,0,0,0,1,0,1,0,0,0,1,0,Critical Churn-Risk
0,0.8384379494382472,1,0,0,0,0,-1.336206262935425,0,-0.6139177496788469,3,0,0,1,0,0,0,1,0,0,1,0,0,3,Loyal Low-Risk
0,0.7569500268856267,1,0,0,0,0,-1.322910085587596,0,-0.6109745739221782,3,0,0,1,1,0,0,1,0,1,0,0,0,3,Loyal Low-Risk
1,-0.8728084241667845,0,0,0,0,0,-1.4575338812343652,0,-0.4633044716564424,0,0,0,0,1,0,0,1,1,0,0,0,0,2,Vulnerable High-Risk
1,1.1236456783724194,1,1,1,1,1,1.522471866847824,0,-0.4554507555761127,3,5,1,1,0,0,1,0,0,0,1,0,1,1,Stable Mid-Risk
0,-0.6283446565089229,0,1,0,0,1,-0.3090765628156297,0,-0.3071789746321415,1,2,0,0,1,1,0,0,1,0,0,1,0,2,Vulnerable High-Risk
0,-1.1987601143772668,0,0,0,0,1,-0.7146099719244163,1,0.5965006935022852,0,0,0,0,0,1,0,0,1,0,0,0,1,2,Vulnerable High-Risk
0,1.5310852911355222,0,1,1,1,1,1.4859073791412942,1,-0.4870682094993322,3,6,1,1,1,0,1,0,0,1,0,0,0,1,Stable Mid-Risk
0,-1.2802480369298874,0,0,0,0,0,-1.5073945462887242,0,0.4680984155757574,0,0,0,0,0,0,0,1,1,0,0,0,0,2,Vulnerable High-Risk
0,0.4309983366751445,1,0,0,1,1,0.6665304500813278,0,-0.4419925233229071,2,1,1,0,0,0,1,0,1,0,0,0,1,0,Critical Churn-Risk
0,-0.6690886177852331,0,0,0,0,0,-1.5024084797832884,0,-0.5325123839345776,1,0,0,0,0,0,0,1,1,0,0,0,0,2,Vulnerable High-Risk
1,1.0014137945434884,0,1,0,0,0,-0.3772194717232536,0,-0.5595223228142913,3,2,0,1,0,1,0,0,0,1,0,0,1,3,Loyal Low-Risk
1,0.1865345690172827,0,0,0,0,0,-1.495760391109374,0,-0.6062723189889101,2,0,0,1,1,0,0,1,0,1,0,1,0,3,Loyal Low-Risk
0,1.6125732136881423,1,1,1,1,0,1.5723325319021828,0,-0.4878429518143607,3,6,1,1,1,0,1,0,0,0,1,1,0,1,Stable Mid-Risk
0,-0.8728084241667845,1,0,0,0,1,0.6648684279128493,1,0.1577929105866485,0,1,1,0,1,0,1,0,1,0,0,1,0,0,Critical Churn-Risk
0,0.7162060656093164,1,0,0,1,1,1.005582972450969,1,-0.4495429975738533,3,3,1,0,0,0,1,0,1,0,0,0,1,0,Critical Churn-Risk
0,-1.1172721918246462,0,0,0,0,0,-0.4802648461689289,1,0.3124592908163299,0,1,0,0,0,1,0,0,1,0,0,0,1,2,Vulnerable High-Risk
0,-1.2802480369298874,1,0,0,0,1,0.325815905543208,1,3.686910064506671,0,0,0,0,1,0,1,0,1,0,0,0,0,0,Critical Churn-Risk
0,-0.6690886177852331,0,0,0,0,1,-1.499084435446331,1,-0.5318257407371096,1,0,0,0,0,0,0,1,1,0,0,0,0,2,Vulnerable High-Risk
0,-1.2395040756535771,0,0,0,0,1,0.3125197281953792,0,2.2200113136490653,0,1,0,0,0,0,1,0,1,0,0,0,1,0,Critical Churn-Risk
0,-0.6283446565089229,1,0,1,1,1,0.1396694226736012,0,-0.2196319669549634,1,3,1,0,0,1,0,0,1,0,0,0,0,2,Vulnerable High-Risk
0,-0.6690886177852331,0,0,0,0,0,-1.5107185906256817,0,-0.5342289919282478,1,0,0,1,1,0,0,1,0,1,0,1,0,3,Loyal Low-Risk
0,-0.7098325790615434,0,0,0,0,1,-0.1777768115058176,1,-0.2333719834376317,1,2,1,0,0,1,0,0,1,0,0,0,1,2,Vulnerable High-Risk
0,-0.9135523854430948,0,0,0,0,1,-1.495760391109374,0,-0.4569816322130907,0,0,0,1,0,0,0,1,0,1,0,0,0,3,Loyal Low-Risk
1,0.5532302205040753,0,1,1,1,1,1.3429734726521318,1,-0.4058194092868533,2,5,1,1,1,0,1,0,0,1,0,0,0,1,Stable Mid-Risk
1,1.2866215234776603,1,0,1,1,1,1.4759352461304225,0,-0.4709891534414392,3,5,1,1,1,0,1,0,0,0,1,1,0,1,Stable Mid-Risk
0,-1.2802480369298874,1,0,0,0,1,0.4770599228747639,0,3.952469321127445,0,1,0,0,0,0,1,0,1,0,0,0,0,0,Critical Churn-Risk
1,-0.3023929662984406,0,0,0,0,0,-0.3705713830493392,0,-0.4262279397726461,2,2,0,1,0,1,0,0,0,1,0,0,0,3,Loyal Low-Risk
1,1.5718292524118322,0,1,1,1,0,1.1767712558042684,0,-0.5046461141706654,3,5,1,1,1,0,1,0,0,0,1,1,0,1,Stable Mid-Risk
0,-0.9950403079957154,0,0,0,0,1,-0.6531151516907069,1,-0.0815022437309714,0,0,0,0,0,1,0,0,1,0,0,0,0,2,Vulnerable High-Risk
1,1.6125732136881423,0,1,1,1,1,1.4576530022771577,0,-0.4933596125721007,3,6,1,1,1,0,1,0,0,0,1,0,0,1,Stable Mid-Risk
0,0.6754621043330061,0,1,0,1,0,-0.8026971468537838,0,-0.5721934943162571,3,2,1,0,1,1,0,0,1,0,0,0,0,2,Vulnerable High-Risk
1,-0.1394171211931994,0,1,1,0,1,-0.3140626293210656,0,-0.45172881175246,2,5,1,1,1,1,0,0,0,1,0,1,0,1,Stable Mid-Risk
0,1.6125732136881423,1,1,1,0,0,1.3562696499999605,0,-0.4982366604883637,3,5,1,1,1,0,1,0,0,0,1,0,0,1,Stable Mid-Risk
0,-0.0579291986405789,1,0,0,1,0,0.9640324182390032,1,-0.3249315623000138,2,3,1,0,0,0,1,0,1,0,0,0,1,0,Critical Churn-Risk
0,0.7162060656093164,1,0,0,1,1,1.0271892606411914,0,-0.4480552706460058,3,2,1,0,0,0,1,0,1,0,0,0,1,0,Critical Churn-Risk
0,1.5718292524118322,1,1,1,1,0,0.6116837185215331,0,-0.5322072091801473,3,5,1,1,0,1,0,0,0,0,1,0,1,1,Stable Mid-Risk
0,1.5310852911355222,1,1,1,1,0,0.8393807556031058,0,-0.5190454733363483,3,6,1,1,1,1,0,0,0,0,1,1,0,1,Stable Mid-Risk
0,1.5718292524118322,1,1,1,0,0,1.0920081252118583,0,-0.5087802784220877,3,3,1,1,1,0,1,0,0,1,0,1,0,1,Stable Mid-Risk
1,1.1643896396487294,0,1,1,0,1,0.1080910014725071,0,-0.5389745824139747,3,4,0,1,1,1,0,0,0,0,1,0,0,1,Stable Mid-Risk
0,-0.0171852373642686,0,0,1,1,1,1.0438094823259778,1,-0.3268107278688421,2,3,1,0,0,0,1,0,1,0,0,0,1,0,Critical Churn-Risk
1,-1.2802480369298874,0,0,0,0,1,0.4920181223910713,1,3.9787334234305978,0,1,1,0,0,0,1,0,1,0,0,0,1,0,Critical Churn-Risk
0,1.4495973685829016,1,1,0,0,1,1.2399280982064562,0,-0.4943688567476924,3,4,1,1,1,0,1,0,0,0,1,0,0,1,Stable Mid-Risk
0,1.2051336009250395,1,0,0,0,0,-1.3760947949789124,0,-0.6237378373124776,3,0,0,1,1,0,0,1,0,0,1,0,0,3,Loyal Low-Risk
1,-1.0357842692720256,0,0,0,0,1,0.2078123315812251,0,0.3696080319389321,0,0,0,0,0,0,1,0,1,0,0,0,1,0,Critical Churn-Risk
0,-0.506112772679992,1,0,0,1,1,0.679826627429157,1,-0.1932289011475606,1,1,1,0,0,0,1,0,1,0,0,0,1,0,Critical Churn-Risk
1,-1.076528230548336,0,0,0,0,0,-1.5073945462887242,0,-0.3427536317200108,0,0,0,1,0,0,0,1,0,1,0,0,0,3,Loyal Low-Risk
0,0.0235587239120416,0,1,0,1,1,-0.1777768115058176,0,-0.4629897601909362,2,5,1,0,1,1,0,0,1,0,0,0,0,2,Vulnerable High-Risk
1,-0.1801610824695097,1,0,0,1,0,0.9108477088476872,0,-0.2959756410826483,2,2,1,1,1,0,1,0,0,1,0,0,0,1,Stable Mid-Risk
0,-0.22090504374582,0,0,0,0,0,-1.494098368940895,0,-0.5843416838577473,2,0,0,1,1,0,0,1,0,0,1,1,0,3,Loyal Low-Risk
0,-1.0357842692720256,0,0,0,0,0,-0.6946657059026727,0,-0.0265421778002985,0,0,0,0,0,1,0,0,1,0,0,0,0,2,Vulnerable High-Risk
0,-0.2616490050221303,1,0,1,0,1,0.5219345214236869,1,-0.3190680744401534,2,1,0,0,0,0,1,0,1,0,0,0,1,0,Critical Churn-Risk
0,-1.1172721918246462,1,0,0,0,1,0.8310706447607126,1,1.0799547247862575,0,2,1,0,0,0,1,0,1,0,0,0,1,0,Critical Churn-Risk
0,-0.0986731599168891,1,1,0,0,1,0.8543389551194135,0,-0.3263200766690873,2,2,1,0,1,0,1,0,1,0,0,1,0,0,Critical Churn-Risk
0,1.24587756220135,1,0,0,0,0,0.8526769329509349,0,-0.5021230580466356,3,2,1,1,1,0,1,0,0,1,0,1,0,1,Stable Mid-Risk
0,-1.2802480369298874,0,0,0,0,1,-0.4669686688210999,1,2.29491264243954,0,1,0,0,0,1,0,0,1,0,0,0,1,2,Vulnerable High-Risk
1,0.8384379494382472,1,0,1,1,1,0.6582203392389346,0,-0.4842184790459906,3,5,1,1,0,1,0,0,0,1,0,0,1,1,Stable Mid-Risk
1,-0.7505765403378537,0,0,1,0,1,0.8260845782552769,1,0.0305579260958165,1,3,1,0,1,0,1,0,1,0,0,1,0,0,Critical Churn-Risk
0,-0.4653688114036817,0,0,1,1,1,1.1418687902662172,0,-0.1410165226872753,1,4,1,0,1,0,1,0,1,0,0,0,0,0,Critical Churn-Risk
0,-0.6283446565089229,0,0,0,0,0,-1.4907743246039378,0,-0.5377194281820438,1,0,0,1,0,0,0,1,0,1,0,0,0,3,Loyal Low-Risk
1,-0.6690886177852331,0,0,0,0,0,-1.472492080750673,0,-0.5263325951573651,1,0,0,1,0,0,0,1,0,0,1,0,0,3,Loyal Low-Risk
0,0.1050466464646622,0,0,0,0,1,-0.0896896365764501,0,-0.4657363329808084,2,2,1,0,0,1,0,0,1,0,0,0,1,2,Vulnerable High-Risk
0,-0.0171852373642686,0,0,0,0,1,0.4886940780541142,0,-0.3858828502207158,2,1,1,0,0,0,1,0,1,0,0,0,1,0,Critical Churn-Risk
1,-0.1801610824695097,0,0,0,0,1,-1.504070501951767,0,-0.5884027724733143,2,0,0,0,1,0,0,1,1,0,0,0,0,2,Vulnerable High-Risk
0,-1.2802480369298874,0,0,0,0,1,-1.477478147256109,0,0.5206266201820644,0,0,0,0,0,0,0,1,1,0,0,0,0,2,Vulnerable High-Risk
0,1.082901717096109,0,0,1,1,1,-0.4353902476200058,0,-0.5665126662625379,3,3,1,0,0,1,0,0,1,0,0,0,1,2,Vulnerable High-Risk
1,1.6125732136881423,1,0,0,0,1,-1.3794188393158695,0,-0.629837002622277,3,0,0,1,1,0,0,1,0,1,0,0,0,3,Loyal Low-Risk
0,0.1457906077409725,0,0,1,0,1,0.0200038265431398,1,-0.4607674487612929,2,3,1,1,0,1,0,0,0,1,0,0,0,1,Stable Mid-Risk
0,0.3087664528462136,0,1,0,1,0,0.0100316935322676,0,-0.4817510295071215,2,3,1,0,0,1,0,0,1,0,0,0,0,2,Vulnerable High-Risk
1,0.3087664528462136,1,0,0,0,1,0.5452028317823878,0,-0.4359134092273632,2,1,0,0,0,0,1,0,1,0,0,0,1,0,Critical Churn-Risk
1,-0.9542963467194052,0,0,1,1,1,0.2693071518149348,1,0.1838624639838528,0,4,1,0,0,1,0,0,1,0,0,0,0,2,Vulnerable High-Risk
1,1.24587756220135,0,1,1,1,0,0.3224918612062509,0,-0.5312141991393646,3,5,1,1,1,1,0,0,0,0,1,1,0,1,Stable Mid-Risk
0,-1.1987601143772668,0,0,0,1,1,0.5219345214236869,0,1.6820835886992933,0,1,1,0,0,0,1,0,1,0,0,0,1,0,Critical Churn-Risk
1,0.3087664528462136,0,0,1,1,0,-0.149522434641681,0,-0.495416903876242,2,5,1,1,0,1,0,0,0,1,0,0,0,1,Stable Mid-Risk
0,-0.9950403079957154,0,1,0,0,1,0.3391120828910372,0,0.3056500791081049,0,1,0,0,0,0,1,0,1,0,0,0,0,0,Critical Churn-Risk
0,0.0643026851883519,0,1,1,1,0,0.8427047999400633,0,-0.3664330128441236,2,3,1,1,0,0,1,0,0,1,0,0,0,1,Stable Mid-Risk
0,-1.1172721918246462,0,1,1,0,0,-0.824303435044006,1,0.1111011731588203,0,3,0,0,0,1,0,0,1,0,0,0,0,2,Vulnerable High-Risk
0,-0.9542963467194052,1,0,0,1,1,1.151840923277089,1,0.493778871161063,0,3,1,0,1,0,1,0,1,0,0,1,0,0,Critical Churn-Risk
0,-0.9542963467194052,1,0,0,0,1,0.1413314448420797,0,0.1389216667095679,0,3,1,0,1,1,0,0,1,0,0,1,0,2,Vulnerable High-Risk
1,-0.0579291986405789,1,0,0,0,0,-0.1694667006634244,0,-0.4493212690413376,2,1,1,0,1,1,0,0,1,0,0,0,0,2,Vulnerable High-Risk
0,0.7162060656093164,0,0,0,0,1,-1.494098368940895,0,-0.6216615590725145,3,0,0,1,1,0,0,1,0,1,0,0,0,3,Loyal Low-Risk
0,-1.2395040756535771,0,1,1,0,1,0.7130670707987297,1,2.688874176986841,0,3,0,0,0,0,1,0,1,0,0,0,1,0,Critical Churn-Risk
0,-1.2802480369298874,0,0,0,0,1,-0.6364949300059205,1,1.997252816337134,0,0,0,0,0,1,0,0,1,0,0,0,1,2,Vulnerable High-Risk
0,-0.9950403079957154,0,0,0,0,1,0.1762339103801309,1,0.2420974364980051,0,0,0,0,0,0,1,0,1,0,0,0,0,0,Critical Churn-Risk
0,-0.9542963467194052,0,0,0,0,0,-0.7993731025168266,0,-0.1914223755923172,0,2,1,0,0,1,0,0,1,0,0,0,1,2,Vulnerable High-Risk
0,-1.2395040756535771,0,0,0,0,1,0.1795579547170885,1,2.0643721888896374,0,0,0,0,1,0,1,0,1,0,0,0,0,0,Critical Churn-Risk
0,-1.1987601143772668,0,1,0,0,0,-0.3140626293210656,1,0.9481478410056172,0,2,0,0,0,1,0,0,1,0,0,0,1,2,Vulnerable High-Risk
0,-0.3023929662984406,0,0,1,1,1,1.0271892606411914,0,-0.2374406744995518,2,3,1,0,1,0,1,0,1,0,0,1,0,0,Critical Churn-Risk
0,-1.2802480369298874,0,0,0,0,0,-0.6148886418156984,0,2.0351898529972448,0,0,0,0,0,1,0,0,1,0,0,0,1,2,Vulnerable High-Risk
1,0.512486259227765,1,1,1,1,0,0.5485268761193449,0,-0.4607880238512288,2,5,1,0,0,1,0,0,1,0,0,0,0,1,Stable Mid-Risk
1,0.7569500268856267,1,0,0,0,1,0.6449241618911058,1,-0.4780827058583592,3,2,0,0,0,0,1,0,1,0,0,0,1,0,Critical Churn-Risk
1,0.9199258719908678,0,0,0,0,0,-1.4891123024354591,0,-0.6254053993634714,3,0,0,0,1,0,0,1,1,0,0,1,0,3,Loyal Low-Risk
0,0.227278530293593,1,1,0,0,1,0.0449341590703193,0,-0.4691035255837769,2,3,0,0,1,1,0,0,1,0,0,0,0,2,Vulnerable High-Risk
0,-1.2395040756535771,0,0,0,0,0,-0.6298468413320059,1,1.1169190169166214,0,0,0,0,0,1,0,0,1,0,0,0,0,2,Vulnerable High-Risk
1,0.227278530293593,0,0,0,0,0,-1.5024084797832884,0,-0.6084304728443799,2,0,0,0,0,0,0,1,1,0,0,0,1,2,Vulnerable High-Risk
0,0.0643026851883519,0,0,0,0,1,-0.498547090022194,0,-0.5010052703593288,2,1,0,0,0,1,0,0,1,0,0,0,1,2,Vulnerable High-Risk
0,1.5310852911355222,1,0,0,1,1,1.228293943027106,0,-0.4998097927762923,3,3,1,1,0,0,1,0,0,1,0,0,1,1,Stable Mid-Risk
0,-0.791320501614164,0,1,1,0,0,-0.3207107179949802,0,-0.207264215076759,1,2,0,1,0,1,0,0,0,1,0,0,0,2,Vulnerable High-Risk
0,0.2680224915699033,1,0,0,0,0,0.3474221937334304,1,-0.447497373048063,2,0,0,0,0,0,1,0,1,0,0,0,1,0,Critical Churn-Risk
0,1.1643896396487294,1,0,0,1,1,1.301422918440166,0,-0.4713845270244974,3,4,1,1,0,0,1,0,0,1,0,0,1,1,Stable Mid-Risk
0,-0.8320644628904743,1,0,0,1,1,1.17510923363579,1,0.2321704538611058,0,3,1,0,1,0,1,0,1,0,0,0,0,0,Critical Churn-Risk
0,0.3495104141225239,0,0,1,1,1,1.1584890119510036,0,-0.3901401866690865,2,4,1,1,1,0,1,0,0,0,1,1,0,1,Stable Mid-Risk
0,-0.4653688114036817,1,0,0,0,1,0.2958995065105929,0,-0.276051149680256,1,0,0,0,0,0,1,0,1,0,0,0,1,0,Critical Churn-Risk
0,0.9199258719908678,0,0,0,1,1,-0.4902369791798008,0,-0.5627675998230142,3,3,1,1,1,1,0,0,0,1,0,0,0,1,Stable Mid-Risk
0,1.490341329859212,0,1,1,1,0,-0.1511844568101595,0,-0.5666238370659374,3,5,1,1,1,1,0,0,0,0,1,0,0,1,Stable Mid-Risk
1,-0.2616490050221303,1,0,0,1,0,1.361255716505397,1,-0.2099045216574993,2,4,1,0,0,0,1,0,1,0,0,0,1,0,Critical Churn-Risk
0,1.490341329859212,0,1,0,0,0,0.7479695363367809,0,-0.5215162835865533,3,3,1,1,1,0,1,0,0,1,0,1,0,1,Stable Mid-Risk
0,-0.5876006952326126,0,0,0,1,1,-0.5467457329080743,1,-0.3700489895020682,1,3,1,0,0,1,0,0,1,0,0,0,1,2,Vulnerable High-Risk
1,0.5939741817803856,1,0,0,0,0,-0.3506271170275956,0,-0.5351659737914595,2,1,0,0,0,1,0,0,1,0,0,0,1,2,Vulnerable High-Risk
1,1.6125732136881423,0,1,1,1,0,0.6814886495976356,0,-0.5306970121933265,3,6,1,1,1,1,0,0,0,0,1,0,0,1,Stable Mid-Risk
0,0.0235587239120416,0,0,1,1,1,-0.4918990013482794,0,-0.4954336512713022,2,4,1,0,0,1,0,0,1,0,0,0,1,2,Vulnerable High-Risk
1,-1.2395040756535771,0,0,0,0,1,-1.3428543516093396,1,0.2823042103941907,0,0,0,0,0,1,0,0,1,0,0,0,0,2,Vulnerable High-Risk
1,1.6125732136881423,1,1,1,1,0,0.8692971546357213,0,-0.5216624808074624,3,6,1,1,1,1,0,0,0,0,1,1,0,1,Stable Mid-Risk
0,0.1865345690172827,0,0,0,0,1,0.2477008636247124,0,-0.4451551066145947,2,0,0,0,1,0,1,0,1,0,0,0,0,0,Critical Churn-Risk
1,1.2051336009250395,1,0,0,0,1,1.0404854379890205,0,-0.4890358805266395,3,3,1,0,1,0,1,0,1,0,0,1,0,0,Critical Churn-Risk
0,1.5718292524118322,0,0,0,0,0,-1.494098368940895,0,-0.6349128191125405,3,0,0,1,1,0,0,1,0,0,1,1,0,3,Loyal Low-Risk
1,-0.3838808888510611,0,0,1,0,1,-0.3157246514895444,0,-0.3981305881634321,1,2,0,0,1,1,0,0,1,0,0,0,0,2,Vulnerable High-Risk
0,-0.6690886177852331,0,0,0,0,0,-1.485788258098502,0,-0.5290791679472373,1,0,0,1,0,0,0,1,0,1,0,0,0,3,Loyal Low-Risk
0,-0.9542963467194052,0,1,1,1,1,0.1562896443583875,0,0.1441744871701986,0,4,1,0,0,1,0,0,1,0,0,0,0,2,Vulnerable High-Risk
1,-0.6283446565089229,1,0,0,0,1,-1.3179240190821602,0,-0.5039976178175012,1,0,0,1,0,0,0,1,0,0,1,0,0,3,Loyal Low-Risk
0,-1.1580161531009563,0,0,0,0,0,-1.4575338812343652,1,-0.1779985010818166,0,0,0,0,1,0,0,1,1,0,0,0,0,2,Vulnerable High-Risk
0,-1.2802480369298874,0,1,0,0,1,-0.5068572008645872,1,2.224875036297797,0,1,0,0,0,1,0,0,1,0,0,0,1,2,Vulnerable High-Risk
0,-0.3431369275747509,1,0,0,0,1,0.4936801445595503,0,-0.2951947620256656,1,1,0,0,0,0,1,0,1,0,0,0,0,0,Critical Churn-Risk
0,-1.2802480369298874,0,0,0,0,1,0.2144604202551397,0,3.49138841402764,0,0,0,0,0,0,1,0,1,0,0,0,1,0,Critical Churn-Risk
0,1.6125732136881423,1,1,1,1,0,1.6288412856304566,0,-0.4851245972380831,3,6,1,1,1,0,1,0,0,0,1,0,0,1,Stable Mid-Risk
0,1.6125732136881423,1,0,0,0,0,-1.337868285103904,0,-0.627838212492661,3,0,0,1,0,0,0,1,0,0,1,0,1,3,Loyal Low-Risk
1,-0.8728084241667845,0,0,0,0,0,-1.499084435446331,0,-0.4754637782782727,0,0,0,0,1,0,0,1,1,0,0,1,0,2,Vulnerable High-Risk
0,-0.9542963467194052,0,0,0,0,0,-1.4808021915930665,1,-0.4307175299099373,0,0,0,0,0,0,0,1,1,0,0,0,0,2,Vulnerable High-Risk
0,-1.2395040756535771,0,0,0,0,0,-0.4869129348428435,1,1.284231076033006,0,1,0,0,1,1,0,0,1,0,0,1,0,2,Vulnerable High-Risk
0,1.1236456783724194,1,0,0,1,1,1.1867433888151402,0,-0.4747780731179596,3,3,1,1,1,0,1,0,0,1,0,1,0,1,Stable Mid-Risk
0,-0.1394171211931994,1,0,0,0,1,1.033837349315106,1,-0.2939496490275902,2,3,1,0,0,0,1,0,1,0,0,0,1,0,Critical Churn-Risk
0,0.6754621043330061,0,0,1,1,1,0.3208298390377723,0,-0.4932844580632272,3,4,1,1,1,1,0,0,0,0,1,0,0,1,Stable Mid-Risk
0,-0.0986731599168891,1,0,0,1,1,1.3064089849456015,0,-0.2751097840063079,2,4,1,0,0,0,1,0,1,0,0,0,1,0,Critical Churn-Risk
0,0.8384379494382472,0,0,0,0,0,-1.5206907236365534,0,-0.6259149322123861,3,0,0,1,1,0,0,1,0,1,0,1,0,3,Loyal Low-Risk
1,0.2680224915699033,1,0,0,0,0,-1.322910085587596,0,-0.5941386109073363,2,0,0,1,0,0,0,1,0,0,1,0,0,3,Loyal Low-Risk
0,-0.9542963467194052,0,0,0,0,0,-1.5206907236365534,0,-0.4447250511382857,0,0,0,0,0,0,0,1,1,0,0,0,0,2,Vulnerable High-Risk
0,0.2680224915699033,0,0,1,0,0,0.5684711421410888,0,-0.4280911196796219,2,2,0,1,0,0,1,0,0,1,0,0,1,1,Stable Mid-Risk
0,-0.9950403079957154,0,0,0,0,1,0.1629377330323022,0,0.2369094656726909,0,0,0,0,0,0,1,0,1,0,0,0,1,0,Critical Churn-Risk
1,0.7569500268856267,1,0,0,0,1,0.8427047999400633,0,-0.464726175199918,3,2,1,1,0,0,1,0,0,1,0,0,1,1,Stable Mid-Risk
1,1.5718292524118322,1,0,0,0,0,-1.3112759304082455,0,-0.6259959942565316,3,0,0,1,1,0,0,1,0,0,1,1,0,3,Loyal Low-Risk
0,1.5718292524118322,1,0,0,0,1,-1.3345442407669466,0,-0.6271308628745692,3,0,0,1,0,0,0,1,0,0,1,0,0,3,Loyal Low-Risk
0,1.5310852911355222,0,0,0,0,1,-1.504070501951767,0,-0.6349527792751475,3,0,0,1,1,0,0,1,0,0,1,1,0,3,Loyal Low-Risk
0,-1.2802480369298874,0,0,0,0,0,-1.3145999747452028,1,0.8066135119275126,0,0,0,0,0,1,0,0,1,0,0,0,1,2,Vulnerable High-Risk
0,0.227278530293593,0,1,1,1,1,-0.1594945676525527,0,-0.4875108451466707,2,5,1,1,1,1,0,0,0,0,1,0,0,1,Stable Mid-Risk
0,-0.1801610824695097,0,0,0,0,0,0.8343946890976701,0,-0.3052334855726487,2,3,1,0,1,0,1,0,1,0,0,1,0,0,Critical Churn-Risk
0,-0.0171852373642686,0,0,0,0,0,-1.509056568457203,0,-0.5984717456307522,2,0,0,0,1,0,0,1,1,0,0,0,0,2,Vulnerable High-Risk
0,0.6754621043330061,0,0,0,0,0,-0.498547090022194,0,-0.5508320244430255,3,1,0,1,0,1,0,0,0,0,1,0,0,3,Loyal Low-Risk
1,0.1865345690172827,1,0,0,0,1,-1.3528264846202114,0,-0.593063472216564,2,0,0,1,1,0,0,1,0,0,1,0,0,3,Loyal Low-Risk
0,-0.9135523854430948,0,0,1,0,0,-0.3506271170275956,0,-0.0914065516702077,0,2,0,0,0,1,0,0,1,0,0,0,1,2,Vulnerable High-Risk
0,1.4088534073065913,1,1,0,1,0,1.4992035564891233,0,-0.4784392321339676,3,5,1,1,1,0,1,0,0,1,0,1,0,1,Stable Mid-Risk
0,-1.0357842692720256,0,0,1,0,1,-0.9738854302070832,0,-0.1491079885483478,0,2,0,1,1,1,0,0,0,1,0,1,0,2,Vulnerable High-Risk
0,0.7569500268856267,0,0,0,1,0,0.7562796471791741,0,-0.4705626423783965,3,2,1,1,1,0,1,0,0,1,0,1,0,1,Stable Mid-Risk
0,-0.9542963467194052,0,0,0,0,0,-0.6531151516907069,1,-0.1400614644217061,0,0,0,0,0,1,0,0,1,0,0,0,1,2,Vulnerable High-Risk
0,-0.9542963467194052,0,0,0,1,1,0.7845340240433111,0,0.3647929465166873,0,2,1,0,0,0,1,0,1,0,0,0,0,0,Critical Churn-Risk
0,-1.1580161531009563,0,0,1,0,1,-0.4653066466526213,0,0.5188756800285208,0,1,0,0,0,1,0,0,1,0,0,0,0,2,Vulnerable High-Risk
0,1.5718292524118322,1,1,0,1,1,1.1368827237607813,0,-0.5065916032301583,3,4,1,1,0,0,1,0,0,0,1,0,1,1,Stable Mid-Risk
1,0.7162060656093164,1,0,0,1,1,0.6515722505650204,1,-0.4739188310839695,3,1,1,0,1,0,1,0,1,0,0,0,0,0,Critical Churn-Risk
1,-0.3431369275747509,0,0,0,1,1,1.055443637505328,0,-0.2162857257726358,1,3,1,1,0,0,1,0,0,0,1,0,1,1,Stable Mid-Risk
0,-0.4246248501273714,0,1,0,1,1,-0.1678046784949459,0,-0.3638519167999766,1,2,1,1,1,1,0,0,0,1,0,0,0,1,Stable Mid-Risk
0,0.4717422979514547,1,1,0,1,1,1.5523882658804395,0,-0.3778650771270483,2,5,1,0,0,0,1,0,1,0,0,0,1,0,Critical Churn-Risk
1,0.0235587239120416,1,0,0,0,0,-1.3478404181147754,0,-0.5838389629453155,2,0,0,0,1,0,0,1,1,0,0,0,0,2,Vulnerable High-Risk
0,-1.2802480369298874,1,0,0,0,1,0.3424361272279943,1,3.716092400399064,0,0,0,0,0,0,1,0,1,0,0,0,1,0,Critical Churn-Risk
0,0.8791819107145575,1,0,0,1,1,0.17789593254861,1,-0.5182114787945837,3,2,1,1,1,1,0,0,0,1,0,1,0,1,Stable Mid-Risk
0,0.3902543753988342,1,0,0,1,1,1.228293943027106,1,-0.39088024812195,2,3,1,0,0,0,1,0,1,0,0,0,1,0,Critical Churn-Risk
0,-1.2802480369298874,0,0,0,0,0,-0.6315088635004846,1,2.006007517104852,0,0,0,0,0,1,0,0,1,0,0,0,1,2,Vulnerable High-Risk
0,-1.2802480369298874,0,0,0,0,0,-1.472492080750673,0,0.5293813209497821,0,0,0,0,0,0,0,1,1,0,0,0,0,2,Vulnerable High-Risk
0,-0.0986731599168891,0,1,1,1,0,0.1862060433910031,0,-0.4020058768545186,2,4,1,1,0,1,0,0,0,1,0,0,1,1,Stable Mid-Risk
0,-1.2802480369298874,0,0,1,0,0,-1.1384256248864677,0,1.1159462723868752,0,1,0,0,0,1,0,0,1,0,0,0,0,2,Vulnerable High-Risk
1,-0.6690886177852331,1,1,1,1,0,0.6681924722498068,0,-0.0841343759879323,1,5,1,0,0,1,0,0,1,0,0,0,1,2,Vulnerable High-Risk
0,-1.2802480369298874,0,0,0,0,1,-1.485788258098502,1,0.5060354522358681,0,0,0,0,0,0,0,1,1,0,0,0,0,2,Vulnerable High-Risk
0,-0.9542963467194052,0,0,1,1,0,-0.8026971468537838,1,-0.192589669028013,0,2,1,0,0,1,0,0,1,0,0,0,0,2,Vulnerable High-Risk
0,0.5532302205040753,1,0,0,1,1,1.2033636104999266,1,-0.4162505421164745,2,3,1,0,0,0,1,0,1,0,0,0,1,0,Critical Churn-Risk
0,-1.2802480369298874,0,0,0,0,1,0.1429934670105583,1,3.3659043696903512,0,0,0,0,0,0,1,0,1,0,0,0,1,0,Critical Churn-Risk
0,1.5718292524118322,0,1,1,0,0,-0.3423170061852024,0,-0.5787368225196846,3,2,0,1,1,1,0,0,0,0,1,0,0,1,Stable Mid-Risk
0,0.4309983366751445,1,0,0,0,1,0.3507462380703874,0,-0.4671954497754281,2,0,0,0,1,0,1,0,1,0,0,1,0,0,Critical Churn-Risk
0,0.7162060656093164,0,1,1,1,1,-0.6763834620494076,0,-0.5653568168801334,3,3,1,1,1,1,0,0,0,1,0,0,0,1,Stable Mid-Risk
0,-0.791320501614164,1,0,0,0,1,0.3391120828910372,1,-0.0417586815156176,1,0,0,0,0,0,1,0,1,0,0,0,0,0,Critical Churn-Risk
1,-0.5468567339563023,0,0,1,1,0,1.1701231671303538,1,-0.0834477327904643,1,4,1,1,1,0,1,0,0,1,0,0,0,1,Stable Mid-Risk
0,0.3495104141225239,1,0,0,1,0,1.1053043025596871,0,-0.3945870188050701,2,3,1,0,1,0,1,0,1,0,0,0,0,0,Critical Churn-Risk
0,-1.2802480369298874,0,0,0,0,1,0.2111363759181826,1,3.485551946849162,0,0,0,0,0,0,1,0,1,0,0,0,1,0,Critical Churn-Risk
0,-0.3431369275747509,0,0,0,1,1,-0.3539511613645528,1,-0.4142586924666278,1,4,1,0,1,1,0,0,1,0,0,1,0,2,Vulnerable High-Risk
0,0.3087664528462136,1,0,0,1,0,-0.0298568385112193,0,-0.4851674980994017,2,2,1,1,1,1,0,0,0,1,0,0,0,1,Stable Mid-Risk
1,-1.1987601143772668,1,0,0,1,1,0.1446554891790373,0,1.3508640763206363,0,3,1,0,1,1,0,0,1,0,0,0,0,2,Vulnerable High-Risk
0,0.1865345690172827,1,1,0,1,0,-0.0049265059840396,0,-0.4685009753285089,2,2,1,1,1,1,0,0,0,1,0,0,0,1,Stable Mid-Risk
1,1.4088534073065913,1,1,1,1,1,1.4609770466141143,1,-0.4804133313266883,3,5,1,1,1,0,1,0,0,0,1,1,0,1,Stable Mid-Risk
1,-0.0171852373642686,1,0,0,1,1,1.131896657255345,0,-0.317437007854922,2,3,1,0,0,0,1,0,1,0,0,0,1,0,Critical Churn-Risk
0,-1.076528230548336,0,0,1,0,1,-0.5201533782124163,1,0.1525122974251679,0,1,0,0,0,1,0,0,1,0,0,0,1,2,Vulnerable High-Risk
1,-0.0171852373642686,1,1,0,1,0,0.8244225560867979,0,-0.3501565965827563,2,2,1,0,0,0,1,0,1,0,0,0,1,0,Critical Churn-Risk
0,1.082901717096109,1,0,0,0,1,0.6133457406900117,0,-0.5051324864355387,3,2,0,0,0,0,1,0,1,0,0,0,1,0,Critical Churn-Risk
0,-0.0986731599168891,0,0,1,0,0,0.181219976885567,0,-0.4025706962588875,2,4,1,1,1,1,0,0,0,1,0,0,0,1,Stable Mid-Risk
1,-0.506112772679992,0,0,0,0,1,-1.509056568457203,1,-0.5592587713407146,1,0,0,0,0,0,0,1,1,0,0,0,1,2,Vulnerable High-Risk
1,-0.22090504374582,1,0,0,0,0,-1.3395303072723823,0,-0.5649562750149436,2,0,0,1,0,0,0,1,0,0,1,0,1,3,Loyal Low-Risk
0,-0.506112772679992,1,1,0,0,1,0.4770599228747639,1,-0.2271359961844358,1,1,0,0,0,0,1,0,1,0,0,0,1,0,Critical Churn-Risk
1,-0.9542963467194052,0,0,0,0,0,-1.485788258098502,0,-0.4324684700634808,0,0,0,1,0,0,0,1,0,1,0,0,0,3,Loyal Low-Risk
1,1.4495973685829016,1,1,0,1,1,0.2726311961518919,0,-0.5435981886009461,3,4,1,1,1,1,0,0,0,1,0,1,0,1,Stable Mid-Risk
1,1.490341329859212,1,1,1,0,0,-0.112957946935151,0,-0.5647061407072945,3,2,0,1,1,1,0,0,0,0,1,1,0,1,Stable Mid-Risk
0,-0.2616490050221303,1,0,1,0,1,0.6482482062280629,0,-0.3026395001599916,2,2,0,0,0,0,1,0,1,0,0,0,0,0,Critical Churn-Risk
1,1.490341329859212,0,0,0,0,0,-1.4924363467724169,0,-0.6339099658235401,3,0,0,1,1,0,0,1,0,0,1,0,0,3,Loyal Low-Risk
0,-0.8728084241667845,0,0,0,0,0,-1.4758161250876305,0,-0.4686545665700477,0,0,0,1,0,0,0,1,0,0,1,0,0,3,Loyal Low-Risk
0,-1.2802480369298874,1,0,0,0,0,-0.4669686688210999,0,2.29491264243954,0,0,0,0,0,1,0,0,1,0,0,0,0,2,Vulnerable High-Risk
1,-0.9135523854430948,0,0,0,0,0,-1.4741541029191516,0,-0.4500839891839797,0,0,0,1,0,0,0,1,0,1,0,0,0,3,Loyal Low-Risk
1,0.9199258719908678,1,1,1,0,1,0.3640424154182167,0,-0.5091971689348362,3,4,1,1,1,1,0,0,0,1,0,0,0,1,Stable Mid-Risk
0,0.4717422979514547,0,1,1,1,0,0.0200038265431398,0,-0.4974478046505419,2,3,1,1,0,1,0,0,0,1,0,0,1,1,Stable Mid-Risk
0,0.5532302205040753,0,0,0,0,1,0.5186104770867298,1,-0.4674127650427119,2,1,1,0,0,0,1,0,1,0,0,0,1,0,Critical Churn-Risk
1,1.490341329859212,0,1,0,0,1,-0.1678046784949459,0,-0.5674576180914345,3,3,0,1,1,1,0,0,0,0,1,0,0,1,Stable Mid-Risk
0,-0.8728084241667845,0,0,0,0,1,0.4554536346845415,0,0.0965100052126239,0,1,1,0,0,0,1,0,1,0,0,0,1,0,Critical Churn-Risk
0,-0.8728084241667845,1,0,0,1,1,1.2366040538694991,1,0.3251049697030333,0,3,1,0,0,0,1,0,1,0,0,0,1,0,Critical Churn-Risk
0,-0.1394171211931994,0,0,0,0,0,-0.5268014668863306,0,-0.4766310717139684,2,1,0,0,1,1,0,0,1,0,0,0,0,2,Vulnerable High-Risk
0,1.0014137945434884,1,1,0,1,1,1.1584890119510036,0,-0.4665413629364607,3,3,1,0,0,0,1,0,1,0,0,0,1,0,Critical Churn-Risk
0,-0.1801610824695097,0,0,0,0,0,-1.5472830783322116,0,-0.5936354671850537,2,0,0,1,1,0,0,1,0,1,0,1,0,3,Loyal Low-Risk
0,0.3902543753988342,0,1,0,0,0,-0.3406549840167238,0,-0.5190110624587811,2,2,0,0,1,1,0,0,1,0,0,1,0,2,Vulnerable High-Risk
0,-1.2395040756535771,0,0,0,0,0,-1.4675060142452372,1,0.1363925309322272,0,0,0,0,0,0,0,1,1,0,0,0,0,2,Vulnerable High-Risk
1,-0.3838808888510611,0,1,1,0,0,-0.8026971468537838,0,-0.4693841249673576,1,3,0,1,1,1,0,0,0,1,0,0,0,1,Stable Mid-Risk
1,-0.5876006952326126,0,0,0,0,0,-1.4741541029191516,0,-0.5414568150594906,1,0,0,0,0,0,0,1,1,0,0,0,0,2,Vulnerable High-Risk
1,1.2051336009250395,1,0,0,0,0,-1.3295581742615106,0,-0.6211438518998204,3,0,0,1,1,0,0,1,0,1,0,0,0,3,Loyal Low-Risk
0,-1.2802480369298874,0,0,0,0,1,0.1995022207388319,1,3.4651243117244865,0,0,0,0,0,0,1,0,1,0,0,0,0,0,Critical Churn-Risk
0,-0.6690886177852331,1,0,1,0,1,0.8061403122335331,1,-0.0556386832930077,1,2,1,0,1,0,1,0,1,0,0,1,0,0,Critical Churn-Risk
0,-1.1987601143772668,1,0,0,1,1,1.0571056596738069,1,2.151919196566816,0,2,1,0,0,0,1,0,1,0,0,0,1,0,Critical Churn-Risk
0,1.4088534073065913,1,1,1,1,1,0.7978302013911399,0,-0.514659660800408,3,6,1,1,1,1,0,0,0,1,0,0,0,1,Stable Mid-Risk
0,1.2051336009250395,0,0,0,0,1,-1.487450280266981,0,-0.6299448738356214,3,0,0,1,1,0,0,1,0,0,1,1,0,3,Loyal Low-Risk
0,1.0014137945434884,1,0,0,1,1,1.3197051622934308,1,-0.4567803747241776,3,4,1,0,1,0,1,0,1,0,0,1,0,0,Critical Churn-Risk
0,-1.2395040756535771,0,0,0,0,1,0.1662617773692593,0,2.048808276413695,0,0,0,0,0,0,1,0,1,0,0,0,1,0,Critical Churn-Risk
1,-0.3838808888510611,1,1,1,1,1,0.4105790361356186,0,-0.2918582482886354,1,4,1,1,1,1,0,0,0,0,1,0,0,1,Stable Mid-Risk
1,-0.3023929662984406,0,1,1,0,0,-0.9888436297233908,0,-0.5097343163262621,2,2,0,1,1,1,0,0,0,0,1,0,0,1,Stable Mid-Risk
0,1.6125732136881423,1,0,1,1,1,1.4393707584238922,0,-0.4942390802291317,3,5,1,1,1,0,1,0,0,0,1,0,0,1,Stable Mid-Risk
0,-1.2395040756535771,1,0,0,1,1,0.6399380953856697,0,2.603272658369156,0,1,1,0,0,0,1,0,1,0,0,0,1,0,Critical Churn-Risk
0,-0.9950403079957154,0,0,0,0,1,-1.4824642137615447,0,-0.4051019239599481,0,0,0,1,1,0,0,1,0,1,0,0,0,3,Loyal Low-Risk
0,-1.1172721918246462,1,0,0,0,1,-0.4719547353265357,1,0.317323013465062,0,0,0,0,0,1,0,0,1,0,0,0,0,2,Vulnerable High-Risk
0,0.1050466464646622,0,0,0,1,0,-0.5184913560439374,0,-0.5075643477599047,2,3,1,0,0,1,0,0,1,0,0,0,1,2,Vulnerable High-Risk
0,-0.3431369275747509,1,0,0,0,0,-1.336206262935425,0,-0.5522327765658605,1,0,0,1,0,0,0,1,0,1,0,0,1,3,Loyal Low-Risk
1,-1.2395040756535771,0,0,0,0,1,0.2277565976029689,0,2.12079137161493,0,0,0,0,0,0,1,0,1,0,0,0,1,0,Critical Churn-Risk
1,1.6125732136881423,1,1,1,0,1,1.33300133964126,0,-0.4993559829609485,3,5,1,1,1,0,1,0,0,0,1,1,0,1,Stable Mid-Risk
0,0.3495104141225239,1,1,1,1,1,1.386186049032576,0,-0.3711021865869065,2,5,1,0,0,0,1,0,1,0,0,0,1,0,Critical Churn-Risk
1,-1.1580161531009563,0,1,0,0,0,-0.5135052895385016,1,0.4850241703933453,0,1,0,0,0,1,0,0,1,0,0,0,1,2,Vulnerable High-Risk
0,-0.2616490050221303,0,0,0,0,0,0.3557323045758235,0,-0.3406846195456294,2,1,0,1,1,0,1,0,0,1,0,0,0,3,Loyal Low-Risk
0,-1.0357842692720256,0,0,0,1,1,0.978990617755311,1,0.7081231282906874,0,3,1,0,0,0,1,0,1,0,0,0,1,0,Critical Churn-Risk
0,-1.2802480369298874,0,0,0,0,1,0.1380074005051227,1,3.357149668922634,0,0,0,0,0,0,1,0,1,0,0,0,1,0,Critical Churn-Risk
1,-1.1580161531009563,1,0,1,0,1,-0.2093552327069117,0,0.6986388691256596,0,2,0,0,0,1,0,0,1,0,0,0,0,2,Vulnerable High-Risk
0,0.6347181430566958,0,0,1,1,0,0.4687498120323708,0,-0.4791363851762949,2,5,1,1,1,1,0,0,0,0,1,1,0,1,Stable Mid-Risk
0,-1.2395040756535771,1,0,0,1,1,0.9656944404074818,1,2.984588514029753,0,2,1,0,0,0,1,0,1,0,0,0,1,0,Critical Churn-Risk
0,-0.8320644628904743,0,1,1,1,1,0.4787219450432425,0,0.0440566271086053,0,5,1,1,0,1,0,0,0,1,0,0,1,1,Stable Mid-Risk
0,1.1236456783724194,1,1,1,1,1,1.4842453569728156,0,-0.4576513907417685,3,5,1,0,1,0,1,0,1,0,0,0,0,1,Stable Mid-Risk
0,0.9199258719908678,0,1,1,0,1,-0.1860869223482107,0,-0.5436948588647719,3,3,0,1,0,1,0,0,0,0,1,0,1,1,Stable Mid-Risk
0,-1.2802480369298874,0,0,1,0,0,-1.1849622456038695,0,1.0342357318881754,0,1,0,0,0,1,0,0,1,0,0,0,0,2,Vulnerable High-Risk
0,-1.2802480369298874,0,0,0,0,0,-1.487450280266981,0,0.5031172186466287,0,0,0,0,0,0,0,1,1,0,0,0,0,2,Vulnerable High-Risk
0,-1.1580161531009563,1,0,0,0,1,0.3740145484290884,1,1.1083588650548528,0,0,0,0,0,0,1,0,1,0,0,0,1,0,Critical Churn-Risk
0,-1.2802480369298874,0,0,0,0,1,-1.3411923294408608,1,0.7599217744996843,0,0,0,0,0,1,0,0,1,0,0,0,0,2,Vulnerable High-Risk
0,0.3902543753988342,0,0,1,0,0,0.0565683142496695,0,-0.4865711634900284,2,3,1,1,1,1,0,0,0,0,1,1,0,1,Stable Mid-Risk
0,-1.2802480369298874,0,1,0,0,0,-0.5068572008645872,0,2.224875036297797,0,1,0,0,1,1,0,0,1,0,0,0,0,2,Vulnerable High-Risk
0,-1.0357842692720256,1,0,0,1,1,0.8161124452444047,1,0.6366264053543251,0,2,1,0,1,0,1,0,1,0,0,1,0,0,Critical Churn-Risk
0,-1.1987601143772668,0,0,0,0,1,0.2925754621736353,0,1.4807254710417836,0,1,0,0,1,0,1,0,1,0,0,1,0,0,Critical Churn-Risk
0,1.6125732136881423,1,1,0,1,1,0.5934014746682683,0,-0.5349344472681122,3,5,1,1,1,1,0,0,0,0,1,1,0,1,Stable Mid-Risk
0,-0.7098325790615434,1,0,0,0,1,-0.525139444717852,0,-0.3096108359565076,1,0,0,0,0,1,0,0,1,0,0,0,1,2,Vulnerable High-Risk
0,-1.1580161531009563,0,0,0,1,1,0.5169484549182508,1,1.208746100524684,0,1,1,0,0,0,1,0,1,0,0,0,1,0,Critical Churn-Risk
0,-0.8728084241667845,1,0,0,0,0,-1.3162619969136813,0,-0.4219628291422194,0,0,0,1,0,0,0,1,0,1,0,0,1,3,Loyal Low-Risk
0,-1.1172721918246462,1,0,0,0,0,-1.3079518860712882,0,-0.1719674849973888,0,0,0,0,0,0,0,1,1,0,0,0,0,2,Vulnerable High-Risk
0,-1.2802480369298874,0,1,0,0,1,-0.299104429804758,1,2.5896542349527056,0,2,0,0,0,1,0,0,1,0,0,0,1,2,Vulnerable High-Risk
0,1.6125732136881423,1,1,1,1,1,1.532443999858696,0,-0.4897617903387921,3,5,1,1,1,0,1,0,0,0,1,1,0,1,Stable Mid-Risk
0,0.9199258719908678,1,0,0,0,1,0.430523302157362,0,-0.5050282638073514,3,1,0,0,1,0,1,0,1,0,0,1,0,0,Critical Churn-Risk
1,0.3087664528462136,1,0,0,0,1,-1.2830215535441087,0,-0.5925015530402021,2,0,0,0,0,0,0,1,1,0,0,0,1,2,Vulnerable High-Risk
0,1.0014137945434884,0,0,0,0,0,-1.4924363467724169,0,-0.6270442103446205,3,0,0,1,1,0,0,1,0,0,1,0,0,3,Loyal Low-Risk
0,-1.2802480369298874,0,0,0,1,1,0.4737358785378064,1,3.946632853948966,0,1,1,0,0,0,1,0,1,0,0,0,1,0,Critical Churn-Risk
0,-1.2802480369298874,0,1,0,1,1,1.0039209502824906,1,4.877549368916292,0,3,1,0,0,0,1,0,1,0,0,0,1,0,Critical Churn-Risk
0,-1.2802480369298874,0,0,0,0,0,-1.3162619969136813,1,0.8036952783382734,0,0,0,0,0,1,0,0,1,0,0,0,0,2,Vulnerable High-Risk
1,0.797693988161937,1,0,0,1,1,0.5335686766030371,0,-0.4890271406836049,3,4,1,1,0,1,0,0,0,1,0,0,1,1,Stable Mid-Risk
0,0.3495104141225239,1,0,0,1,1,1.1169384577390378,1,-0.3936142742753237,2,3,1,0,0,0,1,0,1,0,0,0,1,0,Critical Churn-Risk
0,0.4309983366751445,0,0,0,1,1,-0.2808221859514929,0,-0.51760130268047,2,1,1,1,0,1,0,0,0,1,0,0,0,1,Stable Mid-Risk
1,0.5939741817803856,0,0,0,0,0,-1.5123806127941604,0,-0.6201595270780531,2,0,0,1,1,0,0,1,0,0,1,0,0,3,Loyal Low-Risk
0,-1.1987601143772668,1,0,0,0,0,-0.4786028240004503,0,0.8036952783382734,0,0,0,0,1,1,0,0,1,0,0,0,0,2,Vulnerable High-Risk
1,1.368109446030281,1,1,1,1,0,0.4853700337171571,1,-0.5287614673633342,3,5,1,1,1,1,0,0,0,0,1,1,0,1,Stable Mid-Risk
1,0.9199258719908678,0,0,1,0,1,-0.3173866736580229,0,-0.551928446491554,3,2,0,1,1,1,0,0,0,0,1,1,0,1,Stable Mid-Risk
0,-0.1394171211931994,0,0,0,0,0,-1.5190287014680746,0,-0.5927767685656913,2,0,0,1,0,0,0,1,0,1,0,0,0,3,Loyal Low-Risk
1,-0.8320644628904743,1,0,0,1,1,0.6399380953856697,0,0.0876056514403297,0,1,1,0,0,0,1,0,1,0,0,0,1,0,Critical Churn-Risk
0,1.368109446030281,1,0,0,1,1,1.3429734726521318,0,-0.4838119589440069,3,4,1,0,0,0,1,0,1,0,0,0,1,0,Critical Churn-Risk
0,0.1050466464646622,1,0,0,1,1,1.216659787847756,1,-0.3383067995840271,2,3,1,0,0,0,1,0,1,0,0,0,1,0,Critical Churn-Risk
0,-0.9135523854430948,1,0,0,0,1,0.8310706447607126,1,0.2858414632296323,0,2,1,0,0,0,1,0,1,0,0,0,1,0,Critical Churn-Risk
1,-0.22090504374582,1,0,0,0,1,0.3640424154182167,0,-0.3512998872313543,2,0,0,0,1,0,1,0,1,0,0,0,0,0,Critical Churn-Risk
0,1.0421577558197987,0,0,1,1,1,1.013893083293362,0,-0.4785468838217062,3,3,1,0,0,0,1,0,1,0,0,0,1,0,Critical Churn-Risk
0,0.8791819107145575,0,1,1,1,0,1.4942174899836873,1,-0.4341663514244928,3,6,1,1,1,0,1,0,0,0,1,0,0,1,Stable Mid-Risk
0,-0.9542963467194052,0,0,0,0,0,-1.494098368940895,0,-0.4353867036527201,0,0,0,0,0,0,0,1,1,0,0,0,0,2,Vulnerable High-Risk
0,-1.2395040756535771,0,0,0,0,0,-1.5123806127941604,1,0.0838643263259204,0,0,0,1,1,0,0,1,0,1,0,1,0,3,Loyal Low-Risk
0,-1.076528230548336,0,0,0,0,1,0.1429934670105583,0,0.4851909265984445,0,0,0,0,0,0,1,0,1,0,0,0,1,0,Critical Churn-Risk
0,-0.2616490050221303,0,0,0,1,1,0.8792692876465931,1,-0.2725925024633798,2,2,1,0,0,0,1,0,1,0,0,0,1,0,Critical Churn-Risk
0,-0.9542963467194052,0,0,0,0,0,-1.4808021915930665,0,-0.4307175299099373,0,0,0,0,0,0,0,1,1,0,0,0,0,2,Vulnerable High-Risk
0,-0.9950403079957154,0,0,0,0,1,-0.3340068953428092,0,0.0430090560765706,0,2,0,0,0,1,0,0,1,0,0,0,0,2,Vulnerable High-Risk
0,-0.8320644628904743,0,0,0,1,1,0.553512942624781,0,0.0642597827264156,0,1,1,0,0,0,1,0,1,0,0,0,1,0,Critical Churn-Risk
0,-0.7098325790615434,1,0,0,0,1,-0.5218154003808947,1,-0.3088812775591978,1,0,0,0,0,1,0,0,1,0,0,0,1,2,Vulnerable High-Risk
0,0.4309983366751445,1,1,0,1,1,0.5119623884128152,0,-0.4543286925865095,2,4,1,1,0,1,0,0,0,1,0,0,1,1,Stable Mid-Risk
0,0.3902543753988342,1,0,1,1,1,1.1800953001412255,0,-0.3948164701725518,2,3,1,0,0,0,1,0,1,0,0,0,1,0,Critical Churn-Risk
0,-0.0579291986405789,1,1,1,0,0,0.0150177600377037,1,-0.4290760235159901,2,3,0,0,1,1,0,0,1,0,0,1,0,2,Vulnerable High-Risk
1,1.368109446030281,1,1,1,0,1,0.8692971546357213,0,-0.5086387223151471,3,3,0,1,1,0,1,0,0,0,1,1,0,1,Stable Mid-Risk
0,-0.5876006952326126,1,0,1,0,1,0.6864747161030716,1,-0.1421195870583274,1,2,0,0,0,0,1,0,1,0,0,0,1,0,Critical Churn-Risk
0,-1.2802480369298874,0,0,0,0,0,-1.4891123024354591,0,0.5001989850573895,0,0,0,0,0,0,0,1,1,0,0,0,0,2,Vulnerable High-Risk
0,1.1643896396487294,1,0,1,1,1,0.974004551249875,1,-0.489929430801276,3,3,1,1,0,0,1,0,0,0,1,0,1,1,Stable Mid-Risk
0,-0.9135523854430948,1,0,0,0,0,0.5003282332334644,0,0.1802544660917023,0,1,0,0,0,0,1,0,1,0,0,0,1,0,Critical Churn-Risk
0,-1.2802480369298874,0,0,0,0,1,0.2277565976029689,1,3.5147342827415544,0,0,0,0,0,0,1,0,1,0,0,0,1,0,Critical Churn-Risk
0,-0.5876006952326126,0,0,0,0,1,0.2909134400051568,0,-0.2152290180308481,1,1,0,0,0,0,1,0,1,0,0,0,1,0,Critical Churn-Risk
0,-0.3431369275747509,1,0,0,1,1,1.3246912287988668,1,-0.1784654184560949,1,4,1,0,0,0,1,0,1,0,0,0,1,0,Critical Churn-Risk
1,-1.1987601143772668,0,0,0,0,0,-1.5123806127941604,0,-0.1038753679151391,0,0,0,0,0,0,0,1,1,0,0,0,0,2,Vulnerable High-Risk
0,0.7162060656093164,0,0,0,0,0,-1.4841262359300234,0,-0.6209749158750464,3,0,0,1,1,0,0,1,0,1,0,1,0,3,Loyal Low-Risk
1,-1.2802480369298874,0,0,0,0,0,-0.6730594177124505,0,1.9330516773738704,0,0,0,0,0,1,0,0,1,0,0,0,1,2,Vulnerable High-Risk
0,-1.2395040756535771,0,1,1,0,1,-0.3439790283536809,0,1.4515431351493913,0,2,0,0,0,1,0,0,1,0,0,0,0,2,Vulnerable High-Risk
0,-0.6283446565089229,0,0,0,0,1,-1.5007464576148095,0,-0.5396649172415366,1,0,0,1,1,0,0,1,0,1,0,0,0,3,Loyal Low-Risk
1,1.490341329859212,1,0,0,1,1,1.3363253839782172,0,-0.4920004352839619,3,4,1,1,0,0,1,0,0,0,1,0,1,1,Stable Mid-Risk
0,1.6125732136881423,1,1,1,1,1,0.7945061570541828,0,-0.5252603030407711,3,6,1,1,1,1,0,0,0,0,1,1,0,1,Stable Mid-Risk
0,-1.1987601143772668,1,0,0,0,1,0.3141817503638577,1,1.499693989371839,0,0,0,0,0,0,1,0,1,0,0,0,1,0,Critical Churn-Risk
1,0.7162060656093164,1,1,0,0,1,0.3440981493964733,0,-0.4950903296725681,3,4,1,1,1,1,0,0,0,0,1,0,0,1,Stable Mid-Risk
0,0.8384379494382472,0,0,0,0,0,-1.4808021915930665,0,-0.623320946799729,3,0,0,1,0,0,0,1,0,0,1,0,0,3,Loyal Low-Risk
0,1.0421577558197987,1,1,1,1,1,1.472611201793465,0,-0.4512440882071288,3,5,1,1,1,0,1,0,0,0,1,1,0,1,Stable Mid-Risk
0,0.5532302205040753,0,1,0,0,1,-1.1317775362125533,0,-0.5907236567071628,2,1,0,1,1,1,0,0,0,1,0,0,0,3,Loyal Low-Risk
0,1.6125732136881423,1,1,1,1,1,1.5989248865978414,0,-0.4865637261314066,3,6,1,0,1,0,1,0,1,0,0,1,0,1,Stable Mid-Risk
0,-1.2802480369298874,1,0,0,0,1,0.3125197281953792,1,3.663564195792757,0,0,0,0,0,0,1,0,1,0,0,0,1,0,Critical Churn-Risk
1,-1.076528230548336,1,0,0,1,1,0.9723425290813964,0,0.9012476583214146,0,3,1,0,0,0,1,0,1,0,0,0,0,0,Critical Churn-Risk
0,1.6125732136881423,1,1,1,0,0,0.4670877898638917,0,-0.5410107692621446,3,5,1,1,1,1,0,0,0,0,1,0,0,1,Stable Mid-Risk
0,-1.1580161531009563,0,0,0,0,1,-0.3157246514895444,0,0.6239320892411343,0,1,1,0,0,1,0,0,1,0,0,0,0,2,Vulnerable High-Risk
1,0.797693988161937,0,0,0,0,0,-1.5107185906256817,0,-0.6244772280332012,3,0,0,1,0,0,0,1,0,0,1,0,0,3,Loyal Low-Risk
0,-1.2395040756535771,0,0,0,0,0,-1.4741541029191516,0,0.1286105746942558,0,0,0,1,0,0,0,1,0,1,0,0,0,3,Loyal Low-Risk
0,1.3273654847539706,0,0,0,0,0,-1.5107185906256817,0,-0.6328715294554211,3,0,0,1,1,0,0,1,0,0,1,0,0,3,Loyal Low-Risk
0,0.4309983366751445,1,0,0,1,1,1.2033636104999266,1,-0.3991475483536215,2,3,1,0,0,0,1,0,1,0,0,0,1,0,Critical Churn-Risk
0,-1.1580161531009563,1,0,0,1,1,1.1767712558042684,1,1.6721615944958796,0,3,1,0,0,0,1,0,1,0,0,0,1,0,Critical Churn-Risk
0,-0.3023929662984406,1,1,0,0,1,0.8061403122335331,1,-0.2672964489125382,2,2,1,1,0,0,1,0,0,1,0,0,1,1,Stable Mid-Risk
0,0.7569500268856267,1,0,1,1,1,0.4604397011899776,0,-0.4905413184893422,3,4,1,1,1,1,0,0,0,1,0,1,0,1,Stable Mid-Risk
0,-0.8320644628904743,1,0,0,1,0,0.330801972048644,0,0.0040992748867137,0,3,1,0,1,1,0,0,1,0,0,0,0,2,Vulnerable High-Risk
1,1.0014137945434884,0,1,0,1,1,0.1762339103801309,1,-0.5260129509102679,3,3,1,1,1,1,0,0,0,1,0,0,0,1,Stable Mid-Risk
1,-0.3431369275747509,0,0,0,0,0,-1.4924363467724169,0,-0.5741778931569397,1,0,0,1,0,0,0,1,0,1,0,0,0,3,Loyal Low-Risk
0,1.2866215234776603,1,0,1,0,0,-0.2143412992123476,0,-0.5623074168339419,3,2,0,1,1,1,0,0,0,1,0,0,0,1,Stable Mid-Risk
0,-1.1580161531009563,0,0,1,1,1,1.3579316721684396,1,1.799396578986712,0,5,1,1,0,0,1,0,0,1,0,0,1,0,Critical Churn-Risk
0,-0.2616490050221303,1,0,0,1,1,1.1867433888151402,0,-0.2326018940182491,2,3,1,0,1,0,1,0,1,0,0,0,0,0,Critical Churn-Risk
1,-0.7098325790615434,0,0,0,0,0,-1.487450280266981,0,-0.5208179919776997,1,0,0,0,0,0,0,1,1,0,0,0,0,2,Vulnerable High-Risk
0,1.2866215234776603,1,0,0,0,0,-1.3013037973973738,0,-0.6210312558297105,3,0,0,1,1,0,0,1,0,0,1,1,0,3,Loyal Low-Risk
0,0.1457906077409725,1,0,0,1,1,1.0537816153368496,1,-0.3626517032203835,2,3,1,0,0,0,1,0,1,0,0,0,1,0,Critical Churn-Risk
0,-0.22090504374582,1,0,0,1,0,1.0039209502824906,0,-0.2710484635272744,2,2,1,0,1,0,1,0,1,0,0,1,0,0,Critical Churn-Risk
0,-1.2802480369298874,0,0,0,0,0,0.2011642429073104,1,3.4680425453137254,0,0,0,0,0,0,1,0,1,0,0,0,0,0,Critical Churn-Risk
0,0.1050466464646622,1,1,1,1,1,0.703094937787858,1,-0.3884031428659678,2,5,1,1,1,1,0,0,0,1,0,1,0,1,Stable Mid-Risk
0,-1.1580161531009563,0,0,0,0,1,0.3025475951845074,1,1.0581652473199377,0,1,0,0,0,0,1,0,1,0,0,0,1,0,Critical Churn-Risk
1,-0.9950403079957154,0,0,0,0,1,-0.6431430186798349,0,-0.0776112656119856,0,0,0,0,0,1,0,0,1,0,0,0,1,2,Vulnerable High-Risk
0,-0.9135523854430948,0,0,0,0,1,-1.4891123024354591,0,-0.4548592805118257,0,0,0,0,1,0,0,1,1,0,0,1,0,2,Vulnerable High-Risk
0,-1.2395040756535771,0,0,0,0,0,-0.5184913560439374,0,1.2472667839026426,0,1,0,0,0,1,0,0,1,0,0,0,0,2,Vulnerable High-Risk
0,1.0421577558197987,1,1,0,1,1,1.4842453569728156,1,-0.4505516259995126,3,5,1,1,1,0,1,0,0,0,1,0,0,1,Stable Mid-Risk
0,0.7569500268856267,0,1,1,1,1,0.6133457406900117,0,-0.4802152611735725,3,6,1,1,1,1,0,0,0,0,1,1,0,1,Stable Mid-Risk
1,0.5532302205040753,0,0,0,0,1,-1.5140426349626388,0,-0.6192850918358874,2,0,0,1,0,0,0,1,0,0,1,0,0,3,Loyal Low-Risk
0,-1.2802480369298874,0,0,0,0,1,-1.5007464576148095,0,0.4797713499327145,0,0,0,0,1,0,0,1,1,0,0,0,0,2,Vulnerable High-Risk
0,0.5532302205040753,1,0,0,0,0,0.2659831074779772,0,-0.486288148258217,2,0,0,0,1,0,1,0,1,0,0,0,0,0,Critical Churn-Risk
0,0.7162060656093164,1,1,1,1,1,1.4908934456467302,0,-0.4161263619637409,3,5,1,0,1,0,1,0,1,0,0,0,0,1,Stable Mid-Risk
1,0.8384379494382472,0,0,1,1,0,0.0067076491953105,0,-0.5265869074527235,3,3,1,0,1,1,0,0,1,0,0,1,0,1,Stable Mid-Risk
0,1.1643896396487294,1,0,1,1,1,1.638813418641328,0,-0.4522748038433499,3,5,1,0,0,0,1,0,1,0,0,0,1,0,Critical Churn-Risk
0,-1.1172721918246462,0,0,0,0,0,-1.4675060142452372,0,-0.2653509598530454,0,0,0,0,1,0,0,1,1,0,0,0,0,2,Vulnerable High-Risk
0,0.5939741817803856,0,1,1,1,1,0.7363353811574307,0,-0.4556441084846893,2,6,1,1,1,1,0,0,0,1,0,0,0,1,Stable Mid-Risk
0,0.8791819107145575,1,0,0,1,1,0.9956108394400972,0,-0.4660016269434666,3,3,1,1,1,0,1,0,0,1,0,0,0,1,Stable Mid-Risk
1,-0.5468567339563023,0,0,0,0,1,-1.3112759304082455,0,-0.5191400076638871,1,0,0,0,1,1,0,0,1,0,0,1,0,2,Vulnerable High-Risk
1,-0.2616490050221303,0,0,1,1,1,1.351283583494525,0,-0.2112015143638278,2,5,1,1,0,0,1,0,0,0,1,0,1,1,Stable Mid-Risk
1,1.5310852911355222,1,0,0,0,0,-1.3096139082397669,0,-0.6253349389951195,3,0,0,1,0,0,0,1,0,0,1,0,0,3,Loyal Low-Risk
0,-0.6283446565089229,1,0,0,1,1,1.254886297722764,0,-0.0020614404683469,1,4,1,0,0,0,1,0,1,0,0,0,1,0,Critical Churn-Risk
0,-0.0986731599168891,1,0,0,1,1,1.1767712558042684,1,-0.289795088519899,2,3,1,0,0,0,1,0,1,0,0,0,1,0,Critical Churn-Risk
1,-1.2802480369298874,1,0,0,0,0,-1.3561505289571687,0,0.7336576721965309,0,0,0,0,0,0,0,1,1,0,0,0,0,2,Vulnerable High-Risk
1,-0.5468567339563023,1,0,0,0,0,-1.3029658195658524,0,-0.5176808908692675,1,0,0,1,0,0,0,1,0,0,1,0,0,3,Loyal Low-Risk
0,-0.2616490050221303,0,0,0,1,1,0.2892514178366782,0,-0.3493312375878198,2,4,1,1,1,1,0,0,0,0,1,1,0,1,Stable Mid-Risk
1,-0.4653688114036817,0,0,0,0,1,0.3075336616899431,1,-0.2741940919416492,1,1,0,0,1,0,1,0,1,0,0,0,0,0,Critical Churn-Risk
0,0.7162060656093164,1,0,0,1,1,1.1119523912336016,0,-0.4422188034675273,3,3,1,1,0,0,1,0,0,1,0,0,1,1,Stable Mid-Risk
0,1.4495973685829016,0,1,0,1,1,-0.3456410505221597,0,-0.5750643594762217,3,4,1,1,0,1,0,0,0,1,0,0,1,1,Stable Mid-Risk
0,-1.1987601143772668,1,0,0,1,1,1.2216458543531914,1,2.296371759234159,0,3,1,0,1,0,1,0,1,0,0,0,0,0,Critical Churn-Risk
1,-0.9542963467194052,0,0,1,1,0,1.273168541576029,0,0.5363850815639563,0,4,1,0,0,0,1,0,1,0,0,0,1,0,Critical Churn-Risk
1,0.7569500268856267,0,1,1,0,0,-1.0170980065875277,0,-0.5903224592906388,3,2,0,1,1,1,0,0,0,0,1,0,0,1,Stable Mid-Risk
0,-0.9542963467194052,0,0,0,0,1,-0.6996517724081085,0,-0.156403572521446,0,0,0,0,0,1,0,0,1,0,0,0,1,2,Vulnerable High-Risk
1,0.3495104141225239,1,0,1,1,1,1.5673464653967473,1,-0.3559551646237122,2,5,1,1,0,0,1,0,0,1,0,0,1,1,Stable Mid-Risk
0,-0.4246248501273714,1,0,0,1,1,1.1917294553205762,0,-0.1562766928001747,1,3,1,0,0,0,1,0,1,0,0,0,1,0,Critical Churn-Risk
1,-0.4653688114036817,0,1,0,1,1,-0.2941183632993219,1,-0.3702305064238869,1,4,1,1,0,1,0,0,0,1,0,0,1,1,Stable Mid-Risk
1,1.5718292524118322,1,1,1,1,1,1.703632283211995,0,-0.4789494461765307,3,6,1,1,1,0,1,0,0,0,1,0,0,1,Stable Mid-Risk
0,-1.2802480369298874,0,0,0,0,0,-0.6331708856689632,1,2.003089283515613,0,0,0,0,0,1,0,0,1,0,0,0,1,2,Vulnerable High-Risk
1,-0.2616490050221303,1,0,1,1,1,0.5717951864780458,0,-0.3125831109085105,2,4,1,1,1,1,0,0,0,1,0,1,0,1,Stable Mid-Risk
0,1.5718292524118322,1,1,1,0,0,0.0116937157007466,0,-0.5614706071166856,3,3,0,1,1,1,0,0,0,0,1,0,0,1,Stable Mid-Risk
0,-1.1580161531009563,0,0,0,0,1,-0.6647493068700573,0,0.3788004677450357,0,0,0,0,1,1,0,0,1,0,0,1,0,2,Vulnerable High-Risk
0,-0.8320644628904743,1,1,0,0,1,0.4986662110649859,0,0.0494441352733546,0,1,0,0,0,0,1,0,1,0,0,0,1,0,Critical Churn-Risk
0,-0.5876006952326126,1,0,1,1,1,0.7994922235596185,0,-0.1212311782090359,1,2,1,0,0,0,1,0,1,0,0,0,1,0,Critical Churn-Risk
0,-1.1987601143772668,1,0,0,0,1,0.3374500607225587,0,1.520121624496514,0,0,0,0,0,0,1,0,1,0,0,0,1,0,Critical Churn-Risk
0,1.6125732136881423,1,1,0,1,1,1.3978202042119263,0,-0.4962378703587477,3,4,1,1,1,0,1,0,0,1,0,0,0,1,Stable Mid-Risk
0,-0.8728084241667845,0,0,0,0,0,0.3374500607225587,1,0.0619775744066259,0,1,0,0,0,0,1,0,1,0,0,0,1,0,Critical Churn-Risk
0,-1.2802480369298874,0,0,0,0,0,0.5103003662443366,1,4.010833992912231,0,1,1,0,1,0,1,0,1,0,0,1,0,0,Critical Churn-Risk
0,-0.791320501614164,0,0,0,0,0,-1.5123806127941604,0,-0.5061747127174099,1,0,0,1,1,0,0,1,0,1,0,1,0,3,Loyal Low-Risk
0,1.6125732136881423,1,0,1,1,1,1.477597268298901,1,-0.4924001933098851,3,5,1,1,0,0,1,0,0,1,0,0,1,1,Stable Mid-Risk
0,0.3902543753988342,1,1,0,0,0,-0.2891322967938861,0,-0.5148033768184826,2,1,0,1,1,1,0,0,0,1,0,1,0,3,Loyal Low-Risk
0,-0.6283446565089229,0,0,0,0,0,-1.499084435446331,0,-0.5393406690649545,1,0,0,0,1,0,0,1,1,0,0,1,0,2,Vulnerable High-Risk
0,-1.0357842692720256,0,0,0,0,1,-0.448686424967835,0,0.0814324650015543,0,1,0,0,0,1,0,0,1,0,0,0,0,2,Vulnerable High-Risk
0,1.4495973685829016,1,1,1,1,0,1.7883954138044051,0,-0.4664553180680124,3,6,1,1,0,0,1,0,0,0,1,0,0,1,Stable Mid-Risk
1,0.960669833267178,1,0,0,0,0,-1.3511644624517327,0,-0.6176380708627893,3,0,0,1,1,0,0,1,0,0,1,0,0,3,Loyal Low-Risk
1,0.227278530293593,0,0,0,0,0,-1.4791401694245876,0,-0.6063353307803107,2,0,0,1,0,0,0,1,0,1,0,0,0,3,Loyal Low-Risk
1,1.6125732136881423,1,1,1,1,1,1.6853500393587302,0,-0.4824062426618054,3,6,1,1,0,0,1,0,0,0,1,0,1,1,Stable Mid-Risk
0,0.6347181430566958,1,0,0,0,0,-1.3212480634191175,0,-0.6074195515277518,2,0,0,1,1,0,0,1,0,1,0,1,0,3,Loyal Low-Risk
0,0.797693988161937,1,1,0,1,1,1.472611201793465,0,-0.426808198120579,3,5,1,0,0,0,1,0,1,0,0,0,1,0,Critical Churn-Risk
1,0.1050466464646622,0,0,0,0,0,-1.5007464576148095,0,-0.6033796839399274,2,0,0,1,0,0,0,1,0,1,0,0,0,3,Loyal Low-Risk
0,1.4088534073065913,1,0,1,1,1,1.545740177206525,0,-0.4760359809428294,3,5,1,1,1,0,1,0,0,0,1,0,0,1,Stable Mid-Risk
0,-1.2802480369298874,0,1,0,0,0,-1.16003191307669,0,1.0780092357267643,0,1,0,0,0,1,0,0,1,0,0,0,0,2,Vulnerable High-Risk
0,0.8384379494382472,0,0,1,0,1,0.525258565760644,0,-0.492865097088181,3,2,0,0,0,0,1,0,1,0,0,0,0,0,Critical Churn-Risk
1,0.0643026851883519,0,0,0,0,0,-1.4625199477398012,0,-0.5977238693169731,2,0,0,0,0,0,0,1,1,0,0,0,0,2,Vulnerable High-Risk
0,-1.1987601143772668,0,0,0,1,0,-0.9838575632179548,1,0.3601237727739046,0,1,1,0,1,1,0,0,1,0,0,1,0,2,Vulnerable High-Risk
0,-1.2802480369298874,0,0,0,1,0,0.4654257676954133,1,3.9320416860027696,0,1,1,0,0,0,1,0,1,0,0,0,1,0,Critical Churn-Risk
0,-0.5468567339563023,0,0,1,1,0,0.8360567112661487,0,-0.1421042279341735,1,3,1,0,0,0,1,0,1,0,0,0,0,0,Critical Churn-Risk
0,1.1236456783724194,1,1,1,1,1,1.703632283211995,0,-0.4450216584867003,3,6,1,1,1,0,1,0,0,0,1,0,0,1,Stable Mid-Risk
0,-0.8728084241667845,0,0,0,0,0,-1.504070501951767,0,-0.4769228950728923,0,0,0,1,1,0,0,1,0,0,1,1,0,3,Loyal Low-Risk
0,0.5939741817803856,1,0,0,1,1,1.382862004695619,1,-0.4083444057257695,2,4,1,0,0,0,1,0,1,0,0,0,1,0,Critical Churn-Risk
0,-0.5876006952326126,0,1,0,0,0,-0.5118432673700231,1,-0.363598157357434,1,1,0,0,0,1,0,0,1,0,0,0,1,2,Vulnerable High-Risk
1,1.1236456783724194,1,1,1,1,0,1.6770399285163369,0,-0.4465525351236782,3,6,1,1,1,0,1,0,0,0,1,1,0,1,Stable Mid-Risk
0,1.6125732136881423,1,0,0,0,0,-1.3295581742615106,0,-0.6274384544667378,3,0,0,1,1,0,0,1,0,0,1,1,0,3,Loyal Low-Risk
0,0.2680224915699033,0,0,0,0,0,-1.4924363467724169,0,-0.6090216022124566,2,0,0,1,0,0,0,1,0,1,0,0,0,3,Loyal Low-Risk
0,1.082901717096109,0,1,0,0,1,0.5468648539508664,0,-0.5090234645545243,3,2,0,1,1,0,1,0,0,1,0,1,0,1,Stable Mid-Risk
1,-1.2395040756535771,0,0,0,0,0,0.1712478438746953,0,2.054644743592173,0,0,0,0,0,0,1,0,1,0,0,0,0,0,Critical Churn-Risk
0,-1.2802480369298874,0,0,0,0,0,0.1429934670105583,1,3.3659043696903512,0,0,0,0,0,0,1,0,1,0,0,0,1,0,Critical Churn-Risk
1,-0.506112772679992,0,0,0,1,1,0.8443668221085419,1,-0.1657141273061618,1,2,1,0,0,0,1,0,1,0,0,0,1,0,Critical Churn-Risk
0,-1.076528230548336,1,0,0,1,1,0.95572230739661,1,0.8929098480664452,0,2,1,0,1,0,1,0,1,0,0,0,0,0,Critical Churn-Risk
0,1.5718292524118322,1,0,1,0,1,0.7180531373041658,0,-0.5270192383548331,3,2,0,1,1,0,1,0,0,0,1,1,0,1,Stable Mid-Risk
0,-0.3431369275747509,1,1,0,0,0,0.0499202255757549,0,-0.3575282314918164,1,3,0,0,0,1,0,0,1,0,0,0,0,2,Vulnerable High-Risk
0,1.4088534073065913,1,0,0,1,1,0.9922867951031402,0,-0.5046175040374375,3,2,1,0,1,0,1,0,1,0,0,1,0,0,Critical Churn-Risk
0,-1.2802480369298874,0,0,0,0,1,0.5335686766030371,1,4.051689263161579,0,1,1,0,0,0,1,0,1,0,0,0,0,0,Critical Churn-Risk
1,0.6347181430566958,1,0,0,0,1,0.5734572086465244,1,-0.4716323559468225,2,1,1,1,0,0,1,0,0,1,0,0,0,1,Stable Mid-Risk
0,0.1865345690172827,1,0,1,0,0,0.2427147971192763,0,-0.4456158803392114,2,3,1,1,0,1,0,0,0,1,0,0,0,1,Stable Mid-Risk
0,-0.8728084241667845,0,0,0,0,0,-1.000477784902741,0,-0.3295520988163092,0,2,0,0,0,1,0,0,1,0,0,0,0,2,Vulnerable High-Risk
0,-1.1987601143772668,0,0,0,0,1,-1.4708300585821945,1,-0.0673974480496483,0,0,0,0,1,0,0,1,1,0,0,1,0,2,Vulnerable High-Risk
0,-0.5876006952326126,0,0,0,1,1,1.0354993714835847,0,-0.0776112656119857,1,3,1,0,1,0,1,0,1,0,0,1,0,0,Critical Churn-Risk
1,0.7162060656093164,0,0,0,0,1,-0.6647493068700573,0,-0.5645557331497538,3,0,0,1,1,1,0,0,0,1,0,0,0,3,Loyal Low-Risk
1,1.4088534073065913,1,1,1,1,1,1.4825833348043371,0,-0.4792975361308026,3,5,1,1,0,0,1,0,0,1,0,0,1,1,Stable Mid-Risk
0,-0.3023929662984406,0,1,1,0,1,0.2078123315812251,0,-0.3481090713837795,2,4,1,0,0,1,0,0,1,0,0,0,0,2,Vulnerable High-Risk
0,-1.2395040756535771,1,0,0,0,1,0.4571156568530201,1,2.3892688618249425,0,1,0,0,0,0,1,0,1,0,0,0,1,0,Critical Churn-Risk
0,-0.9542963467194052,0,0,0,0,0,-1.499084435446331,0,-0.4371376438062637,0,0,0,0,1,0,0,1,1,0,0,1,0,2,Vulnerable High-Risk
1,-0.9135523854430948,0,1,1,0,0,-0.8159933242016129,0,-0.2399711707587523,0,3,0,1,0,1,0,0,0,1,0,0,0,2,Vulnerable High-Risk
0,1.5310852911355222,0,0,0,0,0,-1.494098368940895,0,-0.6344595566966845,3,0,0,1,1,0,0,1,0,0,1,1,0,3,Loyal Low-Risk
0,-0.9542963467194052,0,1,1,0,1,0.1147390901464217,0,0.1295833192240023,0,4,1,0,1,1,0,0,1,0,0,0,0,2,Vulnerable High-Risk
0,-1.1580161531009563,0,0,0,0,1,-1.4841262359300234,0,-0.196675196052948,0,0,0,0,1,0,0,1,1,0,0,1,0,2,Vulnerable High-Risk
0,-1.2395040756535771,0,1,0,0,0,-0.4603205801471852,0,1.3153589009848918,0,1,0,0,0,1,0,0,1,0,0,0,0,2,Vulnerable High-Risk
1,-1.2802480369298874,0,0,0,0,0,0.4604397011899776,1,3.923286985235052,0,1,1,0,0,0,1,0,1,0,0,0,1,0,Critical Churn-Risk
0,-0.5468567339563023,0,0,0,0,1,-1.3179240190821602,0,-0.5203073010995828,1,0,0,0,1,1,0,0,1,0,0,0,0,2,Vulnerable High-Risk
1,-1.0357842692720256,0,0,0,0,1,-1.4808021915930665,0,-0.3716232997278421,0,0,0,0,1,0,0,1,1,0,0,0,0,2,Vulnerable High-Risk
0,-1.2802480369298874,0,0,0,0,1,-0.7279061492722454,1,1.8367499689289744,0,0,0,0,0,1,0,0,1,0,0,0,1,2,Vulnerable High-Risk
0,-1.2802480369298874,0,0,0,0,0,-0.6913416615657154,0,1.9009511078922383,0,0,0,0,0,1,0,0,1,0,0,0,1,2,Vulnerable High-Risk
1,-0.9542963467194052,0,0,0,0,0,-1.4808021915930665,0,-0.4307175299099373,0,0,0,1,0,0,0,1,0,1,0,0,0,3,Loyal Low-Risk
0,-1.1987601143772668,0,1,1,0,0,-1.0154359844190488,1,0.3324005536761314,0,2,0,0,0,1,0,0,1,0,0,0,0,2,Vulnerable High-Risk
0,-0.9542963467194052,0,1,1,1,0,-0.2093552327069117,1,0.0157722092436707,0,5,1,0,0,1,0,0,1,0,0,0,0,2,Vulnerable High-Risk
0,-1.1172721918246462,0,1,0,0,0,-0.299104429804758,0,0.4184884445586898,0,2,0,0,1,1,0,0,1,0,0,1,0,2,Vulnerable High-Risk
1,0.960669833267178,0,0,0,1,0,0.8011542457280975,0,-0.4850376323341979,3,2,1,1,1,0,1,0,0,1,0,0,0,1,Stable Mid-Risk
1,-0.5876006952326126,1,1,0,0,0,-0.2376096095710485,0,-0.3129130476495941,1,1,0,0,0,1,0,0,1,0,0,0,0,2,Vulnerable High-Risk
0,0.6754621043330061,1,0,0,1,1,1.0438094823259778,1,-0.4425071936104638,3,2,1,0,0,0,1,0,1,0,0,0,1,0,Critical Churn-Risk
0,1.5310852911355222,1,1,1,1,0,0.4770599228747639,0,-0.5369658936871697,3,5,1,1,0,1,0,0,0,0,1,0,0,1,Stable Mid-Risk
0,1.6125732136881423,1,0,1,1,1,1.4377087362554135,0,-0.4943190318343164,3,5,1,1,1,0,1,0,0,0,1,1,0,1,Stable Mid-Risk
0,-1.076528230548336,0,0,0,0,0,0.3191678168692938,1,0.5735717153011197,0,1,0,0,0,0,1,0,1,0,0,0,1,0,Critical Churn-Risk
0,-0.6283446565089229,1,0,0,1,1,0.997272861608576,0,-0.0523199078385787,1,2,1,0,0,0,1,0,1,0,0,0,1,0,Critical Churn-Risk
0,-0.1394171211931994,0,0,0,1,1,-0.6281848191635273,0,-0.4884985549768748,2,2,1,0,0,1,0,0,1,0,0,0,1,2,Vulnerable High-Risk
0,-1.076528230548336,1,0,0,1,1,1.346297516989089,1,1.0888483890582248,0,4,1,0,0,0,1,0,1,0,0,0,1,0,Critical Churn-Risk
0,1.24587756220135,1,0,0,1,0,1.2565483198912426,0,-0.4799627217283498,3,3,1,1,0,0,1,0,0,0,1,0,1,1,Stable Mid-Risk
0,-0.6690886177852331,1,0,0,0,1,0.3008855730160285,1,-0.1600084493081534,1,0,0,0,1,0,1,0,1,0,0,0,0,0,Critical Churn-Risk
0,1.082901717096109,0,0,0,0,1,-0.1146199691036296,0,-0.5477386968384319,3,2,1,1,1,1,0,0,0,1,0,0,0,1,Stable Mid-Risk
0,-1.1987601143772668,0,0,0,1,0,-0.2409336539080058,0,1.012348979968881,0,2,1,0,0,1,0,0,1,0,0,0,1,2,Vulnerable High-Risk
0,-0.9950403079957154,0,0,0,0,1,-1.1816382012669122,0,-0.2877240840372131,0,1,0,0,0,1,0,0,1,0,0,0,0,2,Vulnerable High-Risk
0,-1.0357842692720256,1,0,0,0,1,0.6565583170704561,1,0.5665887992125828,0,1,1,0,0,0,1,0,1,0,0,0,1,0,Critical Churn-Risk
0,1.4495973685829016,0,0,0,0,0,-1.5024084797832884,0,-0.6339365501460922,3,0,0,1,1,0,0,1,0,0,1,1,0,3,Loyal Low-Risk
1,1.4495973685829016,1,1,1,1,0,1.5606983767228326,0,-0.4780436659441219,3,5,1,1,1,0,1,0,0,0,1,1,0,1,Stable Mid-Risk
0,0.797693988161937,1,0,0,1,1,1.386186049032576,0,-0.432534543276822,3,4,1,1,0,0,1,0,0,1,0,0,1,1,Stable Mid-Risk
1,1.6125732136881423,1,1,1,1,1,1.4260745810760636,0,-0.4948786930706089,3,5,1,1,1,0,1,0,0,0,1,1,0,1,Stable Mid-Risk
0,-0.0171852373642686,0,0,0,0,0,-1.5123806127941604,0,-0.5988254709142964,2,0,0,1,0,0,0,1,0,1,0,0,0,3,Loyal Low-Risk
0,1.6125732136881423,0,0,0,0,0,-1.487450280266981,0,-0.6350338569592784,3,0,0,1,1,0,0,1,0,0,1,0,0,3,Loyal Low-Risk
1,-1.2802480369298874,0,0,0,0,1,0.1712478438746953,0,3.415514340707419,0,0,0,0,1,0,1,0,1,0,0,1,0,0,Critical Churn-Risk
1,0.3902543753988342,0,1,1,0,0,-0.0365049271851337,0,-0.4941721440015353,2,3,1,1,1,1,0,0,0,1,0,1,0,1,Stable Mid-Risk
0,-0.3023929662984406,1,0,0,0,0,-1.3312201964299892,1,-0.5559770947403613,2,0,0,1,1,0,0,1,0,0,1,1,0,3,Loyal Low-Risk
0,0.512486259227765,0,1,0,0,1,-0.461982602315664,0,-0.5379308943841625,2,1,0,0,1,1,0,0,1,0,0,0,0,2,Vulnerable High-Risk
1,0.4309983366751445,0,1,1,1,1,-0.1461983903047237,0,-0.5068568971928163,2,5,1,1,1,1,0,0,0,1,0,1,0,1,Stable Mid-Risk
0,0.1865345690172827,1,1,0,1,0,0.480383967211721,0,-0.4236523327991474,2,4,1,1,0,1,0,0,0,1,0,0,0,1,Stable Mid-Risk
0,-0.506112772679992,1,0,0,0,1,0.6981088712824219,1,-0.1901717040540718,1,1,1,0,1,0,1,0,1,0,0,1,0,0,Critical Churn-Risk
0,-1.1580161531009563,0,0,0,0,1,-1.3411923294408608,1,-0.0962879605831171,0,0,0,0,0,1,0,0,1,0,0,0,1,2,Vulnerable High-Risk
0,1.24587756220135,0,1,1,1,1,1.5058516451630377,0,-0.4662835017787908,3,6,1,1,1,0,1,0,0,0,1,1,0,1,Stable Mid-Risk
0,-1.1987601143772668,0,0,0,1,0,0.8609870437933281,0,1.9797434148016984,0,2,1,0,0,0,1,0,1,0,0,0,0,0,Critical Churn-Risk
1,1.368109446030281,1,0,0,0,1,-1.3129379525767242,0,-0.6230160567232413,3,0,0,1,1,0,0,1,0,0,1,1,0,3,Loyal Low-Risk
0,-0.1801610824695097,1,0,0,1,1,1.359593694336918,1,-0.2416361190761239,2,4,1,0,0,0,1,0,1,0,0,0,1,0,Critical Churn-Risk
0,-0.9950403079957154,1,0,0,0,0,0.6781646052606785,0,0.4379433351536184,0,1,1,0,0,0,1,0,1,0,0,0,1,0,Critical Churn-Risk
1,1.5718292524118322,1,0,0,0,0,-1.344516373777818,0,-0.6276172351394423,3,0,0,1,0,0,0,1,0,0,1,0,0,3,Loyal Low-Risk
0,-1.2802480369298874,0,0,0,0,1,-1.3478404181147754,1,0.7482488401427273,0,0,0,0,0,1,0,0,1,0,0,0,1,2,Vulnerable High-Risk
1,1.6125732136881423,1,0,0,0,0,-1.3195860412506386,0,-0.6269587448356301,3,0,0,1,1,0,0,1,0,0,1,0,0,3,Loyal Low-Risk
0,-0.6690886177852331,0,1,0,0,1,-0.3406549840167238,0,-0.2925305864194896,1,2,0,0,1,1,0,0,1,0,0,0,0,2,Vulnerable High-Risk
0,1.368109446030281,1,1,1,0,0,1.0571056596738069,0,-0.4987951284171161,3,4,0,1,0,0,1,0,0,0,1,0,0,1,Stable Mid-Risk
0,-0.8728084241667845,1,0,0,0,1,0.3889727479453962,1,0.0770551146176954,0,0,0,0,0,0,1,0,1,0,0,0,1,0,Critical Churn-Risk
0,0.7569500268856267,1,1,1,1,1,0.5435408096139093,0,-0.4849293308177284,3,5,1,1,1,1,0,0,0,1,0,1,0,1,Stable Mid-Risk
1,-0.9950403079957154,0,1,0,0,1,-0.874164100098365,0,-0.1677522587018209,0,2,1,0,0,1,0,0,1,0,0,0,1,2,Vulnerable High-Risk
0,-0.7505765403378537,0,0,0,1,1,0.934116019206388,0,0.0558492838692234,1,2,1,0,0,0,1,0,1,0,0,0,1,0,Critical Churn-Risk
0,-1.1580161531009563,1,0,1,0,1,0.9540602852281316,1,1.5157442741126548,0,3,1,0,0,0,1,0,1,0,0,0,1,0,Critical Churn-Risk
0,1.5310852911355222,1,1,0,1,0,0.6615443835758922,0,-0.5278412759856048,3,5,1,1,0,1,0,0,0,0,1,0,0,1,Stable Mid-Risk
1,1.5310852911355222,1,1,1,0,0,0.0399480925648832,0,-0.5585854833764636,3,3,0,1,0,1,0,0,0,0,1,0,1,1,Stable Mid-Risk
0,0.8791819107145575,1,0,0,1,1,1.2199838321847127,1,-0.4516757529599283,3,3,1,1,1,0,1,0,0,1,0,1,0,1,Stable Mid-Risk
1,-0.1801610824695097,0,1,0,0,1,0.3357880385540801,1,-0.3656107322465646,2,1,0,0,1,0,1,0,1,0,0,0,0,0,Critical Churn-Risk
0,-0.3431369275747509,0,0,0,0,0,-1.46418196990828,0,-0.5702090954755743,1,0,0,1,0,0,0,1,0,0,1,0,0,3,Loyal Low-Risk
0,1.490341329859212,0,0,0,0,1,-0.1112959247666722,0,-0.5646227626047449,3,2,1,1,1,1,0,0,0,0,1,1,0,1,Stable Mid-Risk
1,0.3902543753988342,0,1,0,0,0,-0.3423170061852024,0,-0.5191467942536295,2,2,0,0,0,1,0,0,1,0,0,0,0,2,Vulnerable High-Risk
0,-1.2395040756535771,0,0,0,0,1,0.1596136886953446,1,2.041026320175723,0,0,0,0,0,0,1,0,1,0,0,0,1,0,Critical Churn-Risk
0,0.2680224915699033,1,0,0,1,1,1.1618130562879607,0,-0.376000650111701,2,3,1,0,0,0,1,0,1,0,0,0,1,0,Critical Churn-Risk
1,0.512486259227765,1,0,1,1,1,1.4942174899836873,0,-0.3885934624478748,2,5,1,1,1,0,1,0,0,0,1,0,0,1,Stable Mid-Risk
1,1.6125732136881423,1,1,1,1,1,0.5335686766030371,0,-0.5378127050547592,3,5,1,1,1,1,0,0,0,0,1,0,0,1,Stable Mid-Risk
0,0.227278530293593,0,0,0,0,0,-1.4791401694245876,0,-0.6063353307803107,2,0,0,1,0,0,0,1,0,0,1,0,0,3,Loyal Low-Risk
0,1.6125732136881423,1,1,1,0,1,0.0997808906301139,0,-0.5586800740079496,3,4,0,1,1,1,0,0,0,0,1,0,0,1,Stable Mid-Risk
0,-1.2802480369298874,1,0,0,0,1,-1.35448850678869,1,0.7365759057857703,0,0,0,0,0,0,0,1,1,0,0,0,0,2,Vulnerable High-Risk
1,1.6125732136881423,0,0,0,0,1,-1.495760391109374,0,-0.6354336149852016,3,0,0,1,1,0,0,1,0,0,1,1,0,3,Loyal Low-Risk
0,0.9199258719908678,1,0,0,0,0,-1.2996417752288951,0,-0.61352401975014,3,0,0,1,1,0,0,1,0,0,1,0,0,3,Loyal Low-Risk
1,0.7569500268856267,0,0,1,1,1,-0.2874702746254075,0,-0.5410492075338681,3,4,1,1,0,1,0,0,0,1,0,0,1,1,Stable Mid-Risk
0,1.24587756220135,0,1,1,1,1,0.7280252703150375,0,-0.5089626680214152,3,6,1,1,1,1,0,0,0,0,1,0,0,1,Stable Mid-Risk
0,-1.2802480369298874,0,0,0,0,0,-1.4758161250876305,0,0.5235448537713036,0,0,0,0,0,0,0,1,1,0,0,0,0,2,Vulnerable High-Risk
1,-0.3838808888510611,0,0,0,0,1,-1.5007464576148095,0,-0.5715223005907321,1,0,0,1,0,0,0,1,0,0,1,0,0,3,Loyal Low-Risk
0,-1.2802480369298874,0,0,0,0,0,-0.4736167574950145,1,2.283239708082583,0,1,0,0,0,1,0,0,1,0,0,0,1,2,Vulnerable High-Risk
0,-1.2395040756535771,1,0,1,0,1,-0.3473030726906382,0,1.4476521570304053,0,1,0,0,0,1,0,0,1,0,0,0,0,2,Vulnerable High-Risk
0,0.797693988161937,1,1,0,1,0,1.4393707584238922,0,-0.4290106385652878,3,5,1,0,1,0,1,0,1,0,0,1,0,0,Critical Churn-Risk
0,0.1457906077409725,1,1,0,0,0,-0.3439790283536809,0,-0.4953130247636389,2,1,0,1,0,1,0,0,0,1,0,0,0,3,Loyal Low-Risk
0,-1.2802480369298874,0,0,0,0,0,-0.6464670630167922,0,1.9797434148016984,0,0,0,0,0,1,0,0,1,0,0,0,0,2,Vulnerable High-Risk
0,-0.1801610824695097,1,1,0,0,0,-0.1927350110221254,0,-0.4296106137209155,2,2,0,1,0,1,0,0,0,1,0,0,0,3,Loyal Low-Risk
1,-1.0357842692720256,0,1,0,1,0,0.154627622189909,0,0.346262163225018,0,4,1,1,0,1,0,0,0,1,0,0,1,1,Stable Mid-Risk
0,-0.7505765403378537,1,0,0,1,1,1.1884054109836186,1,0.1153812490897045,1,3,1,0,0,0,1,0,1,0,0,0,1,0,Critical Churn-Risk
0,1.6125732136881423,0,1,1,1,1,0.005045627026832,0,-0.563237315503474,3,6,1,1,1,1,0,0,0,0,1,1,0,1,Stable Mid-Risk
1,-1.2802480369298874,0,0,0,0,1,-1.472492080750673,1,0.5293813209497821,0,0,0,0,0,0,0,1,1,0,0,0,0,2,Vulnerable High-Risk
0,-0.9135523854430948,0,0,0,0,0,-1.527338812310468,0,-0.467062802794099,0,0,0,0,0,0,0,1,1,0,0,0,0,2,Vulnerable High-Risk
0,0.3902543753988342,0,0,0,0,0,-1.495760391109374,0,-0.6133446598783762,2,0,0,1,1,0,0,1,0,1,0,0,0,3,Loyal Low-Risk
0,-1.0357842692720256,0,0,0,0,0,-1.3212480634191175,0,-0.3015856935860996,0,0,0,0,1,1,0,0,1,0,0,0,0,2,Vulnerable High-Risk
0,-1.1580161531009563,0,0,0,0,1,0.3324639942171226,1,1.0791765291624602,0,1,0,0,1,0,1,0,1,0,0,0,0,0,Critical Churn-Risk
1,1.6125732136881423,1,1,1,1,1,1.6454615073152428,0,-0.4843250811862367,3,6,1,1,1,0,1,0,0,0,1,1,0,1,Stable Mid-Risk
0,-0.506112772679992,0,0,0,0,1,-1.3411923294408608,1,-0.5311881434823178,1,0,0,0,0,1,0,0,1,0,0,0,1,2,Vulnerable High-Risk
0,1.24587756220135,0,1,1,1,0,1.4759352461304225,0,-0.4679250081727379,3,6,1,1,1,0,1,0,0,0,1,1,0,1,Stable Mid-Risk
0,0.960669833267178,0,1,1,0,0,-0.6564391960276642,0,-0.5748373115539468,3,4,0,1,1,1,0,0,0,0,1,0,0,1,Stable Mid-Risk
1,-1.1172721918246462,0,0,1,0,1,-0.4586585579787067,0,0.3251049697030333,0,1,0,0,0,1,0,0,1,0,0,0,0,2,Vulnerable High-Risk
0,1.6125732136881423,1,0,1,1,1,1.5174858003423883,0,-0.4904813547854538,3,5,1,1,1,0,1,0,0,0,1,0,0,1,Stable Mid-Risk
1,1.4495973685829016,1,0,0,0,1,0.6598823614074136,0,-0.5238895385634751,3,2,0,0,0,0,1,0,1,0,0,0,1,0,Critical Churn-Risk
1,1.4088534073065913,0,1,1,0,0,-0.1578325454840742,0,-0.5640121406184251,3,3,0,1,0,1,0,0,0,1,0,0,0,1,Stable Mid-Risk
1,-0.9950403079957154,0,0,0,0,0,-0.6697353733754932,0,-0.0879872072626142,0,0,0,0,1,1,0,0,1,0,0,0,0,2,Vulnerable High-Risk
1,0.797693988161937,1,0,1,0,1,0.9457501743857384,0,-0.4617168791692148,3,3,1,0,1,0,1,0,1,0,0,0,0,0,Critical Churn-Risk
1,-0.5876006952326126,0,0,0,0,1,-1.4808021915930665,0,-0.5426855449918019,1,0,0,0,0,0,0,1,1,0,0,0,0,2,Vulnerable High-Risk
1,1.082901717096109,1,0,0,0,0,-1.3079518860712882,0,-0.6175817540742251,3,0,0,1,0,0,0,1,0,0,1,0,0,3,Loyal Low-Risk
0,1.1236456783724194,0,0,0,0,0,-1.4691680364137156,0,-0.6276743772361351,3,0,0,1,0,0,0,1,0,0,1,0,0,3,Loyal Low-Risk
0,-1.0357842692720256,1,0,0,1,1,0.974004551249875,0,0.7059344530987578,0,2,1,0,0,0,1,0,1,0,0,0,1,0,Critical Churn-Risk
1,1.082901717096109,0,1,0,0,0,-0.997153740565784,0,-0.599391431367967,3,2,0,1,0,1,0,0,0,1,0,0,0,3,Loyal Low-Risk
0,0.5532302205040753,0,1,1,1,1,-0.1345642351253732,0,-0.5162155650670112,2,5,1,1,1,1,0,0,0,0,1,0,0,1,Stable Mid-Risk
0,-1.1172721918246462,0,0,0,0,1,-0.4470244027993562,0,0.3319141814112583,0,1,0,0,0,1,0,0,1,0,0,0,1,2,Vulnerable High-Risk
0,1.082901717096109,0,1,1,1,1,-0.0248707720057835,0,-0.5424858763778013,3,5,1,1,1,1,0,0,0,0,1,1,0,1,Stable Mid-Risk
0,1.5310852911355222,1,0,1,1,1,0.6648684279128493,0,-0.5276768684594504,3,5,1,1,1,1,0,0,0,0,1,0,0,1,Stable Mid-Risk
0,-0.7505765403378537,0,0,0,0,1,0.2061503094127465,1,-0.1145755577423498,1,0,0,0,1,0,1,0,1,0,0,1,0,0,Critical Churn-Risk
0,0.4717422979514547,1,0,0,0,1,-0.4869129348428435,0,-0.537006082193563,2,0,0,0,0,1,0,0,1,0,0,0,0,2,Vulnerable High-Risk
0,1.2866215234776603,1,1,0,1,1,0.9906247729346612,0,-0.4972083598432197,3,3,1,1,1,0,1,0,0,0,1,1,0,1,Stable Mid-Risk
1,1.0421577558197987,0,1,1,1,0,-0.1678046784949459,0,-0.5488812594809985,3,5,1,1,0,1,0,0,0,0,1,0,0,1,Stable Mid-Risk
0,0.5532302205040753,1,0,1,1,0,1.178433277972747,0,-0.4181132444074783,2,3,1,1,0,0,1,0,0,1,0,0,1,1,Stable Mid-Risk
0,1.0421577558197987,1,0,0,1,1,1.1335586794238242,0,-0.4714244154005121,3,3,1,0,0,0,1,0,1,0,0,0,1,0,Critical Churn-Risk
0,1.6125732136881423,1,0,0,1,1,1.0936701473803367,0,-0.5108690141075364,3,3,1,1,1,0,1,0,0,0,1,1,0,1,Stable Mid-Risk
0,-0.0986731599168891,0,0,0,1,1,-0.8143313020331343,1,-0.5153463039978761,2,2,1,0,0,1,0,0,1,0,0,0,1,2,Vulnerable High-Risk
0,-0.8728084241667845,1,1,0,0,0,-0.1511844568101595,0,-0.0810158714660982,0,2,0,0,1,1,0,0,1,0,0,0,0,2,Vulnerable High-Risk
0,0.0643026851883519,0,0,0,1,1,-0.2841462302884502,0,-0.4794937199015078,2,4,1,0,0,1,0,0,1,0,0,0,1,2,Vulnerable High-Risk
0,0.8791819107145575,0,1,0,0,0,-0.6182126861526555,0,-0.5690418020398786,3,3,1,1,1,1,0,0,0,0,1,0,0,1,Stable Mid-Risk
0,-1.1987601143772668,0,0,0,1,1,-0.4719547353265357,1,0.809531745516752,0,3,1,0,0,1,0,0,1,0,0,0,1,2,Vulnerable High-Risk
1,1.6125732136881423,1,0,0,0,0,-1.3262341299245533,0,-0.6272785512563687,3,0,0,1,0,0,0,1,0,0,1,0,0,3,Loyal Low-Risk
1,0.3087664528462136,1,0,1,0,1,0.6665304500813278,1,-0.4255216505925113,2,2,0,0,0,0,1,0,1,0,0,0,1,0,Critical Churn-Risk
1,-1.2395040756535771,0,0,0,1,0,0.0299759595540115,1,1.8892781735352813,0,2,1,0,0,1,0,0,1,0,0,0,0,2,Vulnerable High-Risk
1,0.8791819107145575,1,0,0,0,0,-0.0481390823644842,0,-0.5326434703631852,3,2,1,1,1,1,0,0,0,0,1,1,0,1,Stable Mid-Risk
0,-0.7505765403378537,0,1,0,0,0,-0.4885749570113221,0,-0.2772184431159517,1,1,0,0,1,1,0,0,1,0,0,0,0,2,Vulnerable High-Risk
0,-1.2802480369298874,0,0,0,0,0,0.1895300877279602,1,3.447614910189051,0,0,0,0,0,0,1,0,1,0,0,0,1,0,Critical Churn-Risk
0,-0.9135523854430948,1,0,0,0,1,0.9989348837770544,1,0.3394308436865715,0,3,1,0,0,0,1,0,1,0,0,0,1,0,Critical Churn-Risk
0,-1.2802480369298874,0,1,0,0,0,-0.4869129348428435,0,2.2598938393686683,0,1,0,0,0,1,0,0,1,0,0,0,1,2,Vulnerable High-Risk
0,-1.2802480369298874,0,0,0,0,0,-1.4974224132778524,1,0.4856078171111931,0,0,0,0,0,0,0,1,1,0,0,0,0,2,Vulnerable High-Risk
0,0.960669833267178,1,1,1,0,1,-0.0049265059840396,0,-0.5346988004317785,3,3,0,1,1,1,0,0,0,1,0,0,0,1,Stable Mid-Risk
0,1.4495973685829016,0,1,1,1,1,0.4920181223910713,0,-0.5324327731290741,3,5,1,1,1,1,0,0,0,0,1,0,0,1,Stable Mid-Risk
1,-0.7505765403378537,0,0,0,0,1,-1.5057325241202455,0,-0.5153463039978761,1,0,0,1,0,0,0,1,0,1,0,0,0,3,Loyal Low-Risk
1,1.4495973685829016,0,1,1,1,1,1.155164967614046,0,-0.4986827672709156,3,4,1,1,0,0,1,0,0,0,1,0,1,1,Stable Mid-Risk
0,0.9199258719908678,1,0,0,0,1,0.3058716395214645,0,-0.5128449609213853,3,0,0,0,0,0,1,0,1,0,0,0,1,0,Critical Churn-Risk
0,-0.6690886177852331,0,1,0,1,1,-0.860867922750536,0,-0.3999902468232414,1,2,1,0,0,1,0,0,1,0,0,0,1,2,Vulnerable High-Risk
0,-0.9542963467194052,0,0,0,0,1,0.4903561002225927,0,0.2614874774576172,0,1,1,0,0,0,1,0,1,0,0,0,1,0,Critical Churn-Risk
1,-0.7505765403378537,0,1,0,1,1,0.0216658487116183,1,-0.157765414863091,1,3,1,0,0,1,0,0,1,0,0,0,1,2,Vulnerable High-Risk
0,1.0421577558197987,1,0,0,1,1,1.1269105907499095,1,-0.4718201080905785,3,3,1,0,0,0,1,0,1,0,0,0,1,0,Critical Churn-Risk
0,0.8384379494382472,0,1,0,0,1,-0.6148886418156984,0,-0.5670098467999638,3,3,1,0,1,1,0,0,1,0,0,0,0,1,Stable Mid-Risk
0,1.5310852911355222,1,1,0,1,1,1.1485168789401314,0,-0.5037555734039961,3,4,1,1,1,0,1,0,0,0,1,1,0,1,Stable Mid-Risk
1,-0.7505765403378537,1,0,0,1,1,1.0305133049781483,0,0.0784169569593404,1,2,1,0,0,0,1,0,1,0,0,0,1,0,Critical Churn-Risk
1,-0.4246248501273714,0,1,1,1,1,0.0898087576192422,1,-0.3245192032058821,1,4,1,1,1,1,0,0,0,1,0,0,0,1,Stable Mid-Risk
0,-0.9135523854430948,1,1,0,0,1,0.4438194795051913,0,0.1622144766309506,0,1,0,0,1,0,1,0,1,0,0,1,0,0,Critical Churn-Risk
1,-0.1394171211931994,1,0,0,0,0,-1.286345597881066,0,-0.5655399217327914,2,0,0,1,0,0,0,1,0,0,1,0,0,3,Loyal Low-Risk
0,-1.2802480369298874,0,0,0,0,1,0.1596136886953446,1,3.395086705582744,0,0,0,0,0,0,1,0,1,0,0,0,1,0,Critical Churn-Risk
0,0.6754621043330061,1,1,1,1,0,0.6499102283965414,1,-0.4701720480364522,3,5,1,1,0,1,0,0,0,1,0,0,1,1,Stable Mid-Risk
0,1.4495973685829016,1,0,0,1,1,1.1767712558042684,1,-0.4975831430198979,3,3,1,0,0,0,1,0,1,0,0,0,1,0,Critical Churn-Risk
0,-1.2802480369298874,0,0,0,1,0,0.4404954351682337,1,3.88826818216418,0,1,1,0,0,0,1,0,1,0,0,0,1,0,Critical Churn-Risk
0,-0.0986731599168891,0,0,1,0,1,-0.8126692798646555,0,-0.5151580308630864,2,2,1,1,1,1,0,0,0,1,0,1,0,1,Stable Mid-Risk
0,1.6125732136881423,1,1,1,1,0,0.4787219450432425,0,-0.5404511080258522,3,5,1,1,1,1,0,0,0,0,1,1,0,1,Stable Mid-Risk
0,-0.9135523854430948,0,0,0,0,1,-1.459195903402844,0,-0.4453086978561336,0,0,0,0,0,0,0,1,1,0,0,0,0,2,Vulnerable High-Risk
0,-1.0357842692720256,1,0,0,0,0,0.2925754621736353,1,0.4068155102017327,0,0,0,0,0,0,1,0,1,0,0,0,1,0,Critical Churn-Risk
0,-0.9542963467194052,1,0,0,0,1,0.330801972048644,1,0.2054573925442232,0,0,0,0,0,0,1,0,1,0,0,0,1,0,Critical Churn-Risk
1,-1.2802480369298874,0,1,0,0,0,-0.4952230456852367,0,2.245302671422472,0,1,0,0,0,1,0,0,1,0,0,0,0,2,Vulnerable High-Risk
0,-0.506112772679992,1,0,1,0,1,0.1363453783366441,0,-0.2841110329267263,1,3,1,0,1,1,0,0,1,0,0,1,0,2,Vulnerable High-Risk
0,-1.2802480369298874,0,0,0,0,1,-1.4808021915930665,0,0.5147901530035858,0,0,0,0,0,0,0,1,1,0,0,0,0,2,Vulnerable High-Risk
0,-0.1394171211931994,1,0,0,0,1,0.3723525262606099,0,-0.3713801135954055,2,0,0,0,1,0,1,0,1,0,0,1,0,0,Critical Churn-Risk
0,-1.2802480369298874,0,0,1,0,0,0.3058716395214645,0,3.6518912614358,0,1,0,0,0,0,1,0,1,0,0,0,1,0,Critical Churn-Risk
0,-1.1987601143772668,0,1,1,0,1,0.5817673194889176,0,1.7346117933056,0,2,0,0,0,0,1,0,1,0,0,0,0,0,Critical Churn-Risk
0,-0.506112772679992,0,1,0,1,1,0.8177744674128837,0,-0.1701609594421454,1,3,1,0,1,0,1,0,1,0,0,0,0,0,Critical Churn-Risk
1,1.2866215234776603,0,0,1,1,1,1.1418687902662172,0,-0.4890373057933497,3,4,1,0,1,0,1,0,1,0,0,1,0,1,Stable Mid-Risk
0,-1.2802480369298874,0,0,0,0,1,-1.4824642137615447,1,0.5118719194143465,0,0,0,0,0,0,0,1,1,0,0,0,0,2,Vulnerable High-Risk
0,-1.076528230548336,0,1,0,0,0,-1.1749901125929976,0,-0.1759974266206239,0,1,0,0,1,1,0,0,1,0,0,0,0,2,Vulnerable High-Risk
0,0.7162060656093164,0,0,0,0,0,-1.495760391109374,0,-0.6217759996054258,3,0,0,1,0,0,0,1,0,0,1,0,1,3,Loyal Low-Risk
0,-1.076528230548336,0,1,0,0,1,-0.1877489445166895,0,0.3192685025245547,0,2,1,0,1,1,0,0,1,0,0,0,0,2,Vulnerable High-Risk
1,-1.0357842692720256,0,0,0,0,0,-0.6664113290385358,0,-0.0141396850460316,0,0,0,0,0,1,0,0,1,0,0,0,1,2,Vulnerable High-Risk
1,1.6125732136881423,1,0,0,0,1,0.8643110881302852,0,-0.5219023356230164,3,2,1,1,1,0,1,0,0,0,1,1,0,1,Stable Mid-Risk
0,-0.9950403079957154,0,0,0,0,1,-0.5068572008645872,0,-0.0244345646525146,0,1,0,0,1,1,0,0,1,0,0,0,0,2,Vulnerable High-Risk
1,1.4088534073065913,1,1,1,1,0,1.3928341377064908,0,-0.4839323777137121,3,4,1,1,1,0,1,0,0,0,1,1,0,1,Stable Mid-Risk
0,-0.3431369275747509,1,0,0,1,1,0.95572230739661,1,-0.2302932470009843,1,2,1,0,0,0,1,0,1,0,0,0,1,0,Critical Churn-Risk
0,1.6125732136881423,1,1,0,0,1,0.9856387064292256,0,-0.5160658684445378,3,3,1,1,1,0,1,0,0,0,1,1,0,1,Stable Mid-Risk
1,0.0235587239120416,0,0,0,0,1,-1.5073945462887242,0,-0.6003183996845488,2,0,0,1,1,0,0,1,0,1,0,0,0,3,Loyal Low-Risk
0,-1.2395040756535771,0,0,0,0,1,-1.3212480634191175,1,0.3075955681675976,0,0,0,0,0,1,0,0,1,0,0,0,1,2,Vulnerable High-Risk
0,1.5310852911355222,0,1,1,0,0,0.10476695713555,0,-0.5553795366164541,3,4,1,1,0,1,0,0,0,0,1,0,0,1,Stable Mid-Risk
0,-0.4246248501273714,0,0,0,1,0,0.0150177600377037,0,-0.3359383781202967,1,3,1,1,1,1,0,0,0,1,0,0,0,1,Stable Mid-Risk
0,1.082901717096109,1,1,0,0,1,1.151840923277089,0,-0.4736155636717545,3,4,1,0,1,0,1,0,1,0,0,0,0,0,Critical Churn-Risk
0,0.1457906077409725,0,0,0,0,1,-1.477478147256109,0,-0.6028933116750541,2,0,0,1,1,0,0,1,0,1,0,1,0,3,Loyal Low-Risk
1,0.7569500268856267,0,0,0,0,0,-1.4907743246039378,0,-0.6223107890188385,3,0,0,1,0,0,0,1,0,0,1,0,0,3,Loyal Low-Risk
0,0.8384379494382472,1,1,1,1,0,0.4188891469780118,0,-0.4997823915219332,3,4,1,1,1,1,0,0,0,1,0,0,0,1,Stable Mid-Risk
1,-0.506112772679992,0,0,0,0,0,-1.499084435446331,0,-0.5575912092897207,1,0,0,1,1,0,0,1,0,1,0,0,0,3,Loyal Low-Risk
0,1.24587756220135,0,1,0,1,0,1.160151034119482,0,-0.4852520201088461,3,4,1,1,1,0,1,0,0,0,1,1,0,1,Stable Mid-Risk
0,0.3087664528462136,0,0,0,0,0,0.3324639942171226,0,-0.4541345750528572,2,1,0,0,1,0,1,0,1,0,0,1,0,0,Critical Churn-Risk
0,0.1050466464646622,0,0,0,0,1,-1.517366679299596,0,-0.6050009248228381,2,0,0,1,0,0,0,1,0,1,0,0,0,3,Loyal Low-Risk
1,-0.2616490050221303,0,0,0,0,0,0.4704118342008493,0,-0.325769203422851,2,1,1,1,1,0,1,0,0,1,0,0,0,3,Loyal Low-Risk
0,-0.22090504374582,1,0,0,0,1,1.0222031941357554,1,-0.2687555657071578,2,3,1,0,0,0,1,0,1,0,0,0,1,0,Critical Churn-Risk
1,0.8384379494382472,0,1,1,0,0,-0.0647593040492706,0,-0.531234464650401,3,3,0,1,1,1,0,0,0,1,0,1,0,1,Stable Mid-Risk
0,0.0643026851883519,0,0,0,0,0,0.2244325532660114,0,-0.4284663211410955,2,0,0,0,1,0,1,0,1,0,0,1,0,0,Critical Churn-Risk
0,-0.5468567339563023,1,0,0,1,1,1.002258928114012,0,-0.1129218920417808,1,2,1,0,0,0,1,0,1,0,0,0,1,0,Critical Churn-Risk
0,0.4309983366751445,0,1,0,0,1,0.7080810042932936,0,-0.4386763487896807,2,3,0,0,1,0,1,0,1,0,0,1,0,0,Critical Churn-Risk
1,-1.076528230548336,0,0,0,0,0,-1.504070501951767,0,-0.3410860696690168,0,0,0,0,0,0,0,1,1,0,0,0,0,2,Vulnerable High-Risk
1,0.960669833267178,1,0,0,0,1,-1.3295581742615106,0,-0.6163069467694522,3,0,0,1,0,0,0,1,0,0,1,0,0,3,Loyal Low-Risk
0,1.0014137945434884,0,0,0,1,1,-0.847571745402707,1,-0.5880002574954882,3,2,1,0,0,1,0,0,1,0,0,0,1,2,Vulnerable High-Risk
1,0.0643026851883519,0,0,0,1,1,0.6399380953856697,0,-0.3867772698662489,2,2,1,0,0,0,1,0,1,0,0,0,0,0,Critical Churn-Risk
0,-0.9135523854430948,0,0,1,0,0,-0.9489550976799036,0,-0.2824182047840508,0,2,0,0,0,1,0,0,1,0,0,0,1,2,Vulnerable High-Risk
0,-1.2802480369298874,0,0,0,0,1,-1.4808021915930665,1,0.5147901530035858,0,0,0,0,0,0,0,1,1,0,0,0,0,2,Vulnerable High-Risk
0,-0.791320501614164,0,0,0,0,1,-1.359474573294126,1,-0.4678207855445508,1,0,0,0,0,1,0,0,1,0,0,0,1,2,Vulnerable High-Risk
0,0.960669833267178,1,0,0,1,0,1.123586546412952,0,-0.4651731650951659,3,3,1,0,0,0,1,0,1,0,0,0,1,0,Critical Churn-Risk
0,0.9199258719908678,1,0,0,1,1,1.2914507854292945,0,-0.451040942406425,3,4,1,0,1,0,1,0,1,0,0,1,0,0,Critical Churn-Risk
1,0.1457906077409725,1,1,1,1,1,0.934116019206388,0,-0.3740091528649903,2,6,1,1,1,1,0,0,0,0,1,1,0,1,Stable Mid-Risk
0,0.5939741817803856,0,0,0,0,0,-1.4924363467724169,0,-0.6187004102834336,2,0,0,1,1,0,0,1,0,1,0,0,0,3,Loyal Low-Risk
1,-0.8320644628904743,0,0,0,0,1,-1.485788258098502,0,-0.4866129271192125,0,0,0,0,1,0,0,1,1,0,0,1,0,2,Vulnerable High-Risk
0,-1.2802480369298874,0,0,0,1,1,0.6864747161030716,1,4.320166753371592,0,2,1,0,0,0,1,0,1,0,0,0,1,0,Critical Churn-Risk
0,-0.3431369275747509,1,0,0,0,1,0.5219345214236869,0,-0.2912259643443002,1,1,0,0,0,0,1,0,1,0,0,0,1,0,Critical Churn-Risk
0,1.24587756220135,1,0,0,1,0,1.1667991227933967,1,-0.4848872409101912,3,3,1,1,1,0,1,0,0,1,0,0,0,1,Stable Mid-Risk
0,0.1050466464646622,0,0,0,1,1,-0.8292895015494419,0,-0.5378815522703349,2,2,1,0,0,1,0,0,1,0,0,0,1,2,Vulnerable High-Risk
0,1.4088534073065913,0,1,1,0,0,-0.1428743459677664,0,-0.5632396670212735,3,3,0,1,1,1,0,0,0,1,0,1,0,1,Stable Mid-Risk
0,-0.3023929662984406,1,0,0,0,1,0.6648684279128493,1,-0.2863772069960257,2,1,1,0,0,0,1,0,1,0,0,0,1,0,Critical Churn-Risk
0,-0.4653688114036817,1,1,0,1,0,1.2980988741032085,0,-0.1160788901974125,1,4,1,0,0,0,1,0,1,0,0,0,0,0,Critical Churn-Risk
0,-0.791320501614164,0,1,1,0,0,0.0997808906301139,0,-0.1017909153513968,1,4,1,0,1,1,0,0,1,0,0,0,0,2,Vulnerable High-Risk
0,0.1050466464646622,1,0,0,0,1,0.3457601715649518,1,-0.423259821848548,2,0,0,0,0,0,1,0,1,0,0,0,1,0,Critical Churn-Risk
0,1.5718292524118322,1,0,0,0,0,-1.327896152093032,0,-0.626806614697987,3,0,0,1,1,0,0,1,0,0,1,0,0,3,Loyal Low-Risk
0,-0.1394171211931994,0,0,0,0,0,-1.5107185906256817,0,-0.5918040240359449,2,0,0,0,1,0,0,1,1,0,0,1,0,2,Vulnerable High-Risk
0,1.5718292524118322,0,0,0,1,0,-0.5135052895385016,1,-0.5870862130666747,3,3,1,1,0,1,0,0,0,0,1,0,1,1,Stable Mid-Risk
0,-1.0357842692720256,0,0,0,1,1,0.8044782900650546,0,0.6315194965731565,0,2,1,0,0,0,1,0,1,0,0,0,1,0,Critical Churn-Risk
0,1.0014137945434884,0,0,0,1,1,-0.325696784500416,0,-0.5564028317361389,3,4,1,0,0,1,0,0,1,0,0,0,1,2,Vulnerable High-Risk
0,1.3273654847539706,1,1,1,0,0,0.377338592766046,0,-0.5324135489288814,3,4,1,1,1,1,0,0,0,0,1,0,0,1,Stable Mid-Risk
0,-0.22090504374582,0,0,0,0,0,-1.4791401694245876,0,-0.5824656765503793,2,0,0,1,0,0,0,1,0,1,0,0,0,3,Loyal Low-Risk
0,-1.076528230548336,1,0,0,0,1,0.3357880385540801,1,0.5819095255560891,0,0,0,0,0,0,1,0,1,0,0,0,1,0,Critical Churn-Risk
0,1.6125732136881423,1,1,1,1,1,1.7468448595924393,0,-0.4794480332699738,3,6,1,1,1,0,1,0,0,0,1,1,0,1,Stable Mid-Risk
0,-1.2802480369298874,0,0,0,0,1,-1.4974224132778524,0,0.4856078171111931,0,0,0,0,0,0,0,1,1,0,0,0,0,2,Vulnerable High-Risk
0,-0.8728084241667845,0,0,0,0,0,-0.6514531295222281,0,-0.2274139231929348,0,0,0,0,1,1,0,0,1,0,0,1,0,2,Vulnerable High-Risk
1,0.2680224915699033,1,0,0,0,0,-1.3162619969136813,0,-0.5935549641894885,2,0,0,1,0,0,0,1,0,0,1,0,0,3,Loyal Low-Risk
0,1.082901717096109,1,1,0,0,1,0.829408622592234,0,-0.4924868075488351,3,3,0,0,0,0,1,0,1,0,0,0,1,0,Critical Churn-Risk
0,-0.2616490050221303,0,1,1,1,0,0.3391120828910372,0,-0.342846274056177,2,4,1,1,1,1,0,0,0,1,0,0,0,1,Stable Mid-Risk
0,-1.2395040756535771,0,0,0,0,0,-0.4935610235167579,0,1.2764491197950352,0,1,0,0,0,1,0,0,1,0,0,0,0,2,Vulnerable High-Risk
1,1.6125732136881423,0,1,1,1,0,0.0299759595540115,0,-0.5620380414257043,3,6,1,1,1,1,0,0,0,0,1,0,0,1,Stable Mid-Risk
0,1.3273654847539706,1,1,0,0,0,0.0748505581029344,0,-0.5485080493301405,3,3,0,1,1,1,0,0,0,1,0,1,0,1,Stable Mid-Risk
1,1.6125732136881423,1,0,1,1,0,1.532443999858696,0,-0.4897617903387921,3,5,1,1,1,0,1,0,0,0,1,1,0,1,Stable Mid-Risk
0,-1.076528230548336,1,0,1,0,1,0.7695758245270033,0,0.7995263732107888,0,2,1,0,1,0,1,0,1,0,0,0,0,0,Critical Churn-Risk
0,-0.0171852373642686,0,0,0,0,0,-1.495760391109374,0,-0.5970568444965756,2,0,0,1,1,0,0,1,0,1,0,1,0,3,Loyal Low-Risk
0,0.7162060656093164,1,0,0,1,0,0.3623803932497382,0,-0.4938314838105434,3,3,1,1,1,1,0,0,0,1,0,0,0,1,Stable Mid-Risk
0,1.1643896396487294,0,1,1,1,1,-0.0880276144079715,0,-0.5500826973665629,3,5,1,1,0,1,0,0,0,0,1,0,0,1,Stable Mid-Risk
0,-0.7098325790615434,0,0,0,1,1,1.2116737213423197,1,0.0715834266378718,1,4,1,0,0,0,1,0,1,0,0,0,1,0,Critical Churn-Risk
0,1.6125732136881423,1,1,1,1,0,1.67371588417938,0,-0.4829659038980979,3,6,1,1,1,0,1,0,0,0,1,0,0,1,Stable Mid-Risk
0,-0.9542963467194052,0,0,0,0,1,-1.5240147679735103,1,-0.4458923445739814,0,0,0,0,0,0,0,1,1,0,0,0,0,2,Vulnerable High-Risk
0,-1.2802480369298874,0,0,0,0,0,-1.5057325241202455,0,0.4710166491649967,0,0,0,0,0,0,0,1,1,0,0,0,0,2,Vulnerable High-Risk
0,-0.8320644628904743,1,0,0,0,1,0.7230392038096014,0,0.1100536021267856,0,1,1,0,0,0,1,0,1,0,0,0,1,0,Critical Churn-Risk
0,0.1865345690172827,0,0,1,0,0,-1.2032444894571344,1,-0.5792402604780622,2,1,0,0,1,1,0,0,1,0,0,1,0,2,Vulnerable High-Risk
1,1.1643896396487294,0,0,0,0,0,-1.4758161250876305,0,-0.6286867311412334,3,0,0,1,0,0,0,1,0,1,0,0,0,3,Loyal Low-Risk
1,-0.5876006952326126,0,0,0,0,0,-1.495760391109374,0,-0.5454501873395022,1,0,0,1,1,0,0,1,0,1,0,0,0,3,Loyal Low-Risk
1,-0.4653688114036817,0,0,0,0,0,-0.6364949300059205,0,-0.4248810627314587,1,0,0,0,0,1,0,0,1,0,0,0,0,2,Vulnerable High-Risk
1,1.4495973685829016,0,1,1,0,1,-0.2791601637830144,0,-0.5716809002423211,3,5,1,1,0,1,0,0,0,0,1,0,0,1,Stable Mid-Risk
0,-0.8320644628904743,1,0,0,0,1,0.2826033291627636,0,-0.0089205365114307,0,0,0,0,1,0,1,0,1,0,0,1,0,0,Critical Churn-Risk
0,-1.2395040756535771,0,0,0,0,0,-1.344516373777818,1,0.2803587213346979,0,0,0,0,0,1,0,0,1,0,0,0,1,2,Vulnerable High-Risk
0,1.2051336009250395,1,0,0,1,1,1.2149977656792768,0,-0.4793084352291753,3,3,1,0,0,0,1,0,1,0,0,0,1,0,Critical Churn-Risk
0,-0.1394171211931994,1,0,1,1,0,1.1252485685814309,1,-0.2832494592003795,2,3,1,0,0,0,1,0,1,0,0,0,1,0,Critical Churn-Risk
1,-1.2802480369298874,0,0,1,0,0,-1.037042272609271,0,1.2939585213304703,0,2,0,0,0,1,0,0,1,0,0,0,0,2,Vulnerable High-Risk
0,-1.1172721918246462,1,0,0,0,1,0.5019902554019434,1,0.8873513078964659,0,1,0,0,1,0,1,0,1,0,0,0,0,0,Critical Churn-Risk
0,-1.2802480369298874,0,0,0,0,0,-1.4658439920767583,0,0.5410542553067391,0,0,0,0,0,0,0,1,1,0,0,0,1,2,Vulnerable High-Risk
1,1.2051336009250395,1,0,1,1,1,1.304746962777123,0,-0.4743057490761936,3,4,1,1,0,0,1,0,0,0,1,0,1,1,Stable Mid-Risk
1,0.1457906077409725,0,0,0,0,0,-1.4808021915930665,0,-0.6032087963874043,2,0,0,1,1,0,0,1,0,0,1,0,0,3,Loyal Low-Risk
0,-0.1801610824695097,1,0,1,1,1,1.2798166302499436,1,-0.2512964785439505,2,4,1,0,0,0,1,0,1,0,0,0,1,0,Critical Churn-Risk
1,1.490341329859212,1,1,1,1,0,0.2958995065105929,0,-0.54419512748007,3,4,1,1,1,1,0,0,0,1,0,1,0,1,Stable Mid-Risk
0,-0.8728084241667845,1,1,1,1,1,1.0438094823259778,1,0.2686857869777408,0,3,1,0,1,0,1,0,1,0,0,1,0,0,Critical Churn-Risk
0,1.24587756220135,1,0,1,1,1,1.4609770466141143,0,-0.4687457613697114,3,5,1,0,0,0,1,0,1,0,0,0,1,0,Critical Churn-Risk
0,-0.3838808888510611,0,0,0,0,0,-1.4841262359300234,0,-0.5690904392663659,1,0,0,1,1,0,0,1,0,1,0,0,0,3,Loyal Low-Risk
0,-0.9135523854430948,0,0,0,0,0,-1.4974224132778524,0,-0.4575122201384069,0,0,0,0,1,0,0,1,1,0,0,1,0,2,Vulnerable High-Risk
0,1.5718292524118322,1,0,0,0,1,-1.2913316643865018,0,-0.6250232497267852,3,0,0,1,1,0,0,1,0,0,1,1,0,3,Loyal Low-Risk
0,0.512486259227765,1,1,1,0,1,0.1745718882116524,0,-0.4893359611372651,2,3,1,0,0,1,0,0,1,0,0,0,1,1,Stable Mid-Risk
1,1.5310852911355222,1,0,0,0,0,-1.35448850678869,0,-0.6275544405982029,3,0,0,1,0,0,0,1,0,0,1,0,0,3,Loyal Low-Risk
1,-0.4246248501273714,1,0,0,0,1,0.6632064057443707,0,-0.236972195528704,1,1,1,0,0,0,1,0,1,0,0,0,1,0,Critical Churn-Risk
1,0.797693988161937,1,0,0,0,0,-1.3877289501582628,0,-0.6163281983877783,3,0,0,1,0,0,0,1,0,0,1,0,0,3,Loyal Low-Risk
0,0.9199258719908678,1,0,1,1,1,1.3080710071140806,1,-0.4499987161245538,3,4,1,1,0,0,1,0,0,1,0,0,1,1,Stable Mid-Risk
0,1.3273654847539706,0,1,1,1,0,-0.1611565898210313,0,-0.561065296895958,3,5,1,1,1,1,0,0,0,0,1,1,0,1,Stable Mid-Risk
1,1.6125732136881423,0,0,0,0,0,-1.504070501951767,0,-0.6358333730111247,3,0,0,1,1,0,0,1,0,0,1,0,0,3,Loyal Low-Risk
0,-0.9135523854430948,0,0,0,0,0,-1.5024084797832884,0,-0.4591039839143556,0,0,0,1,1,0,0,1,0,1,0,0,0,3,Loyal Low-Risk
1,-1.0357842692720256,0,0,0,0,0,-1.487450280266981,0,-0.3745415333170813,0,0,0,1,0,0,0,1,0,1,0,0,0,3,Loyal Low-Risk
0,-1.1172721918246462,0,0,0,0,1,0.6897987604400287,0,0.9972714397578116,0,2,1,0,0,0,1,0,1,0,0,0,1,0,Critical Churn-Risk
1,-0.3431369275747509,1,1,0,1,0,0.4587776790214986,0,-0.3000973944555876,1,4,1,1,1,1,0,0,0,0,1,1,0,1,Stable Mid-Risk
1,1.6125732136881423,1,1,1,1,1,1.7285626157391745,0,-0.4803275009270049,3,6,1,1,1,0,1,0,0,0,1,1,0,1,Stable Mid-Risk
0,-0.4653688114036817,0,1,1,1,1,-0.7062998610820231,0,-0.4360234091630995,1,3,1,0,0,1,0,0,1,0,0,0,0,2,Vulnerable High-Risk
0,1.490341329859212,0,0,1,1,1,-0.1329022129568947,0,-0.5657066779378909,3,5,1,1,1,1,0,0,0,1,0,1,0,1,Stable Mid-Risk
1,0.4717422979514547,0,0,1,0,1,-0.3290208288373734,0,-0.5246846514834418,2,2,0,0,1,1,0,0,1,0,0,0,0,2,Vulnerable High-Risk
1,1.1643896396487294,1,0,0,1,1,0.0133557378692252,0,-0.5443403667554791,3,2,1,1,0,1,0,0,0,1,0,0,1,1,Stable Mid-Risk
0,-0.3431369275747509,1,0,0,1,1,1.2681824750705932,1,-0.1864030138188256,1,4,1,0,1,0,1,0,1,0,0,1,0,0,Critical Churn-Risk
0,-1.2802480369298874,0,0,0,1,0,0.8576629994563706,1,4.6207448130632365,0,2,1,0,0,0,1,0,1,0,0,0,1,0,Critical Churn-Risk
0,-1.076528230548336,0,0,1,0,1,-0.4653066466526213,1,0.1800270712665668,0,1,0,0,1,1,0,0,1,0,0,0,0,2,Vulnerable High-Risk
0,-1.1580161531009563,1,0,0,0,1,0.8393807556031058,1,1.435201027049651,0,2,1,0,0,0,1,0,1,0,0,0,1,0,Critical Churn-Risk
0,1.6125732136881423,1,0,1,1,1,1.4426948027608495,0,-0.4940791770187625,3,5,1,1,0,0,1,0,0,0,1,0,1,1,Stable Mid-Risk
0,1.6125732136881423,1,1,1,1,0,0.9041996201737724,0,-0.519983497098585,3,6,1,1,1,1,0,0,0,0,1,0,0,1,Stable Mid-Risk
0,-0.7505765403378537,1,0,0,0,1,0.3424361272279943,0,-0.0826695371666672,1,0,0,0,0,0,1,0,1,0,0,0,1,0,Critical Churn-Risk
0,-1.0357842692720256,1,0,0,0,1,-1.3212480634191175,0,-0.3015856935860996,0,0,0,0,1,0,0,1,1,0,0,0,0,2,Vulnerable High-Risk
0,0.6347181430566958,0,0,0,0,0,0.3440981493964733,0,-0.4880697533066191,2,1,0,1,0,0,1,0,0,1,0,0,1,3,Loyal Low-Risk
1,0.9199258719908678,0,0,0,0,0,-1.5057325241202455,0,-0.6264476256453425,3,0,0,1,0,0,0,1,0,1,0,0,0,3,Loyal Low-Risk
0,-1.2802480369298874,0,0,0,0,0,-1.5123806127941604,0,0.4593437148080397,0,0,0,0,1,0,0,1,1,0,0,1,0,2,Vulnerable High-Risk
0,0.512486259227765,0,1,1,1,0,1.5756565762391403,0,-0.3823763561055824,2,6,1,1,1,0,1,0,0,1,0,1,0,1,Stable Mid-Risk
0,-1.1987601143772668,0,0,0,0,1,0.1828819990540456,0,1.3844237625968878,0,0,0,0,0,0,1,0,1,0,0,0,0,0,Critical Churn-Risk
0,1.5718292524118322,0,0,0,0,0,-1.5024084797832884,0,-0.6353181293332683,3,0,0,1,0,0,0,1,0,0,1,0,0,3,Loyal Low-Risk
0,-0.9950403079957154,0,0,0,0,0,-1.4808021915930665,0,-0.4044534276067839,0,0,0,0,0,0,0,1,1,0,0,0,0,2,Vulnerable High-Risk
0,-1.1987601143772668,1,0,0,0,1,0.3673664597551738,1,1.546385726799667,0,0,0,0,0,0,1,0,1,0,0,0,1,0,Critical Churn-Risk
1,1.490341329859212,0,1,1,1,0,0.526920587929123,0,-0.5326055712256625,3,5,1,1,1,1,0,0,0,0,1,0,0,1,Stable Mid-Risk
1,-1.2802480369298874,0,0,0,0,1,0.1230492009888149,1,3.33088556661948,0,0,0,0,0,0,1,0,1,0,0,0,1,0,Critical Churn-Risk
0,1.6125732136881423,1,1,1,1,1,1.6936601502011233,0,-0.4820064846358822,3,6,1,1,1,0,1,0,0,0,1,1,0,1,Stable Mid-Risk
0,-0.8728084241667845,0,1,0,0,1,0.2892514178366782,1,0.0478727787253027,0,1,0,0,0,0,1,0,1,0,0,0,1,0,Critical Churn-Risk
0,1.5718292524118322,1,1,1,0,0,0.525258565760644,0,-0.5364224354757152,3,5,1,1,1,1,0,0,0,0,1,0,0,1,Stable Mid-Risk
0,-1.2802480369298874,0,0,0,0,1,0.1712478438746953,1,3.415514340707419,0,0,0,0,0,0,1,0,1,0,0,0,0,0,Critical Churn-Risk
0,0.0235587239120416,0,1,1,1,0,-0.1744527671688605,0,-0.4626464385922022,2,5,1,1,1,1,0,0,0,0,1,0,0,1,Stable Mid-Risk
0,-0.6690886177852331,0,0,0,0,0,-1.5206907236365534,0,-0.5362889215206519,1,0,0,1,0,0,0,1,0,1,0,0,0,3,Loyal Low-Risk
0,0.960669833267178,1,1,1,0,0,1.025527238472713,0,-0.4712144205956962,3,4,0,1,0,0,1,0,0,1,0,0,1,1,Stable Mid-Risk
0,-1.2802480369298874,0,0,0,0,0,-1.4907743246039378,0,0.4972807514681501,0,0,0,0,1,0,0,1,1,0,0,1,0,2,Vulnerable High-Risk
0,-1.1172721918246462,0,0,0,1,1,0.1745718882116524,1,0.6957206355364203,0,3,1,0,0,1,0,0,1,0,0,0,1,2,Vulnerable High-Risk
1,1.0014137945434884,0,0,0,0,0,-1.509056568457203,0,-0.6280504977891858,3,0,0,1,0,0,0,1,0,1,0,0,0,3,Loyal Low-Risk
1,0.960669833267178,0,0,0,0,1,-0.9539411641853394,0,-0.59316586637759,3,2,0,1,1,1,0,0,0,1,0,1,0,3,Loyal Low-Risk
0,-0.9950403079957154,1,0,0,1,1,0.970680506912918,1,0.552078693310532,0,3,1,0,0,0,1,0,1,0,0,0,1,0,Critical Churn-Risk
1,-0.4246248501273714,0,1,0,0,0,-0.1212680577775442,1,-0.3567466524087854,1,3,0,0,0,1,0,0,1,0,0,0,0,2,Vulnerable High-Risk
0,-1.2802480369298874,0,0,0,0,0,-1.4974224132778524,0,0.4856078171111931,0,0,0,0,0,0,0,1,1,0,0,0,0,2,Vulnerable High-Risk
1,0.3087664528462136,0,1,1,1,1,-0.023208749837305,0,-0.484598086667355,2,3,1,0,1,1,0,0,1,0,0,1,0,1,Stable Mid-Risk
1,0.5532302205040753,0,0,0,0,0,-1.4974224132778524,0,-0.6180432903085515,2,0,0,1,1,0,0,1,0,0,1,1,0,3,Loyal Low-Risk
1,1.24587756220135,0,0,0,0,0,-1.499084435446331,0,-0.6311636995708095,3,0,0,1,0,0,0,1,0,0,1,0,0,3,Loyal Low-Risk
1,1.4495973685829016,1,1,0,1,1,1.509175689499995,0,-0.4806658468503949,3,5,1,1,0,0,1,0,0,0,1,0,1,1,Stable Mid-Risk
1,1.490341329859212,0,1,1,1,1,1.3811999825271402,0,-0.4897492265151202,3,5,1,1,1,0,1,0,0,0,1,1,0,1,Stable Mid-Risk
0,0.960669833267178,1,0,1,0,0,0.856000977287892,0,-0.481658625020342,3,3,0,0,0,0,1,0,1,0,0,0,1,0,Critical Churn-Risk
1,-0.9135523854430948,0,0,0,0,1,0.0366240482279261,0,0.032220434928474,0,3,1,1,0,1,0,0,0,1,0,0,0,2,Vulnerable High-Risk
0,1.24587756220135,1,1,1,1,0,1.3197051622934308,0,-0.4764973193411283,3,5,1,1,1,0,1,0,0,1,0,1,0,1,Stable Mid-Risk
1,-0.3431369275747509,0,1,1,0,1,-0.4087978929243477,0,-0.4219628291422194,1,5,1,1,0,1,0,0,0,0,1,0,0,1,Stable Mid-Risk
0,-0.5468567339563023,1,0,0,0,1,-0.2891322967938861,0,-0.3396686419256721,1,1,0,0,0,1,0,0,1,0,0,0,0,2,Vulnerable High-Risk
1,-0.4246248501273714,1,0,0,1,1,0.7961681792226614,0,-0.2166714401253004,1,2,1,0,0,0,1,0,1,0,0,0,1,0,Critical Churn-Risk
0,-0.1394171211931994,1,1,0,0,1,0.653234272733499,1,-0.3385013484899764,2,2,0,0,0,0,1,0,1,0,0,0,1,0,Critical Churn-Risk
0,-0.791320501614164,1,0,0,1,1,0.3490842159019089,1,-0.0392573384391268,1,3,1,1,0,1,0,0,0,1,0,0,0,2,Vulnerable High-Risk
0,1.5310852911355222,1,0,0,0,1,-1.2896696422180234,0,-0.6243484938381935,3,0,0,1,1,0,0,1,0,0,1,0,0,3,Loyal Low-Risk
0,0.6754621043330061,0,0,0,1,0,1.1501789011086103,0,-0.4350365156220113,3,4,1,0,0,0,1,0,1,0,0,0,1,0,Critical Churn-Risk
0,0.4309983366751445,1,1,1,1,1,1.4875694013097729,1,-0.3764649145463526,2,5,1,1,0,0,1,0,0,1,0,0,0,1,Stable Mid-Risk
0,-1.1987601143772668,0,0,0,0,1,-1.5024084797832884,1,-0.0951206671474213,0,0,0,0,0,0,0,1,1,0,0,0,0,2,Vulnerable High-Risk
1,0.3902543753988342,0,0,1,1,0,0.277617262657328,0,-0.4685188347751994,2,4,1,1,0,1,0,0,0,1,0,0,1,1,Stable Mid-Risk
0,1.0014137945434884,0,0,1,0,1,-0.3373309396797665,0,-0.5571072329473346,3,2,0,1,0,1,0,0,0,1,0,0,0,1,Stable Mid-Risk
0,-1.2395040756535771,0,1,0,1,0,0.0532442699127125,1,1.916515020368181,0,3,1,0,1,1,0,0,1,0,0,0,0,2,Vulnerable High-Risk
0,1.6125732136881423,1,1,1,1,1,1.6870120615272086,0,-0.4823262910566208,3,6,1,1,1,0,1,0,0,0,1,1,0,1,Stable Mid-Risk
0,0.5532302205040753,1,0,0,1,1,1.3180431401249524,0,-0.407682111577857,2,4,1,0,0,0,1,0,1,0,0,0,1,0,Critical Churn-Risk
0,1.368109446030281,1,0,1,1,1,1.1717851892988325,1,-0.4927844383377873,3,3,1,0,1,0,1,0,1,0,0,1,0,0,Critical Churn-Risk
0,1.2051336009250395,1,1,1,0,0,1.2366040538694991,1,-0.478104084859013,3,4,1,1,0,0,1,0,0,1,0,0,1,1,Stable Mid-Risk
0,1.6125732136881423,1,1,1,1,1,0.875945243309636,0,-0.5213426743867239,3,6,1,1,1,1,0,0,0,0,1,0,0,1,Stable Mid-Risk
1,0.1050466464646622,0,0,1,1,1,0.8277466004237555,0,-0.3762438362441376,2,3,1,1,0,0,1,0,0,1,0,0,1,1,Stable Mid-Risk
0,-0.6283446565089229,1,1,0,0,0,0.8443668221085419,1,-0.0821507400841357,1,3,0,0,1,0,1,0,1,0,0,1,0,0,Critical Churn-Risk
0,1.6125732136881423,1,1,1,1,1,0.9174957975216018,0,-0.519343884257108,3,6,1,1,0,1,0,0,0,0,1,0,1,1,Stable Mid-Risk
1,-0.1801610824695097,0,0,0,0,0,-1.4924363467724169,0,-0.586993970050923,2,0,0,1,0,0,0,1,0,1,0,0,0,3,Loyal Low-Risk
0,0.960669833267178,1,0,0,0,1,-1.3179240190821602,1,-0.6155901876422706,3,0,0,1,1,0,0,1,0,0,1,1,0,3,Loyal Low-Risk
0,-0.0579291986405789,1,0,1,0,1,0.5003282332334644,1,-0.3758182605123735,2,1,0,0,1,0,1,0,1,0,0,1,0,0,Critical Churn-Risk
0,0.512486259227765,0,0,0,0,0,-1.527338812310468,0,-0.6192607957190484,2,0,0,1,1,0,0,1,0,1,0,0,0,3,Loyal Low-Risk
0,-1.2802480369298874,1,0,0,0,1,-1.2979797530604165,0,0.8357958478199053,0,0,0,0,0,0,0,1,1,0,0,0,0,2,Vulnerable High-Risk
0,-1.2395040756535771,0,0,0,0,1,-0.5051951786961084,1,1.2628306963785851,0,1,0,0,0,1,0,0,1,0,0,0,0,2,Vulnerable High-Risk
0,-1.076528230548336,0,0,0,0,1,-1.4575338812343652,0,-0.3177402009551027,0,0,0,0,0,0,0,1,1,0,0,0,0,2,Vulnerable High-Risk
0,0.6347181430566958,0,0,0,1,1,1.0720638591901144,0,-0.4358988834255253,2,4,1,1,0,0,1,0,0,1,0,0,1,1,Stable Mid-Risk
1,-0.3023929662984406,1,0,0,0,1,-1.3096139082397669,0,-0.553058861151122,2,0,0,0,1,0,0,1,1,0,0,0,0,2,Vulnerable High-Risk
1,1.2866215234776603,0,0,0,0,1,-1.499084435446331,0,-0.6317164803564636,3,0,0,1,1,0,0,1,0,0,1,0,0,3,Loyal Low-Risk
0,0.7162060656093164,0,1,0,0,1,-0.9905056518918692,0,-0.5869860776003774,3,2,0,0,0,1,0,0,1,0,0,0,0,2,Vulnerable High-Risk
1,0.797693988161937,1,0,0,1,0,1.2116737213423197,0,-0.4440973556115437,3,3,1,1,1,0,1,0,0,1,0,0,0,1,Stable Mid-Risk
0,-1.1580161531009563,0,0,0,0,1,0.1795579547170885,0,0.9717855330784554,0,0,0,0,0,0,1,0,1,0,0,0,1,0,Critical Churn-Risk
0,-0.0171852373642686,0,0,0,1,0,0.8692971546357213,0,-0.3453813052549101,2,2,1,0,0,0,1,0,1,0,0,0,1,0,Critical Churn-Risk
1,0.512486259227765,1,1,1,1,0,0.3008855730160285,0,-0.4796931023206485,2,4,1,1,1,1,0,0,0,0,1,1,0,1,Stable Mid-Risk
0,-0.9542963467194052,1,1,0,0,1,0.7728998688639604,0,0.3607074194917523,0,2,1,0,0,0,1,0,1,0,0,0,1,0,Critical Churn-Risk
0,1.368109446030281,1,0,1,1,1,1.367903805179311,1,-0.4825052871876311,3,4,1,1,1,0,1,0,0,1,0,1,0,1,Stable Mid-Risk
1,-1.1987601143772668,1,0,0,0,0,0.8992135536683364,1,2.01330310107795,0,2,1,0,0,0,1,0,1,0,0,0,1,0,Critical Churn-Risk
0,0.8791819107145575,0,0,0,0,0,-1.485788258098502,0,-0.6244351814428931,3,0,0,1,0,0,0,1,0,0,1,0,0,3,Loyal Low-Risk
1,-1.2802480369298874,0,0,1,1,0,-0.8209793907070487,1,1.6733288879315755,0,2,1,0,0,1,0,0,1,0,0,0,1,2,Vulnerable High-Risk
1,1.2866215234776603,1,1,1,1,0,1.512499733836952,0,-0.469013733781031,3,5,1,1,1,0,1,0,0,0,1,0,0,1,Stable Mid-Risk
0,-0.0579291986405789,1,0,0,0,1,0.3025475951845074,1,-0.3975226228323406,2,0,0,0,0,0,1,0,1,0,0,0,1,0,Critical Churn-Risk
0,-0.7505765403378537,0,0,0,1,1,0.8310706447607126,1,0.0317252195315121,1,2,1,0,0,0,1,0,1,0,0,0,0,0,Critical Churn-Risk
0,-0.8320644628904743,0,1,0,1,1,0.6765025830921999,0,0.0974827497423704,0,2,1,1,1,0,1,0,0,1,0,1,0,0,Critical Churn-Risk
0,1.4088534073065913,0,1,1,0,1,-0.1279161464514586,0,-0.5624671934241219,3,3,0,1,1,1,0,0,0,1,0,0,0,1,Stable Mid-Risk
1,0.1050466464646622,1,1,1,1,0,0.2477008636247124,1,-0.4328251430577212,2,4,1,0,0,1,0,0,1,0,0,0,1,1,Stable Mid-Risk
0,0.512486259227765,1,1,1,0,0,0.2909134400051568,0,-0.4804543806482761,2,3,1,1,0,1,0,0,0,0,1,0,0,1,Stable Mid-Risk
0,-0.9135523854430948,0,0,0,0,0,-0.62486077482657,0,-0.1789535593473858,0,0,0,0,0,1,0,0,1,0,0,0,0,2,Vulnerable High-Risk
0,-0.1394171211931994,1,1,0,0,1,-0.2076932105384332,0,-0.4392776817717058,2,2,0,0,1,1,0,0,1,0,0,0,0,2,Vulnerable High-Risk
0,-0.3431369275747509,1,0,0,0,0,-1.336206262935425,0,-0.5522327765658605,1,0,0,1,1,0,0,1,0,1,0,0,0,3,Loyal Low-Risk
1,1.368109446030281,0,0,0,0,1,-1.4974224132778524,0,-0.6326854277204222,3,0,0,1,0,0,0,1,0,0,1,0,0,3,Loyal Low-Risk
0,0.7569500268856267,0,1,0,1,0,0.7163911151356868,0,-0.4732563964607712,3,2,1,1,0,0,1,0,0,1,0,0,0,1,Stable Mid-Risk
0,0.512486259227765,1,0,0,0,0,-1.3062898639028098,0,-0.602385792789969,2,0,0,1,0,0,0,1,0,0,1,0,0,3,Loyal Low-Risk
0,0.6754621043330061,0,0,0,0,0,-1.522352745805032,0,-0.6227373000818812,3,0,0,1,1,0,0,1,0,1,0,1,0,3,Loyal Low-Risk
0,-0.1394171211931994,0,0,0,0,1,-1.504070501951767,0,-0.5910258284121478,2,0,0,1,0,0,0,1,0,0,1,0,0,3,Loyal Low-Risk
1,0.3087664528462136,1,1,1,1,1,1.5058516451630377,0,-0.3536334572966171,2,5,1,0,1,0,1,0,1,0,0,1,0,1,Stable Mid-Risk
0,0.1865345690172827,1,0,0,1,1,1.055443637505328,1,-0.370509763226685,2,2,1,0,0,0,1,0,1,0,0,0,1,0,Critical Churn-Risk
0,-0.3023929662984406,0,0,0,0,0,0.1645997552007807,0,-0.3539455385622581,2,0,0,0,0,0,1,0,1,0,0,0,1,0,Critical Churn-Risk
0,-0.4246248501273714,0,0,0,1,1,-0.4719547353265357,0,-0.4102898947852623,1,3,1,0,0,1,0,0,1,0,0,0,1,2,Vulnerable High-Risk
0,1.6125732136881423,0,1,1,1,1,0.0266519152170539,0,-0.5621979446360736,3,6,1,1,1,1,0,0,0,0,1,0,0,1,Stable Mid-Risk
0,-1.0357842692720256,0,0,0,0,1,-0.8209793907070487,1,-0.0819886159958446,0,2,1,0,1,1,0,0,1,0,0,1,0,2,Vulnerable High-Risk
1,0.0235587239120416,0,0,1,1,0,0.5751192308150029,0,-0.3852274180776781,2,5,1,1,1,1,0,0,0,0,1,1,0,1,Stable Mid-Risk
0,-0.3838808888510611,0,0,1,0,1,0.4753979007062849,0,-0.2823739891236078,1,2,0,0,0,0,1,0,1,0,0,0,0,0,Critical Churn-Risk
0,-0.3431369275747509,1,0,0,1,1,1.2116737213423197,1,-0.1943406091815565,1,3,1,0,0,0,1,0,1,0,0,0,1,0,Critical Churn-Risk
0,-1.2802480369298874,0,0,0,1,0,0.4903561002225927,1,3.9758151898413594,0,1,1,0,0,0,1,0,1,0,0,0,1,0,Critical Churn-Risk
0,1.490341329859212,1,1,1,1,0,0.8593250216248496,0,-0.5159299507157239,3,6,1,1,0,1,0,0,0,0,1,0,0,1,Stable Mid-Risk
1,-1.1987601143772668,0,0,0,0,1,-1.4708300585821945,0,-0.0673974480496483,0,0,0,1,1,0,0,1,0,1,0,1,0,3,Loyal Low-Risk
0,0.960669833267178,0,0,1,1,1,0.3640424154182167,0,-0.51196729668402,3,4,1,1,1,1,0,0,0,1,0,0,0,1,Stable Mid-Risk
0,1.3273654847539706,1,1,1,1,1,1.5025276008260804,0,-0.4725455446890334,3,5,1,1,1,0,1,0,0,1,0,1,0,1,Stable Mid-Risk
0,1.5718292524118322,0,0,0,0,0,-1.4608579255713223,0,-0.6332915782296298,3,0,0,1,0,0,0,1,0,1,0,0,1,3,Loyal Low-Risk
0,-0.7505765403378537,1,0,0,0,1,0.5169484549182508,0,-0.0418142669173174,1,1,0,0,1,0,1,0,1,0,0,0,0,0,Critical Churn-Risk
0,-1.2395040756535771,0,0,0,0,1,0.17789593254861,0,2.062426699830145,0,0,0,0,0,0,1,0,1,0,0,0,1,0,Critical Churn-Risk
0,-0.0171852373642686,1,0,0,1,0,0.6399380953856697,1,-0.3697883498194568,2,1,1,1,0,0,1,0,0,1,0,0,1,0,Critical Churn-Risk
0,0.3087664528462136,0,1,0,0,0,0.0881467354507637,0,-0.4750604451805729,2,3,1,0,0,1,0,0,1,0,0,0,1,2,Vulnerable High-Risk
0,-1.2802480369298874,0,0,0,0,0,-1.46418196990828,0,0.5439724888959785,0,0,0,0,1,0,0,1,1,0,0,1,0,2,Vulnerable High-Risk
0,-1.2802480369298874,0,0,0,1,1,0.8078023344020117,1,4.533197805386059,0,2,1,0,0,0,1,0,1,0,0,0,1,0,Critical Churn-Risk
0,-1.0357842692720256,0,0,0,0,1,0.1695858217062168,0,0.3528281888008064,0,0,0,0,0,0,1,0,1,0,0,0,0,0,Critical Churn-Risk
0,-0.7098325790615434,1,0,0,0,1,-0.4553345136417494,0,-0.2942901096130014,1,0,0,0,0,1,0,0,1,0,0,0,1,2,Vulnerable High-Risk
1,-0.6283446565089229,1,1,0,1,0,0.9839766842607472,1,-0.0549138932512358,1,3,1,0,0,0,1,0,1,0,0,0,1,0,Critical Churn-Risk
0,-0.5468567339563023,0,0,0,0,1,0.4471435238421484,1,-0.2103908939223724,1,2,0,0,0,0,1,0,1,0,0,0,1,0,Critical Churn-Risk
0,1.5718292524118322,1,0,0,0,0,-1.304627841734331,0,-0.6256717460799496,3,0,0,1,1,0,0,1,0,0,1,0,0,3,Loyal Low-Risk
1,0.8791819107145575,1,1,1,0,0,-0.1594945676525527,0,-0.5397533485624226,3,2,0,1,1,1,0,0,0,0,1,0,0,1,Stable Mid-Risk
0,-0.0579291986405789,1,1,1,0,1,0.856000977287892,0,-0.3367868862562983,2,3,0,0,1,0,1,0,1,0,0,1,0,0,Critical Churn-Risk
0,-0.8728084241667845,0,1,0,0,0,0.3856487036084391,0,0.0760823700879491,0,1,0,0,0,0,1,0,1,0,0,0,1,0,Critical Churn-Risk
0,-0.5876006952326126,0,0,0,0,1,0.6698544944182854,0,-0.1451914118891056,1,2,1,0,0,0,1,0,1,0,0,0,1,0,Critical Churn-Risk
0,1.6125732136881423,1,1,1,1,1,1.5058516451630377,0,-0.4910410160217463,3,5,1,1,1,0,1,0,0,0,1,0,0,1,Stable Mid-Risk
0,1.5718292524118322,1,0,0,1,1,1.1584890119510036,0,-0.5055377966562663,3,3,1,0,1,0,1,0,1,0,0,1,0,0,Critical Churn-Risk
0,-1.1172721918246462,0,0,1,1,0,-0.6448050408483137,0,0.2161575823714339,0,3,1,0,1,1,0,0,1,0,0,1,0,2,Vulnerable High-Risk
0,0.227278530293593,1,0,1,0,0,0.1396694226736012,0,-0.4605733043229236,2,3,1,1,1,1,0,0,0,1,0,1,0,1,Stable Mid-Risk
1,-1.1172721918246462,0,0,1,0,1,-0.5367735998972025,0,0.2793859768049513,0,1,0,0,1,1,0,0,1,0,0,0,0,2,Vulnerable High-Risk
0,-1.2395040756535771,0,0,0,0,1,-0.6863555950602795,1,1.0507723888938647,0,0,0,0,0,1,0,0,1,0,0,0,1,2,Vulnerable High-Risk
0,0.797693988161937,1,1,0,0,0,-0.1644806341579885,0,-0.5352783900224914,3,2,0,1,1,1,0,0,0,0,1,0,0,1,Stable Mid-Risk
0,-0.9950403079957154,1,0,0,0,1,0.3640424154182167,1,0.315377524405569,0,0,0,0,0,0,1,0,1,0,0,0,1,0,Critical Churn-Risk
0,1.4495973685829016,1,0,0,1,1,0.526920587929123,0,-0.5306564570312763,3,4,1,1,0,1,0,0,0,0,1,0,1,1,Stable Mid-Risk
1,1.490341329859212,0,0,0,0,1,-1.4708300585821945,0,-0.632826050490394,3,0,0,1,1,0,0,1,0,1,0,1,0,3,Loyal Low-Risk
0,0.3902543753988342,1,1,1,0,1,0.0532442699127125,0,-0.486842627079725,2,3,0,0,1,1,0,0,1,0,0,1,0,2,Vulnerable High-Risk
0,0.7162060656093164,0,0,1,1,1,1.1767712558042684,0,-0.4377556226839849,3,4,1,1,0,0,1,0,0,0,1,0,0,1,Stable Mid-Risk
0,-1.2802480369298874,0,0,0,0,1,-1.5190287014680746,1,0.4476707804510826,0,0,0,0,0,0,0,1,1,0,0,0,0,2,Vulnerable High-Risk
0,-1.2802480369298874,1,1,0,0,1,0.5152864327497723,1,4.019588693679948,0,1,0,0,0,0,1,0,1,0,0,0,1,0,Critical Churn-Risk
0,0.0235587239120416,0,0,0,0,1,-0.6730594177124505,0,-0.5141446784023069,2,0,0,0,1,1,0,0,1,0,0,1,0,2,Vulnerable High-Risk
0,-1.0357842692720256,0,0,0,0,0,-1.477478147256109,0,-0.3701641829332224,0,0,0,0,0,0,0,1,1,0,0,0,0,2,Vulnerable High-Risk
1,1.2866215234776603,1,1,0,0,1,0.8975515314998579,0,-0.5022367007969858,3,3,0,0,0,0,1,0,1,0,0,0,1,0,Critical Churn-Risk
0,-1.2802480369298874,0,0,0,0,1,0.3357880385540801,1,3.704419466042107,0,1,0,0,0,0,1,0,1,0,0,0,1,0,Critical Churn-Risk
0,1.082901717096109,0,0,0,0,1,-1.4824642137615447,0,-0.6277955716365625,3,0,0,1,1,0,0,1,0,0,1,0,0,3,Loyal Low-Risk
0,-1.076528230548336,1,0,0,0,0,-0.4802648461689289,0,0.1725230420370944,0,0,0,0,0,1,0,0,1,0,0,0,1,2,Vulnerable High-Risk
0,-1.1987601143772668,0,0,0,0,0,-1.5290008344789463,0,-0.1184665358613355,0,0,0,0,0,0,0,1,1,0,0,0,0,2,Vulnerable High-Risk
0,-0.7098325790615434,0,0,0,0,0,-1.4741541029191516,0,-0.5178997583884604,1,0,0,0,1,0,0,1,1,0,0,1,0,2,Vulnerable High-Risk
1,-0.791320501614164,0,0,0,1,1,-0.0016024616470825,0,-0.1272212366290533,1,2,1,1,0,1,0,0,0,1,0,0,1,2,Vulnerable High-Risk
0,-0.3838808888510611,1,0,0,1,1,1.1269105907499095,0,-0.1870450252084583,1,3,1,0,1,0,1,0,1,0,0,1,0,0,Critical Churn-Risk
0,-0.0579291986405789,1,1,0,1,0,0.8194364895813623,0,-0.3407994574415023,2,2,1,0,0,0,1,0,1,0,0,0,1,0,Critical Churn-Risk
0,-0.1394171211931994,0,1,1,0,1,-0.2010451218645185,0,-0.4384994861479087,2,3,0,1,0,1,0,0,0,1,0,0,1,1,Stable Mid-Risk
0,0.6754621043330061,0,0,0,0,0,-1.4658439920767583,0,-0.6187685024005157,3,0,0,1,1,0,0,1,0,1,0,1,0,3,Loyal Low-Risk
0,0.960669833267178,1,0,0,1,1,0.6914607826085073,0,-0.49179564696191,3,1,1,0,1,0,1,0,1,0,0,0,0,0,Critical Churn-Risk
0,1.24587756220135,1,1,1,0,1,0.5152864327497723,0,-0.5206356023783723,3,5,1,1,1,1,0,0,0,0,1,1,0,1,Stable Mid-Risk
0,1.24587756220135,1,0,1,1,0,0.4986662110649859,0,-0.5215475503750094,3,4,1,1,1,1,0,0,0,0,1,1,0,1,Stable Mid-Risk
1,-0.3431369275747509,1,1,0,0,1,0.5003282332334644,0,-0.294260927277109,1,1,0,0,0,0,1,0,1,0,0,0,1,0,Critical Churn-Risk
0,0.1457906077409725,0,0,1,0,0,-0.3556131835330314,0,-0.4964172212568646,2,2,0,1,1,1,0,0,0,1,0,1,0,3,Loyal Low-Risk
0,-0.9542963467194052,0,0,0,1,1,0.5335686766030371,1,0.2766622921216613,0,1,1,0,0,0,1,0,1,0,0,0,1,0,Critical Churn-Risk
0,-1.1987601143772668,0,0,0,0,0,-1.3312201964299892,1,0.0551683626984009,0,0,0,0,0,1,0,0,1,0,0,0,1,2,Vulnerable High-Risk
0,-0.4653688114036817,0,1,1,1,0,0.5352306987715161,0,-0.2378488190574873,1,5,1,1,0,1,0,0,0,1,0,0,0,1,Stable Mid-Risk
1,-0.791320501614164,1,0,0,0,0,-1.3395303072723823,0,-0.4628180993915692,1,0,0,1,1,0,0,1,0,1,0,0,0,3,Loyal Low-Risk
1,-1.2802480369298874,0,0,0,0,1,-1.4841262359300234,0,0.5089536858251071,0,0,0,0,1,0,0,1,1,0,0,0,0,2,Vulnerable High-Risk
1,-0.3023929662984406,0,0,0,0,0,-1.487450280266981,0,-0.5770781683856298,2,0,0,1,0,0,0,1,0,1,0,0,0,3,Loyal Low-Risk
1,1.5718292524118322,0,0,0,0,1,-1.5024084797832884,0,-0.6353181293332683,3,0,0,1,1,0,0,1,0,0,1,0,0,3,Loyal Low-Risk
0,1.368109446030281,1,1,1,1,1,1.6454615073152428,0,-0.4679576749666473,3,6,1,1,1,0,1,0,0,1,0,0,0,1,Stable Mid-Risk
0,0.512486259227765,0,1,0,1,1,1.1800953001412255,0,-0.4125737297681453,2,4,1,1,0,0,1,0,0,1,0,0,1,1,Stable Mid-Risk
0,-0.4246248501273714,0,0,0,1,1,0.5053142997389005,0,-0.2610793425702459,1,1,1,0,1,0,1,0,1,0,0,1,0,0,Critical Churn-Risk
0,1.4088534073065913,0,0,0,0,1,-1.4608579255713223,0,-0.6313031739702952,3,0,0,1,1,0,0,1,0,1,0,0,0,3,Loyal Low-Risk
0,1.4495973685829016,1,0,0,1,1,0.8360567112661487,0,-0.5149233715936384,3,2,1,1,1,0,1,0,0,0,1,0,0,1,Stable Mid-Risk
0,0.6754621043330061,1,0,0,0,1,0.8659731102987638,1,-0.4549972333724079,3,2,1,0,1,0,1,0,1,0,0,1,0,0,Critical Churn-Risk
0,-1.1580161531009563,1,0,0,0,0,-0.5334495555602452,0,0.4710166491649967,0,0,0,0,0,1,0,0,1,0,0,0,0,2,Vulnerable High-Risk
0,1.24587756220135,1,1,1,0,0,0.5053142997389005,0,-0.5211827711763546,3,5,1,1,1,1,0,0,0,1,0,1,0,1,Stable Mid-Risk
0,-1.2395040756535771,0,0,0,0,0,0.4953421667280288,1,2.434015110193278,0,2,0,0,1,0,1,0,1,0,0,0,0,0,Critical Churn-Risk
0,-0.4653688114036817,0,0,0,0,1,-1.477478147256109,0,-0.5591198078364651,1,0,0,1,0,0,0,1,0,1,0,0,0,3,Loyal Low-Risk
1,0.9199258719908678,0,1,1,0,0,-0.2409336539080058,1,-0.5471342055949466,3,3,0,1,1,1,0,0,0,0,1,0,0,1,Stable Mid-Risk
1,-1.2802480369298874,0,0,0,0,1,-1.4808021915930665,0,0.5147901530035858,0,0,0,0,0,0,0,1,1,0,0,0,0,2,Vulnerable High-Risk
0,-0.6283446565089229,0,0,0,0,0,-1.509056568457203,0,-0.5412861581244474,1,0,0,1,0,0,0,1,0,0,1,0,0,3,Loyal Low-Risk
0,-0.0986731599168891,1,1,0,1,1,1.183419344478183,0,-0.2890419959807405,2,3,1,0,1,0,1,0,1,0,0,0,0,0,Critical Churn-Risk
1,-0.4246248501273714,0,1,1,0,1,-0.2276374765601766,0,-0.3729872567315082,1,3,0,0,0,1,0,0,1,0,0,0,0,2,Vulnerable High-Risk
0,-0.9542963467194052,0,0,1,1,1,-0.176114789337339,0,0.0274451436006279,0,2,1,0,1,1,0,0,1,0,0,0,0,2,Vulnerable High-Risk
1,-1.2802480369298874,0,0,0,0,0,-1.5157046571311177,0,0.453507247629561,0,0,0,0,0,0,0,1,1,0,0,0,0,2,Vulnerable High-Risk
0,-0.4653688114036817,1,0,0,0,1,0.7213771816411229,1,-0.2081358952397785,1,1,1,0,0,0,1,0,1,0,0,0,1,0,Critical Churn-Risk
0,-0.5468567339563023,1,0,1,0,0,-0.1744527671688605,0,-0.3195328301599211,1,2,0,0,0,1,0,0,1,0,0,0,1,2,Vulnerable High-Risk
1,1.490341329859212,1,0,0,1,1,1.301422918440166,1,-0.4937513754375054,3,4,1,0,0,0,1,0,1,0,0,0,1,0,Critical Churn-Risk
0,-1.2802480369298874,0,0,0,0,1,-1.3195860412506386,1,0.797858811159795,0,0,0,0,0,1,0,0,1,0,0,0,1,2,Vulnerable High-Risk
0,1.6125732136881423,1,1,1,1,1,1.301422918440166,0,-0.5008750634594568,3,5,1,1,1,0,1,0,0,0,1,0,0,1,Stable Mid-Risk
1,1.5310852911355222,1,1,0,1,0,0.1380074005051227,0,-0.5537354613549109,3,3,1,1,1,1,0,0,0,0,1,1,0,1,Stable Mid-Risk
0,1.368109446030281,1,1,1,0,1,1.273168541576029,0,-0.4874706398618592,3,5,1,0,1,0,1,0,1,0,0,0,0,1,Stable Mid-Risk
1,-1.0357842692720256,0,0,0,0,1,-1.3328822185984677,0,-0.3066926023672683,0,0,0,0,0,1,0,0,1,0,0,0,1,2,Vulnerable High-Risk
1,0.5532302205040753,1,1,1,1,1,1.509175689499995,0,-0.3934013940134946,2,5,1,0,0,0,1,0,1,0,0,0,1,0,Critical Churn-Risk
0,0.2680224915699033,0,1,1,1,1,-0.5268014668863306,1,-0.5242469164450558,2,4,1,0,1,1,0,0,1,0,0,1,0,1,Stable Mid-Risk
1,-0.0171852373642686,1,0,0,0,0,-0.0780554813970996,0,-0.446193011064994,2,2,0,0,1,1,0,0,1,0,0,0,0,2,Vulnerable High-Risk
0,-0.3431369275747509,0,0,0,0,1,0.8227605339183194,0,-0.2489699419721156,1,3,1,0,0,0,1,0,1,0,0,0,1,0,Critical Churn-Risk
1,-1.076528230548336,0,0,0,0,1,0.6233178737008834,1,0.7261536429670584,0,2,1,0,1,0,1,0,1,0,0,1,0,0,Critical Churn-Risk
0,0.1865345690172827,1,1,1,1,1,0.4687498120323708,0,-0.4247274714899198,2,5,1,0,1,1,0,0,1,0,0,1,0,1,Stable Mid-Risk
1,-0.9950403079957154,0,0,0,0,0,-1.477478147256109,0,-0.4031564349004553,0,0,0,0,0,0,0,1,1,0,0,0,0,2,Vulnerable High-Risk
1,1.6125732136881423,1,1,0,1,1,0.2211085089290543,0,-0.5528436068294711,3,3,1,1,1,1,0,0,0,0,1,0,0,1,Stable Mid-Risk
0,1.5718292524118322,0,1,1,0,0,-0.6132266196472196,0,-0.5919499357154069,3,4,0,1,1,1,0,0,0,0,1,1,0,1,Stable Mid-Risk
0,-0.6690886177852331,0,0,0,1,1,0.9922867951031402,0,-0.0171866642347961,1,3,1,0,1,0,1,0,1,0,0,0,0,0,Critical Churn-Risk
0,1.0014137945434884,0,1,1,0,1,-0.4952230456852367,0,-0.5666669636707046,3,4,1,0,1,1,0,0,1,0,0,0,0,1,Stable Mid-Risk
0,1.368109446030281,1,0,0,0,0,-1.3079518860712882,0,-0.6227547223719662,3,0,0,1,1,0,0,1,0,1,0,0,0,3,Loyal Low-Risk
0,-0.6283446565089229,0,0,0,1,1,0.8094643565704907,1,-0.0889599517923606,1,3,1,0,0,0,1,0,1,0,0,0,1,0,Critical Churn-Risk
1,-0.4653688114036817,0,0,0,0,0,-1.46418196990828,0,-0.5569974561352001,1,0,0,0,0,0,0,1,1,0,0,0,0,2,Vulnerable High-Risk
0,1.368109446030281,1,1,0,0,1,0.0432721369018403,0,-0.5519331131763983,3,3,0,1,1,1,0,0,0,0,1,1,0,1,Stable Mid-Risk
0,-0.6283446565089229,1,0,0,1,1,0.3524082602388664,0,-0.1781282003524494,1,3,1,0,1,1,0,0,1,0,0,0,0,2,Vulnerable High-Risk
1,-1.2802480369298874,0,0,0,0,1,0.1878680655594816,1,3.444696676599812,0,0,0,0,0,0,1,0,1,0,0,0,0,0,Critical Churn-Risk
0,1.0421577558197987,0,1,0,0,0,-0.149522434641681,1,-0.5477931045833161,3,3,0,1,1,1,0,0,0,1,0,1,0,1,Stable Mid-Risk
1,-0.9950403079957154,0,0,0,0,0,-1.454209836897408,0,-0.3940774859561553,0,0,0,0,1,0,0,1,1,0,0,1,0,2,Vulnerable High-Risk
0,-0.22090504374582,0,1,1,1,0,0.1513035778529514,0,-0.3779808800472562,2,4,1,1,1,1,0,0,0,1,0,1,0,1,Stable Mid-Risk
0,0.0643026851883519,1,0,0,0,0,0.7994922235596185,0,-0.3707686741767078,2,2,1,0,0,0,1,0,1,0,0,0,0,0,Critical Churn-Risk
0,-0.0986731599168891,0,0,0,1,1,1.070401837021636,0,-0.3018445691464353,2,3,1,1,1,0,1,0,0,1,0,0,0,1,Stable Mid-Risk
0,0.0235587239120416,0,0,0,1,1,0.0532442699127125,0,-0.439128909078921,2,3,1,0,1,1,0,0,1,0,0,1,0,2,Vulnerable High-Risk
1,-1.2802480369298874,0,0,0,0,0,-1.3312201964299892,1,0.7774311760351199,0,0,0,0,0,1,0,0,1,0,0,0,1,2,Vulnerable High-Risk
1,-0.7505765403378537,1,1,0,0,0,0.1463175113475158,0,-0.1285830789706983,1,3,1,0,0,1,0,0,1,0,0,0,0,2,Vulnerable High-Risk
1,-0.6690886177852331,1,0,1,0,1,0.4886940780541142,0,-0.1212131086512077,1,1,0,1,1,0,1,0,0,1,0,1,0,1,Stable Mid-Risk
0,0.6754621043330061,0,0,1,1,0,1.1917294553205762,0,-0.4321182820327721,3,4,1,1,1,0,1,0,0,0,1,1,0,1,Stable Mid-Risk
1,-0.5468567339563023,1,0,1,1,0,1.2798166302499436,1,-0.0641873911014851,1,4,1,0,0,0,1,0,1,0,0,0,1,0,Critical Churn-Risk
1,1.5310852911355222,1,1,1,1,0,0.4953421667280288,0,-0.536061652293321,3,5,1,1,1,1,0,0,0,0,1,0,0,1,Stable Mid-Risk
1,-0.0171852373642686,0,1,1,0,0,-0.112957946935151,0,-0.4499071265422076,2,3,0,0,1,1,0,0,1,0,0,0,0,2,Vulnerable High-Risk
0,-0.5876006952326126,0,0,0,0,1,0.1662617773692593,0,-0.2382677042616844,1,0,0,0,0,0,1,0,1,0,0,0,1,0,Critical Churn-Risk
0,0.1865345690172827,0,1,1,0,1,-0.8060211911907411,0,-0.542531953750263,2,3,0,1,0,1,0,0,0,0,1,0,0,1,Stable Mid-Risk
0,-1.1580161531009563,1,0,0,0,1,0.3607183710812596,0,1.0990205175692875,0,0,0,0,0,0,1,0,1,0,0,0,1,0,Critical Churn-Risk
0,-0.6690886177852331,1,1,0,0,0,0.8609870437933281,0,-0.0443090705347846,1,3,0,0,0,0,1,0,1,0,0,0,1,0,Critical Churn-Risk
0,-0.6283446565089229,1,0,0,0,1,0.5219345214236869,0,-0.145054886341071,1,1,0,0,1,0,1,0,1,0,0,0,0,0,Critical Churn-Risk
1,-0.5468567339563023,0,1,0,0,1,-0.1395503016308091,0,-0.3134045396225186,1,3,0,0,0,1,0,0,1,0,0,0,1,2,Vulnerable High-Risk
0,1.1236456783724194,1,0,0,1,0,1.2083496770053626,0,-0.473534235850415,3,3,1,1,1,0,1,0,0,0,1,1,0,1,Stable Mid-Risk
1,0.7569500268856267,1,0,0,0,1,-1.3245721077560746,0,-0.6110868136756106,3,0,0,1,0,0,0,1,0,0,1,0,0,3,Loyal Low-Risk
1,-0.1801610824695097,0,0,0,0,1,-1.4791401694245876,0,-0.5853839101396184,2,0,0,1,1,0,0,1,0,0,1,1,0,3,Loyal Low-Risk
0,0.4309983366751445,0,0,0,0,1,-0.1594945676525527,0,-0.5079180730434488,2,2,1,1,0,1,0,0,0,0,1,0,1,1,Stable Mid-Risk
0,0.3902543753988342,0,0,0,0,0,-1.4808021915930665,0,-0.6121230737247411,2,0,0,1,0,0,0,1,0,0,1,0,1,3,Loyal Low-Risk
0,-1.1987601143772668,0,0,0,1,1,0.4554536346845415,1,1.623718916914508,0,1,1,0,0,0,1,0,1,0,0,0,1,0,Critical Churn-Risk
0,-1.2802480369298874,0,0,0,0,0,-0.6664113290385358,0,1.944724611730828,0,0,0,0,0,1,0,0,1,0,0,0,0,2,Vulnerable High-Risk
0,-1.1987601143772668,0,0,0,0,0,-1.494098368940895,1,-0.0878250831743231,0,0,0,0,0,0,0,1,1,0,0,0,0,2,Vulnerable High-Risk
0,1.24587756220135,1,1,0,1,0,1.1036422803912085,0,-0.4883526432974128,3,4,1,1,1,0,1,0,0,0,1,1,0,1,Stable Mid-Risk
0,-1.1987601143772668,0,0,0,1,1,0.5019902554019434,1,1.6645741871638575,0,1,1,0,0,0,1,0,1,0,0,0,1,0,Critical Churn-Risk
0,1.4495973685829016,1,1,1,1,1,1.4260745810760636,0,-0.4848951708927706,3,5,1,0,0,0,1,0,1,0,0,0,1,1,Stable Mid-Risk
0,-0.0986731599168891,1,0,0,1,1,1.160151034119482,1,-0.2916778198677953,2,3,1,0,0,0,1,0,1,0,0,0,1,0,Critical Churn-Risk
0,1.1236456783724194,1,0,0,1,0,1.3263532509673457,0,-0.4667409707738253,3,4,1,1,0,0,1,0,0,0,1,0,1,1,Stable Mid-Risk
0,-0.7098325790615434,1,0,1,0,1,-0.2060311883699544,1,-0.2395732298147651,1,2,0,0,1,1,0,0,1,0,0,1,0,2,Vulnerable High-Risk
0,0.512486259227765,1,0,0,1,1,0.9673564625759608,0,-0.4288143340908681,2,2,1,0,1,0,1,0,1,0,0,0,0,0,Critical Churn-Risk
0,1.5310852911355222,0,1,1,1,0,0.7197151594726443,0,-0.524964144277904,3,6,1,1,1,1,0,0,0,0,1,1,0,1,Stable Mid-Risk
0,-0.9135523854430948,1,0,0,1,1,1.1202625020759949,1,0.3781637622346564,0,3,1,0,0,0,1,0,1,0,0,0,1,0,Critical Churn-Risk
0,-1.1580161531009563,0,0,0,0,0,-1.509056568457203,0,-0.2141845975883835,0,0,0,0,0,0,0,1,1,0,0,0,0,2,Vulnerable High-Risk
0,-1.2802480369298874,0,0,0,0,1,-0.4769408018319716,1,2.2774032409041043,0,1,0,0,0,1,0,0,1,0,0,0,0,2,Vulnerable High-Risk
0,1.4495973685829016,1,0,0,0,1,-1.3245721077560746,0,-0.624885796695408,3,0,0,1,1,0,0,1,0,0,1,1,0,3,Loyal Low-Risk
1,-0.4246248501273714,0,1,0,0,0,0.3391120828910372,0,-0.2864552868245004,1,1,0,0,1,0,1,0,1,0,0,0,0,0,Critical Churn-Risk
1,0.227278530293593,1,0,0,1,1,0.9922867951031402,1,-0.3838013129752444,2,3,1,0,0,0,1,0,1,0,0,0,1,0,Critical Churn-Risk
0,-1.2802480369298874,1,0,0,1,1,1.178433277972747,1,5.183963895786416,0,3,1,0,1,0,1,0,1,0,0,1,0,0,Critical Churn-Risk
0,-0.5876006952326126,0,0,1,0,0,0.4454815016736698,0,-0.186661047104611,1,2,0,0,0,0,1,0,1,0,0,0,1,0,Critical Churn-Risk
0,-0.1394171211931994,0,0,1,1,1,0.9773285955868324,0,-0.3005643118298658,2,3,1,0,0,0,1,0,1,0,0,0,1,0,Critical Churn-Risk
0,-0.6690886177852331,1,0,0,0,1,0.7861960462117896,1,-0.0597585424778161,1,2,1,0,0,0,1,0,1,0,0,0,1,0,Critical Churn-Risk
0,-1.2802480369298874,0,0,0,0,1,0.1679237995377378,1,3.40967787352894,0,0,0,0,0,0,1,0,1,0,0,0,1,0,Critical Churn-Risk
0,-0.8320644628904743,0,1,0,0,0,0.5618230534671742,1,0.0665045777950611,0,2,0,0,1,0,1,0,1,0,0,0,0,0,Critical Churn-Risk
0,-0.0579291986405789,0,0,0,1,1,-0.4902369791798008,0,-0.4845224617115362,2,3,1,1,0,1,0,0,0,1,0,0,1,1,Stable Mid-Risk
0,-1.1580161531009563,0,0,0,0,1,0.5019902554019434,1,1.1982404596034226,0,1,1,0,0,0,1,0,1,0,0,0,1,0,Critical Churn-Risk
0,0.6347181430566958,1,0,1,0,1,0.1579516665268661,0,-0.5014102497145702,2,3,1,1,0,1,0,0,0,1,0,0,0,1,Stable Mid-Risk
0,-0.7098325790615434,1,0,0,0,1,-1.3096139082397669,1,-0.4817866177216244,1,0,0,0,1,0,0,1,1,0,0,1,0,2,Vulnerable High-Risk
0,0.7162060656093164,0,1,1,0,1,0.8410427777715843,0,-0.4608726103320764,3,4,0,1,1,0,1,0,0,1,0,1,0,1,Stable Mid-Risk
0,-1.0357842692720256,0,0,0,0,1,-0.6697353733754932,0,-0.0155988018406513,0,0,0,0,1,1,0,0,1,0,0,0,0,2,Vulnerable High-Risk
0,0.3495104141225239,1,1,0,0,1,0.6299659623747981,1,-0.434330581020424,2,2,0,0,1,0,1,0,1,0,0,0,0,0,Critical Churn-Risk
1,1.4495973685829016,0,1,0,0,0,0.5169484549182508,0,-0.5311639759163614,3,2,0,1,1,0,1,0,0,0,1,1,0,1,Stable Mid-Risk
0,-0.2616490050221303,1,0,0,1,1,1.1069663247281656,0,-0.2429778356688776,2,3,1,0,1,0,1,0,1,0,0,0,0,0,Critical Churn-Risk
0,1.0014137945434884,0,0,1,1,0,-0.3805435160602109,0,-0.5597235803032043,3,4,1,1,1,1,0,0,0,0,1,1,0,1,Stable Mid-Risk
0,-1.1987601143772668,0,0,0,0,0,-1.504070501951767,0,-0.0965797839420409,0,0,0,0,0,0,0,1,1,0,0,0,1,2,Vulnerable High-Risk
0,-1.2802480369298874,0,0,0,0,0,-1.459195903402844,1,0.5527271896636962,0,0,0,0,0,0,0,1,1,0,0,0,0,2,Vulnerable High-Risk
1,-0.5468567339563023,0,1,0,0,1,-0.5268014668863306,0,-0.3813993822517936,1,1,0,1,1,1,0,0,0,1,0,0,0,3,Loyal Low-Risk
0,-1.1987601143772668,0,0,0,1,1,-0.3522891391960741,0,0.9145881547293656,0,1,1,0,0,1,0,0,1,0,0,0,1,2,Vulnerable High-Risk
0,1.082901717096109,1,0,0,0,0,-1.3411923294408608,0,-0.619527243133718,3,0,0,1,0,0,0,1,0,0,1,0,1,3,Loyal Low-Risk
0,-1.2802480369298874,0,0,0,0,1,0.1529656000214305,1,3.3834137712257872,0,0,0,0,0,0,1,0,1,0,0,0,0,0,Critical Churn-Risk
0,0.3902543753988342,0,1,0,1,1,-0.8193173685385702,0,-0.5581018193751026,2,2,1,0,1,1,0,0,1,0,0,0,0,2,Vulnerable High-Risk
0,-1.0357842692720256,1,0,0,0,1,0.3357880385540801,1,0.4257840285317881,0,0,0,0,0,0,1,0,1,0,0,0,1,0,Critical Churn-Risk
0,1.4088534073065913,1,0,0,0,0,-1.3029658195658524,0,-0.6231492860003619,3,0,0,1,1,0,0,1,0,0,1,1,0,3,Loyal Low-Risk
0,-1.2802480369298874,0,0,0,0,1,0.1845440212225241,0,3.4388602094213327,0,0,0,0,0,0,1,0,1,0,0,0,1,0,Critical Churn-Risk
0,1.368109446030281,1,1,1,1,0,0.8942274871629008,0,-0.5073320505587712,3,6,1,1,1,1,0,0,0,0,1,0,0,1,Stable Mid-Risk
0,1.1643896396487294,1,0,0,0,0,0.8111263787389692,0,-0.4991548144059679,3,2,1,0,0,0,1,0,1,0,0,0,0,0,Critical Churn-Risk
1,-1.1580161531009563,1,0,0,0,0,-1.3528264846202114,0,-0.104459014632987,0,0,0,1,1,0,0,1,0,1,0,1,0,3,Loyal Low-Risk
0,0.3902543753988342,0,1,0,0,1,0.3108577060269006,1,-0.4658041988782326,2,1,0,0,1,0,1,0,1,0,0,1,0,0,Critical Churn-Risk
1,1.2866215234776603,1,0,0,0,1,-0.3639232943754246,0,-0.5703886790810659,3,1,0,1,1,1,0,0,0,1,0,0,0,3,Loyal Low-Risk
0,0.8791819107145575,1,1,1,1,1,1.6886740836956873,0,-0.421750593972093,3,6,1,1,1,0,1,0,0,1,0,0,0,1,Stable Mid-Risk
0,-1.2802480369298874,0,0,0,0,1,-1.4974224132778524,0,0.4856078171111931,0,0,0,0,1,0,0,1,1,0,0,1,0,2,Vulnerable High-Risk
1,0.8791819107145575,1,0,0,0,1,-1.35448850678869,0,-0.6160518922228966,3,0,0,1,1,0,0,1,0,0,1,0,0,3,Loyal Low-Risk
1,-0.5876006952326126,1,0,0,0,0,-1.3129379525767242,0,-0.5116601142009423,1,0,0,1,1,0,0,1,0,0,1,1,0,3,Loyal Low-Risk
0,-1.1987601143772668,0,0,0,0,0,0.6482482062280629,0,1.7929764650903854,0,2,1,0,0,0,1,0,1,0,0,0,1,0,Critical Churn-Risk
0,-1.2802480369298874,0,0,0,0,1,0.1762339103801309,1,3.4242690414751364,0,0,0,0,0,0,1,0,1,0,0,0,1,0,Critical Churn-Risk
1,1.6125732136881423,1,1,1,1,0,0.829408622592234,0,-0.5235813193318938,3,6,1,1,1,1,0,0,0,0,1,1,0,1,Stable Mid-Risk
0,1.1236456783724194,0,0,0,1,1,1.10198025822273,0,-0.479657742398327,3,4,1,1,0,0,1,0,0,1,0,0,1,1,Stable Mid-Risk
1,-0.8728084241667845,0,0,0,0,1,-1.4891123024354591,0,-0.4725455446890334,0,0,0,1,0,0,0,1,0,1,0,0,0,3,Loyal Low-Risk
1,-0.8320644628904743,1,1,0,0,1,0.4488055460106269,1,0.0359753648614811,0,1,0,0,0,0,1,0,1,0,0,0,1,0,Critical Churn-Risk
1,1.1643896396487294,0,0,1,1,0,1.2997608962716871,0,-0.4714786635918922,3,5,1,1,1,0,1,0,0,1,0,1,0,1,Stable Mid-Risk
0,0.2680224915699033,0,0,0,0,0,-1.4658439920767583,0,-0.6066870153410652,2,0,0,1,1,0,0,1,0,0,1,1,0,3,Loyal Low-Risk
0,0.9199258719908678,1,0,0,1,1,1.0637537483477213,1,-0.46531944246806,3,2,1,0,0,0,1,0,1,0,0,0,1,0,Critical Churn-Risk
0,-0.6283446565089229,1,1,0,1,1,0.9839766842607472,1,-0.0549138932512358,1,3,1,0,0,0,1,0,1,0,0,0,1,0,Critical Churn-Risk
0,0.1865345690172827,0,0,0,0,0,-1.4841262359300234,0,-0.6051971802981377,2,0,0,1,1,0,0,1,0,1,0,1,0,3,Loyal Low-Risk
0,1.6125732136881423,1,0,0,0,1,-1.2896696422180234,0,-0.6255196159423065,3,0,0,1,0,0,0,1,0,0,1,0,0,3,Loyal Low-Risk
0,1.6125732136881423,1,0,1,1,0,0.4172271248095328,0,-0.5434093174176838,3,4,1,1,1,1,0,0,0,0,1,1,0,1,Stable Mid-Risk
0,-0.9950403079957154,0,1,1,0,0,0.0416101147333617,0,0.1895692318916983,0,3,1,0,1,1,0,0,1,0,0,0,0,2,Vulnerable High-Risk
1,-0.4246248501273714,0,0,0,0,0,-1.4924363467724169,0,-0.5660981925063852,1,0,0,0,0,0,0,1,1,0,0,0,0,2,Vulnerable High-Risk
0,-1.2802480369298874,0,0,0,1,0,0.6482482062280629,1,4.253047380819089,0,2,1,0,0,0,1,0,1,0,0,0,1,0,Critical Churn-Risk
0,0.227278530293593,1,0,1,0,0,0.1114150458094646,0,-0.463117405400722,2,3,1,0,1,1,0,0,1,0,0,1,0,2,Vulnerable High-Risk
1,-0.6283446565089229,0,0,1,1,0,0.5335686766030371,0,-0.1427851491049961,1,5,1,1,0,1,0,0,0,1,0,0,1,1,Stable Mid-Risk
0,1.5310852911355222,1,0,1,1,1,0.3557323045758235,0,-0.5429667683918027,3,4,1,1,1,1,0,0,0,0,1,0,0,1,Stable Mid-Risk
1,1.6125732136881423,1,1,1,1,0,0.9191578196900804,1,-0.5192639326519234,3,6,1,1,1,1,0,0,0,0,1,1,0,1,Stable Mid-Risk
0,-0.1801610824695097,0,0,0,0,1,0.525258565760644,0,-0.3426673785104766,2,1,1,0,0,0,1,0,1,0,0,0,1,0,Critical Churn-Risk
0,-0.7098325790615434,0,0,0,1,1,0.6116837185215331,0,-0.0601018640765501,1,2,1,0,1,0,1,0,1,0,0,0,0,0,Critical Churn-Risk
1,1.6125732136881423,1,1,1,1,1,0.7562796471791741,0,-0.5270991899600177,3,6,1,1,1,1,0,0,0,0,1,0,0,1,Stable Mid-Risk
0,-0.8728084241667845,1,0,0,1,1,1.155164967614046,1,0.3012727287242459,0,3,1,0,0,0,1,0,1,0,0,0,1,0,Critical Churn-Risk
0,-0.9950403079957154,1,0,0,0,1,0.5468648539508664,1,0.3867121232536402,0,1,0,0,0,0,1,0,1,0,0,0,1,0,Critical Churn-Risk
0,1.0014137945434884,1,0,1,1,1,1.4825833348043371,0,-0.446918757767438,3,5,1,1,1,0,1,0,0,1,0,0,0,1,Stable Mid-Risk
1,-1.2802480369298874,0,0,0,0,0,-1.4907743246039378,1,0.4972807514681501,0,0,0,0,1,0,0,1,1,0,0,0,0,2,Vulnerable High-Risk
0,0.5532302205040753,0,1,0,1,0,-0.6398189743428778,0,-0.5539663314980212,2,3,1,0,0,1,0,0,1,0,0,0,1,2,Vulnerable High-Risk
0,-0.0986731599168891,0,0,0,0,0,-1.4658439920767583,0,-0.5891493728354111,2,0,0,1,1,0,0,1,0,1,0,1,0,3,Loyal Low-Risk
0,-0.9135523854430948,0,1,0,0,0,0.3490842159019089,0,0.1319709648879252,0,1,0,0,0,0,1,0,1,0,0,0,1,0,Critical Churn-Risk
0,-0.3838808888510611,1,1,0,1,1,1.1451928346031743,1,-0.1843699777516556,1,4,1,0,0,0,1,0,1,0,0,0,1,0,Critical Churn-Risk
0,-0.0171852373642686,0,1,0,0,1,0.9507362408911744,0,-0.3367150358080784,2,4,1,0,1,0,1,0,1,0,0,1,0,0,Critical Churn-Risk
0,-0.791320501614164,0,1,0,0,1,0.2975615286790714,0,-0.0521809443343292,1,1,0,0,1,0,1,0,1,0,0,1,0,0,Critical Churn-Risk
0,0.2680224915699033,0,0,1,0,1,0.5202724992552084,1,-0.4323225583840189,2,2,0,1,0,0,1,0,0,0,1,0,1,1,Stable Mid-Risk
0,0.4717422979514547,0,0,0,1,1,0.776223913200918,0,-0.4384346365125922,2,3,1,0,1,0,1,0,1,0,0,1,0,0,Critical Churn-Risk
0,-0.9542963467194052,0,0,1,0,0,-0.5184913560439374,0,-0.0927860802760299,0,1,0,0,0,1,0,0,1,0,0,0,0,2,Vulnerable High-Risk
0,1.4088534073065913,0,0,0,0,0,-1.5007464576148095,0,-0.6333631035626994,3,0,0,1,0,0,0,1,0,0,1,0,0,3,Loyal Low-Risk
1,-0.9542963467194052,1,0,0,0,1,0.4837080115486781,1,0.2591528905862258,0,1,0,0,1,0,1,0,1,0,0,0,0,0,Critical Churn-Risk
0,-0.7098325790615434,1,0,0,0,1,0.4970041888965074,1,-0.0852716287837388,1,1,0,0,0,0,1,0,1,0,0,0,1,0,Critical Churn-Risk
0,1.5718292524118322,1,0,0,1,1,1.3413114504836532,0,-0.4966209718002574,3,4,1,1,1,0,1,0,0,0,1,0,0,1,Stable Mid-Risk
0,-1.2802480369298874,0,0,1,0,0,-0.525139444717852,0,2.1927744668161653,0,1,0,0,1,1,0,0,1,0,0,1,0,2,Vulnerable High-Risk
1,-0.0986731599168891,1,0,0,1,1,1.1717851892988325,1,-0.2903599079242679,2,3,1,0,0,0,1,0,1,0,0,0,1,0,Critical Churn-Risk
0,-1.2802480369298874,0,0,0,0,1,0.1513035778529514,1,3.3804955376365475,0,0,0,0,0,0,1,0,1,0,0,0,1,0,Critical Churn-Risk
0,-0.6283446565089229,0,0,0,1,1,-0.498547090022194,0,-0.3441432667625056,1,3,1,0,0,1,0,0,1,0,0,0,0,2,Vulnerable High-Risk
0,-1.1987601143772668,0,0,1,0,0,0.6981088712824219,1,1.8367499689289744,0,2,1,0,0,0,1,0,1,0,0,0,1,0,Critical Churn-Risk
1,1.4088534073065913,1,1,0,1,1,0.4953421667280288,1,-0.5302807935428064,3,4,1,1,0,1,0,0,0,0,1,0,1,1,Stable Mid-Risk
0,-1.2802480369298874,0,0,0,0,0,-1.4575338812343652,0,0.5556454232529355,0,0,0,0,1,0,0,1,1,0,0,0,0,2,Vulnerable High-Risk
0,-1.2802480369298874,1,0,0,0,0,-0.4736167574950145,1,2.283239708082583,0,0,0,0,0,1,0,0,1,0,0,0,0,2,Vulnerable High-Risk
0,-0.0171852373642686,1,0,0,0,0,0.4820459893801996,0,-0.3865903007878041,2,1,0,0,0,0,1,0,1,0,0,0,0,0,Critical Churn-Risk
1,0.3495104141225239,0,0,0,0,0,-1.5057325241202455,0,-0.6128986839810173,2,0,0,1,1,0,0,1,0,1,0,0,0,3,Loyal Low-Risk
0,-1.2802480369298874,0,0,0,1,1,0.5235965435921655,1,4.034179861626144,0,1,1,0,0,0,1,0,1,0,0,0,1,0,Critical Churn-Risk
0,-1.2802480369298874,0,0,0,0,0,-0.6863555950602795,0,1.909705808659956,0,0,0,0,1,1,0,0,1,0,0,0,0,2,Vulnerable High-Risk
1,-0.8320644628904743,1,0,0,0,1,0.6548962949019775,1,0.0916462825638918,0,2,0,0,0,0,1,0,1,0,0,0,1,0,Critical Churn-Risk
1,1.2051336009250395,1,1,0,1,1,1.3529456056630036,0,-0.4716191213273701,3,4,1,0,0,0,1,0,1,0,0,0,1,0,Critical Churn-Risk
0,-0.4246248501273714,0,0,0,0,1,0.6482482062280629,1,-0.239256030511587,1,2,1,0,0,0,1,0,1,0,0,0,0,0,Critical Churn-Risk
1,-0.6283446565089229,1,0,1,0,1,0.9274679305324736,0,-0.0659383312550286,1,3,0,0,1,0,1,0,1,0,0,1,0,0,Critical Churn-Risk
1,1.6125732136881423,1,0,0,0,1,-1.28135953137563,0,-0.6251198579163832,3,0,0,1,1,0,0,1,0,0,1,0,0,3,Loyal Low-Risk
1,0.960669833267178,1,0,1,1,1,1.0687398148531573,0,-0.4685521724090218,3,3,1,0,1,0,1,0,1,0,0,1,0,0,Critical Churn-Risk
0,-0.9542963467194052,0,0,0,0,1,-1.4741541029191516,0,-0.4283829430385458,0,0,0,0,1,0,0,1,1,0,0,1,0,2,Vulnerable High-Risk
0,1.6125732136881423,1,1,1,1,1,1.695322172369602,0,-0.4819265330306976,3,6,1,1,1,0,1,0,0,0,1,0,0,1,Stable Mid-Risk
0,-0.506112772679992,0,1,1,1,1,1.4426948027608495,0,-0.0656604042465296,1,6,1,0,1,0,1,0,1,0,0,0,0,0,Critical Churn-Risk
1,-0.5468567339563023,0,0,0,0,0,-1.4824642137615447,0,-0.5491978136330516,1,0,0,1,0,0,0,1,0,0,1,0,0,3,Loyal Low-Risk
0,-1.2395040756535771,0,0,0,0,1,0.0981188684616354,1,1.969043224974488,0,0,0,0,0,0,1,0,1,0,0,0,1,0,Critical Churn-Risk
0,0.8384379494382472,0,0,1,1,0,-0.3290208288373734,0,-0.5484196180092544,3,4,1,1,1,1,0,0,0,1,0,1,0,1,Stable Mid-Risk
0,-0.22090504374582,1,0,0,0,1,0.679826627429157,1,-0.3116952885202499,2,1,1,0,0,0,1,0,1,0,0,0,1,0,Critical Churn-Risk
0,-1.076528230548336,0,0,0,0,0,-1.4841262359300234,0,-0.3310806973630537,0,0,0,0,1,0,0,1,1,0,0,0,0,2,Vulnerable High-Risk
1,-0.9542963467194052,1,0,0,1,1,0.8493528886139774,0,0.3875551685127537,0,2,1,1,0,0,1,0,0,1,0,0,1,0,Critical Churn-Risk
1,-0.9950403079957154,1,0,0,0,0,-0.3007664519732365,0,0.0559789831398563,0,1,0,0,0,1,0,0,1,0,0,0,1,2,Vulnerable High-Risk
1,1.5718292524118322,1,1,1,1,0,1.6554336403261145,0,-0.4813002454567512,3,6,1,1,1,0,1,0,0,0,1,0,0,1,Stable Mid-Risk
0,-0.9135523854430948,1,0,0,0,1,0.5069763219073791,1,0.1823768177929672,0,1,0,0,1,0,1,0,1,0,0,0,0,0,Critical Churn-Risk
0,-1.2802480369298874,0,0,0,0,0,-1.4891123024354591,1,0.5001989850573895,0,0,0,0,0,0,0,1,1,0,0,0,0,2,Vulnerable High-Risk
0,1.5718292524118322,0,1,1,1,0,0.0665404472605412,0,-0.5587955596598829,3,6,1,1,1,1,0,0,0,1,0,0,0,1,Stable Mid-Risk
0,1.4495973685829016,0,0,1,1,1,1.1800953001412255,0,-0.4974139700582028,3,4,1,1,0,0,1,0,0,1,0,0,1,1,Stable Mid-Risk
0,0.0643026851883519,1,0,1,1,1,1.3479595391575674,0,-0.3157391264939101,2,4,1,0,0,0,1,0,1,0,0,0,1,0,Critical Churn-Risk
0,-0.2616490050221303,0,0,1,0,1,0.6781646052606785,0,-0.2987485220410059,2,3,0,1,0,0,1,0,0,1,0,0,1,1,Stable Mid-Risk
0,-0.4246248501273714,0,1,0,0,1,-0.5317875333917667,1,-0.419425234716794,1,1,0,0,1,1,0,0,1,0,0,1,0,2,Vulnerable High-Risk
0,-1.0357842692720256,0,0,0,0,1,-1.5240147679735103,0,-0.3905918180578973,0,0,0,0,0,0,0,1,1,0,0,0,0,2,Vulnerable High-Risk
0,-0.506112772679992,0,0,0,0,1,0.1662617773692593,0,-0.2791083467737448,1,0,0,0,1,0,1,0,1,0,0,0,0,0,Critical Churn-Risk
0,1.1236456783724194,1,0,0,1,1,1.374551893853226,0,-0.4639662568693027,3,4,1,0,0,0,1,0,1,0,0,0,1,0,Critical Churn-Risk
1,1.6125732136881423,0,0,0,0,0,-1.4708300585821945,0,-0.634234340907432,3,0,0,1,0,0,0,1,0,0,1,0,1,3,Loyal Low-Risk
0,1.6125732136881423,1,0,0,1,1,1.361255716505397,0,-0.4979968056728097,3,4,1,1,1,0,1,0,0,1,0,1,0,1,Stable Mid-Risk
0,-1.1580161531009563,1,0,0,0,0,-1.3145999747452028,0,-0.0776112656119857,0,0,0,0,0,0,0,1,1,0,0,0,0,2,Vulnerable High-Risk
1,-0.6690886177852331,0,0,0,0,0,-1.4974224132778524,0,-0.5314824191383755,1,0,0,0,0,0,0,1,1,0,0,0,1,2,Vulnerable High-Risk
0,1.2051336009250395,1,1,0,1,1,1.331339317472781,0,-0.4728234716975324,3,4,1,1,0,0,1,0,0,1,0,0,1,1,Stable Mid-Risk
0,-0.9135523854430948,0,0,1,0,1,-0.1279161464514586,0,-0.0203077696778328,0,2,1,0,0,1,0,0,1,0,0,0,0,2,Vulnerable High-Risk
0,-0.0579291986405789,1,0,0,0,1,0.5435408096139093,0,-0.3710761309298597,2,1,0,0,0,0,1,0,1,0,0,0,1,0,Critical Churn-Risk
0,1.5718292524118322,0,0,0,0,0,-1.5190287014680746,0,-0.6361287497747236,3,0,0,1,1,0,0,1,0,0,1,1,0,3,Loyal Low-Risk
0,1.0421577558197987,0,0,0,0,0,-1.4625199477398012,0,-0.6259424108714186,3,0,0,1,0,0,0,1,0,0,1,0,0,3,Loyal Low-Risk
1,1.5310852911355222,1,1,1,1,1,0.8427047999400633,0,-0.5188810658101941,3,6,1,1,1,1,0,0,0,0,1,1,0,1,Stable Mid-Risk
0,1.5718292524118322,1,1,1,1,0,0.8410427777715843,0,-0.5210206470880635,3,6,1,1,0,1,0,0,0,0,1,0,1,1,Stable Mid-Risk
0,1.490341329859212,1,1,1,0,0,0.3091956838584216,0,-0.5435281026596724,3,4,1,1,1,1,0,0,0,0,1,1,0,1,Stable Mid-Risk
0,-1.2802480369298874,1,0,0,0,1,0.6731785387552424,1,4.296820884657678,0,1,1,0,0,0,1,0,1,0,0,0,1,0,Critical Churn-Risk
1,1.6125732136881423,1,1,1,1,1,1.7933814803098411,0,-0.477209388324804,3,6,1,1,1,0,1,0,0,0,1,0,0,1,Stable Mid-Risk
0,-0.2616490050221303,0,0,1,0,0,0.7014329156193795,0,-0.2957222057262392,2,2,1,0,1,0,1,0,1,0,0,1,0,0,Critical Churn-Risk
0,0.0235587239120416,1,0,1,0,1,1.0039209502824906,0,-0.340938931840988,2,3,1,0,1,0,1,0,1,0,0,1,0,0,Critical Churn-Risk
1,-0.9135523854430948,0,0,0,0,0,-1.4841262359300234,0,-0.453267516735877,0,0,0,1,0,0,0,1,0,0,1,0,0,3,Loyal Low-Risk
0,1.0014137945434884,1,1,1,0,0,1.213335743510798,0,-0.4632206143693953,3,4,1,1,1,0,1,0,0,0,1,1,0,1,Stable Mid-Risk
0,-0.9135523854430948,0,0,0,0,1,-1.449223770391972,0,-0.4421251703042362,0,0,0,0,0,0,0,1,1,0,0,0,1,2,Vulnerable High-Risk
1,0.2680224915699033,1,0,0,0,1,-1.349502440283254,0,-0.5964731977787276,2,0,0,1,0,0,0,1,0,1,0,0,0,3,Loyal Low-Risk
0,-0.8728084241667845,0,0,0,0,0,-1.4791401694245876,0,-0.4696273110997942,0,0,0,0,1,0,0,1,1,0,0,0,0,2,Vulnerable High-Risk
1,-0.4653688114036817,0,0,1,1,1,1.2631964085651572,1,-0.1216500634132329,1,5,1,0,0,0,1,0,1,0,0,0,1,0,Critical Churn-Risk
1,1.4495973685829016,1,0,1,1,0,0.6814886495976356,0,-0.5227899143124574,3,5,1,1,1,1,0,0,0,0,1,0,0,1,Stable Mid-Risk
0,-0.5876006952326126,1,0,0,1,1,0.8244225560867979,0,-0.1166234409628686,1,2,1,1,1,0,1,0,0,1,0,1,0,0,Critical Churn-Risk
0,-1.076528230548336,0,0,1,1,1,1.1684611449618754,1,0.9996338193300528,0,4,1,0,0,0,1,0,1,0,0,0,0,0,Critical Churn-Risk
0,-0.5876006952326126,1,1,0,0,0,-0.2841462302884502,0,-0.321514157175773,1,1,0,0,0,1,0,0,1,0,0,0,0,2,Vulnerable High-Risk
1,0.797693988161937,0,0,0,0,1,-0.4603205801471852,0,-0.5548801099804005,3,1,0,1,1,1,0,0,0,1,0,0,0,3,Loyal Low-Risk
1,0.960669833267178,1,1,1,1,0,1.6969841945380804,0,-0.4298471795412168,3,6,1,1,0,0,1,0,0,0,1,0,0,1,Stable Mid-Risk
0,0.512486259227765,1,0,1,1,1,1.2914507854292945,0,-0.40407278844297,2,4,1,0,1,0,1,0,1,0,0,0,0,0,Critical Churn-Risk
0,1.4088534073065913,1,0,0,0,1,-1.286345597881066,0,-0.622290982003527,3,0,0,1,0,0,0,1,0,0,1,0,0,3,Loyal Low-Risk
0,-1.1987601143772668,0,1,1,0,0,-0.987181607554912,0,0.3572055391846653,0,2,0,0,0,1,0,0,1,0,0,0,0,2,Vulnerable High-Risk
0,1.3273654847539706,0,0,0,1,1,1.1402067680977384,0,-0.4918235726421898,3,4,1,0,1,0,1,0,1,0,0,0,0,0,Critical Churn-Risk
0,1.24587756220135,1,0,1,0,0,0.081498646776849,0,-0.544437445090605,3,3,1,1,0,1,0,0,0,0,1,0,0,1,Stable Mid-Risk
1,-0.8728084241667845,1,0,0,0,0,-1.322910085587596,0,-0.4239083182017123,0,0,0,1,0,0,0,1,0,0,1,0,0,3,Loyal Low-Risk
1,-1.2802480369298874,0,0,1,0,1,-0.1744527671688605,0,2.808521754145651,0,2,1,0,0,1,0,0,1,0,0,0,0,2,Vulnerable High-Risk
0,0.9199258719908678,1,0,0,1,1,0.4321853243258406,0,-0.5049240411791643,3,3,1,1,1,1,0,0,0,0,1,0,0,1,Stable Mid-Risk
1,-0.3023929662984406,1,0,1,0,1,-0.3223727401634587,0,-0.4197180340735739,2,1,0,1,0,1,0,0,0,1,0,0,0,3,Loyal Low-Risk
0,1.6125732136881423,1,1,1,1,1,1.7618030591087472,1,-0.478728468823312,3,6,1,1,1,0,1,0,0,1,0,0,0,1,Stable Mid-Risk
0,1.6125732136881423,1,0,0,0,1,-1.3511644624517327,0,-0.6284778253341381,3,0,0,1,1,0,0,1,0,0,1,1,0,3,Loyal Low-Risk
1,1.3273654847539706,0,0,1,1,0,-0.6497911073537496,0,-0.5870641052364532,3,3,1,1,0,1,0,0,0,0,1,0,0,1,Stable Mid-Risk
0,0.8791819107145575,1,0,0,0,1,0.4886940780541142,1,-0.4983674903877567,3,1,0,0,0,0,1,0,1,0,0,0,1,0,Critical Churn-Risk
1,-1.0357842692720256,0,0,0,0,0,-1.4808021915930665,0,-0.3716232997278421,0,0,0,0,0,0,0,1,1,0,0,0,0,2,Vulnerable High-Risk
0,1.6125732136881423,1,1,1,0,0,-0.0016024616470825,0,-0.5635571219242125,3,3,0,1,1,1,0,0,0,0,1,0,0,1,Stable Mid-Risk
0,-0.4653688114036817,0,0,0,1,0,-0.338992961848245,0,-0.377393443415656,1,1,1,0,1,1,0,0,1,0,0,0,0,2,Vulnerable High-Risk
0,-1.2395040756535771,0,0,0,0,1,-1.4658439920767583,0,0.13833801999172,0,0,0,0,1,0,0,1,1,0,0,0,0,2,Vulnerable High-Risk
0,-1.1580161531009563,0,0,0,1,1,0.9956108394400972,0,1.5449266100050476,0,3,1,0,0,0,1,0,1,0,0,0,1,0,Critical Churn-Risk
0,-1.1987601143772668,1,0,1,0,1,0.4936801445595503,1,1.6572786031907596,0,1,0,0,1,0,1,0,1,0,0,0,0,0,Critical Churn-Risk
0,1.6125732136881423,1,1,1,1,0,1.695322172369602,0,-0.4819265330306976,3,6,1,1,1,0,1,0,0,0,1,1,0,1,Stable Mid-Risk
0,-1.076528230548336,0,1,0,0,1,-0.5101812452015443,0,0.1575149835781497,0,1,0,0,0,1,0,0,1,0,0,0,1,2,Vulnerable High-Risk
0,0.797693988161937,0,0,0,0,1,0.6316279845432766,0,-0.4825299413717137,3,2,1,0,1,0,1,0,1,0,0,1,0,0,Critical Churn-Risk
0,1.490341329859212,1,0,0,0,1,1.0155551054618408,0,-0.5080924090760528,3,3,1,0,1,0,1,0,1,0,0,0,0,0,Critical Churn-Risk
0,-0.9950403079957154,0,0,0,1,1,0.9939488172716188,1,0.5611576422548319,0,3,1,0,0,0,1,0,1,0,0,0,1,0,Critical Churn-Risk
0,-0.9950403079957154,0,0,0,0,1,0.3075336616899431,0,0.2933286483979835,0,1,0,0,1,0,1,0,1,0,0,0,0,0,Critical Churn-Risk
0,1.24587756220135,1,0,0,0,1,0.8244225560867979,0,-0.5036733696409189,3,2,1,0,1,0,1,0,1,0,0,0,0,0,Critical Churn-Risk
0,1.1236456783724194,1,1,1,1,1,1.7219145270652598,0,-0.4439691807987778,3,6,1,1,1,0,1,0,0,1,0,1,0,1,Stable Mid-Risk
0,-0.8320644628904743,0,1,1,0,0,-0.3522891391960741,0,-0.1804228797559538,0,2,0,0,1,1,0,0,1,0,0,0,0,2,Vulnerable High-Risk
0,-0.791320501614164,0,0,0,0,1,-1.5123806127941604,0,-0.5061747127174099,1,0,0,0,0,0,0,1,1,0,0,0,0,2,Vulnerable High-Risk
0,-0.4246248501273714,1,1,0,0,0,0.0083696713637891,0,-0.3369534158904668,1,3,0,0,0,1,0,0,1,0,0,0,0,2,Vulnerable High-Risk
0,-1.1172721918246462,1,0,0,1,1,0.9208198418585588,1,1.1324829293925642,0,2,1,0,0,0,1,0,1,0,0,0,1,0,Critical Churn-Risk
1,-1.2802480369298874,0,0,0,0,0,-1.5073945462887242,1,0.4680984155757574,0,0,0,0,0,0,0,1,1,0,0,0,0,2,Vulnerable High-Risk
1,1.6125732136881423,1,0,0,0,1,-1.35448850678869,0,-0.6286377285445074,3,0,0,1,1,0,0,1,0,0,1,0,0,3,Loyal Low-Risk
0,-1.2395040756535771,0,0,0,0,0,-1.5306628566474252,0,0.0624639466714991,0,0,0,0,1,0,0,1,1,0,0,0,0,2,Vulnerable High-Risk
1,0.3087664528462136,0,0,0,0,0,-1.4841262359300234,0,-0.6097262488596144,2,0,0,1,1,0,0,1,0,0,1,0,0,3,Loyal Low-Risk
1,0.4717422979514547,0,0,0,0,0,-1.4891123024354591,0,-0.6152147423851755,2,0,0,1,1,0,0,1,0,1,0,0,0,3,Loyal Low-Risk
0,1.5718292524118322,0,1,1,1,1,0.2061503094127465,0,-0.551986347951658,3,4,1,1,1,1,0,0,0,1,0,0,0,1,Stable Mid-Risk
0,-1.2395040756535771,1,0,0,0,1,0.3573943267443021,1,2.272539518255372,0,0,0,0,0,0,1,0,1,0,0,0,1,0,Critical Churn-Risk
0,-0.2616490050221303,1,0,0,1,1,0.9573843295650886,0,-0.2624327262638061,2,2,1,0,0,0,1,0,1,0,0,0,1,0,Critical Churn-Risk
1,-1.2802480369298874,0,0,0,0,1,0.1729098660431739,1,3.4184325742966584,0,0,0,0,0,0,1,0,1,0,0,0,1,0,Critical Churn-Risk
0,-1.2802480369298874,0,0,0,0,0,-1.3428543516093396,0,0.757003540910445,0,0,0,0,0,1,0,0,1,0,0,0,0,2,Vulnerable High-Risk
1,1.3273654847539706,0,1,1,1,1,0.3324639942171226,1,-0.5348011945928046,3,4,1,1,1,1,0,0,0,0,1,0,0,1,Stable Mid-Risk
0,-1.1987601143772668,1,0,1,1,1,0.0150177600377037,0,1.2370529663403047,0,2,1,0,0,1,0,0,1,0,0,0,0,2,Vulnerable High-Risk
0,-0.791320501614164,0,0,1,0,1,-0.4736167574950145,0,-0.2456181422496179,1,1,0,0,0,1,0,0,1,0,0,0,0,2,Vulnerable High-Risk
0,0.0235587239120416,1,0,0,1,1,1.3163811179564735,1,-0.308666701559989,2,4,1,0,0,0,1,0,1,0,0,0,1,0,Critical Churn-Risk
0,-1.2802480369298874,0,0,0,0,1,0.1961781764018748,0,3.4592878445460085,0,0,0,0,0,0,1,0,1,0,0,0,0,0,Critical Churn-Risk
1,-1.1580161531009563,0,0,0,0,0,-0.6497911073537496,0,0.3893061086662973,0,0,0,0,0,1,0,0,1,0,0,0,0,2,Vulnerable High-Risk
0,-1.2395040756535771,0,0,0,0,1,0.1828819990540456,0,2.068263167008623,0,0,0,0,0,0,1,0,1,0,0,0,1,0,Critical Churn-Risk
0,1.6125732136881423,1,1,1,1,1,1.4676251352880292,0,-0.492879902940993,3,5,1,1,1,0,1,0,0,0,1,1,0,1,Stable Mid-Risk
1,0.1865345690172827,1,0,0,0,0,-1.2747114427017154,0,-0.5858446838642353,2,0,0,0,0,0,0,1,1,0,0,0,0,2,Vulnerable High-Risk
0,-0.7098325790615434,0,1,0,1,0,0.7114050486302511,1,-0.0382151121572556,1,2,1,0,0,0,1,0,1,0,0,0,1,0,Critical Churn-Risk
0,-0.3838808888510611,0,0,0,0,1,-1.5007464576148095,0,-0.5715223005907321,1,0,0,1,1,0,0,1,0,1,0,1,0,3,Loyal Low-Risk
1,-0.0986731599168891,0,0,1,1,0,-0.4520104693047921,1,-0.4743027606137367,2,3,1,0,1,1,0,0,1,0,0,1,0,2,Vulnerable High-Risk
1,0.3902543753988342,0,0,0,0,1,-1.5206907236365534,0,-0.6153806368011012,2,0,0,1,0,0,0,1,0,1,0,0,1,3,Loyal Low-Risk
0,-0.0171852373642686,1,1,0,1,0,0.330801972048644,0,-0.4026848011890631,2,3,1,1,0,1,0,0,0,1,0,0,0,1,Stable Mid-Risk
1,-0.4246248501273714,1,0,0,0,1,0.3657044375866952,0,-0.2823951357438196,1,0,0,0,1,0,1,0,1,0,0,0,0,0,Critical Churn-Risk
0,0.3902543753988342,0,0,0,0,1,-1.3195860412506386,0,-0.5989570896244524,2,0,0,0,1,1,0,0,1,0,0,1,0,2,Vulnerable High-Risk
0,-0.9950403079957154,0,0,0,0,0,-0.6763834620494076,0,-0.0905811926752713,0,0,0,0,0,1,0,0,1,0,0,0,0,2,Vulnerable High-Risk
1,1.3273654847539706,1,1,0,1,1,1.3130570736195162,0,-0.4826267152700418,3,4,1,1,1,0,1,0,0,0,1,1,0,1,Stable Mid-Risk
0,-1.2395040756535771,0,0,0,0,0,-1.5057325241202455,1,0.0916462825638918,0,0,0,0,0,0,0,1,1,0,0,0,0,2,Vulnerable High-Risk
1,1.5310852911355222,1,1,1,1,1,0.8044782900650546,0,-0.5207717523609687,3,6,1,1,1,1,0,0,0,0,1,0,0,1,Stable Mid-Risk
1,-0.4246248501273714,0,0,0,0,0,-1.4841262359300234,0,-0.5648293952936724,1,0,0,0,1,0,0,1,1,0,0,1,0,2,Vulnerable High-Risk
0,-1.1580161531009563,1,0,0,0,1,0.3357880385540801,1,1.0815111160338515,0,0,0,0,0,0,1,0,1,0,0,0,1,0,Critical Churn-Risk
0,-1.2395040756535771,1,0,0,0,0,0.3357880385540801,1,2.2472481604819654,0,0,0,0,1,0,1,0,1,0,0,1,0,0,Critical Churn-Risk
1,1.4088534073065913,0,1,0,0,0,-0.9522791420168608,0,-0.6050390716671419,3,2,0,1,1,1,0,0,0,0,1,0,0,3,Loyal Low-Risk
0,-0.3023929662984406,0,0,0,0,1,-1.5157046571311177,0,-0.5808943200023273,2,0,0,0,1,0,0,1,1,0,0,1,0,2,Vulnerable High-Risk
0,-0.506112772679992,0,0,0,0,0,-1.5140426349626388,0,-0.5600925523662115,1,0,0,0,1,0,0,1,1,0,0,0,0,2,Vulnerable High-Risk
1,-1.2395040756535771,0,1,0,0,1,-0.1196060356090654,0,1.7141841581809254,0,2,1,0,1,1,0,0,1,0,0,1,0,2,Vulnerable High-Risk
0,0.7569500268856267,0,0,0,0,0,-1.4741541029191516,0,-0.6211883914845158,3,0,0,1,0,0,0,1,0,0,1,0,0,3,Loyal Low-Risk
1,0.5532302205040753,0,1,0,0,0,-0.9888436297233908,0,-0.5800441635720743,2,2,0,0,1,1,0,0,1,0,0,0,0,2,Vulnerable High-Risk
0,-0.3023929662984406,1,0,0,1,1,1.178433277972747,1,-0.2170130393748769,2,3,1,0,0,0,1,0,1,0,0,0,1,0,Critical Churn-Risk
1,-0.791320501614164,0,0,0,0,0,-0.6913416615657154,0,-0.3002307994196671,1,0,0,0,0,1,0,0,1,0,0,0,0,2,Vulnerable High-Risk
0,-0.3023929662984406,1,1,0,1,1,1.2631964085651572,1,-0.2055645845247845,2,4,1,0,0,0,1,0,1,0,0,0,0,0,Critical Churn-Risk
1,-0.2616490050221303,0,0,0,0,0,-0.4802648461689289,0,-0.4494158414261741,2,1,0,1,0,1,0,0,0,1,0,0,0,3,Loyal Low-Risk
0,0.4309983366751445,1,0,1,1,1,1.1701231671303538,1,-0.4018004879802027,2,3,1,1,0,0,1,0,0,1,0,0,1,1,Stable Mid-Risk
1,-0.5468567339563023,0,0,0,0,1,-1.4891123024354591,0,-0.5503651070687473,1,0,0,0,0,0,0,1,1,0,0,0,1,2,Vulnerable High-Risk
0,-0.9135523854430948,0,0,1,1,1,1.1651371006249178,1,0.3924896362181945,0,4,1,0,0,0,1,0,1,0,0,0,1,0,Critical Churn-Risk
1,-1.2395040756535771,1,0,0,1,1,0.9773285955868324,1,2.9982069374462035,0,2,1,0,1,0,1,0,1,0,0,0,0,0,Critical Churn-Risk
0,1.6125732136881423,1,1,1,1,1,0.7180531373041658,0,-0.5289380768792644,3,5,1,1,1,1,0,0,0,0,1,0,0,1,Stable Mid-Risk
0,-0.5876006952326126,1,1,0,0,1,-0.212679277043869,0,-0.3083053104034269,1,2,0,0,1,1,0,0,1,0,0,1,0,2,Vulnerable High-Risk
0,-0.9542963467194052,1,0,0,0,1,0.6332900067117551,1,0.3116810951925327,0,1,1,0,0,0,1,0,1,0,0,0,1,0,Critical Churn-Risk
0,-0.22090504374582,1,0,0,0,0,0.7812099797063535,1,-0.2989801278814217,2,2,1,0,1,0,1,0,1,0,0,1,0,0,Critical Churn-Risk
0,-0.3431369275747509,1,0,0,1,1,0.974004551249875,0,-0.2277252014424537,1,2,1,0,0,0,1,0,1,0,0,0,1,0,Critical Churn-Risk
0,1.490341329859212,0,0,1,1,1,1.304746962777123,1,-0.4935846192324061,3,5,1,1,1,0,1,0,0,1,0,0,0,1,Stable Mid-Risk
0,0.5532302205040753,1,0,1,1,1,1.4659631131195507,0,-0.3966300779845679,2,5,1,1,1,0,1,0,0,0,1,1,0,1,Stable Mid-Risk
0,1.6125732136881423,1,1,1,0,1,1.4161024480651918,0,-0.4953584027017166,3,5,1,1,1,0,1,0,0,0,1,0,0,1,Stable Mid-Risk
0,-0.4246248501273714,0,0,0,1,1,0.9939488172716188,1,-0.1864740664627375,1,3,1,0,1,0,1,0,1,0,0,1,0,0,Critical Churn-Risk
0,1.5310852911355222,1,1,0,0,1,0.8659731102987638,0,-0.5177302131271138,3,2,1,0,0,0,1,0,1,0,0,0,1,0,Critical Churn-Risk
0,-1.2395040756535771,0,0,0,0,0,-1.4924363467724169,0,0.1072101950398345,0,0,0,0,0,0,0,1,1,0,0,0,1,2,Vulnerable High-Risk
0,-0.0579291986405789,0,0,1,0,1,0.0532442699127125,0,-0.4248810627314587,2,3,1,0,1,1,0,0,1,0,0,1,0,2,Vulnerable High-Risk
0,0.960669833267178,1,0,0,1,1,1.1917294553205762,1,-0.4609750044931023,3,3,1,0,1,0,1,0,1,0,0,0,0,0,Critical Churn-Risk
1,-0.6690886177852331,0,1,0,1,0,1.1933914774890548,0,0.0243552492120216,1,4,1,0,1,0,1,0,1,0,0,0,0,0,Critical Churn-Risk
1,0.797693988161937,1,0,0,0,0,-1.3029658195658524,0,-0.6107119752537706,3,0,0,1,1,0,0,1,0,0,1,1,0,3,Loyal Low-Risk
1,-0.791320501614164,0,0,0,0,1,-1.494098368940895,0,-0.5015889170771767,1,0,0,0,0,0,0,1,1,0,0,0,0,2,Vulnerable High-Risk
0,0.1050466464646622,0,0,0,0,0,-1.46418196990828,0,-0.5998129539975238,2,0,0,1,0,0,0,1,0,1,0,0,0,3,Loyal Low-Risk
0,1.082901717096109,0,0,0,1,0,1.0305133049781483,0,-0.4807165987389034,3,3,1,1,0,0,1,0,0,0,1,0,1,1,Stable Mid-Risk
0,1.6125732136881423,0,0,0,1,1,0.9922867951031402,0,-0.5157460620237992,3,3,1,0,0,0,1,0,1,0,0,0,1,0,Critical Churn-Risk
0,1.368109446030281,1,0,0,1,1,0.5235965435921655,1,-0.526757904003558,3,4,1,1,1,1,0,0,0,0,1,0,0,1,Stable Mid-Risk
0,0.6754621043330061,1,1,1,0,0,1.3911721155380123,0,-0.4181107608044236,3,5,1,1,1,0,1,0,0,0,1,1,0,1,Stable Mid-Risk
0,-1.2395040756535771,0,0,0,0,1,-0.6298468413320059,0,1.1169190169166214,0,0,0,0,0,1,0,0,1,0,0,0,0,2,Vulnerable High-Risk
0,-0.4653688114036817,1,0,0,1,1,1.3147190957879948,0,-0.1134259505708313,1,4,1,0,0,0,1,0,1,0,0,0,1,0,Critical Churn-Risk
0,0.8791819107145575,0,0,0,1,1,-0.3107385849841083,0,-0.5494100488031781,3,4,1,1,0,1,0,0,0,1,0,0,1,1,Stable Mid-Risk
0,-0.3431369275747509,1,1,0,0,1,0.4670877898638917,1,-0.2989301010198919,1,1,0,0,0,0,1,0,1,0,0,0,1,0,Critical Churn-Risk
0,-1.2802480369298874,1,1,0,0,0,-0.1212680577775442,0,2.9019052290013074,0,2,0,0,0,1,0,0,1,0,0,0,1,2,Vulnerable High-Risk
0,-1.076528230548336,0,1,0,0,1,0.4704118342008493,0,0.6494457886213406,0,2,0,0,0,0,1,0,1,0,0,0,1,0,Critical Churn-Risk
0,-1.2802480369298874,0,0,0,0,1,-0.6763834620494076,1,1.927215210195392,0,0,0,0,0,1,0,0,1,0,0,0,0,2,Vulnerable High-Risk
1,0.6754621043330061,1,1,0,1,1,1.4759352461304225,0,-0.4121575642823755,3,5,1,1,1,0,1,0,0,1,0,1,0,1,Stable Mid-Risk
1,0.960669833267178,0,1,0,0,1,-0.1162819912721083,0,-0.5415592092205165,3,3,0,1,1,1,0,0,0,0,1,1,0,1,Stable Mid-Risk
0,0.960669833267178,1,1,0,0,1,1.0654157705161995,0,-0.4687569607310737,3,3,1,0,0,0,1,0,1,0,0,0,1,0,Critical Churn-Risk
1,-1.076528230548336,0,0,1,0,0,-0.8060211911907411,0,0.0091019610396953,0,3,0,1,0,1,0,0,0,0,1,0,0,3,Loyal Low-Risk
0,-0.0171852373642686,0,0,0,0,0,-1.495760391109374,0,-0.5970568444965756,2,0,0,1,0,0,0,1,0,1,0,0,0,3,Loyal Low-Risk
1,0.7162060656093164,1,1,0,1,1,1.4443568249293284,0,-0.4193306968852585,3,5,1,1,0,0,1,0,0,1,0,0,1,1,Stable Mid-Risk
1,1.0421577558197987,1,0,1,1,1,1.3379874061466956,0,-0.4592568651809722,3,4,1,1,1,0,1,0,0,1,0,0,0,1,Stable Mid-Risk
1,1.3273654847539706,1,1,1,1,1,0.8526769329509349,0,-0.5071221911554744,3,6,1,1,0,1,0,0,0,0,1,0,0,1,Stable Mid-Risk
0,1.2866215234776603,1,1,1,1,1,0.7180531373041658,0,-0.5119342154935348,3,6,1,1,1,1,0,0,0,0,1,1,0,1,Stable Mid-Risk
0,1.368109446030281,1,1,0,0,0,0.0698644915974988,0,-0.5505393299695974,3,3,0,1,1,1,0,0,0,0,1,0,0,1,Stable Mid-Risk
0,0.227278530293593,1,1,1,1,1,1.5257959111847814,0,-0.3357626985062287,2,5,1,1,0,0,1,0,0,1,0,0,1,1,Stable Mid-Risk
0,-0.506112772679992,0,0,0,0,1,-1.4891123024354591,0,-0.5559236472387268,1,0,0,1,0,0,0,1,0,1,0,0,0,3,Loyal Low-Risk
0,0.1457906077409725,1,0,0,0,1,0.6681924722498068,1,-0.3992479298530056,2,1,1,0,0,0,1,0,1,0,0,0,1,0,Critical Churn-Risk
0,1.2866215234776603,1,0,1,1,0,1.2399280982064562,0,-0.4837395894313461,3,4,1,1,0,0,1,0,0,1,0,0,1,1,Stable Mid-Risk
0,-1.2802480369298874,0,0,0,0,0,-1.4808021915930665,1,0.5147901530035858,0,0,0,0,0,0,0,1,1,0,0,0,0,2,Vulnerable High-Risk
0,1.1236456783724194,0,0,1,1,1,0.17789593254861,0,-0.5328557055333116,3,4,1,1,1,1,0,0,0,1,0,1,0,1,Stable Mid-Risk
0,-1.2802480369298874,0,0,0,0,1,0.3175057947008148,1,3.6723188965604745,0,1,0,0,0,0,1,0,1,0,0,0,1,0,Critical Churn-Risk
1,0.7162060656093164,1,1,1,0,1,0.5069763219073791,0,-0.4838751574472565,3,5,1,1,1,1,0,0,0,1,0,0,0,1,Stable Mid-Risk
0,-1.2802480369298874,1,0,1,0,0,-0.0913516587449288,1,2.9544334336076146,0,2,0,0,0,1,0,0,1,0,0,0,0,2,Vulnerable High-Risk
0,1.6125732136881423,0,1,0,0,1,-0.5184913560439374,0,-0.5884220711366348,3,4,1,1,0,1,0,0,0,0,1,0,1,1,Stable Mid-Risk
0,1.1236456783724194,0,0,0,0,1,-1.472492080750673,0,-0.6278657368157573,3,0,0,1,1,0,0,1,0,0,1,0,0,3,Loyal Low-Risk
0,0.5532302205040753,0,1,1,0,0,-0.8824742109407582,0,-0.5720966337971248,2,3,0,1,0,1,0,0,0,0,1,0,0,1,Stable Mid-Risk
1,1.490341329859212,0,0,0,1,1,-0.3273588066688946,0,-0.575461915936205,3,4,1,1,1,1,0,0,0,0,1,1,0,1,Stable Mid-Risk
0,-0.0579291986405789,1,0,1,1,1,1.0571056596738069,0,-0.3147177447376764,2,3,1,0,1,0,1,0,1,0,0,0,0,0,Critical Churn-Risk
1,-0.5468567339563023,0,0,0,0,0,-1.4924363467724169,0,-0.5509487537865951,1,0,0,1,0,0,0,1,0,1,0,0,0,3,Loyal Low-Risk
1,1.5718292524118322,0,0,0,0,0,-1.4924363467724169,0,-0.634831757068395,3,0,0,1,1,0,0,1,0,0,1,1,0,3,Loyal Low-Risk
0,-0.8320644628904743,0,1,0,0,1,0.6582203392389346,0,0.09254420059135,0,3,0,0,0,0,1,0,1,0,0,0,1,0,Critical Churn-Risk
1,0.2680224915699033,0,1,1,1,0,0.5053142997389005,1,-0.4336357634991765,2,5,1,1,1,1,0,0,0,1,0,1,0,1,Stable Mid-Risk
0,0.4717422979514547,1,0,1,1,1,0.679826627429157,0,-0.4459571942092979,2,5,1,1,1,1,0,0,0,1,0,0,0,1,Stable Mid-Risk
1,0.960669833267178,1,1,1,1,0,0.5468648539508664,0,-0.5007039389711668,3,5,1,1,1,1,0,0,0,0,1,1,0,1,Stable Mid-Risk
0,1.6125732136881423,1,1,1,1,1,1.6853500393587302,0,-0.4824062426618054,3,6,1,1,1,0,1,0,0,0,1,0,0,1,Stable Mid-Risk
0,-1.1172721918246462,1,0,0,1,0,1.3064089849456015,1,1.3581596602937342,0,4,1,0,0,0,1,0,1,0,0,0,0,0,Critical Churn-Risk
0,-0.8728084241667845,1,1,0,0,1,0.4720738563693278,0,0.101373727861356,0,1,0,0,1,0,1,0,1,0,0,0,0,0,Critical Churn-Risk
0,-0.3431369275747509,0,1,0,0,0,-0.8542198340766214,1,-0.4845297572955094,1,2,1,0,1,1,0,0,1,0,0,0,0,2,Vulnerable High-Risk
0,-0.7098325790615434,0,0,0,1,1,0.9922867951031402,0,0.0234325724154239,1,3,1,0,0,0,1,0,1,0,0,0,1,0,Critical Churn-Risk
0,1.6125732136881423,0,0,0,0,1,-1.4625199477398012,0,-0.6338345828815088,3,0,0,1,0,0,0,1,0,0,1,0,0,3,Loyal Low-Risk
0,0.960669833267178,1,0,0,0,0,-0.176114789337339,0,-0.5452453990174504,3,2,0,1,1,1,0,0,0,0,1,1,0,3,Loyal Low-Risk
0,1.2866215234776603,0,0,0,0,1,-1.487450280266981,0,-0.6310879377372427,3,0,0,1,1,0,0,1,0,0,1,0,0,3,Loyal Low-Risk
0,0.0643026851883519,1,0,0,1,1,1.1850813666466615,0,-0.3320812345936499,2,3,1,0,0,0,1,0,1,0,0,0,1,0,Critical Churn-Risk
0,-1.2395040756535771,1,0,0,0,1,0.3889727479453962,1,2.309503810385736,0,0,0,0,0,0,1,0,1,0,0,0,1,0,Critical Churn-Risk
0,0.1050466464646622,0,0,0,0,0,-1.4691680364137156,0,-0.600299326262397,2,0,0,1,1,0,0,1,0,1,0,0,0,3,Loyal Low-Risk
0,-0.4246248501273714,0,0,0,0,0,-1.4791401694245876,0,-0.5640681169660448,1,0,0,1,1,0,0,1,0,1,0,1,0,3,Loyal Low-Risk
0,-1.1172721918246462,0,0,1,0,1,-0.5184913560439374,1,0.2900861666321622,0,1,0,0,0,1,0,0,1,0,0,0,1,2,Vulnerable High-Risk
0,-0.9542963467194052,0,1,0,0,0,-0.8392616345603138,0,-0.2054298968206657,0,3,0,1,0,1,0,0,0,1,0,0,0,2,Vulnerable High-Risk
0,-0.8728084241667845,1,0,0,0,0,-1.3844049058213057,1,-0.4419040920020212,0,0,0,0,1,0,0,1,1,0,0,1,0,2,Vulnerable High-Risk
0,-0.3838808888510611,0,0,0,0,0,-1.4741541029191516,0,-0.5676313224717463,1,0,0,1,0,0,0,1,0,1,0,0,0,3,Loyal Low-Risk
1,-1.1580161531009563,0,0,0,0,0,0.5335686766030371,1,1.2204190348816408,0,1,1,0,0,0,1,0,1,0,0,0,1,0,Critical Churn-Risk
0,1.4495973685829016,1,0,0,0,0,-1.3145999747452028,0,-0.624378277810323,3,0,0,1,1,0,0,1,0,0,1,0,0,3,Loyal Low-Risk
0,0.0235587239120416,0,0,0,1,0,0.8792692876465931,0,-0.3538134917935142,2,2,1,0,0,0,1,0,1,0,0,0,1,0,Critical Churn-Risk
0,-0.0579291986405789,0,1,1,1,1,0.254348952298627,0,-0.4028119212128367,2,5,1,0,1,1,0,0,1,0,0,0,0,1,Stable Mid-Risk
0,-1.2802480369298874,1,0,1,0,0,-0.1561705233155954,1,2.840622323627283,0,2,0,0,0,1,0,0,1,0,0,0,0,2,Vulnerable High-Risk
0,0.960669833267178,0,0,0,0,0,-1.499084435446331,0,-0.6267511511940981,3,0,0,1,1,0,0,1,0,0,1,0,0,3,Loyal Low-Risk
0,-1.2802480369298874,0,0,0,1,1,0.4704118342008493,1,3.940796386770488,0,1,1,0,0,0,1,0,1,0,0,0,1,0,Critical Churn-Risk
1,1.368109446030281,0,1,1,1,1,0.3424361272279943,0,-0.5362530520998887,3,5,1,1,0,1,0,0,0,1,0,0,1,1,Stable Mid-Risk
1,1.6125732136881423,1,0,0,0,0,-1.322910085587596,0,-0.6271186480459993,3,0,0,1,1,0,0,1,0,0,1,0,0,3,Loyal Low-Risk
0,0.0643026851883519,0,0,0,0,0,0.1446554891790373,0,-0.4364706189858661,2,0,0,0,1,0,1,0,1,0,0,1,0,0,Critical Churn-Risk
1,1.0421577558197987,0,0,0,1,1,0.8892414206574647,0,-0.4859661217604502,3,3,1,0,0,0,1,0,1,0,0,0,1,0,Critical Churn-Risk
0,-1.2395040756535771,0,0,0,0,1,-0.6531151516907069,1,1.0896821700837216,0,0,0,0,0,1,0,0,1,0,0,0,1,2,Vulnerable High-Risk
0,0.1865345690172827,0,0,0,1,0,-0.9639132971962112,0,-0.5571231216964593,2,1,1,1,1,1,0,0,0,0,1,1,0,3,Loyal Low-Risk
0,1.5718292524118322,1,1,1,1,1,1.6072349974402345,0,-0.4836510447369718,3,6,1,1,1,0,1,0,0,0,1,1,0,1,Stable Mid-Risk
1,-1.2802480369298874,0,0,0,0,0,-1.494098368940895,0,0.4914442842896717,0,0,0,1,1,0,0,1,0,1,0,1,0,3,Loyal Low-Risk
1,1.5718292524118322,0,0,0,0,0,-1.495760391109374,0,-0.6349938811566861,3,0,0,1,1,0,0,1,0,0,1,1,0,3,Loyal Low-Risk
1,0.1050466464646622,0,0,0,0,0,-1.4924363467724169,0,-0.602569063498472,2,0,0,1,0,0,0,1,0,1,0,0,1,3,Loyal Low-Risk
1,-1.076528230548336,0,0,0,0,0,-1.499084435446331,0,-0.3385847265925261,0,0,0,1,0,0,0,1,0,1,0,0,0,3,Loyal Low-Risk
0,-1.1987601143772668,0,0,0,1,1,0.4853700337171571,1,1.6499830192176614,0,1,1,0,0,0,1,0,1,0,0,0,1,0,Critical Churn-Risk
1,1.490341329859212,0,0,1,0,0,-0.1894109666851681,0,-0.5685415334245805,3,3,0,1,1,1,0,0,0,1,0,0,0,1,Stable Mid-Risk
0,0.4717422979514547,0,0,0,1,1,-0.3605992500384672,1,-0.527148937625466,2,4,1,1,0,1,0,0,0,1,0,0,0,1,Stable Mid-Risk
0,0.8384379494382472,1,0,1,0,1,0.875945243309636,0,-0.4700596420019036,3,2,1,1,0,0,1,0,0,1,0,0,1,1,Stable Mid-Risk
0,-0.3431369275747509,0,0,0,1,1,1.1468548567716528,1,-0.203445497979983,1,4,1,0,1,0,1,0,1,0,0,1,0,0,Critical Churn-Risk
0,-1.1172721918246462,0,0,0,0,1,0.1380074005051227,0,0.6743202558819992,0,0,0,0,0,0,1,0,1,0,0,0,1,0,Critical Churn-Risk
1,-1.2395040756535771,0,0,0,0,0,-0.4403763141254418,0,1.338704769698806,0,1,0,0,0,1,0,0,1,0,0,0,0,2,Vulnerable High-Risk
1,1.2051336009250395,1,0,0,0,1,-1.3428543516093396,0,-0.6218849905891509,3,0,0,1,0,0,0,1,0,0,1,0,0,3,Loyal Low-Risk
0,-0.5468567339563023,0,0,0,1,1,1.0637537483477213,0,-0.1021244277615956,1,3,1,0,0,0,1,0,1,0,0,0,1,0,Critical Churn-Risk
0,-0.9542963467194052,0,0,0,0,0,0.1745718882116524,0,0.150594601066525,0,0,0,0,0,0,1,0,1,0,0,0,0,0,Critical Churn-Risk
0,0.8384379494382472,0,0,0,0,0,-1.5057325241202455,0,-0.6249421876826398,3,0,0,1,1,0,0,1,0,0,1,1,0,3,Loyal Low-Risk
0,-1.1172721918246462,0,0,0,0,0,0.4637637455269347,0,0.8649781837122981,0,1,1,0,0,0,1,0,1,0,0,0,0,0,Critical Churn-Risk
1,1.5718292524118322,1,1,0,1,0,0.1463175113475158,0,-0.5549045815408973,3,3,1,1,0,1,0,0,0,1,0,0,1,1,Stable Mid-Risk
0,-1.2802480369298874,0,0,0,0,1,-1.504070501951767,0,0.473934882754236,0,0,0,0,0,0,0,1,1,0,0,0,0,2,Vulnerable High-Risk
0,-0.5876006952326126,1,0,0,0,1,0.526920587929123,1,-0.1716091054337979,1,1,0,0,0,0,1,0,1,0,0,0,1,0,Critical Churn-Risk
0,1.6125732136881423,1,0,0,1,1,1.2914507854292945,0,-0.5013547730905645,3,4,1,1,0,0,1,0,0,0,1,0,1,1,Stable Mid-Risk
0,-1.1580161531009563,0,1,0,0,0,-0.3356689175112877,0,0.609924568012786,0,2,0,0,0,1,0,0,1,0,0,0,0,2,Vulnerable High-Risk
0,1.082901717096109,1,0,0,0,0,-0.3539511613645528,0,-0.5617462180667805,3,1,0,1,1,1,0,0,0,0,1,1,0,3,Loyal Low-Risk
0,-1.2802480369298874,0,0,0,0,0,0.2094743537497036,1,3.482633713259922,0,0,0,0,0,0,1,0,1,0,0,0,0,0,Critical Churn-Risk
0,-0.0579291986405789,1,0,0,0,1,0.6665304500813278,0,-0.3575793005796281,2,1,1,0,0,0,1,0,1,0,0,0,1,0,Critical Churn-Risk
0,-1.1987601143772668,0,0,0,0,0,-1.4891123024354591,0,-0.0834477327904643,0,0,0,0,1,0,0,1,1,0,0,0,0,2,Vulnerable High-Risk
0,1.3273654847539706,1,0,0,1,1,1.377875938190183,1,-0.4791778937554863,3,4,1,1,0,0,1,0,0,1,0,0,1,1,Stable Mid-Risk
0,0.6754621043330061,0,0,1,1,1,1.1451928346031743,0,-0.4353867036527201,3,4,1,1,1,0,1,0,0,1,0,1,0,1,Stable Mid-Risk
0,-1.2395040756535771,0,0,0,0,0,-1.5107185906256817,0,0.0858098153854133,0,0,0,0,0,0,0,1,1,0,0,0,0,2,Vulnerable High-Risk
0,0.8384379494382472,0,0,0,0,0,-1.4625199477398012,1,-0.6221320368189278,3,0,0,1,1,0,0,1,0,1,0,0,0,3,Loyal Low-Risk
0,0.9199258719908678,0,1,0,1,1,0.9956108394400972,0,-0.4695925702237318,3,3,1,1,0,0,1,0,0,1,0,0,1,1,Stable Mid-Risk
1,1.6125732136881423,1,1,1,1,1,1.6371513964728497,0,-0.4847248392121599,3,6,1,1,1,0,1,0,0,0,1,1,0,1,Stable Mid-Risk
0,0.1457906077409725,1,0,0,0,1,0.3357880385540801,0,-0.4307964010880248,2,0,0,0,1,0,1,0,1,0,0,0,0,0,Critical Churn-Risk
1,-0.9135523854430948,0,0,0,0,1,-1.495760391109374,0,-0.4569816322130907,0,0,0,0,1,0,0,1,1,0,0,0,0,2,Vulnerable High-Risk
0,-1.2802480369298874,1,0,0,1,1,0.970680506912918,1,4.819184697131507,0,2,1,0,0,0,1,0,1,0,0,0,1,0,Critical Churn-Risk
1,1.6125732136881423,1,1,1,0,0,0.5335686766030371,0,-0.5378127050547592,3,5,1,1,1,1,0,0,0,0,1,0,0,1,Stable Mid-Risk
0,-0.1801610824695097,0,0,1,0,0,-0.3373309396797665,0,-0.4471200152563511,2,2,0,0,1,1,0,0,1,0,0,0,0,2,Vulnerable High-Risk
0,0.227278530293593,1,1,0,1,0,0.8942274871629008,0,-0.3926308402452504,2,2,1,0,1,0,1,0,1,0,0,0,0,0,Critical Churn-Risk
0,1.1643896396487294,1,1,1,1,1,1.7883954138044051,0,-0.4438025127778165,3,6,1,1,0,0,1,0,0,1,0,0,1,1,Stable Mid-Risk
1,0.797693988161937,1,0,0,0,0,-1.337868285103904,0,-0.613024537720715,3,0,0,1,0,0,0,1,0,0,1,0,0,3,Loyal Low-Risk
0,1.4088534073065913,0,0,0,0,1,-1.5073945462887242,0,-0.6337064251614335,3,0,0,1,0,0,0,1,0,1,0,0,0,3,Loyal Low-Risk
1,0.0643026851883519,1,1,1,1,1,1.7069563275489523,0,-0.2797197861924425,2,6,1,1,1,0,1,0,0,0,1,1,0,1,Stable Mid-Risk
0,0.8791819107145575,0,1,1,1,0,0.525258565760644,0,-0.4960329035163653,3,5,1,1,0,1,0,0,0,0,1,0,1,1,Stable Mid-Risk
0,-1.2802480369298874,0,0,0,0,1,-1.4791401694245876,0,0.5177083865928251,0,0,0,0,1,0,0,1,1,0,0,0,0,2,Vulnerable High-Risk
0,-0.7098325790615434,1,0,0,0,0,0.8327326669291911,1,-0.0115862306554473,1,2,1,0,0,0,1,0,1,0,0,0,1,0,Critical Churn-Risk
0,-1.1580161531009563,0,0,0,0,1,-0.62486077482657,1,0.4068155102017327,0,0,0,0,0,1,0,0,1,0,0,0,0,2,Vulnerable High-Risk
0,-0.9542963467194052,0,0,1,1,0,0.0482582034072764,1,0.1062374505100881,0,3,1,0,0,1,0,0,1,0,0,0,0,2,Vulnerable High-Risk
1,0.5532302205040753,0,0,0,1,1,1.1634750784564392,0,-0.4192308657820806,2,4,1,0,0,0,1,0,1,0,0,0,1,0,Critical Churn-Risk
0,-0.4246248501273714,1,0,1,1,1,0.8377187334346272,1,-0.2103274540617368,1,2,1,0,0,0,1,0,1,0,0,0,1,0,Critical Churn-Risk
0,0.227278530293593,0,0,0,0,1,0.1878680655594816,1,-0.4562333671902088,2,0,0,1,1,0,1,0,0,1,0,0,0,3,Loyal Low-Risk
1,0.9199258719908678,1,1,1,1,1,0.3391120828910372,0,-0.5107605083576429,3,4,1,1,1,1,0,0,0,1,0,1,0,1,Stable Mid-Risk
0,-1.2802480369298874,0,0,0,0,0,-1.4924363467724169,0,0.4943625178789108,0,0,0,0,0,0,0,1,1,0,0,0,0,2,Vulnerable High-Risk
0,1.2866215234776603,0,1,0,0,0,0.5152864327497723,0,-0.5228888154285253,3,2,0,1,1,0,1,0,0,1,0,1,0,1,Stable Mid-Risk
1,0.8384379494382472,0,0,0,0,0,-1.4974224132778524,1,-0.6244017740550029,3,0,0,1,1,0,0,1,0,0,1,0,0,3,Loyal Low-Risk
0,1.0421577558197987,1,1,1,1,1,0.6482482062280629,0,-0.5003099817753551,3,5,1,1,0,1,0,0,0,0,1,0,1,1,Stable Mid-Risk
0,0.960669833267178,0,0,1,1,1,-0.3572752057015101,0,-0.5564063625692777,3,4,1,1,1,1,0,0,0,1,0,0,0,1,Stable Mid-Risk
1,1.6125732136881423,0,1,1,1,1,1.33300133964126,0,-0.4993559829609485,3,5,1,1,1,0,1,0,0,0,1,1,0,1,Stable Mid-Risk
0,-1.2802480369298874,0,1,1,0,1,-0.3605992500384672,1,2.481679592150853,0,2,0,0,0,1,0,0,1,0,0,0,1,2,Vulnerable High-Risk
0,1.6125732136881423,1,0,0,1,1,1.078711947864029,0,-0.511588578554198,3,3,1,1,1,0,1,0,0,1,0,1,0,1,Stable Mid-Risk
0,-0.4246248501273714,1,0,0,0,0,0.606697652016097,0,-0.2456000165751506,1,1,1,0,0,0,1,0,1,0,0,0,1,0,Critical Churn-Risk
0,-0.9950403079957154,1,0,0,1,1,1.3529456056630036,1,0.7012328545383167,0,4,1,0,0,0,1,0,1,0,0,0,1,0,Critical Churn-Risk
1,-0.6690886177852331,0,0,0,1,1,0.5385547431084732,1,-0.1109134606891868,1,1,1,0,0,0,1,0,1,0,0,0,1,0,Critical Churn-Risk
0,0.2680224915699033,0,0,1,0,0,-0.7877389473374761,0,-0.5471550501205841,2,3,0,0,1,1,0,0,1,0,0,0,0,2,Vulnerable High-Risk
0,-0.8320644628904743,0,0,0,0,1,-0.6581012181961428,0,-0.2630313382821115,0,0,0,0,1,1,0,0,1,0,0,0,0,2,Vulnerable High-Risk
0,0.8791819107145575,0,1,0,1,1,0.3241538833747294,0,-0.508873131309018,3,4,1,1,1,1,0,0,0,0,1,0,0,1,Stable Mid-Risk
0,-0.5876006952326126,0,1,1,0,1,-0.8176553463700914,0,-0.4201197342437525,1,3,0,1,0,1,0,0,0,1,0,0,0,1,Stable Mid-Risk
0,-0.0171852373642686,0,1,1,0,0,0.1895300877279602,0,-0.4177181257396896,2,4,1,1,0,1,0,0,0,1,0,0,0,1,Stable Mid-Risk
0,0.3495104141225239,0,0,0,0,1,-1.4974224132778524,0,-0.6122038664597699,2,0,0,1,0,0,0,1,0,1,0,0,0,3,Loyal Low-Risk
1,1.4088534073065913,1,0,0,0,0,-1.3345442407669466,0,-0.6247800635943487,3,0,0,1,1,0,0,1,0,0,1,0,0,3,Loyal Low-Risk
0,1.3273654847539706,1,1,0,1,1,1.3113950514510375,0,-0.4827151465909278,3,4,1,0,0,0,1,0,1,0,0,0,1,0,Critical Churn-Risk
0,-0.3023929662984406,1,1,1,1,1,0.4504675681791054,0,-0.3153350633815538,2,5,1,0,1,1,0,0,1,0,0,0,0,1,Stable Mid-Risk
1,-1.2802480369298874,0,0,0,0,1,0.1662617773692593,1,3.406759639939701,0,0,0,0,0,0,1,0,1,0,0,0,1,0,Critical Churn-Risk
0,1.4088534073065913,1,0,1,1,1,1.4925554678152089,0,-0.4787825537327017,3,5,1,1,1,0,1,0,0,1,0,1,0,1,Stable Mid-Risk
0,-1.0357842692720256,1,0,0,0,0,0.2975615286790714,1,0.4090041853936623,0,0,0,0,0,0,1,0,1,0,0,0,0,0,Critical Churn-Risk
0,0.4309983366751445,0,1,0,0,1,-1.042028339114707,0,-0.5783536201291785,2,2,0,0,1,1,0,0,1,0,0,1,0,2,Vulnerable High-Risk
0,-0.3431369275747509,0,1,0,1,1,0.9906247729346612,0,-0.2253906145710623,1,3,1,0,0,0,1,0,1,0,0,0,1,0,Critical Churn-Risk
0,-0.9542963467194052,1,1,0,0,0,-0.3406549840167238,1,-0.0303358814663096,0,1,0,0,0,1,0,0,1,0,0,0,1,2,Vulnerable High-Risk
1,1.490341329859212,0,0,0,0,0,-1.4824642137615447,0,-0.6334096972082419,3,0,0,1,1,0,0,1,0,0,1,0,0,3,Loyal Low-Risk
1,0.1865345690172827,0,0,0,0,0,-1.4791401694245876,0,-0.6047364065735211,2,0,0,1,1,0,0,1,0,1,0,0,0,3,Loyal Low-Risk
1,-0.506112772679992,0,1,1,0,1,-0.8442477010657496,0,-0.4480879679411234,1,3,0,1,1,1,0,0,0,0,1,1,0,1,Stable Mid-Risk
0,-1.0357842692720256,0,0,0,0,0,0.1446554891790373,0,0.3418848128411592,0,0,0,0,1,0,1,0,1,0,0,0,0,0,Critical Churn-Risk
0,0.1865345690172827,1,0,0,0,1,0.3806626371030031,1,-0.432867807291482,2,0,0,0,0,0,1,0,1,0,0,0,1,0,Critical Churn-Risk
0,-1.1172721918246462,1,0,0,1,1,0.9673564625759608,1,1.1597197762254643,0,2,1,0,0,0,1,0,1,0,0,0,0,0,Critical Churn-Risk
0,0.3495104141225239,0,0,0,1,1,-0.4470244027993562,0,-0.5243789317740928,2,3,1,1,0,1,0,0,0,1,0,0,1,1,Stable Mid-Risk
0,0.8791819107145575,0,1,0,1,1,1.1717851892988325,0,-0.4547531629267625,3,4,1,1,1,0,1,0,0,1,0,1,0,1,Stable Mid-Risk
0,-1.1987601143772668,0,0,0,0,1,0.1862060433910031,1,1.3873419961861273,0,0,0,0,0,0,1,0,1,0,0,0,1,0,Critical Churn-Risk
0,1.490341329859212,0,0,0,0,0,-1.4791401694245876,0,-0.6332429410031425,3,0,0,1,1,0,0,1,0,0,1,1,0,3,Loyal Low-Risk
0,0.8384379494382472,0,0,1,0,1,0.9856387064292256,0,-0.4629261821170966,3,4,1,1,1,0,1,0,0,1,0,1,0,1,Stable Mid-Risk
1,-0.5876006952326126,0,0,0,1,0,-0.611564597478741,0,-0.3820291063421031,1,3,1,1,1,1,0,0,0,1,0,1,0,3,Loyal Low-Risk
0,1.2866215234776603,0,1,1,1,1,1.304746962777123,0,-0.480237709124259,3,5,1,1,1,0,1,0,0,0,1,1,0,1,Stable Mid-Risk
1,-0.0579291986405789,1,0,0,0,1,0.875945243309636,1,-0.3345982110643688,2,2,1,0,0,0,1,0,1,0,0,0,1,0,Critical Churn-Risk
0,-0.506112772679992,0,0,0,0,0,-1.3262341299245533,0,-0.5286868004058269,1,0,0,0,1,1,0,0,1,0,0,1,0,2,Vulnerable High-Risk
1,1.0014137945434884,0,1,1,0,0,-0.1727907450003817,0,-0.5471449872461385,3,3,0,1,0,1,0,0,0,1,0,0,0,1,Stable Mid-Risk
0,1.24587756220135,1,1,0,1,0,1.4526669357717217,0,-0.4692017353680301,3,5,1,1,1,0,1,0,0,0,1,1,0,1,Stable Mid-Risk
1,-0.791320501614164,0,1,1,0,0,-0.8060211911907411,0,-0.3289962447993113,1,3,0,1,0,1,0,0,0,0,1,0,0,1,Stable Mid-Risk
0,0.6347181430566958,0,0,0,0,1,-0.1943970331906039,0,-0.5266619036296202,2,2,1,1,1,1,0,0,0,1,0,0,0,1,Stable Mid-Risk
0,-1.2395040756535771,0,0,0,0,1,0.204488287244268,1,2.09355452478203,0,0,0,0,0,0,1,0,1,0,0,0,1,0,Critical Churn-Risk
1,1.0014137945434884,0,0,0,0,0,-1.46418196990828,0,-0.6253335216888596,3,0,0,1,0,0,0,1,0,0,1,0,0,3,Loyal Low-Risk
0,1.5718292524118322,1,0,1,1,1,1.6072349974402345,0,-0.4836510447369718,3,5,1,1,1,0,1,0,0,1,0,0,0,1,Stable Mid-Risk
1,-1.0357842692720256,1,0,0,0,0,-0.5317875333917667,0,0.0449545451360634,0,0,0,0,0,1,0,0,1,0,0,0,1,2,Vulnerable High-Risk
0,-0.6690886177852331,1,0,0,0,1,-0.0581112153753562,0,-0.2341659146347042,1,1,1,0,1,1,0,0,1,0,0,0,0,2,Vulnerable High-Risk
0,0.0643026851883519,1,0,0,1,0,1.1983775439944904,0,-0.3307471849528549,2,3,1,0,0,0,1,0,1,0,0,0,1,0,Critical Churn-Risk
0,0.1865345690172827,1,0,0,1,1,1.1535029454455674,1,-0.3614478799758894,2,3,1,0,0,0,1,0,1,0,0,0,1,0,Critical Churn-Risk
0,-0.6690886177852331,1,0,0,0,1,0.5235965435921655,0,-0.1140033550777931,1,1,0,0,0,0,1,0,1,0,0,0,0,0,Critical Churn-Risk
1,0.6347181430566958,1,1,0,0,1,-0.0132366168264328,0,-0.5136787419468821,2,3,0,1,1,1,0,0,0,1,0,0,0,1,Stable Mid-Risk
1,1.0421577558197987,0,0,1,1,1,0.3457601715649518,0,-0.5183139991733736,3,4,1,1,1,1,0,0,0,1,0,1,0,1,Stable Mid-Risk
0,1.6125732136881423,1,1,1,1,1,0.6681924722498068,0,-0.5313366250348035,3,5,1,1,1,1,0,0,0,0,1,0,0,1,Stable Mid-Risk
0,-1.0357842692720256,0,0,0,0,0,-1.5123806127941604,0,-0.3854849092767285,0,0,0,0,0,0,0,1,1,0,0,0,0,2,Vulnerable High-Risk
0,0.227278530293593,0,1,0,0,1,0.6349520288802342,1,-0.4159767089591645,2,3,0,0,1,0,1,0,1,0,0,1,0,0,Critical Churn-Risk
0,0.6347181430566958,1,1,1,1,0,1.7501689039293968,1,-0.3873013607965612,2,6,1,0,0,0,1,0,1,0,0,0,1,1,Stable Mid-Risk
0,-0.9135523854430948,0,1,0,1,1,1.3163811179564735,1,0.4407731374219717,0,5,1,0,0,0,1,0,1,0,0,0,1,0,Critical Churn-Risk
0,-0.0986731599168891,0,1,1,1,0,0.327477927711687,0,-0.3860026603974,2,5,1,1,1,1,0,0,0,1,0,1,0,1,Stable Mid-Risk
0,-0.0579291986405789,1,0,0,1,1,-0.1910729888536468,0,-0.4516923338325945,2,1,1,0,1,1,0,0,1,0,0,1,0,2,Vulnerable High-Risk
0,0.5532302205040753,1,0,1,0,1,0.1429934670105583,0,-0.4954774795605023,2,3,1,1,1,1,0,0,0,1,0,1,0,1,Stable Mid-Risk
0,0.7162060656093164,0,0,0,0,0,-1.4708300585821945,0,-0.6200593916117557,3,0,0,1,0,0,0,1,0,0,1,0,0,3,Loyal Low-Risk
0,-0.1801610824695097,0,0,1,0,0,0.3906347701138747,0,-0.3589692351124339,2,1,0,0,1,0,1,0,1,0,0,0,0,0,Critical Churn-Risk
0,1.368109446030281,0,1,1,1,1,-0.076393459228621,0,-0.5582051376070021,3,6,1,1,1,1,0,0,0,0,1,0,0,1,Stable Mid-Risk
0,-0.9950403079957154,0,0,0,0,1,-1.1766521347614762,1,-0.2857785949777203,0,1,0,0,0,1,0,0,1,0,0,0,1,2,Vulnerable High-Risk
1,0.3495104141225239,0,0,0,1,1,1.0005969059455335,0,-0.4033417195727879,2,3,1,0,1,0,1,0,1,0,0,0,0,0,Critical Churn-Risk
0,1.6125732136881423,1,0,1,1,1,1.5573743323858755,0,-0.4885625162610224,3,5,1,1,1,0,1,0,0,0,1,0,0,1,Stable Mid-Risk
0,-1.0357842692720256,0,0,0,0,0,-1.4924363467724169,0,-0.3767302085090108,0,0,0,1,0,0,0,1,0,1,0,0,0,3,Loyal Low-Risk
1,0.227278530293593,0,0,0,0,0,-1.4741541029191516,0,-0.6058863717665816,2,0,0,0,0,0,0,1,1,0,0,0,0,2,Vulnerable High-Risk
0,0.4717422979514547,0,1,0,1,1,1.3712278495162684,0,-0.3920022976260296,2,5,1,1,0,0,1,0,0,1,0,0,1,1,Stable Mid-Risk
1,0.5939741817803856,1,1,1,1,1,1.6172071304511062,0,-0.3911997833889888,2,6,1,1,1,0,1,0,0,1,0,0,0,1,Stable Mid-Risk
1,0.8384379494382472,0,0,1,1,1,0.9224818640270374,0,-0.467033325687137,3,3,1,0,0,0,1,0,1,0,0,0,1,0,Critical Churn-Risk
0,-1.1580161531009563,1,0,0,1,0,0.0266519152170539,0,0.8643945369944501,0,2,1,0,0,1,0,0,1,0,0,0,1,2,Vulnerable High-Risk
0,-0.506112772679992,1,0,0,1,1,0.6499102283965414,0,-0.1982315873005422,1,1,1,0,0,0,1,0,1,0,0,0,1,0,Critical Churn-Risk
0,-1.2395040756535771,0,0,0,0,0,-0.6697353733754932,1,1.0702272794887933,0,0,0,0,0,1,0,0,1,0,0,0,0,2,Vulnerable High-Risk
0,1.0014137945434884,1,0,0,1,1,0.2094743537497036,0,-0.5240003760211374,3,3,1,1,1,1,0,0,0,1,0,1,0,1,Stable Mid-Risk
0,0.4717422979514547,0,1,1,0,1,0.6765025830921999,0,-0.4462165927505636,2,3,0,0,0,0,1,0,1,0,0,0,1,0,Critical Churn-Risk
0,-0.3431369275747509,0,0,0,0,1,-0.5018711343591511,0,-0.4350365156220113,1,1,0,0,0,1,0,0,1,0,0,0,0,2,Vulnerable High-Risk
1,-0.7098325790615434,0,1,0,0,1,-1.150059780065818,0,-0.4467678146507532,1,1,0,0,1,1,0,0,1,0,0,0,0,2,Vulnerable High-Risk
0,-1.1987601143772668,0,0,0,0,0,-1.3145999747452028,1,0.0697595306445973,0,0,0,0,0,1,0,0,1,0,0,0,1,2,Vulnerable High-Risk
1,-1.1580161531009563,1,0,0,0,0,0.6399380953856697,1,1.2951258147661662,0,2,0,0,1,0,1,0,1,0,0,0,0,0,Critical Churn-Risk
0,0.1865345690172827,1,0,0,1,1,0.6947848269454648,1,-0.4038390626406282,2,1,1,0,0,0,1,0,1,0,0,0,1,0,Critical Churn-Risk
0,-1.2802480369298874,0,0,0,0,1,0.3291399498801655,1,3.6927465316851498,0,1,0,0,0,0,1,0,1,0,0,0,1,0,Critical Churn-Risk
0,-0.3431369275747509,0,1,1,0,0,-0.2808221859514929,0,-0.4039865102325056,1,2,0,0,1,1,0,0,1,0,0,1,0,2,Vulnerable High-Risk
0,-1.1172721918246462,1,0,0,1,1,0.8643110881302852,1,1.099409615381186,0,2,1,0,0,0,1,0,1,0,0,0,1,0,Critical Churn-Risk
0,0.0235587239120416,1,0,0,1,0,1.4210885145706271,0,-0.297852071199867,2,4,1,0,0,0,1,0,1,0,0,0,1,0,Critical Churn-Risk
1,1.0421577558197987,0,0,0,0,1,-1.494098368940895,0,-0.6278219511492337,3,0,0,1,0,0,0,1,0,0,1,0,0,3,Loyal Low-Risk
1,1.6125732136881423,1,1,0,1,1,1.033837349315106,0,-0.5137472718941832,3,3,1,1,1,0,1,0,0,0,1,0,0,1,Stable Mid-Risk
0,1.5718292524118322,1,0,0,0,0,-1.3611365954626045,0,-0.6284278555808978,3,0,0,1,0,0,0,1,0,0,1,0,0,3,Loyal Low-Risk
0,-0.1801610824695097,1,0,0,1,1,1.374551893853226,1,-0.2398248016759064,2,4,1,0,0,0,1,0,1,0,0,0,1,0,Critical Churn-Risk
0,0.7569500268856267,0,1,1,1,1,0.6332900067117551,0,-0.4788683841323852,3,6,1,1,1,1,0,0,0,0,1,1,0,1,Stable Mid-Risk
0,-0.0986731599168891,0,1,1,1,0,0.6831506717661141,1,-0.3457122095524192,2,6,1,1,1,1,0,0,0,1,0,0,0,1,Stable Mid-Risk
0,1.6125732136881423,0,1,1,0,1,0.6648684279128493,0,-0.5314965282451729,3,3,0,1,1,0,1,0,0,0,1,1,0,1,Stable Mid-Risk
0,0.1457906077409725,1,1,0,1,1,0.8659731102987638,1,-0.3804765894681693,2,2,1,0,0,0,1,0,1,0,0,0,1,0,Critical Churn-Risk
1,-0.7505765403378537,0,1,1,0,0,0.375676570597567,0,-0.0748875809286957,1,5,1,1,1,1,0,0,0,0,1,0,0,1,Stable Mid-Risk
1,1.6125732136881423,1,1,1,1,0,0.3241538833747294,0,-0.5478866073080235,3,4,1,1,0,1,0,0,0,0,1,0,0,1,Stable Mid-Risk
1,-0.4246248501273714,0,0,0,1,0,-0.8508957897396641,0,-0.4681470476849627,1,2,1,0,0,1,0,0,1,0,0,0,1,2,Vulnerable High-Risk
0,-1.2395040756535771,1,0,0,0,0,0.4903561002225927,0,2.4281786430148,0,1,0,0,0,0,1,0,1,0,0,0,1,0,Critical Churn-Risk
0,-0.7098325790615434,0,0,0,0,0,-1.5024084797832884,0,-0.524101004765594,1,0,0,0,0,0,0,1,1,0,0,0,0,2,Vulnerable High-Risk
1,0.7569500268856267,0,0,0,0,0,-1.504070501951767,0,-0.6232087070462967,3,0,0,1,1,0,0,1,0,0,1,1,0,3,Loyal Low-Risk
0,1.5310852911355222,0,1,1,0,1,-0.8525578119081428,0,-0.6027289041488998,3,3,0,1,1,1,0,0,0,0,1,1,0,1,Stable Mid-Risk
1,1.5718292524118322,0,0,0,0,0,-1.485788258098502,0,-0.6345075088918128,3,0,0,1,1,0,0,1,0,0,1,0,0,3,Loyal Low-Risk
1,0.2680224915699033,1,0,1,1,1,1.1684611449618754,0,-0.3754170033938531,2,3,1,0,1,0,1,0,1,0,0,1,0,0,Critical Churn-Risk
1,1.1643896396487294,1,1,0,0,0,-0.1661426563264673,0,-0.5545071160341191,3,2,0,0,0,1,0,0,1,0,0,0,1,2,Vulnerable High-Risk
0,0.797693988161937,0,1,0,0,1,-0.5002091121906725,0,-0.5575230385140512,3,1,0,0,1,1,0,0,1,0,0,0,0,2,Vulnerable High-Risk
0,-1.2802480369298874,0,0,0,1,1,-0.96557531936469,1,1.4194425656677592,0,1,1,0,0,1,0,0,1,0,0,0,1,2,Vulnerable High-Risk
0,1.2866215234776603,1,1,1,1,1,1.4526669357717217,0,-0.4722462386798807,3,5,1,1,0,0,1,0,0,1,0,0,0,1,Stable Mid-Risk
0,1.2051336009250395,0,0,1,0,1,-0.1545085011471169,0,-0.5556457202302278,3,3,0,1,1,1,0,0,0,0,1,1,0,1,Stable Mid-Risk
0,-0.0986731599168891,0,0,0,0,0,-1.5206907236365534,0,-0.5953623862834689,2,0,0,1,0,0,0,1,0,0,1,0,0,3,Loyal Low-Risk
1,-1.1580161531009563,0,0,0,0,0,-0.62486077482657,1,0.4068155102017327,0,0,0,0,0,1,0,0,1,0,0,0,1,2,Vulnerable High-Risk
0,1.24587756220135,0,1,1,1,1,0.6382760732171912,0,-0.5138871872032564,3,6,1,1,1,1,0,0,0,1,0,0,0,1,Stable Mid-Risk
0,-1.2802480369298874,0,0,0,0,1,-0.6730594177124505,0,1.9330516773738704,0,0,0,0,1,1,0,0,1,0,0,1,0,2,Vulnerable High-Risk
0,-0.7098325790615434,1,0,1,1,1,1.2848026967553796,0,0.0876337113786878,1,4,1,0,0,0,1,0,1,0,0,0,1,0,Critical Churn-Risk
1,-0.22090504374582,0,1,0,0,1,0.526920587929123,0,-0.3308722521066794,2,2,0,1,1,0,1,0,0,1,0,1,0,1,Stable Mid-Risk
1,-1.1580161531009563,0,1,0,1,1,-0.2525678090873561,0,0.6682892397975715,0,5,1,0,0,1,0,0,1,0,0,0,0,2,Vulnerable High-Risk
0,1.6125732136881423,1,1,0,1,1,1.52745793335326,0,-0.490001645154346,3,5,1,1,0,0,1,0,0,0,1,0,1,1,Stable Mid-Risk
0,0.512486259227765,1,0,0,0,0,-1.3328822185984677,0,-0.6044158683303095,2,0,0,1,1,0,0,1,0,1,0,1,0,3,Loyal Low-Risk
0,0.512486259227765,1,1,1,1,1,1.0720638591901144,0,-0.420820911650778,2,4,1,0,0,0,1,0,1,0,0,0,1,0,Critical Churn-Risk
0,0.1457906077409725,0,1,1,1,1,0.3839866814399601,0,-0.4262218727589471,2,5,1,1,0,1,0,0,0,1,0,0,0,1,Stable Mid-Risk
1,-0.6283446565089229,0,1,0,1,1,0.8177744674128837,1,-0.0873387109094499,1,3,1,0,0,0,1,0,1,0,0,0,1,0,Critical Churn-Risk
0,-1.2802480369298874,0,0,0,0,0,-1.5256767901419892,0,0.4359978460941254,0,0,0,0,0,0,0,1,1,0,0,0,0,2,Vulnerable High-Risk
0,-0.6690886177852331,1,0,0,0,1,0.3208298390377723,0,-0.1558885901233449,1,0,0,0,1,0,1,0,1,0,0,0,0,0,Critical Churn-Risk
0,-1.1987601143772668,0,0,0,0,1,-1.495760391109374,1,-0.0892841999689428,0,0,0,0,0,0,0,1,1,0,0,0,0,2,Vulnerable High-Risk
1,-1.1580161531009563,1,0,0,0,1,-0.461982602315664,1,0.5212102668999121,0,0,0,0,0,1,0,0,1,0,0,0,1,2,Vulnerable High-Risk
0,1.5718292524118322,0,1,1,1,1,0.6515722505650204,0,-0.5302617201206545,3,6,1,1,1,1,0,0,0,0,1,1,0,1,Stable Mid-Risk
1,-0.9135523854430948,1,0,0,0,1,-1.3428543516093396,0,-0.4081675430839974,0,0,0,0,0,0,0,1,1,0,0,0,0,2,Vulnerable High-Risk
1,-0.506112772679992,0,0,0,0,0,-1.487450280266981,0,-0.5556457202302278,1,0,0,1,0,0,0,1,0,0,1,0,0,3,Loyal Low-Risk
0,-1.1580161531009563,0,0,0,1,1,0.5385547431084732,1,1.223920915188728,0,1,1,0,0,0,1,0,1,0,0,0,1,0,Critical Churn-Risk
0,-0.2616490050221303,1,0,0,1,1,1.1152764355705589,1,-0.2418970084136038,2,3,1,0,0,0,1,0,1,0,0,0,1,0,Critical Churn-Risk
0,-1.1580161531009563,0,0,0,1,0,-0.3090765628156297,0,0.6286012629839172,0,1,1,0,1,1,0,0,1,0,0,1,0,2,Vulnerable High-Risk
0,-1.1172721918246462,0,0,0,1,1,-0.4586585579787067,1,0.3251049697030333,0,3,1,0,0,1,0,0,1,0,0,0,0,2,Vulnerable High-Risk
0,-1.1580161531009563,1,0,0,1,1,0.8925654649944222,1,1.472554416991914,0,2,1,0,0,0,1,0,1,0,0,0,1,0,Critical Churn-Risk
0,-0.1394171211931994,1,0,0,0,1,0.6482482062280629,0,-0.3390849952078242,2,1,1,0,0,0,1,0,1,0,0,0,1,0,Critical Churn-Risk
0,-1.2395040756535771,0,1,0,1,0,1.1767712558042684,0,3.231665624585345,0,4,1,0,0,0,1,0,1,0,0,0,1,0,Critical Churn-Risk
0,-0.1394171211931994,0,0,0,0,0,-1.509056568457203,0,-0.5916094751299956,2,0,0,1,0,0,0,1,0,0,1,0,0,3,Loyal Low-Risk
1,-1.2802480369298874,0,0,0,1,1,0.8659731102987638,1,4.635335981009433,0,2,1,0,0,0,1,0,1,0,0,0,1,0,Critical Churn-Risk
0,-1.2802480369298874,0,0,0,0,0,0.1529656000214305,1,3.3834137712257872,0,0,0,0,0,0,1,0,1,0,0,0,0,0,Critical Churn-Risk
0,-0.9950403079957154,0,0,0,1,1,0.9856387064292256,1,0.5579151604890107,0,3,1,0,1,0,1,0,1,0,0,1,0,0,Critical Churn-Risk
0,-0.791320501614164,0,0,0,0,1,-1.4758161250876305,0,-0.4970031214369435,1,0,0,0,0,0,0,1,1,0,0,0,1,2,Vulnerable High-Risk
0,1.082901717096109,1,1,0,1,1,0.9956108394400972,0,-0.4827593622513709,3,3,1,0,0,0,1,0,1,0,0,0,1,0,Critical Churn-Risk
1,-1.2802480369298874,0,0,0,0,1,-1.4841262359300234,1,0.5089536858251071,0,0,0,0,1,0,0,1,1,0,0,1,0,2,Vulnerable High-Risk
0,0.7162060656093164,1,0,0,1,1,1.0271892606411914,1,-0.4480552706460058,3,2,1,0,0,0,1,0,1,0,0,0,1,0,Critical Churn-Risk
0,-0.5876006952326126,0,0,0,0,1,-0.6797075063863649,0,-0.3946235881482937,1,0,0,0,1,1,0,0,1,0,0,0,0,2,Vulnerable High-Risk
1,-0.6283446565089229,0,1,0,1,0,0.3241538833747294,0,-0.1836404193543458,1,4,1,0,0,1,0,0,1,0,0,0,0,2,Vulnerable High-Risk
0,0.5939741817803856,0,0,0,1,0,0.2925754621736353,0,-0.4881094571649762,2,4,1,1,0,1,0,0,0,0,1,0,1,1,Stable Mid-Risk
0,-0.2616490050221303,1,0,0,0,1,0.3374500607225587,1,-0.3430624395072318,2,0,0,0,1,0,1,0,1,0,0,0,0,0,Critical Churn-Risk
0,-1.076528230548336,0,0,0,1,1,-0.5600419102559032,1,0.1325015528132416,0,3,1,0,0,1,0,0,1,0,0,0,1,2,Vulnerable High-Risk
1,-0.5468567339563023,1,0,0,0,0,-0.4885749570113221,0,-0.3746874449965433,1,0,0,0,1,1,0,0,1,0,0,1,0,2,Vulnerable High-Risk
0,-1.1987601143772668,1,0,1,1,1,-0.0398289715220911,1,1.188902112117857,0,2,1,0,0,1,0,0,1,0,0,0,1,2,Vulnerable High-Risk
1,1.4495973685829016,0,0,0,1,1,-0.3921776712395614,0,-0.5774327809399521,3,4,1,1,0,1,0,0,0,0,1,0,1,1,Stable Mid-Risk
0,-1.2395040756535771,0,0,0,0,0,-1.494098368940895,0,0.1052647059803418,0,0,0,0,1,0,0,1,1,0,0,0,0,2,Vulnerable High-Risk
0,-1.0357842692720256,0,0,0,0,1,-1.344516373777818,0,-0.311799511148437,0,0,0,1,1,1,0,0,0,1,0,1,0,2,Vulnerable High-Risk
0,-0.5876006952326126,0,0,0,0,1,-1.504070501951767,0,-0.5469860997548913,1,0,0,0,0,0,0,1,1,0,0,0,0,2,Vulnerable High-Risk
0,1.5718292524118322,1,0,0,0,0,-1.3212480634191175,0,-0.6264823665214049,3,0,0,1,1,0,0,1,0,0,1,1,0,3,Loyal Low-Risk
0,-0.791320501614164,1,1,0,0,0,0.9640324182390032,0,0.1149921512778059,1,3,1,0,1,0,1,0,1,0,0,1,0,0,Critical Churn-Risk
0,-1.1987601143772668,0,0,1,0,1,-0.92901083165816,1,0.4082746269963525,0,2,0,0,0,1,0,0,1,0,0,0,0,2,Vulnerable High-Risk
0,1.6125732136881423,1,0,0,1,1,1.2947748297662514,0,-0.5011948698801951,3,4,1,1,1,0,1,0,0,0,1,0,0,1,Stable Mid-Risk
1,1.368109446030281,0,0,0,1,1,-0.2675260086036639,0,-0.5682229544058831,3,4,1,1,1,1,0,0,0,0,1,1,0,1,Stable Mid-Risk
1,-0.3431369275747509,0,0,0,0,1,-1.4625199477398012,0,-0.5699756367884352,1,0,0,1,1,0,0,1,0,1,0,1,0,3,Loyal Low-Risk
0,-1.2802480369298874,0,0,0,0,1,-0.6880176172287581,1,1.9067875750707168,0,0,0,0,0,1,0,0,1,0,0,0,1,2,Vulnerable High-Risk
1,0.960669833267178,1,0,0,0,1,-1.3411923294408608,0,-0.6170237058966337,3,0,0,1,0,0,0,1,0,0,1,0,0,3,Loyal Low-Risk
0,-0.4246248501273714,1,0,0,0,0,-1.3029658195658524,0,-0.537169616056535,1,0,0,1,1,0,0,1,0,1,0,0,0,3,Loyal Low-Risk
0,-0.7505765403378537,0,0,0,1,1,-0.4669686688210999,1,-0.2721601715612703,1,3,1,0,0,1,0,0,1,0,0,0,1,2,Vulnerable High-Risk
0,1.1643896396487294,1,0,0,1,1,1.3163811179564735,1,-0.4705372979179441,3,4,1,1,1,0,1,0,0,1,0,1,0,1,Stable Mid-Risk
0,0.3087664528462136,0,0,0,1,1,-0.847571745402707,1,-0.5552051042411441,2,2,1,0,0,1,0,0,1,0,0,0,1,2,Vulnerable High-Risk
0,0.3902543753988342,0,1,0,0,0,-0.1711287228319032,0,-0.5051664193842507,2,3,0,0,1,1,0,0,1,0,0,0,0,2,Vulnerable High-Risk
1,1.6125732136881423,1,1,1,1,1,0.6150077628584902,0,-0.533895076400712,3,5,1,1,1,1,0,0,0,0,1,0,0,1,Stable Mid-Risk
0,-0.8320644628904743,1,0,1,0,1,0.4903561002225927,0,0.047199340204709,0,1,0,0,1,0,1,0,1,0,0,1,0,0,Critical Churn-Risk
0,1.5718292524118322,1,0,0,0,0,-1.3411923294408608,0,-0.6274551110511513,3,0,0,1,1,0,0,1,0,0,1,0,0,3,Loyal Low-Risk
0,-0.2616490050221303,0,0,0,0,0,-1.5157046571311177,0,-0.5840869174332899,2,0,0,1,0,0,0,1,0,1,0,0,0,3,Loyal Low-Risk
1,-1.0357842692720256,0,1,0,0,0,-1.1633559574136474,0,-0.232277645841667,0,1,0,0,0,1,0,0,1,0,0,0,0,2,Vulnerable High-Risk
1,-1.076528230548336,0,0,0,0,0,-0.6414809965113564,0,0.0916462825638918,0,0,0,0,0,1,0,0,1,0,0,0,0,2,Vulnerable High-Risk
0,1.0421577558197987,0,1,0,1,1,1.3845240268640977,1,-0.4564870163505077,3,5,1,1,0,0,1,0,0,1,0,0,1,1,Stable Mid-Risk
0,0.7569500268856267,0,0,0,0,1,-1.155045846571254,0,-0.599638358825518,3,1,0,0,1,1,0,0,1,0,0,1,0,2,Vulnerable High-Risk
1,1.6125732136881423,0,1,1,1,1,0.028313937385533,0,-0.562117993030889,3,6,1,1,1,1,0,0,0,0,1,0,0,1,Stable Mid-Risk
0,-0.5876006952326126,0,1,0,1,1,1.0388234158205416,1,-0.0769969006458301,1,3,1,0,0,0,1,0,1,0,0,0,1,0,Critical Churn-Risk
0,-1.0357842692720256,1,0,0,0,1,0.3424361272279943,1,0.4287022621210272,0,0,0,0,1,0,1,0,1,0,0,0,0,0,Critical Churn-Risk
0,0.5939741817803856,1,1,1,0,0,0.3075336616899431,0,-0.4870151195690114,2,4,1,1,0,1,0,0,0,0,1,0,0,1,Stable Mid-Risk
0,-1.2395040756535771,0,0,0,0,1,-0.6680733512070144,1,1.0721727685482862,0,0,0,0,0,1,0,0,1,0,0,0,1,2,Vulnerable High-Risk
0,1.2051336009250395,1,0,1,1,1,1.52745793335326,0,-0.461891676029906,3,5,1,1,1,0,1,0,0,1,0,0,0,1,Stable Mid-Risk
1,-0.6690886177852331,0,0,0,0,0,-1.499084435446331,0,-0.5318257407371096,1,0,0,1,0,0,0,1,0,0,1,0,0,3,Loyal Low-Risk
0,-1.076528230548336,0,0,1,0,1,-0.5085192230330657,0,0.1583487646036465,0,1,0,0,1,1,0,0,1,0,0,1,0,2,Vulnerable High-Risk
0,-0.5468567339563023,0,0,1,0,1,-0.325696784500416,1,-0.3460887558219985,1,2,0,0,1,1,0,0,1,0,0,1,0,2,Vulnerable High-Risk
1,1.490341329859212,0,1,0,0,1,-0.6930036837341939,0,-0.5938050984971376,3,3,1,1,1,1,0,0,0,0,1,1,0,1,Stable Mid-Risk
1,-0.8728084241667845,1,0,0,0,1,0.3175057947008148,1,0.0561411072281473,0,0,0,0,0,0,1,0,1,0,0,0,1,0,Critical Churn-Risk
0,1.2866215234776603,1,0,1,1,1,1.5407541107010891,0,-0.467487273134352,3,5,1,0,0,0,1,0,1,0,0,0,1,0,Critical Churn-Risk
0,0.2680224915699033,0,1,1,1,1,1.3263532509673457,1,-0.3615553938449666,2,5,1,1,1,0,1,0,0,1,0,1,0,1,Stable Mid-Risk
0,-0.7098325790615434,1,1,0,0,1,-0.3024284741417151,1,-0.2607304233367498,1,1,0,0,0,1,0,0,1,0,0,0,0,2,Vulnerable High-Risk
0,-0.3023929662984406,0,0,0,0,0,-1.4691680364137156,0,-0.5746088938101197,2,0,0,0,0,0,0,1,1,0,0,0,0,2,Vulnerable High-Risk
0,-1.076528230548336,0,0,0,0,0,-1.5007464576148095,0,-0.339418507618023,0,0,0,1,1,0,0,1,0,0,1,1,0,3,Loyal Low-Risk
0,1.368109446030281,1,1,1,1,0,1.695322172369602,0,-0.4653443314538957,3,6,1,1,1,0,1,0,0,1,0,0,0,1,Stable Mid-Risk
0,1.1643896396487294,1,0,1,1,0,0.7928441348857043,0,-0.5001903166473108,3,5,1,1,1,1,0,0,0,0,1,1,0,1,Stable Mid-Risk
0,0.4309983366751445,1,1,0,1,1,0.987300728597704,0,-0.416391655926399,2,3,1,0,0,0,1,0,1,0,0,0,1,0,Critical Churn-Risk
0,-0.8320644628904743,0,0,0,0,0,-1.485788258098502,0,-0.4866129271192125,0,0,0,0,0,0,0,1,1,0,0,0,0,2,Vulnerable High-Risk
0,-0.3838808888510611,0,0,0,0,1,-1.0021398070712195,0,-0.4985664608597503,1,1,1,0,1,1,0,0,1,0,0,0,0,2,Vulnerable High-Risk
0,1.5718292524118322,0,0,0,1,1,-0.4154459815982623,0,-0.5823035524620882,3,4,1,0,1,1,0,0,1,0,0,0,0,1,Stable Mid-Risk
0,0.0643026851883519,1,0,1,1,0,0.0067076491953105,0,-0.4503113840091152,2,2,1,0,0,1,0,0,1,0,0,0,0,2,Vulnerable High-Risk
0,-1.1172721918246462,0,0,0,0,0,-1.494098368940895,1,-0.2809148723289881,0,0,0,0,1,0,0,1,1,0,0,1,0,2,Vulnerable High-Risk
0,0.3495104141225239,0,0,1,0,0,-0.9755474523755616,0,-0.5685693261254303,2,2,0,1,0,1,0,0,0,1,0,0,0,3,Loyal Low-Risk
1,1.6125732136881423,0,0,0,0,0,-1.499084435446331,0,-0.6355935181955709,3,0,0,1,1,0,0,1,0,0,1,1,0,3,Loyal Low-Risk
0,-0.7505765403378537,1,0,0,1,1,1.023865216304234,0,0.0768605657117461,1,2,1,0,0,0,1,0,1,0,0,0,1,0,Critical Churn-Risk
0,0.3495104141225239,0,0,0,0,1,-1.494098368940895,0,-0.6119259394512709,2,0,0,1,0,0,0,1,0,0,1,0,0,3,Loyal Low-Risk
1,-0.3838808888510611,1,1,0,0,0,0.5668091199726097,0,-0.2689987518395945,1,1,0,1,1,0,1,0,0,1,0,1,0,3,Loyal Low-Risk
1,1.5718292524118322,0,1,1,1,0,1.4792592904673796,0,-0.4898928221361779,3,6,1,1,1,0,1,0,0,0,1,1,0,1,Stable Mid-Risk
0,-1.2802480369298874,0,0,0,0,1,0.1828819990540456,1,3.435941975832094,0,0,0,0,0,0,1,0,1,0,0,0,1,0,Critical Churn-Risk
0,1.6125732136881423,1,0,0,0,0,-1.3096139082397669,0,-0.6264790352045222,3,0,0,1,0,0,0,1,0,0,1,0,0,3,Loyal Low-Risk
1,-1.076528230548336,0,0,0,0,1,0.1662617773692593,0,0.4968638609554017,0,0,0,0,0,0,1,0,1,0,0,0,1,0,Critical Churn-Risk
1,-0.3838808888510611,0,0,0,0,1,-1.4891123024354591,0,-0.5698199976636757,1,0,0,1,1,0,0,1,0,1,0,1,0,3,Loyal Low-Risk
0,-0.9135523854430948,1,0,0,0,0,0.6897987604400287,1,0.2407414895777526,0,1,1,0,0,0,1,0,1,0,0,0,1,0,Critical Churn-Risk
0,1.6125732136881423,0,1,1,1,1,1.4992035564891233,0,-0.4913608224424848,3,6,1,1,0,0,1,0,0,0,1,0,1,1,Stable Mid-Risk
0,-1.0357842692720256,0,1,0,0,1,-0.4819268683374076,0,0.066841297055358,0,1,0,0,1,1,0,0,1,0,0,0,0,2,Vulnerable High-Risk
1,-1.076528230548336,0,0,0,1,0,0.987300728597704,1,0.9087516875508872,0,3,1,0,0,0,1,0,1,0,0,0,0,0,Critical Churn-Risk
1,-0.9542963467194052,0,0,1,1,1,1.2199838321847127,0,0.5177083865928251,0,4,1,0,0,0,1,0,1,0,0,0,1,0,Critical Churn-Risk
0,-0.8320644628904743,1,0,0,0,1,0.8094643565704907,0,0.1333994708406999,0,2,1,0,0,0,1,0,1,0,0,0,1,0,Critical Churn-Risk
0,-1.2802480369298874,0,0,0,0,1,-1.509056568457203,0,0.4651801819865181,0,0,0,0,0,0,0,1,1,0,0,0,0,2,Vulnerable High-Risk
1,0.6347181430566958,0,0,0,0,0,-1.16003191307669,0,-0.5958657287458656,2,1,0,1,1,1,0,0,0,1,0,0,0,3,Loyal Low-Risk
0,-0.506112772679992,0,0,0,1,0,0.4654257676954133,0,-0.2290814852439287,1,1,1,0,0,0,1,0,1,0,0,0,1,0,Critical Churn-Risk
0,-0.6690886177852331,1,0,0,0,1,0.6831506717661141,1,-0.081044481599326,1,1,1,0,1,0,1,0,1,0,0,1,0,0,Critical Churn-Risk
0,-1.2395040756535771,0,0,0,1,1,0.4936801445595503,1,2.432069621133785,0,1,1,0,0,0,1,0,1,0,0,0,0,0,Critical Churn-Risk
0,-0.9135523854430948,0,0,0,0,1,-1.5123806127941604,0,-0.4622875114662529,0,0,0,1,0,0,0,1,0,1,0,0,0,3,Loyal Low-Risk
0,-1.2395040756535771,0,0,0,0,1,0.4920181223910713,1,2.430124132074293,0,1,1,0,0,0,1,0,1,0,0,0,1,0,Critical Churn-Risk
1,-0.506112772679992,1,0,1,1,0,1.0637537483477213,0,-0.1290277621842967,1,3,1,0,0,0,1,0,1,0,0,0,0,0,Critical Churn-Risk
0,-0.506112772679992,0,0,0,0,0,-1.4675060142452372,0,-0.5523105961282401,1,0,0,1,0,0,0,1,0,1,0,0,0,3,Loyal Low-Risk
1,-0.5468567339563023,0,0,0,0,0,-1.495760391109374,0,-0.551532400504443,1,0,0,1,0,0,0,1,0,1,0,0,0,3,Loyal Low-Risk
0,-0.5468567339563023,1,1,0,1,1,0.8576629994563706,1,-0.1383105242681626,1,2,1,0,0,0,1,0,1,0,0,0,1,0,Critical Churn-Risk
0,-0.4246248501273714,0,1,1,1,1,1.323029206630388,0,-0.1362296968393136,1,5,1,0,0,0,1,0,1,0,0,0,1,0,Critical Churn-Risk
0,0.1050466464646622,1,0,1,0,0,0.5069763219073791,0,-0.4075337852843142,2,1,0,0,1,0,1,0,1,0,0,1,0,0,Critical Churn-Risk
0,-1.2802480369298874,0,0,0,0,0,-0.6531151516907069,0,1.9680704804447413,0,0,0,0,0,1,0,0,1,0,0,0,0,2,Vulnerable High-Risk
0,0.2680224915699033,1,0,0,0,1,0.277617262657328,0,-0.4536256635854654,2,0,0,0,1,0,1,0,1,0,0,1,0,0,Critical Churn-Risk
0,0.8791819107145575,0,0,1,1,1,1.1402067680977384,0,-0.4567693970429642,3,4,1,1,0,0,1,0,0,1,0,0,1,1,Stable Mid-Risk
0,-1.2802480369298874,0,0,0,0,1,-1.4824642137615447,1,0.5118719194143465,0,0,0,0,1,0,0,1,1,0,0,0,0,2,Vulnerable High-Risk
0,1.368109446030281,1,1,0,1,1,1.3712278495162684,1,-0.482331064286781,3,4,1,1,1,0,1,0,0,0,1,1,0,1,Stable Mid-Risk
0,0.960669833267178,1,1,1,1,1,1.3479595391575674,0,-0.451349953356664,3,4,1,0,0,0,1,0,1,0,0,0,0,0,Critical Churn-Risk
1,-0.5876006952326126,0,0,0,0,1,-0.6364949300059205,0,-0.3866368435882704,1,0,0,0,1,1,0,0,1,0,0,1,0,2,Vulnerable High-Risk
1,-0.6690886177852331,1,0,0,0,1,0.503652277570422,0,-0.1181232142626014,1,1,0,0,1,0,1,0,1,0,0,1,0,0,Critical Churn-Risk
0,1.4495973685829016,0,1,0,0,1,-0.3439790283536809,0,-0.5749797729953742,3,2,0,1,1,1,0,0,0,1,0,1,0,1,Stable Mid-Risk
0,0.8384379494382472,1,0,0,0,0,-1.3195860412506386,0,-0.612836922423573,3,0,0,1,1,0,0,1,0,0,1,1,0,3,Loyal Low-Risk
1,1.6125732136881423,1,1,1,1,0,0.6615443835758922,0,-0.5316564314555421,3,5,1,1,1,1,0,0,0,0,1,1,0,1,Stable Mid-Risk
0,-0.9542963467194052,1,0,0,0,1,0.3673664597551738,0,0.2182976203368759,0,0,0,0,0,0,1,0,1,0,0,0,1,0,Critical Churn-Risk
0,-0.0986731599168891,0,1,0,0,1,-0.5317875333917667,0,-0.4833398710836389,2,1,0,0,0,1,0,0,1,0,0,0,0,2,Vulnerable High-Risk
0,0.1457906077409725,1,0,0,1,1,1.1418687902662172,1,-0.3542913583431034,2,3,1,0,0,0,1,0,1,0,0,0,1,0,Critical Churn-Risk
0,-0.5876006952326126,0,0,1,0,1,-0.9838575632179548,0,-0.4508379825515343,1,2,0,0,0,1,0,0,1,0,0,0,1,2,Vulnerable High-Risk
1,0.9199258719908678,1,1,1,1,0,0.3806626371030031,0,-0.508154942652965,3,4,1,1,0,1,0,0,0,1,0,0,1,1,Stable Mid-Risk
0,0.2680224915699033,0,1,0,1,0,-0.2957803854678007,1,-0.5039651929998429,2,4,1,0,0,1,0,0,1,0,0,0,1,2,Vulnerable High-Risk
0,-0.4653688114036817,1,0,0,0,1,0.5834293416573961,1,-0.2301552941404021,1,1,0,0,0,0,1,0,1,0,0,0,1,0,Critical Churn-Risk
0,-1.2395040756535771,0,0,1,0,1,-0.811007257696177,1,0.9048607094319012,0,3,0,0,1,1,0,0,1,0,0,1,0,2,Vulnerable High-Risk
0,0.0235587239120416,1,0,0,0,1,-1.3262341299245533,0,-0.5816073725535441,2,0,0,1,1,0,0,1,0,1,0,0,0,3,Loyal Low-Risk
0,0.4717422979514547,0,0,0,1,0,-0.348965094859117,0,-0.526241042731036,2,4,1,1,1,1,0,0,0,0,1,0,0,1,Stable Mid-Risk
1,-0.0986731599168891,0,1,1,0,0,0.0499202255757549,0,-0.4174442739072683,2,3,1,0,1,1,0,0,1,0,0,0,0,1,Stable Mid-Risk
0,1.5718292524118322,0,0,0,0,1,-1.459195903402844,0,-0.6332105161854843,3,0,0,1,1,0,0,1,0,0,1,0,0,3,Loyal Low-Risk
0,-1.1580161531009563,1,0,0,0,0,0.3507462380703874,1,1.092016756955113,0,0,0,0,0,0,1,0,1,0,0,0,1,0,Critical Churn-Risk
1,0.1050466464646622,0,0,0,1,1,0.6765025830921999,1,-0.390997128278625,2,2,1,1,0,0,1,0,0,1,0,0,1,0,Critical Churn-Risk
0,-1.2802480369298874,0,0,0,0,0,0.3507462380703874,0,3.73068356834526,0,1,0,0,1,0,1,0,1,0,0,1,0,0,Critical Churn-Risk
0,-0.3838808888510611,1,0,0,1,1,1.3180431401249524,0,-0.1590786199782486,1,4,1,0,0,0,1,0,1,0,0,0,1,0,Critical Churn-Risk
1,-0.4246248501273714,0,0,0,1,1,-0.5101812452015443,0,-0.4161263619637409,1,3,1,1,1,1,0,0,0,1,0,1,0,1,Stable Mid-Risk
1,0.6754621043330061,0,0,0,0,0,-1.5073945462887242,0,-0.621686735989755,3,0,0,1,1,0,0,1,0,1,0,1,0,3,Loyal Low-Risk
1,0.3902543753988342,0,0,0,1,1,0.9091856866792086,0,-0.4169407527328309,2,3,1,0,0,0,1,0,1,0,0,0,1,0,Critical Churn-Risk
1,0.0235587239120416,0,0,0,1,1,0.9640324182390032,1,-0.3450587910257964,2,3,1,1,0,0,1,0,0,1,0,0,1,1,Stable Mid-Risk
1,-1.0357842692720256,0,0,0,0,0,-1.494098368940895,0,-0.3774597669063206,0,0,0,1,0,0,0,1,0,0,1,0,0,3,Loyal Low-Risk
1,1.4088534073065913,1,1,1,0,1,1.178433277972747,0,-0.4950044992728846,3,4,1,1,1,0,1,0,0,1,0,0,0,1,Stable Mid-Risk
0,-0.7098325790615434,1,0,1,0,0,1.0271892606411914,0,0.031092935587177,1,3,1,0,0,0,1,0,1,0,0,0,1,0,Critical Churn-Risk
0,1.4088534073065913,1,0,0,0,1,0.9424261300487812,0,-0.5071924160279427,3,3,1,1,0,0,1,0,0,0,1,0,1,1,Stable Mid-Risk
1,0.8384379494382472,0,1,1,1,1,0.1629377330323022,0,-0.5164271312531498,3,4,1,1,0,1,0,0,0,0,1,0,0,1,Stable Mid-Risk
1,-0.4653688114036817,0,0,0,0,0,-1.495760391109374,0,-0.5620380414257043,1,0,0,1,0,0,0,1,0,1,0,0,0,3,Loyal Low-Risk
1,0.3087664528462136,0,1,1,0,1,0.2177844645920968,0,-0.4639569222556626,2,4,1,0,0,1,0,0,1,0,0,0,0,1,Stable Mid-Risk
1,-0.4246248501273714,0,0,0,0,0,-1.46418196990828,0,-0.5617842819831618,1,0,0,1,1,0,0,1,0,1,0,0,0,3,Loyal Low-Risk
0,0.2680224915699033,0,0,1,0,1,-0.8043591690222623,0,-0.5486141669152037,2,2,1,0,0,1,0,0,1,0,0,0,1,2,Vulnerable High-Risk
0,0.512486259227765,0,0,0,0,1,-1.4758161250876305,1,-0.6153275243596389,2,0,0,1,0,0,0,1,0,1,0,0,1,3,Loyal Low-Risk
0,-1.2395040756535771,0,0,0,0,0,-1.477478147256109,0,0.1247195965752702,0,0,0,0,0,0,0,1,1,0,0,0,0,2,Vulnerable High-Risk
1,1.0014137945434884,0,0,0,0,0,-1.4974224132778524,0,-0.62734609657799,3,0,0,1,1,0,0,1,0,0,1,0,0,3,Loyal Low-Risk
1,-0.9950403079957154,0,0,0,1,1,-0.3456410505221597,0,0.0384695816044206,0,1,1,0,0,1,0,0,1,0,0,0,1,2,Vulnerable High-Risk
0,-1.0357842692720256,1,1,0,0,1,0.9939488172716188,1,0.7146891538664757,0,3,1,0,1,0,1,0,1,0,0,1,0,0,Critical Churn-Risk
0,-1.076528230548336,0,0,0,0,1,-1.1400876470549464,1,-0.1584880250851884,0,1,0,0,1,1,0,0,1,0,0,1,0,2,Vulnerable High-Risk
1,-1.0357842692720256,0,0,0,0,0,-1.4741541029191516,0,-0.3687050661386028,0,0,0,0,0,0,0,1,1,0,0,0,0,2,Vulnerable High-Risk
0,0.6754621043330061,1,0,1,1,1,0.0449341590703193,0,-0.5126615290957759,3,2,1,1,1,1,0,0,0,0,1,0,0,1,Stable Mid-Risk
0,1.3273654847539706,1,1,1,0,1,0.8327326669291911,0,-0.508183367006107,3,3,0,1,0,0,1,0,0,1,0,0,1,1,Stable Mid-Risk
0,0.9199258719908678,0,0,0,0,0,-0.6564391960276642,0,-0.5731898626417259,3,0,0,1,1,1,0,0,0,1,0,0,0,3,Loyal Low-Risk
1,1.5718292524118322,1,1,1,1,0,0.7330113368204731,0,-0.5262896799575233,3,6,1,1,1,1,0,0,0,0,1,0,0,1,Stable Mid-Risk
0,0.1050466464646622,1,1,1,0,1,1.0620917261792426,0,-0.3533843397950966,2,4,0,0,0,0,1,0,1,0,0,0,0,0,Critical Churn-Risk
0,-1.1987601143772668,1,0,0,0,1,0.4055929696301825,1,1.579945413075919,0,0,0,0,0,0,1,0,1,0,0,0,1,0,Critical Churn-Risk
1,-0.8728084241667845,0,0,0,0,0,-1.485788258098502,1,-0.471572800159287,0,0,0,0,1,0,0,1,1,0,0,1,0,2,Vulnerable High-Risk
0,-1.2802480369298874,0,0,0,0,0,0.3490842159019089,1,3.727765334756021,0,1,0,0,0,0,1,0,1,0,0,0,1,0,Critical Churn-Risk
0,-0.6283446565089229,1,1,1,1,1,1.3911721155380123,0,0.0245269100113887,1,5,1,0,1,0,1,0,1,0,0,0,0,0,Critical Churn-Risk
0,1.6125732136881423,1,1,1,1,1,1.5075136673315166,0,-0.4909610644165616,3,5,1,1,1,0,1,0,0,0,1,1,0,1,Stable Mid-Risk
1,-0.1801610824695097,0,1,0,0,1,0.6000495633421824,0,-0.3336107915093892,2,2,1,1,1,0,1,0,0,1,0,0,0,1,Stable Mid-Risk
0,-0.5876006952326126,0,0,0,0,0,-1.485788258098502,0,-0.5436070924410352,1,0,0,1,0,0,0,1,0,0,1,0,0,3,Loyal Low-Risk
0,0.3087664528462136,0,0,1,1,1,1.143530812434696,1,-0.3846663803431615,2,4,1,1,1,0,1,0,0,1,0,1,0,1,Stable Mid-Risk
0,0.797693988161937,0,0,0,0,1,-0.1777768115058176,0,-0.5361593662003751,3,2,1,0,0,1,0,0,1,0,0,0,1,2,Vulnerable High-Risk
0,0.5939741817803856,0,0,0,1,1,-0.2060311883699544,0,-0.5245873770304671,2,2,1,0,1,1,0,0,1,0,0,0,0,2,Vulnerable High-Risk
0,-0.3838808888510611,0,0,0,0,0,-0.5018711343591511,0,-0.4253674349963319,1,1,0,0,1,1,0,0,1,0,0,1,0,2,Vulnerable High-Risk
1,1.368109446030281,0,1,1,0,0,0.0349620260594471,0,-0.5523686704285236,3,4,0,1,0,1,0,0,0,0,1,0,0,1,Stable Mid-Risk
0,-0.9950403079957154,1,0,0,0,1,0.2892514178366782,0,0.2861951885131763,0,0,0,0,0,0,1,0,1,0,0,0,1,0,Critical Churn-Risk
0,0.5939741817803856,0,1,0,0,0,0.6881367382715502,1,-0.4591703074050201,2,2,1,0,0,0,1,0,1,0,0,0,0,0,Critical Churn-Risk
0,-1.0357842692720256,0,0,0,0,0,-1.487450280266981,1,-0.3745415333170813,0,0,0,0,0,0,0,1,1,0,0,0,0,2,Vulnerable High-Risk
1,1.5718292524118322,1,1,1,1,0,1.6238552191250208,0,-0.4828404242955164,3,6,1,1,1,0,1,0,0,0,1,1,0,1,Stable Mid-Risk
0,0.7162060656093164,1,1,0,0,1,0.6183318071954478,0,-0.4762076417421964,3,2,0,0,0,0,1,0,1,0,0,0,1,0,Critical Churn-Risk
0,0.5532302205040753,0,1,1,0,0,0.028313937385533,0,-0.5040459100991197,2,4,0,1,0,1,0,0,0,0,1,0,0,1,Stable Mid-Risk
0,-1.2802480369298874,0,0,0,0,0,0.1862060433910031,1,3.441778443010573,0,0,0,0,0,0,1,0,1,0,0,0,1,0,Critical Churn-Risk
0,1.368109446030281,0,1,1,1,1,-0.1146199691036296,0,-0.5602087009667782,3,5,1,1,1,1,0,0,0,0,1,0,0,1,Stable Mid-Risk
0,0.3902543753988342,1,0,1,0,1,0.7014329156193795,0,-0.4339072270888732,2,2,0,0,1,0,1,0,1,0,0,1,0,0,Critical Churn-Risk
0,-1.1172721918246462,0,0,1,0,1,0.3607183710812596,0,0.8046680228680199,0,1,0,0,0,0,1,0,1,0,0,0,0,0,Critical Churn-Risk
1,-1.0357842692720256,0,1,0,0,1,-0.5002091121906725,1,0.05881615468495,0,1,0,1,0,1,0,0,0,1,0,0,1,2,Vulnerable High-Risk
0,-0.1394171211931994,1,0,0,0,0,0.2028262650757895,0,-0.3912241020022324,2,3,1,1,1,1,0,0,0,1,0,1,0,1,Stable Mid-Risk
1,-0.22090504374582,0,0,0,0,0,-0.4968850678537152,0,-0.4592745300332072,2,1,0,0,0,1,0,0,1,0,0,0,0,2,Vulnerable High-Risk
0,-0.7098325790615434,0,0,0,0,1,0.3490842159019089,1,-0.1177369774640257,1,1,0,0,1,0,1,0,1,0,0,1,0,0,Critical Churn-Risk
1,-0.3023929662984406,0,0,0,0,0,-1.485788258098502,0,-0.5768536888787653,2,0,0,1,0,0,0,1,0,0,1,0,0,3,Loyal Low-Risk
0,-0.8728084241667845,1,0,0,1,1,0.970680506912918,1,0.2472854073233194,0,2,1,0,0,0,1,0,1,0,0,0,1,0,Critical Churn-Risk
0,1.0014137945434884,1,1,1,1,1,1.2715065194075503,0,-0.4596986083134169,3,5,1,0,0,0,1,0,1,0,0,0,1,1,Stable Mid-Risk
0,1.4088534073065913,1,1,1,1,1,1.780085302962012,1,-0.4639338945874549,3,6,1,1,1,0,1,0,0,1,0,0,0,1,Stable Mid-Risk
0,0.5939741817803856,1,0,0,1,0,1.160151034119482,0,-0.4246378765990221,2,3,1,0,0,0,1,0,1,0,0,0,1,0,Critical Churn-Risk
0,-0.791320501614164,0,0,0,1,1,0.5684711421410888,0,0.0157722092436709,1,1,1,0,0,0,1,0,1,0,0,0,0,0,Critical Churn-Risk
0,-0.9950403079957154,0,1,0,0,1,-1.1417496692234248,1,-0.2721601715612703,0,1,0,0,0,1,0,0,1,0,0,0,1,2,Vulnerable High-Risk
0,0.4717422979514547,1,0,0,1,1,1.0404854379890205,1,-0.4178124524819681,2,2,1,0,0,0,1,0,1,0,0,0,1,0,Critical Churn-Risk
1,1.5718292524118322,1,1,0,1,1,0.0465961812387978,0,-0.5597683041896294,3,2,1,1,0,1,0,0,0,1,0,0,1,1,Stable Mid-Risk
0,-0.3431369275747509,1,0,0,1,1,1.3113950514510375,1,-0.180333087953208,1,4,1,0,0,0,1,0,1,0,0,0,1,0,Critical Churn-Risk
0,-0.7098325790615434,1,0,0,0,1,0.5119623884128152,1,-0.0819886159958446,1,1,0,0,0,0,1,0,1,0,0,0,1,0,Critical Churn-Risk
0,-1.2802480369298874,0,0,0,0,0,-1.4974224132778524,0,0.4856078171111931,0,0,0,0,0,0,0,1,1,0,0,0,1,2,Vulnerable High-Risk
0,-1.2395040756535771,1,0,0,0,1,0.2593350188040626,0,2.1577556637452937,0,0,0,0,0,0,1,0,1,0,0,0,0,0,Critical Churn-Risk
0,0.9199258719908678,1,1,1,1,1,1.7185904827283027,0,-0.424255726962336,3,6,1,0,0,0,1,0,1,0,0,0,1,1,Stable Mid-Risk
0,1.5718292524118322,1,0,1,1,1,1.396158182043448,0,-0.4939459243434547,3,4,1,1,0,0,1,0,0,0,1,0,1,1,Stable Mid-Risk
1,0.7162060656093164,1,0,0,0,0,-1.3245721077560746,0,-0.6099886247155575,3,0,0,1,0,0,0,1,0,0,1,0,0,3,Loyal Low-Risk
0,-1.2802480369298874,0,0,0,1,1,0.8127884009074476,0,4.541952506153777,0,2,1,0,0,0,1,0,1,0,0,0,1,0,Critical Churn-Risk
0,-1.1172721918246462,0,0,0,0,1,-1.5140426349626388,0,-0.2925878066859452,0,0,0,0,0,0,0,1,1,0,0,0,0,2,Vulnerable High-Risk
0,1.368109446030281,1,1,1,1,1,1.3213671844619093,0,-0.4849444077995327,3,5,1,1,1,0,1,0,0,1,0,0,0,1,Stable Mid-Risk
1,0.6754621043330061,0,1,1,1,1,0.7446454919998238,0,-0.4635184754529867,3,6,1,1,0,1,0,0,0,1,0,0,0,1,Stable Mid-Risk
0,-1.1987601143772668,0,0,0,0,1,-1.1317775362125533,0,0.2302623780527571,0,1,0,0,0,1,0,0,1,0,0,0,1,2,Vulnerable High-Risk
1,1.368109446030281,1,0,0,0,1,-1.2996417752288951,0,-0.6223191651198409,3,0,0,1,1,0,0,1,0,1,0,1,0,3,Loyal Low-Risk
1,-0.8728084241667845,1,0,0,0,0,0.7114050486302511,0,0.1714113340030985,0,1,1,0,0,0,1,0,1,0,0,0,1,0,Critical Churn-Risk
0,-0.1801610824695097,0,0,1,0,1,-1.1533838244027754,0,-0.5459374423126602,2,1,0,0,1,1,0,0,1,0,0,1,0,2,Vulnerable High-Risk
0,1.3273654847539706,1,1,0,1,1,1.1485168789401314,0,-0.4913814160377597,3,4,1,1,0,0,1,0,0,0,1,0,1,1,Stable Mid-Risk
0,1.2051336009250395,0,0,0,0,1,-1.5157046571311177,0,-0.6315197935504488,3,0,0,1,1,0,0,1,0,0,1,1,0,3,Loyal Low-Risk
0,-1.2395040756535771,0,0,0,0,0,-1.485788258098502,0,0.1149921512778059,0,0,0,0,1,0,0,1,1,0,0,0,0,2,Vulnerable High-Risk
0,-1.2395040756535771,0,0,0,0,0,-1.477478147256109,0,0.1247195965752702,0,0,0,0,1,0,0,1,1,0,0,1,0,2,Vulnerable High-Risk
1,0.9199258719908678,1,0,0,0,1,-1.3013037973973738,0,-0.6136282423783272,3,0,0,1,1,0,0,1,0,0,1,1,0,3,Loyal Low-Risk
0,0.3495104141225239,0,0,0,1,1,0.9889627507661828,0,-0.4043144641025343,2,3,1,0,0,0,1,0,1,0,0,0,1,0,Critical Churn-Risk
1,-0.6283446565089229,1,1,0,1,1,1.309733029282559,1,0.0086387493588637,1,4,1,0,0,0,1,0,1,0,0,0,1,0,Critical Churn-Risk
0,-0.0986731599168891,0,0,1,1,1,0.9839766842607472,0,-0.3116347721554961,2,3,1,1,1,0,1,0,0,1,0,0,0,1,Stable Mid-Risk
0,-0.6283446565089229,0,1,0,0,0,-0.2891322967938861,0,-0.3032879965131558,1,2,0,1,0,1,0,0,0,1,0,0,0,2,Vulnerable High-Risk
1,-0.6690886177852331,0,1,1,0,0,0.1147390901464217,0,-0.1984604683663648,1,4,1,1,1,1,0,0,0,0,1,0,0,1,Stable Mid-Risk
0,1.6125732136881423,1,0,0,0,0,-1.3312201964299892,0,-0.6275184060719224,3,0,0,1,1,0,0,1,0,0,1,0,0,3,Loyal Low-Risk
0,-0.9542963467194052,1,0,0,0,1,0.3806626371030031,0,0.2229667940796589,0,0,0,0,0,0,1,0,1,0,0,0,1,0,Critical Churn-Risk
0,-1.2802480369298874,0,0,0,0,0,0.3175057947008148,0,3.6723188965604745,0,1,0,0,0,0,1,0,1,0,0,0,1,0,Critical Churn-Risk
1,-0.3838808888510611,0,0,1,0,0,-0.3539511613645528,0,-0.403723869209474,1,2,0,0,0,1,0,0,1,0,0,0,1,2,Vulnerable High-Risk
1,-0.9950403079957154,0,0,0,0,0,-1.5073945462887242,0,-0.4148293692574124,0,0,0,0,1,0,0,1,1,0,0,0,0,2,Vulnerable High-Risk
1,-0.5468567339563023,0,1,0,0,1,-0.992167674060348,0,-0.4631099227504932,1,2,0,0,0,1,0,0,1,0,0,0,0,2,Vulnerable High-Risk
0,-1.0357842692720256,1,1,0,0,1,-0.3705713830493392,0,0.1157217096751157,0,1,0,0,0,1,0,0,1,0,0,0,1,2,Vulnerable High-Risk
0,-1.2802480369298874,0,0,0,0,1,0.1612757108638236,1,3.398004939171984,0,0,0,0,0,0,1,0,1,0,0,0,1,0,Critical Churn-Risk
0,1.1643896396487294,1,1,0,1,0,1.3030849406086444,0,-0.4712903904571025,3,4,1,1,0,0,1,0,0,1,0,0,1,1,Stable Mid-Risk
0,1.0014137945434884,0,1,1,1,1,0.1845440212225241,0,-0.5255098071879852,3,4,1,1,1,1,0,0,0,0,1,1,0,1,Stable Mid-Risk
0,-0.9542963467194052,0,0,0,0,1,0.5319066544345585,1,0.2760786454038136,0,1,1,0,0,0,1,0,1,0,0,0,1,0,Critical Churn-Risk
1,-0.7098325790615434,0,1,0,0,0,0.0017215826898744,0,-0.1939758299829016,1,3,1,1,0,1,0,0,0,1,0,0,0,1,Stable Mid-Risk
0,-1.2802480369298874,0,0,0,0,0,-1.5007464576148095,0,0.4797713499327145,0,0,0,0,0,0,0,1,1,0,0,0,0,2,Vulnerable High-Risk
0,-0.8320644628904743,0,0,0,0,0,-0.6281848191635273,0,-0.2549500760349875,0,0,0,0,1,1,0,0,1,0,0,0,0,2,Vulnerable High-Risk
0,0.8791819107145575,0,0,0,0,0,-1.4891123024354591,0,-0.6246474166130196,3,0,0,1,0,0,0,1,0,0,1,0,0,3,Loyal Low-Risk
1,-1.1580161531009563,0,0,0,0,0,-0.6647493068700573,0,0.3788004677450357,0,0,0,0,0,1,0,0,1,0,0,0,1,2,Vulnerable High-Risk
0,-1.0357842692720256,0,0,0,1,1,0.5152864327497723,1,0.5045763354412482,0,1,1,0,0,0,1,0,1,0,0,0,0,0,Critical Churn-Risk
0,-0.506112772679992,0,0,0,0,0,-1.477478147256109,0,-0.553978158179234,1,0,0,1,0,0,0,1,0,1,0,0,0,3,Loyal Low-Risk
1,-0.2616490050221303,0,1,1,0,0,-0.6315088635004846,0,-0.4690868974721573,2,3,1,0,0,1,0,0,1,0,0,0,0,2,Vulnerable High-Risk
0,0.1457906077409725,1,0,0,0,1,0.6416001175541483,1,-0.4017718075518072,2,1,1,0,0,0,1,0,1,0,0,0,1,0,Critical Churn-Risk
0,0.8384379494382472,1,0,1,1,1,1.4676251352880292,0,-0.4315821917141563,3,5,1,1,1,0,1,0,0,1,0,0,0,1,Stable Mid-Risk
0,-1.1987601143772668,0,0,1,1,1,0.1513035778529514,1,1.3567005434991146,0,3,1,0,0,1,0,0,1,0,0,0,1,2,Vulnerable High-Risk
0,1.4495973685829016,0,1,1,1,0,-0.0148986389949118,0,-0.5582316497875661,3,6,1,1,1,1,0,0,0,0,1,1,0,1,Stable Mid-Risk
1,1.6125732136881423,1,1,1,1,1,0.8643110881302852,0,-0.5219023356230164,3,6,1,1,1,1,0,0,0,0,1,1,0,1,Stable Mid-Risk
0,-0.8320644628904743,1,0,0,0,0,-1.3245721077560746,0,-0.443063902787488,0,0,0,1,1,0,0,1,0,1,0,1,0,3,Loyal Low-Risk
1,0.0643026851883519,1,0,0,0,1,0.4920181223910713,1,-0.4016185721200943,2,1,0,0,0,0,1,0,1,0,0,0,0,0,Critical Churn-Risk
0,1.4495973685829016,1,1,0,0,1,0.6615443835758922,0,-0.5238049520826277,3,2,0,1,1,0,1,0,0,0,1,0,0,1,Stable Mid-Risk
1,0.7162060656093164,0,1,1,1,1,0.1995022207388319,0,-0.5050466560358551,3,4,1,1,1,1,0,0,0,1,0,1,0,1,Stable Mid-Risk
0,-1.2802480369298874,0,0,0,1,1,-0.9423070090059888,1,1.460297835917109,0,1,1,0,0,1,0,0,1,0,0,0,1,2,Vulnerable High-Risk
0,0.3495104141225239,1,0,0,1,1,1.3163811179564735,0,-0.376938653765385,2,4,1,0,0,0,1,0,1,0,0,0,1,0,Critical Churn-Risk
0,-0.0986731599168891,1,0,1,1,1,1.2199838321847127,0,-0.2848999870153686,2,3,1,0,0,0,1,0,1,0,0,0,1,0,Critical Churn-Risk
0,-1.2802480369298874,1,0,0,0,0,-0.348965094859117,0,2.502107227275528,0,1,0,0,0,1,0,0,1,0,0,0,1,2,Vulnerable High-Risk
1,-0.1394171211931994,1,0,0,1,1,1.301422918440166,0,-0.2626272751697553,2,3,1,0,0,0,1,0,1,0,0,0,1,0,Critical Churn-Risk
1,-0.3838808888510611,1,1,1,1,1,0.874283221141157,0,-0.2240093173388224,1,6,1,1,1,1,0,0,0,0,1,1,0,1,Stable Mid-Risk
1,1.1236456783724194,0,0,0,0,0,-1.4907743246039378,0,-0.6289182145036798,3,0,0,1,0,0,0,1,0,0,1,0,0,3,Loyal Low-Risk
0,1.6125732136881423,1,0,0,0,0,-1.2747114427017154,0,-0.6248000514956449,3,0,0,1,1,0,0,1,0,0,1,1,0,3,Loyal Low-Risk
1,-0.4246248501273714,0,0,0,1,1,0.8177744674128837,1,-0.2133725673722473,1,3,1,0,0,0,1,0,1,0,0,0,1,0,Critical Churn-Risk
0,1.6125732136881423,0,1,1,1,1,0.3424361272279943,0,-0.5470071396509926,3,5,1,1,1,1,0,0,0,0,1,0,0,1,Stable Mid-Risk
0,1.368109446030281,1,0,0,1,0,1.4393707584238922,0,-0.4787594948193538,3,4,1,1,1,0,1,0,0,1,0,0,0,1,Stable Mid-Risk
0,1.6125732136881423,1,0,1,1,1,1.5075136673315166,0,-0.4909610644165616,3,5,1,1,0,0,1,0,0,0,1,0,1,1,Stable Mid-Risk
0,0.5939741817803856,1,1,0,0,0,0.5169484549182508,1,-0.4716943932255053,2,1,0,0,0,0,1,0,1,0,0,0,1,0,Critical Churn-Risk
0,0.7569500268856267,1,0,1,1,1,1.5523882658804395,0,-0.4167998004843346,3,5,1,1,0,0,1,0,0,1,0,0,1,1,Stable Mid-Risk
1,1.5310852911355222,1,0,0,1,1,1.386186049032576,0,-0.4920004352839619,3,4,1,1,0,0,1,0,0,1,0,0,1,1,Stable Mid-Risk
0,-0.9542963467194052,0,0,0,0,1,-1.4924363467724169,0,-0.4348030569348722,0,0,0,1,0,0,0,1,0,1,0,0,1,3,Loyal Low-Risk
1,1.082901717096109,1,1,1,1,1,1.5390920885326105,0,-0.4509506161286629,3,5,1,1,0,0,1,0,0,0,1,0,0,1,Stable Mid-Risk
1,-1.1987601143772668,0,0,1,1,0,0.1961781764018748,0,1.396096696953845,0,3,1,0,0,1,0,0,1,0,0,0,0,2,Vulnerable High-Risk
0,0.227278530293593,0,0,0,0,1,-1.327896152093032,0,-0.5927169073638607,2,0,0,0,0,1,0,0,1,0,0,0,1,2,Vulnerable High-Risk
0,0.1865345690172827,1,1,0,0,0,0.8776072654781145,0,-0.3869440260713482,2,3,0,0,1,0,1,0,1,0,0,0,0,0,Critical Churn-Risk
0,0.1865345690172827,0,1,1,0,0,0.0266519152170539,0,-0.4655827417392695,2,4,0,1,1,1,0,0,0,0,1,0,0,1,Stable Mid-Risk
0,-0.3431369275747509,0,0,0,0,1,-0.8026971468537838,1,-0.4772925379941961,1,2,1,0,1,1,0,0,1,0,0,1,0,2,Vulnerable High-Risk
1,-0.7505765403378537,0,1,1,0,0,-0.1777768115058176,0,-0.2044571522909193,1,3,0,0,1,1,0,0,1,0,0,0,0,2,Vulnerable High-Risk
0,1.6125732136881423,1,1,1,1,1,1.500865578657602,0,-0.4912808708373001,3,5,1,1,1,0,1,0,0,0,1,1,0,1,Stable Mid-Risk
0,0.8384379494382472,0,0,1,1,1,-0.1445363681362449,1,-0.5364224354757152,3,5,1,1,0,1,0,0,0,1,0,0,1,1,Stable Mid-Risk
0,-0.9950403079957154,1,0,0,0,1,0.6681924722498068,1,0.4340523570346327,0,1,1,0,0,0,1,0,1,0,0,0,1,0,Critical Churn-Risk
1,1.6125732136881423,0,1,0,0,0,-0.874164100098365,0,-0.6055317146461472,3,3,0,1,1,1,0,0,0,0,1,1,0,1,Stable Mid-Risk
0,-0.6283446565089229,1,0,0,1,1,0.9224818640270374,0,-0.0669110757847751,1,2,1,0,0,0,1,0,1,0,0,0,1,0,Critical Churn-Risk
1,-1.2395040756535771,0,0,0,0,1,0.2909134400051568,1,2.1947199558756583,0,1,0,0,1,0,1,0,1,0,0,0,0,0,Critical Churn-Risk
0,-0.9950403079957154,0,0,0,0,0,-1.4841262359300234,1,-0.4057504203131124,0,0,0,0,1,0,0,1,1,0,0,0,0,2,Vulnerable High-Risk
0,0.6347181430566958,0,0,0,0,0,-1.000477784902741,1,-0.5844310175390506,2,2,0,1,0,1,0,0,0,1,0,0,0,3,Loyal Low-Risk
0,-0.9135523854430948,1,0,0,0,1,-1.3395303072723823,0,-0.407106367233365,0,0,0,0,0,0,0,1,1,0,0,0,0,2,Vulnerable High-Risk
0,-1.2802480369298874,0,0,0,0,0,-1.4691680364137156,0,0.5352177881282607,0,0,0,0,0,0,0,1,1,0,0,0,0,2,Vulnerable High-Risk
0,-0.1394171211931994,0,1,1,0,0,-0.225975454391698,0,-0.4414177197371479,2,3,0,1,1,1,0,0,0,1,0,1,0,1,Stable Mid-Risk
1,1.3273654847539706,1,0,0,1,1,1.4177644702336702,0,-0.4770555420542214,3,4,1,1,0,0,1,0,0,1,0,0,1,1,Stable Mid-Risk
0,-0.9950403079957154,1,1,0,0,1,0.0233278708800969,0,0.1824357720068913,0,3,0,0,1,1,0,0,1,0,0,0,0,2,Vulnerable High-Risk
0,1.1643896396487294,1,0,0,0,0,-1.3079518860712882,0,-0.6191789378343572,3,0,0,1,1,0,0,1,0,0,1,0,0,3,Loyal Low-Risk
0,0.512486259227765,1,0,0,1,1,1.17510923363579,0,-0.4129543689319591,2,3,1,1,1,0,1,0,0,1,0,0,0,1,Stable Mid-Risk
1,1.6125732136881423,1,0,0,1,1,1.3180431401249524,0,-0.5000755474076103,3,4,1,1,1,0,1,0,0,1,0,1,0,1,Stable Mid-Risk
1,-0.8320644628904743,0,0,0,0,1,-1.4508857925604508,0,-0.4771847878309009,0,0,0,0,0,0,0,1,1,0,0,0,1,2,Vulnerable High-Risk
0,-1.0357842692720256,1,0,0,1,0,1.0438094823259778,0,0.7365759057857703,0,2,1,0,0,0,1,0,1,0,0,0,1,0,Critical Churn-Risk
0,-0.9542963467194052,0,0,0,0,1,-0.6780454842178864,0,-0.1488161651894239,0,0,0,0,0,1,0,0,1,0,0,0,0,2,Vulnerable High-Risk
0,0.4309983366751445,1,0,1,1,1,1.4210885145706271,1,-0.381770793799515,2,4,1,1,0,0,1,0,0,1,0,0,1,1,Stable Mid-Risk
1,1.0421577558197987,1,0,1,0,0,0.982314662092268,0,-0.4804264240995214,3,3,1,1,1,0,1,0,0,0,1,0,0,1,Stable Mid-Risk
0,-0.6690886177852331,1,0,0,1,1,1.128572612918388,1,0.0109657068613943,1,3,1,0,0,0,1,0,1,0,0,0,1,0,Critical Churn-Risk
1,-1.2395040756535771,0,0,0,0,0,-1.4791401694245876,0,0.1227741075157773,0,0,0,0,0,0,0,1,1,0,0,0,0,2,Vulnerable High-Risk
0,-0.9950403079957154,0,0,0,1,0,1.2083496770053626,1,0.6448136718130243,0,4,1,0,0,0,1,0,1,0,0,0,1,0,Critical Churn-Risk
0,0.3087664528462136,1,1,0,1,0,1.361255716505397,0,-0.3660181559436325,2,4,1,1,1,0,1,0,0,1,0,0,0,1,Stable Mid-Risk
0,-0.9542963467194052,1,1,0,0,1,0.5435408096139093,0,0.2801641724287486,0,1,0,0,0,0,1,0,1,0,0,0,1,0,Critical Churn-Risk
0,0.3495104141225239,0,0,1,1,1,0.8227605339183194,0,-0.4182108145274832,2,3,1,1,0,0,1,0,0,1,0,0,1,1,Stable Mid-Risk
0,-0.2616490050221303,0,0,0,0,1,-0.3340068953428092,0,-0.4303932817333551,2,2,0,0,1,1,0,0,1,0,0,1,0,2,Vulnerable High-Risk
0,0.0235587239120416,0,0,1,0,1,-0.3672473387123819,0,-0.482559091318776,2,2,0,1,1,1,0,0,0,1,0,1,0,1,Stable Mid-Risk
1,1.4495973685829016,0,0,1,1,0,1.361255716505397,0,-0.4881940436458237,3,5,1,1,1,0,1,0,0,1,0,1,0,1,Stable Mid-Risk
0,1.3273654847539706,0,0,1,1,1,1.3645797608423538,0,-0.4798853443225747,3,5,1,1,1,0,1,0,0,0,1,1,0,1,Stable Mid-Risk
0,0.9199258719908678,0,0,1,0,1,-0.0198847055003474,0,-0.5332725960460601,3,3,1,1,0,1,0,0,0,1,0,0,1,1,Stable Mid-Risk
0,-0.506112772679992,1,0,0,1,1,0.7945061570541828,1,-0.1740519375611311,1,2,1,0,0,0,1,0,1,0,0,0,1,0,Critical Churn-Risk
0,-0.5468567339563023,0,0,1,0,1,0.7612657136846102,0,-0.1552362790857503,1,2,1,1,1,0,1,0,0,1,0,1,0,1,Stable Mid-Risk
0,0.512486259227765,1,0,0,0,1,0.8144504230759262,0,-0.4404872684478252,2,2,1,0,1,0,1,0,1,0,0,1,0,0,Critical Churn-Risk
1,1.5310852911355222,0,0,0,0,1,-1.4841262359300234,0,-0.6339663341182216,3,0,0,1,1,0,0,1,0,0,1,1,0,3,Loyal Low-Risk
0,-1.2395040756535771,0,0,0,1,1,0.4970041888965074,1,2.43596059925277,0,1,1,0,0,0,1,0,1,0,0,0,1,0,Critical Churn-Risk
0,-0.22090504374582,1,0,0,1,1,0.9889627507661828,1,-0.2729244708346425,2,2,1,0,0,0,1,0,1,0,0,0,0,0,Critical Churn-Risk
0,-0.8320644628904743,0,0,0,0,1,-1.487450280266981,0,-0.4870618861329416,0,0,0,1,0,0,0,1,0,0,1,0,1,3,Loyal Low-Risk
1,1.6125732136881423,0,1,1,1,0,0.0798366246083705,0,-0.5596394932701653,3,6,1,1,1,1,0,0,0,0,1,1,0,1,Stable Mid-Risk
0,-0.8320644628904743,1,0,0,1,0,0.9889627507661828,0,0.1818870443234445,0,2,1,0,0,0,1,0,1,0,0,0,1,0,Critical Churn-Risk
0,-1.1172721918246462,0,0,0,0,1,0.1413314448420797,1,0.6762657449414919,0,0,0,0,0,0,1,0,1,0,0,0,0,0,Critical Churn-Risk
0,1.5718292524118322,1,1,0,1,1,1.419426492402149,0,-0.4928110557254173,3,5,1,0,0,0,1,0,1,0,0,0,1,0,Critical Churn-Risk
0,0.1050466464646622,0,0,1,1,1,0.2726311961518919,0,-0.4303932817333551,2,4,1,1,0,1,0,0,0,1,0,0,1,1,Stable Mid-Risk
1,1.5310852911355222,1,1,1,1,0,1.6604197068315507,0,-0.47843681437623,3,6,1,1,1,0,1,0,0,0,1,1,0,1,Stable Mid-Risk
0,-0.0579291986405789,1,0,0,0,1,0.3740145484290884,0,-0.3896798700612601,2,0,0,0,0,0,1,0,1,0,0,0,1,0,Critical Churn-Risk
1,0.797693988161937,1,0,1,0,1,1.0454715044944562,1,-0.4551095578350881,3,3,1,1,1,0,1,0,0,0,1,0,0,1,Stable Mid-Risk
0,0.1865345690172827,1,0,0,1,1,1.2066876548368837,1,-0.3565329602466442,2,3,1,0,0,0,1,0,1,0,0,0,1,0,Critical Churn-Risk
0,1.490341329859212,1,0,1,1,1,1.3263532509673457,1,-0.4925007038992601,3,4,1,1,1,0,1,0,0,1,0,0,0,1,Stable Mid-Risk
0,-0.0986731599168891,1,0,0,0,0,0.4355093686627981,0,-0.3737649066360741,2,0,0,0,0,0,1,0,1,0,0,0,0,0,Critical Churn-Risk
0,0.0235587239120416,1,1,0,0,1,0.8593250216248496,0,-0.3558734213859183,2,2,1,0,0,0,1,0,1,0,0,0,1,0,Critical Churn-Risk
0,0.8791819107145575,1,0,1,1,1,1.5174858003423883,0,-0.4326807052336073,3,5,1,1,0,0,1,0,0,0,1,0,1,1,Stable Mid-Risk
0,1.082901717096109,1,1,1,0,0,0.1296972896627295,0,-0.5334393522511596,3,3,1,1,1,1,0,0,0,1,0,0,0,1,Stable Mid-Risk
0,0.9199258719908678,0,1,0,1,1,-0.6630872847015785,0,-0.5736067531544743,3,3,1,0,0,1,0,0,1,0,0,0,1,2,Vulnerable High-Risk
0,1.490341329859212,0,0,0,0,1,-1.1633559574136474,0,-0.6174011015187009,3,1,0,1,1,1,0,0,0,1,0,1,0,3,Loyal Low-Risk
0,1.368109446030281,1,0,0,1,1,0.8011542457280975,0,-0.5122102917825742,3,2,1,1,1,0,1,0,0,1,0,0,0,1,Stable Mid-Risk
1,0.1865345690172827,0,1,1,0,1,-0.2010451218645185,0,-0.4866247418301002,2,3,0,1,0,1,0,0,0,1,0,0,0,1,Stable Mid-Risk
0,-0.9542963467194052,0,0,0,0,0,-1.494098368940895,0,-0.4353867036527201,0,0,0,1,1,0,0,1,0,1,0,1,0,3,Loyal Low-Risk
1,1.490341329859212,1,1,1,1,0,0.7346733589889521,0,-0.5221833084069509,3,5,1,1,1,1,0,0,0,0,1,0,0,1,Stable Mid-Risk
0,-0.9135523854430948,0,0,0,1,1,-0.1711287228319032,0,-0.0341030557360548,0,2,1,0,0,1,0,0,1,0,0,0,0,2,Vulnerable High-Risk
1,0.3087664528462136,0,1,0,0,1,-0.3173866736580229,1,-0.5097945425354209,2,2,0,0,0,1,0,0,1,0,0,0,0,2,Vulnerable High-Risk
1,-0.791320501614164,0,0,0,1,0,0.0532442699127125,0,-0.1134638497083539,1,2,1,0,1,1,0,0,1,0,0,1,0,2,Vulnerable High-Risk
0,-1.076528230548336,1,0,0,1,1,0.8410427777715843,1,0.8353789573071567,0,2,1,0,0,0,1,0,1,0,0,0,1,0,Critical Churn-Risk
1,1.490341329859212,0,0,0,0,0,-1.4841262359300234,0,-0.6334930753107916,3,0,0,1,1,0,0,1,0,0,1,0,0,3,Loyal Low-Risk
0,1.368109446030281,1,0,1,1,1,1.4393707584238922,0,-0.4787594948193538,3,5,1,1,1,0,1,0,0,1,0,1,0,1,Stable Mid-Risk
0,-0.8728084241667845,1,0,0,0,0,-0.3672473387123819,1,-0.1442442658996157,0,1,0,0,0,1,0,0,1,0,0,0,1,2,Vulnerable High-Risk
1,0.5532302205040753,0,1,1,0,0,-0.262539942098228,0,-0.5257774368274972,2,3,0,1,0,1,0,0,0,1,0,0,0,1,Stable Mid-Risk
0,-1.076528230548336,0,0,0,1,0,0.8144504230759262,1,0.8220384608992058,0,2,1,0,0,0,1,0,1,0,0,0,1,0,Critical Churn-Risk
1,0.960669833267178,1,1,1,1,1,1.489231423478251,0,-0.4426464496694592,3,5,1,0,0,0,1,0,1,0,0,0,0,1,Stable Mid-Risk
1,1.5310852911355222,1,0,0,0,0,-1.3179240190821602,0,-0.6257459578105052,3,0,0,1,1,0,0,1,0,0,1,1,0,3,Loyal Low-Risk
1,0.0235587239120416,1,0,1,1,1,0.4770599228747639,0,-0.3953554052403319,2,4,1,1,0,1,0,0,0,1,0,0,1,1,Stable Mid-Risk
1,1.6125732136881423,1,1,1,0,0,0.0648784250920627,0,-0.560359057716827,3,3,0,1,1,1,0,0,0,0,1,1,0,1,Stable Mid-Risk
0,-1.1987601143772668,1,0,0,1,1,1.010569038956405,1,2.111063926317465,0,2,1,0,0,0,1,0,1,0,0,0,1,0,Critical Churn-Risk
1,-0.5468567339563023,0,0,1,0,0,-0.5317875333917667,0,-0.3822748523285654,1,1,0,0,0,1,0,0,1,0,0,0,0,2,Vulnerable High-Risk
0,-1.1172721918246462,0,0,0,1,0,-0.6348329078374417,1,0.2219940495499125,0,2,1,0,0,1,0,0,1,0,0,0,1,2,Vulnerable High-Risk
0,1.5718292524118322,0,0,1,1,1,0.5285826100976015,0,-0.5362603113874241,3,5,1,1,1,1,0,0,0,0,1,1,0,1,Stable Mid-Risk
0,-0.9950403079957154,0,1,0,0,1,0.3224918612062509,1,0.2991651155764621,0,1,0,0,0,0,1,0,1,0,0,0,1,0,Critical Churn-Risk
0,-1.2802480369298874,0,0,0,0,0,-1.4708300585821945,0,0.5322995545390214,0,0,0,0,1,0,0,1,1,0,0,1,0,2,Vulnerable High-Risk
0,-1.2802480369298874,0,0,0,1,1,0.4936801445595503,1,3.9816516570198375,0,1,1,0,0,0,1,0,1,0,0,0,1,0,Critical Churn-Risk
0,1.1643896396487294,1,1,1,1,1,1.672053862010901,0,-0.4503920724954536,3,6,1,1,0,0,1,0,0,1,0,0,0,1,Stable Mid-Risk
1,1.5718292524118322,0,1,1,1,0,-0.1694667006634244,0,-0.570306369928549,3,5,1,1,1,1,0,0,0,0,1,0,0,1,Stable Mid-Risk
0,1.4495973685829016,1,0,0,0,0,0.7197151594726443,0,-0.5208444252529646,3,2,0,1,1,0,1,0,0,1,0,1,0,3,Loyal Low-Risk
0,0.5532302205040753,0,0,1,0,0,-1.0337182282723136,0,-0.5833970276958812,2,2,0,1,1,1,0,0,0,1,0,1,0,3,Loyal Low-Risk
0,0.0235587239120416,1,1,0,0,0,0.5086383440758576,0,-0.3920938500523587,2,1,0,1,1,0,1,0,0,1,0,0,0,3,Loyal Low-Risk
1,0.8384379494382472,1,1,1,0,1,1.304746962777123,0,-0.4421742988158396,3,5,1,1,1,0,1,0,0,0,1,0,0,1,Stable Mid-Risk
0,0.7162060656093164,1,1,0,1,0,1.4609770466141143,0,-0.4181862915561451,3,5,1,0,1,0,1,0,1,0,0,0,0,0,Critical Churn-Risk
0,1.0014137945434884,0,1,1,0,1,-0.7877389473374761,0,-0.5843776226950532,3,3,0,1,1,1,0,0,0,1,0,1,0,1,Stable Mid-Risk
1,0.8791819107145575,0,0,0,0,1,-1.477478147256109,0,-0.6239045935175769,3,0,0,1,1,0,0,1,0,0,1,0,0,3,Loyal Low-Risk
0,1.1236456783724194,1,0,0,1,1,1.3662417830108329,0,-0.4644446558183583,3,4,1,0,0,0,1,0,1,0,0,0,1,0,Critical Churn-Risk
0,-0.1801610824695097,1,0,1,1,1,1.213335743510798,1,-0.2593467781004727,2,3,1,0,1,0,1,0,1,0,0,1,0,0,Critical Churn-Risk
1,-1.2802480369298874,0,0,0,1,1,0.5069763219073791,1,4.004997525733751,0,1,1,0,0,0,1,0,1,0,0,0,0,0,Critical Churn-Risk
1,-0.1394171211931994,1,0,0,0,1,0.8111263787389692,1,-0.3200192024247943,2,2,1,0,0,0,1,0,1,0,0,0,1,0,Critical Churn-Risk
1,-0.9135523854430948,0,0,1,0,1,0.0233278708800969,0,0.027975731525944,0,3,1,0,0,1,0,0,1,0,0,0,1,2,Vulnerable High-Risk
1,0.4309983366751445,0,1,0,0,1,-0.8093452355276982,0,-0.5597830427431103,2,3,0,0,0,1,0,0,1,0,0,0,1,2,Vulnerable High-Risk
0,-0.791320501614164,0,0,0,0,0,0.1878680655594816,0,-0.079695718175728,1,0,0,0,1,0,1,0,1,0,0,0,0,0,Critical Churn-Risk
0,0.4309983366751445,0,1,1,1,1,0.4654257676954133,0,-0.4580428080637231,2,5,1,1,0,1,0,0,0,0,1,0,1,1,Stable Mid-Risk
1,-0.5468567339563023,1,0,0,0,1,0.626641918037841,1,-0.1788739711585883,1,1,1,0,0,0,1,0,1,0,0,0,1,0,Critical Churn-Risk
1,-1.2802480369298874,0,0,0,1,1,0.8410427777715843,0,4.591562477170844,0,2,1,0,0,0,1,0,1,0,0,0,1,0,Critical Churn-Risk
0,1.490341329859212,0,1,1,1,1,0.5867533859943537,0,-0.5296039595338736,3,5,1,1,1,1,0,0,0,0,1,1,0,1,Stable Mid-Risk
0,1.1643896396487294,0,0,0,0,0,-1.4808021915930665,0,-0.6289691408434179,3,0,0,1,1,0,0,1,0,0,1,1,0,3,Loyal Low-Risk
0,0.4309983366751445,1,1,1,0,0,0.0482582034072764,0,-0.4913372003773166,2,3,0,0,1,1,0,0,1,0,0,0,0,2,Vulnerable High-Risk
0,-1.076528230548336,0,0,0,0,0,-1.5057325241202455,1,-0.3419198506945138,0,0,0,0,1,0,0,1,1,0,0,0,0,2,Vulnerable High-Risk
0,-1.2802480369298874,0,0,1,0,0,-0.4503484471363135,1,2.3240949783319325,0,1,0,0,0,1,0,0,1,0,0,0,0,2,Vulnerable High-Risk
0,0.960669833267178,0,0,0,1,0,0.8277466004237555,0,-0.483399325757783,3,2,1,0,0,0,1,0,1,0,0,0,0,0,Critical Churn-Risk
0,1.5310852911355222,0,1,1,1,0,-0.0082505503209972,0,-0.5609693925057012,3,6,1,1,1,1,0,0,0,0,1,0,0,1,Stable Mid-Risk
0,-1.2802480369298874,0,0,0,0,1,-0.638156952174399,1,1.9943345827478949,0,0,0,0,0,1,0,0,1,0,0,0,1,2,Vulnerable High-Risk
1,0.6754621043330061,1,0,0,1,1,0.9590463517335676,0,-0.448460390132512,3,3,1,1,0,0,1,0,0,1,0,0,1,1,Stable Mid-Risk
0,-1.076528230548336,0,0,1,0,1,-0.5035331565276299,1,0.1608501076801373,0,1,0,0,1,1,0,0,1,0,0,0,0,2,Vulnerable High-Risk
1,-0.0171852373642686,0,1,1,0,0,0.2925754621736353,0,-0.4067526419498208,2,5,1,1,0,1,0,0,0,0,1,0,0,1,Stable Mid-Risk
0,1.6125732136881423,1,1,1,1,1,1.4942174899836873,0,-0.4916006772580387,3,5,1,1,0,0,1,0,0,0,1,0,0,1,Stable Mid-Risk
1,0.1865345690172827,0,1,1,0,0,-0.1112959247666722,0,-0.478330814786999,2,3,0,1,1,1,0,0,0,0,1,1,0,1,Stable Mid-Risk
0,1.490341329859212,0,1,1,1,1,1.382862004695619,0,-0.4896658484125705,3,5,1,1,1,0,1,0,0,1,0,1,0,1,Stable Mid-Risk
0,-0.2616490050221303,0,0,1,1,0,0.5684711421410888,0,-0.3130154418106201,2,5,1,0,1,1,0,0,1,0,0,0,0,2,Vulnerable High-Risk
1,1.0421577558197987,1,0,0,1,1,1.3429734726521318,0,-0.4589600956634224,3,4,1,1,1,0,1,0,0,1,0,1,0,1,Stable Mid-Risk
0,-0.3431369275747509,1,0,1,0,0,-0.338992961848245,0,-0.4121575642823755,1,1,0,1,1,1,0,0,0,1,0,0,0,3,Loyal Low-Risk
1,-1.1172721918246462,0,0,0,0,0,-1.4708300585821945,0,-0.2672964489125382,0,0,0,1,0,0,0,1,0,1,0,0,1,3,Loyal Low-Risk
1,-0.7098325790615434,0,0,0,0,1,-1.4891123024354591,1,-0.5211827711763546,1,0,0,0,0,0,0,1,1,0,0,0,1,2,Vulnerable High-Risk
1,-0.0986731599168891,0,0,0,0,0,-1.499084435446331,0,-0.5929148355312037,2,0,0,1,0,0,0,1,0,0,1,0,0,3,Loyal Low-Risk
0,0.9199258719908678,1,1,1,0,1,0.0416101147333617,0,-0.5294163588031369,3,3,0,1,1,1,0,0,0,1,0,1,0,1,Stable Mid-Risk
0,-0.3023929662984406,0,0,0,1,1,-1.023746095261442,1,-0.5144483859704179,2,1,1,0,1,1,0,0,1,0,0,0,0,2,Vulnerable High-Risk
0,-0.9135523854430948,0,0,1,1,1,0.9208198418585588,1,0.3144932111967086,0,4,1,0,0,0,1,0,1,0,0,0,0,0,Critical Churn-Risk
1,0.4717422979514547,0,1,1,0,1,-0.3572752057015101,0,-0.5268895390842003,2,5,1,1,1,1,0,0,0,0,1,1,0,1,Stable Mid-Risk
0,0.5939741817803856,0,1,1,0,1,-0.1960590553590827,0,-0.5238578186331573,2,3,0,1,0,1,0,0,0,1,0,0,0,1,Stable Mid-Risk
1,-0.791320501614164,0,0,0,1,0,0.7828720018748321,1,0.069551085388223,1,2,1,0,0,0,1,0,1,0,0,0,1,0,Critical Churn-Risk
1,0.6754621043330061,1,0,1,1,1,1.4343846919184566,1,-0.4150757978716147,3,5,1,1,1,0,1,0,0,0,1,0,0,1,Stable Mid-Risk
0,1.2866215234776603,0,1,1,1,1,1.0670777926846788,0,-0.4930779369169118,3,4,1,1,0,0,1,0,0,1,0,0,0,1,Stable Mid-Risk
0,-1.2802480369298874,0,0,0,0,0,-1.5190287014680746,0,0.4476707804510826,0,0,0,0,0,0,0,1,1,0,0,0,0,2,Vulnerable High-Risk
0,-0.506112772679992,0,0,1,0,0,-0.4918990013482794,0,-0.38916744213934,1,1,0,0,0,1,0,0,1,0,0,0,0,2,Vulnerable High-Risk
0,0.1865345690172827,0,1,1,1,0,-0.6448050408483137,0,-0.5276336033209889,2,3,1,1,0,1,0,0,0,0,1,0,1,1,Stable Mid-Risk
1,-0.0986731599168891,1,0,0,1,0,0.6864747161030716,0,-0.34533566328284,2,1,1,0,0,0,1,0,1,0,0,0,1,0,Critical Churn-Risk
0,0.227278530293593,1,1,0,1,0,0.6416001175541483,0,-0.4153780969408591,2,5,1,1,1,1,0,0,0,1,0,0,0,1,Stable Mid-Risk
0,-1.2802480369298874,1,0,0,0,1,0.3208298390377723,1,3.6781553637389535,0,0,0,0,0,0,1,0,1,0,0,0,0,0,Critical Churn-Risk
0,0.1865345690172827,0,0,0,1,1,-0.0016024616470825,1,-0.468193792845431,2,2,1,0,0,1,0,0,1,0,0,0,1,2,Vulnerable High-Risk
0,0.797693988161937,0,1,1,1,0,0.0482582034072764,0,-0.5211827711763546,3,6,1,1,1,1,0,0,0,0,1,1,0,1,Stable Mid-Risk
1,1.5718292524118322,0,1,1,1,1,0.4022689252932255,0,-0.5424210267424848,3,5,1,1,1,1,0,0,0,0,1,1,0,1,Stable Mid-Risk
0,-0.2616490050221303,0,0,0,1,0,0.8310706447607126,1,-0.2788613005439679,2,3,1,0,0,0,1,0,1,0,0,0,1,0,Critical Churn-Risk
0,1.368109446030281,1,1,0,0,1,0.325815905543208,0,-0.5371241666041393,3,4,1,1,1,1,0,0,0,0,1,1,0,1,Stable Mid-Risk
0,1.6125732136881423,1,1,1,1,1,1.733548682244611,0,-0.4800876461114509,3,6,1,1,1,0,1,0,0,0,1,1,0,1,Stable Mid-Risk
1,-0.3023929662984406,0,1,0,1,1,-0.8026971468537838,0,-0.4845926115574314,2,2,1,1,1,1,0,0,0,1,0,1,0,1,Stable Mid-Risk
1,1.490341329859212,1,1,1,1,1,1.6471235294837214,0,-0.4764087301071692,3,6,1,1,1,0,1,0,0,0,1,0,0,1,Stable Mid-Risk
1,0.8384379494382472,1,1,0,0,0,0.1629377330323022,0,-0.5164271312531498,3,3,1,1,1,1,0,0,0,0,1,0,0,1,Stable Mid-Risk
0,-0.8320644628904743,0,0,0,1,0,1.0205411719672768,1,0.1904172655842978,0,3,1,1,0,0,1,0,0,1,0,0,0,0,Critical Churn-Risk
0,-0.2616490050221303,0,0,1,1,1,1.1252485685814309,0,-0.2406000157072752,2,4,1,0,0,0,1,0,1,0,0,0,1,0,Critical Churn-Risk
0,-0.4653688114036817,0,0,0,0,0,-0.1046478360927578,0,-0.3399869946808618,1,2,1,0,0,1,0,0,1,0,0,0,0,2,Vulnerable High-Risk
1,-1.2802480369298874,0,0,0,1,1,0.8161124452444047,0,4.547788973332255,0,2,1,0,0,0,1,0,1,0,0,0,1,0,Critical Churn-Risk
0,0.6347181430566958,1,1,1,0,1,1.0172171276303197,0,-0.439829565402868,2,3,1,0,0,0,1,0,1,0,0,0,1,0,Critical Churn-Risk
0,-0.2616490050221303,0,1,0,0,0,-0.9772094745440404,0,-0.5140493112915475,2,2,0,1,1,1,0,0,0,1,0,1,0,3,Loyal Low-Risk
0,1.1236456783724194,0,0,0,0,0,-1.4907743246039378,0,-0.6289182145036798,3,0,0,1,0,0,0,1,0,0,1,0,0,3,Loyal Low-Risk
0,-0.5876006952326126,0,0,0,0,0,-1.5140426349626388,0,-0.5488291946533581,1,0,0,0,0,0,0,1,1,0,0,0,0,2,Vulnerable High-Risk
0,-0.9135523854430948,0,0,1,0,1,-1.1683420239190832,1,-0.3524558109257932,0,1,0,0,0,1,0,0,1,0,0,0,1,2,Vulnerable High-Risk
1,-1.1172721918246462,1,1,0,0,1,0.6548962949019775,1,0.9768438046331368,0,2,0,0,0,0,1,0,1,0,0,0,1,0,Critical Churn-Risk
1,-1.1580161531009563,0,0,0,0,1,-1.4758161250876305,0,-0.1908387288744693,0,0,0,1,0,0,0,1,0,1,0,0,0,3,Loyal Low-Risk
1,1.3273654847539706,1,0,0,0,0,-1.3312201964299892,0,-0.623320946799729,3,0,0,1,1,0,0,1,0,0,1,1,0,3,Loyal Low-Risk
1,1.5310852911355222,1,0,0,0,0,-1.3112759304082455,0,-0.6254171427581967,3,0,0,1,0,0,0,1,0,0,1,0,0,3,Loyal Low-Risk
0,-0.5876006952326126,1,0,0,0,1,0.8609870437933281,1,-0.1098654263351566,1,2,1,0,1,0,1,0,1,0,0,1,0,0,Critical Churn-Risk
1,1.2051336009250395,0,0,0,0,0,-1.4891123024354591,0,-0.6300375161717877,3,0,0,1,1,0,0,1,0,0,1,0,0,3,Loyal Low-Risk
1,1.368109446030281,0,1,0,1,1,-0.1678046784949459,0,-0.56299626738038,3,2,1,1,0,1,0,0,0,0,1,0,1,1,Stable Mid-Risk
1,1.3273654847539706,1,1,1,1,1,0.5884154081628322,0,-0.5211827711763546,3,5,1,1,1,1,0,0,0,0,1,0,0,1,Stable Mid-Risk
0,-1.1987601143772668,0,0,0,0,1,0.1828819990540456,1,1.3844237625968878,0,0,0,0,0,0,1,0,1,0,0,0,1,0,Critical Churn-Risk
0,0.0643026851883519,0,0,0,0,0,-1.477478147256109,0,-0.5992246751628676,2,0,0,0,0,0,0,1,1,0,0,0,0,2,Vulnerable High-Risk
1,-0.6690886177852331,1,0,0,1,1,0.8643110881302852,0,-0.0436224273373166,1,2,1,0,1,0,1,0,1,0,0,0,0,0,Critical Churn-Risk
0,0.8791819107145575,1,1,0,1,1,1.301422918440166,1,-0.4464759912918293,3,4,1,1,1,0,1,0,0,1,0,0,0,1,Stable Mid-Risk
0,0.7162060656093164,1,0,1,1,1,1.3346633618097383,0,-0.4268837720574072,3,4,1,0,0,0,1,0,1,0,0,0,1,0,Critical Churn-Risk
0,1.5718292524118322,0,0,1,1,1,1.3446354948206105,0,-0.4964588477119663,3,5,1,1,0,0,1,0,0,0,1,0,1,1,Stable Mid-Risk
0,-0.9135523854430948,1,0,0,0,1,0.330801972048644,1,0.1261344977094468,0,0,0,0,0,0,1,0,1,0,0,0,1,0,Critical Churn-Risk
0,-1.2802480369298874,0,0,1,0,1,-0.4653066466526213,1,2.297830876028779,0,1,0,0,0,1,0,0,1,0,0,0,1,2,Vulnerable High-Risk
0,-0.5876006952326126,1,0,0,0,0,-1.3644606397995618,0,-0.5211827711763546,1,0,0,1,0,0,0,1,0,1,0,0,0,3,Loyal Low-Risk
0,-1.1580161531009563,0,0,1,1,1,-0.1162819912721083,0,0.7640073015246193,0,2,1,0,0,1,0,0,1,0,0,0,1,2,Vulnerable High-Risk
1,1.0421577558197987,1,1,1,1,0,0.3657044375866952,0,-0.5171269211031746,3,4,1,1,0,1,0,0,0,0,1,0,0,1,Stable Mid-Risk
0,0.960669833267178,1,1,0,1,1,1.1036422803912085,0,-0.4664018950274771,3,3,1,1,0,0,1,0,0,1,0,0,1,1,Stable Mid-Risk
0,-1.2395040756535771,0,0,0,1,1,0.5136244105812937,1,2.4554154898477,0,1,1,0,0,0,1,0,1,0,0,0,1,0,Critical Churn-Risk
0,-0.0171852373642686,1,0,0,0,1,0.4687498120323708,1,-0.3880052019219807,2,1,0,0,0,0,1,0,1,0,0,0,1,0,Critical Churn-Risk
1,0.960669833267178,0,1,1,1,1,-0.425418114609134,0,-0.5606045231713412,3,4,1,1,0,1,0,0,0,1,0,0,0,1,Stable Mid-Risk
0,0.1457906077409725,1,0,0,0,1,0.6632064057443707,1,-0.399721156921531,2,1,1,0,0,0,1,0,1,0,0,0,1,0,Critical Churn-Risk
0,-1.1580161531009563,1,0,1,1,1,-0.0132366168264328,0,0.8363794945377533,0,2,1,0,0,1,0,0,1,0,0,0,0,2,Vulnerable High-Risk
0,0.8384379494382472,1,0,0,1,0,0.6864747161030716,1,-0.482381072712025,3,1,1,0,1,0,1,0,1,0,0,0,0,0,Critical Churn-Risk
0,-0.9135523854430948,0,0,0,0,1,-0.6315088635004846,0,-0.1810759110486508,0,0,0,0,1,1,0,0,1,0,0,1,0,2,Vulnerable High-Risk
0,-1.1580161531009563,0,0,1,0,0,-1.1400876470549464,0,0.0449545451360634,0,1,0,0,0,1,0,0,1,0,0,0,1,2,Vulnerable High-Risk
1,-1.2802480369298874,0,0,0,0,0,-1.4924363467724169,1,0.4943625178789108,0,0,0,0,0,0,0,1,1,0,0,0,0,2,Vulnerable High-Risk
0,0.7569500268856267,0,0,0,0,0,0.1446554891790373,0,-0.5118668716414754,3,0,0,0,0,0,1,0,1,0,0,0,0,0,Critical Churn-Risk
0,-0.8320644628904743,1,0,0,1,1,1.151840923277089,1,0.2258850276688982,0,3,1,0,0,0,1,0,1,0,0,0,1,0,Critical Churn-Risk
0,-1.076528230548336,0,0,1,1,1,-0.5168293338754589,0,0.1541798594761618,0,3,1,1,0,1,0,0,0,1,0,0,0,2,Vulnerable High-Risk
1,1.24587756220135,0,0,1,0,0,-0.8459097232342282,0,-0.5953241433029647,3,3,0,1,1,1,0,0,0,0,1,0,0,1,Stable Mid-Risk
0,-1.2802480369298874,0,0,0,0,1,0.1928541320649173,1,3.453451377367529,0,0,0,0,0,0,1,0,1,0,0,0,1,0,Critical Churn-Risk
0,0.6347181430566958,1,0,1,1,1,1.3396494283151743,0,-0.4167219198390959,2,4,1,0,1,0,1,0,1,0,0,1,0,0,Critical Churn-Risk
0,-1.1172721918246462,0,0,0,1,1,0.5385547431084732,1,0.9087516875508872,0,1,1,0,1,0,1,0,1,0,0,1,0,0,Critical Churn-Risk
1,0.1050466464646622,0,0,0,0,1,-1.485788258098502,0,-0.6019205671453077,2,0,0,1,1,0,0,1,0,1,0,1,0,3,Loyal Low-Risk
0,-1.076528230548336,0,0,0,1,1,0.6665304500813278,1,0.7478319496299787,0,2,1,0,0,0,1,0,1,0,0,0,1,0,Critical Churn-Risk
0,-1.2395040756535771,0,0,0,0,0,-1.4974224132778524,0,0.101373727861356,0,0,0,0,0,0,0,1,1,0,0,0,0,2,Vulnerable High-Risk
0,0.7162060656093164,0,0,0,0,0,-1.4974224132778524,0,-0.6218904401383372,3,0,0,1,1,0,0,1,0,1,0,0,0,3,Loyal Low-Risk
0,0.0235587239120416,0,0,0,0,1,0.1862060433910031,0,-0.4253960451295597,2,0,0,0,1,0,1,0,1,0,0,0,0,0,Critical Churn-Risk
0,-0.0579291986405789,0,0,0,0,0,-1.4741541029191516,0,-0.5924971045133892,2,0,0,1,0,0,0,1,0,0,1,0,0,3,Loyal Low-Risk
1,-0.9542963467194052,0,0,0,0,0,-1.477478147256109,0,-0.4295502364742415,0,0,0,1,0,0,0,1,0,0,1,0,0,3,Loyal Low-Risk
1,0.8791819107145575,1,0,1,1,1,0.7114050486302511,0,-0.4841477339892817,3,5,1,0,0,1,0,0,1,0,0,0,1,1,Stable Mid-Risk
0,0.5532302205040753,0,1,0,1,1,1.025527238472713,0,-0.4295378184589681,2,4,1,1,1,0,1,0,0,1,0,1,0,1,Stable Mid-Risk
1,0.0643026851883519,1,1,0,1,1,1.2964368519347298,0,-0.3209085688519911,2,4,1,1,0,0,1,0,0,1,0,0,1,1,Stable Mid-Risk
1,1.5718292524118322,1,1,0,1,1,1.0770499256955504,0,-0.5095098368193975,3,3,1,1,0,0,1,0,0,0,1,0,1,1,Stable Mid-Risk
1,1.24587756220135,0,1,1,0,0,-0.0414909936905698,0,-0.5511858602657208,3,4,0,1,0,1,0,0,0,0,1,0,0,1,Stable Mid-Risk
0,0.7569500268856267,1,0,0,0,0,-1.3245721077560746,0,-0.6110868136756106,3,0,0,1,1,0,0,1,0,0,1,0,0,3,Loyal Low-Risk
0,-0.2616490050221303,1,0,0,1,1,0.8094643565704907,1,-0.2816714514076797,2,2,1,0,0,0,1,0,1,0,0,0,1,0,Critical Churn-Risk
0,1.2866215234776603,0,1,0,1,1,1.1368827237607813,0,-0.4893066812015872,3,4,1,1,1,0,1,0,0,0,1,0,0,1,Stable Mid-Risk
0,-1.2802480369298874,0,0,0,0,1,-1.3295581742615106,1,0.7803494096243593,0,0,0,0,0,1,0,0,1,0,0,0,1,2,Vulnerable High-Risk
0,1.1643896396487294,1,0,1,0,1,0.6897987604400287,0,-0.5060267838257894,3,2,0,1,1,0,1,0,0,1,0,0,0,1,Stable Mid-Risk
0,-0.7098325790615434,0,0,0,1,1,0.970680506912918,0,0.0186904428329101,1,3,1,0,1,0,1,0,1,0,0,1,0,0,Critical Churn-Risk
0,1.2866215234776603,1,0,1,1,1,1.3579316721684396,1,-0.4773643714363926,3,4,1,1,1,0,1,0,0,1,0,1,0,1,Stable Mid-Risk
0,-0.5876006952326126,1,0,0,0,1,-0.4819268683374076,0,-0.3580688726620333,1,0,0,0,0,1,0,0,1,0,0,0,1,2,Vulnerable High-Risk
1,1.0014137945434884,0,0,0,1,1,1.0039209502824906,0,-0.4758998361709176,3,3,1,1,0,0,1,0,0,1,0,0,1,1,Stable Mid-Risk
1,-0.7505765403378537,0,1,0,0,1,-0.112957946935151,0,-0.1892823376268751,1,3,1,1,1,1,0,0,0,0,1,0,0,1,Stable Mid-Risk
0,-0.5876006952326126,1,0,0,0,1,0.5235965435921655,0,-0.1722234703999537,1,1,0,0,1,0,1,0,1,0,0,1,0,0,Critical Churn-Risk
0,1.6125732136881423,1,1,0,0,0,0.4554536346845415,0,-0.5415704304984372,3,1,0,1,1,0,1,0,0,0,1,0,0,1,Stable Mid-Risk
0,1.5310852911355222,1,1,1,1,0,1.6454615073152428,0,-0.4791766482439246,3,6,1,1,1,0,1,0,0,0,1,1,0,1,Stable Mid-Risk
0,0.227278530293593,0,0,0,0,0,-1.487450280266981,0,-0.6070835958031926,2,0,0,1,0,0,0,1,0,0,1,0,0,3,Loyal Low-Risk
1,1.4495973685829016,0,1,1,0,0,-0.0714073927231852,0,-0.5611075901363817,3,4,0,1,1,1,0,0,0,0,1,1,0,1,Stable Mid-Risk
0,-0.791320501614164,0,0,0,0,1,0.5335686766030371,1,0.0070175084759529,1,1,1,0,0,0,1,0,1,0,0,0,1,0,Critical Churn-Risk
0,1.3273654847539706,1,1,0,1,1,0.9274679305324736,0,-0.5031427817156028,3,3,1,1,1,0,1,0,0,0,1,1,0,1,Stable Mid-Risk
0,-0.0986731599168891,1,0,0,1,0,1.1850813666466615,0,-0.2888537228459509,2,3,1,0,0,0,1,0,1,0,0,0,1,0,Critical Churn-Risk
0,0.7569500268856267,1,0,1,1,1,0.3457601715649518,0,-0.4982858614761695,3,3,1,1,1,1,0,0,0,0,1,0,0,1,Stable Mid-Risk
0,-0.0579291986405789,1,1,0,0,1,0.6632064057443707,0,-0.357944079778283,2,2,0,0,1,0,1,0,1,0,0,1,0,0,Critical Churn-Risk
0,-0.9542963467194052,0,0,0,1,0,0.8194364895813623,1,0.3770495275914923,0,2,1,0,0,0,1,0,1,0,0,0,1,0,Critical Churn-Risk
1,1.6125732136881423,1,1,1,0,1,0.4886940780541142,0,-0.5399713983947444,3,5,1,1,1,1,0,0,0,0,1,0,0,1,Stable Mid-Risk
0,-0.9135523854430948,1,0,0,1,1,0.2443768192877553,1,0.0985439255930028,0,2,1,0,1,1,0,0,1,0,0,1,0,2,Vulnerable High-Risk
0,0.1865345690172827,0,0,0,0,1,-1.495760391109374,0,-0.6062723189889101,2,0,0,1,0,0,0,1,0,1,0,0,1,3,Loyal Low-Risk
0,-1.2395040756535771,0,0,1,1,0,0.3856487036084391,1,2.30561283226675,0,4,1,0,0,1,0,0,1,0,0,0,1,2,Vulnerable High-Risk
0,0.9199258719908678,0,1,0,1,1,1.2000395661629697,0,-0.4567731869567164,3,4,1,1,0,0,1,0,0,1,0,0,0,1,Stable Mid-Risk
1,0.0235587239120416,1,1,0,0,1,1.013893083293362,0,-0.3399089670447859,2,3,1,0,1,0,1,0,1,0,0,0,0,0,Critical Churn-Risk
1,0.5532302205040753,0,0,1,0,0,0.8692971546357213,0,-0.4412107528159252,2,3,1,1,1,0,1,0,0,1,0,0,0,1,Stable Mid-Risk
1,-1.2802480369298874,0,1,1,0,0,-0.3423170061852024,0,2.513780161632485,0,2,0,0,0,1,0,0,1,0,0,0,1,2,Vulnerable High-Risk
0,-0.506112772679992,1,0,0,0,1,-0.1063098582612364,1,-0.3246883761675772,1,1,1,0,0,1,0,0,1,0,0,0,0,2,Vulnerable High-Risk
0,-0.9542963467194052,0,0,0,0,1,0.5019902554019434,1,0.2655730044825523,0,2,0,0,0,0,1,0,1,0,0,0,1,0,Critical Churn-Risk
0,-0.0171852373642686,1,0,0,1,1,1.0421474601574994,1,-0.3269875905106141,2,2,1,0,1,0,1,0,1,0,0,1,0,0,Critical Churn-Risk
1,-0.5468567339563023,0,0,0,0,1,-0.5051951786961084,0,-0.3776056785857826,1,1,0,0,1,1,0,0,1,0,0,0,0,2,Vulnerable High-Risk
0,1.5310852911355222,1,1,1,0,0,0.0166797822061822,1,-0.5597363360595439,3,3,0,1,1,1,0,0,0,0,1,1,0,1,Stable Mid-Risk
1,1.1643896396487294,1,0,0,0,1,-1.322910085587596,0,-0.6200261669409105,3,0,0,1,1,0,0,1,0,0,1,1,0,3,Loyal Low-Risk
0,-0.2616490050221303,0,0,0,0,0,-0.6431430186798349,0,-0.4706000556295406,2,0,0,0,0,1,0,0,1,0,0,0,1,2,Vulnerable High-Risk
0,0.512486259227765,1,0,0,1,1,1.427736603244542,0,-0.3936686512987257,2,4,1,0,1,0,1,0,1,0,0,0,0,0,Critical Churn-Risk
1,1.2051336009250395,1,0,0,1,1,0.8078023344020117,0,-0.5020058075899251,3,2,1,1,1,0,1,0,0,0,1,1,0,1,Stable Mid-Risk
0,-1.2802480369298874,0,0,0,0,0,-1.5007464576148095,1,0.4797713499327145,0,0,0,0,0,0,0,1,1,0,0,0,0,2,Vulnerable High-Risk
0,-1.1987601143772668,0,0,0,0,0,-0.6664113290385358,0,0.6388150805462547,0,0,0,0,0,1,0,0,1,0,0,0,0,2,Vulnerable High-Risk
1,0.3495104141225239,1,1,0,0,1,1.2233078765216698,0,-0.3847206100033564,2,4,1,1,1,0,1,0,0,1,0,0,0,1,Stable Mid-Risk
1,1.4088534073065913,0,0,1,1,0,1.274830563744508,0,-0.4900263360912412,3,5,1,1,1,0,1,0,0,0,1,0,0,1,Stable Mid-Risk
0,-1.2802480369298874,1,0,0,1,1,0.6598823614074136,1,4.273475015943764,0,1,1,0,0,0,1,0,1,0,0,0,0,0,Critical Churn-Risk
0,1.5718292524118322,1,1,0,1,0,1.025527238472713,0,-0.512022760187909,3,3,1,1,0,0,1,0,0,1,0,0,0,1,Stable Mid-Risk
1,0.1865345690172827,0,1,0,1,0,0.3424361272279943,0,-0.4364004058468769,2,4,1,1,1,1,0,0,0,1,0,0,0,1,Stable Mid-Risk
0,1.1236456783724194,0,1,1,0,1,-0.1146199691036296,0,-0.5496953485400694,3,3,0,1,0,1,0,0,0,0,1,0,0,1,Stable Mid-Risk
0,-1.2802480369298874,0,0,0,0,1,0.1579516665268661,1,3.392168471993505,0,0,0,0,0,0,1,0,1,0,0,0,1,0,Critical Churn-Risk
0,-1.076528230548336,0,0,0,0,0,-1.499084435446331,0,-0.3385847265925261,0,0,0,0,1,0,0,1,1,0,0,1,0,2,Vulnerable High-Risk
0,-0.791320501614164,0,0,0,0,1,-1.1218054032016815,1,-0.40820544222152,1,1,0,0,0,1,0,0,1,0,0,0,1,2,Vulnerable High-Risk
1,-0.8728084241667845,0,1,0,0,0,-0.4586585579787067,0,-0.1709947404676423,0,1,0,0,1,1,0,0,1,0,0,0,0,2,Vulnerable High-Risk
0,-1.0357842692720256,0,1,0,0,1,-0.4586585579787067,1,0.0770551146176954,0,1,0,0,0,1,0,0,1,0,0,0,0,2,Vulnerable High-Risk
1,-0.9135523854430948,0,0,0,1,1,0.7994922235596185,0,0.2757602926486237,0,2,1,0,0,0,1,0,1,0,0,0,1,0,Critical Churn-Risk
0,0.0643026851883519,0,0,0,0,0,-1.487450280266981,0,-0.6002252123934639,2,0,0,1,1,0,0,1,0,0,1,1,0,3,Loyal Low-Risk
0,1.2051336009250395,0,1,1,0,1,0.0100316935322676,0,-0.5464741289497617,3,3,1,1,0,1,0,0,0,0,1,0,0,1,Stable Mid-Risk
0,1.2866215234776603,1,0,1,0,1,0.17789593254861,0,-0.5411165513859275,3,3,1,1,0,1,0,0,0,1,0,0,0,1,Stable Mid-Risk
1,-1.2802480369298874,0,0,0,0,1,-0.6797075063863649,1,1.9213787430169127,0,0,0,0,1,1,0,0,1,0,0,0,0,2,Vulnerable High-Risk
0,-0.3023929662984406,0,0,0,0,1,-1.46418196990828,0,-0.5739354552895259,2,0,0,1,0,0,0,1,0,0,1,0,0,3,Loyal Low-Risk
0,-0.2616490050221303,0,0,0,0,1,-0.2907943189623648,0,-0.4247729800059313,2,2,0,1,0,1,0,0,0,1,0,0,0,3,Loyal Low-Risk
1,-0.9135523854430948,0,0,0,0,1,-1.4907743246039378,0,-0.455389868437142,0,0,0,1,1,0,0,1,0,1,0,0,0,3,Loyal Low-Risk
0,0.8384379494382472,1,1,0,1,0,1.123586546412952,0,-0.453955315898324,3,4,1,1,0,0,1,0,0,1,0,0,0,1,Stable Mid-Risk
0,-1.0357842692720256,0,0,0,1,1,0.4953421667280288,1,0.4958216346735306,0,1,1,0,0,0,1,0,1,0,0,0,1,0,Critical Churn-Risk
0,0.0235587239120416,0,0,0,0,1,0.4720738563693278,0,-0.395870387638433,2,2,0,0,1,0,1,0,1,0,0,1,0,0,Critical Churn-Risk
0,1.5718292524118322,0,0,0,0,0,0.8194364895813623,0,-0.5220744536619555,3,3,1,1,1,0,1,0,0,0,1,1,0,1,Stable Mid-Risk
0,-0.1394171211931994,1,0,0,0,1,0.3125197281953792,0,-0.3783838742095797,2,0,0,0,0,0,1,0,1,0,0,0,1,0,Critical Churn-Risk
1,-0.3431369275747509,1,1,1,1,0,0.5385547431084732,0,-0.2888913774729088,1,4,1,0,1,1,0,0,1,0,0,0,0,1,Stable Mid-Risk
1,-0.506112772679992,0,0,0,0,1,-0.5051951786961084,0,-0.3913908582073319,1,1,0,0,0,1,0,0,1,0,0,0,1,2,Vulnerable High-Risk
0,-1.2802480369298874,1,0,0,1,1,0.6582203392389346,0,4.270556782354524,0,1,1,0,0,0,1,0,1,0,0,0,1,0,Critical Churn-Risk
1,0.8791819107145575,1,0,0,0,1,-0.325696784500416,1,-0.5503651070687473,3,1,0,0,1,1,0,0,1,0,0,1,0,2,Vulnerable High-Risk
0,-1.1172721918246462,0,0,0,1,1,0.6665304500813278,1,0.9836530163413616,0,2,1,0,0,0,1,0,1,0,0,0,0,0,Critical Churn-Risk
1,1.6125732136881423,1,1,1,1,1,0.6449241618911058,0,-0.5324559475073884,3,5,1,1,1,1,0,0,0,0,1,0,0,1,Stable Mid-Risk
0,0.797693988161937,0,1,1,1,1,1.3795379603586615,0,-0.4329750313657639,3,6,1,1,0,0,1,0,0,0,1,0,1,1,Stable Mid-Risk
0,-0.9542963467194052,0,0,0,0,0,0.1413314448420797,0,0.1389216667095679,0,0,0,0,0,0,1,0,1,0,0,0,1,0,Critical Churn-Risk
0,-1.2802480369298874,0,0,0,0,1,-0.6448050408483137,0,1.9826616483909376,0,0,0,0,0,1,0,0,1,0,0,0,0,2,Vulnerable High-Risk
0,-1.2802480369298874,1,0,0,0,1,0.2942374843421143,1,3.631463626311125,0,0,0,0,0,0,1,0,1,0,0,0,1,0,Critical Churn-Risk
1,0.0235587239120416,0,0,1,1,1,0.3025475951845074,1,-0.4133797891738686,2,4,1,1,0,1,0,0,0,1,0,0,0,1,Stable Mid-Risk
0,0.9199258719908678,1,0,0,0,1,0.430523302157362,1,-0.5050282638073514,3,1,0,0,0,0,1,0,1,0,0,0,1,0,Critical Churn-Risk
1,1.490341329859212,1,0,1,1,1,1.1485168789401314,0,-0.5014221608720772,3,3,1,1,0,0,1,0,0,0,1,0,1,1,Stable Mid-Risk
0,-1.2802480369298874,0,1,0,0,1,-0.4669686688210999,0,2.29491264243954,0,1,0,0,0,1,0,0,1,0,0,0,0,2,Vulnerable High-Risk
0,0.8791819107145575,1,1,1,1,0,0.7413214476628662,0,-0.4822376174581432,3,5,1,1,1,1,0,0,0,0,1,0,0,1,Stable Mid-Risk
1,0.0235587239120416,0,0,0,0,1,-1.4841262359300234,0,-0.5979151484934107,2,0,0,1,0,0,0,1,0,1,0,0,0,3,Loyal Low-Risk
0,0.512486259227765,1,0,1,1,1,1.1269105907499095,0,-0.416633880848826,2,4,1,1,1,0,1,0,0,1,0,0,0,1,Stable Mid-Risk
1,-0.8728084241667845,0,0,0,0,0,-1.3162619969136813,0,-0.4219628291422194,0,0,0,0,0,1,0,0,1,0,0,0,1,2,Vulnerable High-Risk
0,-1.076528230548336,0,1,0,0,1,-0.3024284741417151,0,0.2617376117652663,0,2,0,0,1,1,0,0,1,0,0,0,0,2,Vulnerable High-Risk
0,-0.4653688114036817,0,1,0,1,0,0.0183418043746608,0,-0.3203552414441613,1,3,1,0,1,1,0,0,1,0,0,0,0,2,Vulnerable High-Risk
1,1.3273654847539706,1,0,0,0,1,-1.3129379525767242,0,-0.6223482022699826,3,0,0,1,1,0,0,1,0,0,1,0,0,3,Loyal Low-Risk
0,-1.076528230548336,1,0,0,0,1,0.6499102283965414,1,0.7394941393750093,0,1,1,0,0,0,1,0,1,0,0,0,1,0,Critical Churn-Risk
0,-0.9950403079957154,0,1,0,1,0,0.6698544944182854,1,0.434700853387797,0,2,1,0,0,0,1,0,1,0,0,0,1,0,Critical Churn-Risk
0,-0.8728084241667845,0,0,1,0,1,0.3008855730160285,1,0.0512773845794151,0,1,0,0,0,0,1,0,1,0,0,0,1,0,Critical Churn-Risk
1,0.4309983366751445,1,0,0,0,0,-1.3478404181147754,0,-0.6027606646937251,2,0,0,1,0,0,0,1,0,0,1,0,0,3,Loyal Low-Risk
1,0.6754621043330061,0,0,0,1,1,-0.4320662032830487,1,-0.5461628507002428,3,3,1,1,1,1,0,0,0,1,0,0,0,1,Stable Mid-Risk
0,-1.2802480369298874,0,0,0,0,0,-0.62486077482657,1,2.017680451461809,0,0,0,0,0,1,0,0,1,0,0,0,1,2,Vulnerable High-Risk
0,-0.7098325790615434,0,0,0,0,1,0.4853700337171571,1,-0.0878250831743231,1,1,1,0,0,0,1,0,1,0,0,0,1,0,Critical Churn-Risk
1,1.1236456783724194,0,1,0,0,0,-0.1428743459677664,0,-0.5513219049668585,3,3,0,1,1,1,0,0,0,0,1,0,0,1,Stable Mid-Risk
0,-0.6283446565089229,0,0,0,0,0,-1.3195860412506386,0,-0.5043218659940832,1,0,0,0,1,1,0,0,1,0,0,1,0,2,Vulnerable High-Risk
0,-0.6690886177852331,0,0,0,0,1,0.2327426641084046,1,-0.1740846348562486,1,0,0,0,1,0,1,0,1,0,0,0,0,0,Critical Churn-Risk
1,0.1050466464646622,0,0,0,0,0,-1.487450280266981,0,-0.6020826912335988,2,0,0,1,1,0,0,1,0,1,0,0,0,3,Loyal Low-Risk
0,0.4717422979514547,1,0,0,0,0,0.7845340240433111,1,-0.4377861401594279,2,2,1,1,0,0,1,0,0,1,0,0,0,1,Stable Mid-Risk
1,-0.8320644628904743,0,0,1,0,0,-1.1483977578973394,0,-0.3954742473322015,0,1,0,1,1,1,0,0,0,1,0,1,0,3,Loyal Low-Risk
0,-1.2802480369298874,0,0,0,0,0,-1.4824642137615447,0,0.5118719194143465,0,0,0,0,0,0,0,1,1,0,0,0,0,2,Vulnerable High-Risk
0,-0.1801610824695097,0,1,1,0,1,-0.16281861198951,0,-0.4259879789204805,2,3,0,1,0,1,0,0,0,1,0,0,1,1,Stable Mid-Risk
0,1.5310852911355222,1,0,0,0,0,-1.3179240190821602,0,-0.6257459578105052,3,0,0,1,1,0,0,1,0,0,1,0,0,3,Loyal Low-Risk
1,-1.1172721918246462,0,0,0,0,0,-0.62486077482657,1,0.227830516728391,0,0,0,0,0,1,0,0,1,0,0,0,0,2,Vulnerable High-Risk
0,-0.5876006952326126,0,0,0,1,0,1.213335743510798,0,-0.0447427399226593,1,4,1,0,1,0,1,0,1,0,0,1,0,0,Critical Churn-Risk
0,1.5310852911355222,1,1,1,1,1,0.403930947461704,0,-0.540582859262565,3,4,1,1,1,1,0,0,0,0,1,1,0,1,Stable Mid-Risk
1,-0.9542963467194052,1,0,0,0,1,-0.3157246514895444,0,-0.0215811806985918,0,1,0,0,0,1,0,0,1,0,0,0,0,2,Vulnerable High-Risk
0,1.4088534073065913,0,1,1,1,1,0.9191578196900804,0,-0.508394041623512,3,4,1,1,1,0,1,0,0,0,1,0,0,1,Stable Mid-Risk
0,-1.2802480369298874,0,1,0,0,1,-0.543421688571117,0,2.160673897334534,0,1,0,0,1,1,0,0,1,0,0,0,0,2,Vulnerable High-Risk
1,-0.5876006952326126,0,0,0,0,0,-1.5107185906256817,0,-0.5482148296872026,1,0,0,1,0,0,0,1,0,0,1,0,0,3,Loyal Low-Risk
0,-1.1580161531009563,1,0,0,0,0,-0.4337282254515272,1,0.5410542553067391,0,0,0,0,1,1,0,0,1,0,0,1,0,2,Vulnerable High-Risk
1,1.5718292524118322,0,1,0,0,1,0.7280252703150375,0,-0.52653286608996,3,3,0,1,1,0,1,0,0,1,0,0,0,1,Stable Mid-Risk
1,-0.0986731599168891,1,1,0,1,1,0.9839766842607472,1,-0.3116347721554961,2,3,1,0,0,0,1,0,1,0,0,0,1,0,Critical Churn-Risk
0,-1.2802480369298874,0,1,0,0,0,-0.3024284741417151,0,2.583817767774228,0,2,0,0,0,1,0,0,1,0,0,0,0,2,Vulnerable High-Risk
0,0.9199258719908678,1,1,0,0,1,0.6465861840595843,0,-0.4914793221430263,3,2,0,1,1,0,1,0,0,1,0,1,0,1,Stable Mid-Risk
0,1.082901717096109,0,0,1,1,1,-0.0049265059840396,0,-0.5413185829421054,3,3,1,0,0,1,0,0,1,0,0,0,1,1,Stable Mid-Risk
0,-1.2802480369298874,0,0,0,0,1,0.17789593254861,1,3.4271872750643766,0,0,0,0,0,0,1,0,1,0,0,0,0,0,Critical Churn-Risk
0,-1.0357842692720256,0,0,0,0,1,0.1463175113475158,0,0.342614371238469,0,0,0,0,1,0,1,0,1,0,0,0,0,0,Critical Churn-Risk
1,0.512486259227765,0,1,1,0,0,-0.3373309396797665,0,-0.5284149152888171,2,2,0,1,1,1,0,0,0,0,1,0,0,1,Stable Mid-Risk
1,0.8791819107145575,1,0,0,0,1,-1.3312201964299892,0,-0.6145662460320112,3,0,0,1,1,0,0,1,0,1,0,0,0,3,Loyal Low-Risk
1,0.7569500268856267,1,0,0,0,1,-1.3578125511256471,0,-0.6133316087442562,3,0,0,1,0,0,0,1,0,1,0,0,0,3,Loyal Low-Risk
0,1.6125732136881423,1,0,0,1,0,1.3363253839782172,0,-0.4991960797505793,3,4,1,1,1,0,1,0,0,1,0,1,0,1,Stable Mid-Risk
0,0.4717422979514547,0,1,1,0,1,-0.1644806341579885,0,-0.511844423690789,2,3,0,1,1,1,0,0,0,1,0,0,0,1,Stable Mid-Risk
0,-1.2395040756535771,0,0,0,0,0,-1.487450280266981,0,0.1130466622183131,0,0,0,0,0,0,0,1,1,0,0,0,0,2,Vulnerable High-Risk
0,1.368109446030281,1,0,0,1,1,0.9091856866792086,0,-0.5065480475049458,3,2,1,1,1,0,1,0,0,1,0,0,0,1,Stable Mid-Risk
1,1.4495973685829016,0,1,0,1,0,-0.6647493068700573,0,-0.5913049637989445,3,3,1,1,0,1,0,0,0,1,0,0,0,1,Stable Mid-Risk
0,-0.0579291986405789,0,0,0,0,0,-1.459195903402844,0,-0.5908555981194421,2,0,0,1,1,0,0,1,0,0,1,1,0,3,Loyal Low-Risk
0,-0.4653688114036817,1,0,0,1,1,1.0172171276303197,0,-0.1609135698866339,1,2,1,0,1,0,1,0,1,0,0,0,0,0,Critical Churn-Risk
1,-0.4653688114036817,1,1,0,0,0,0.5169484549182508,0,-0.2407670526467267,1,1,0,0,0,0,1,0,1,0,0,0,1,0,Critical Churn-Risk
1,0.9199258719908678,1,1,1,1,1,0.6748405609237209,0,-0.4897075374638453,3,5,1,1,1,1,0,0,0,0,1,0,0,1,Stable Mid-Risk
0,-0.9542963467194052,0,0,0,1,1,-1.000477784902741,1,-0.2620436284519075,0,1,1,0,1,1,0,0,1,0,0,1,0,2,Vulnerable High-Risk
0,1.5718292524118322,1,1,1,1,1,1.6703918398424222,0,-0.4805706870594414,3,6,1,1,1,0,1,0,0,0,1,0,0,1,Stable Mid-Risk
0,-1.2802480369298874,0,0,0,0,1,0.5418787874454303,1,4.066280431107776,0,1,1,0,0,0,1,0,1,0,0,0,1,0,Critical Churn-Risk
1,-0.4246248501273714,0,0,0,0,0,-1.4907743246039378,0,-0.5658444330638425,1,0,0,1,0,0,0,1,0,1,0,0,0,3,Loyal Low-Risk
1,-1.2802480369298874,0,0,0,0,0,-1.4708300585821945,1,0.5322995545390214,0,0,0,0,0,0,0,1,1,0,0,0,0,2,Vulnerable High-Risk
0,1.1643896396487294,1,0,1,1,1,1.3895100933695332,1,-0.4663952889525722,3,4,1,1,0,0,1,0,0,0,1,0,1,1,Stable Mid-Risk
0,1.4088534073065913,1,0,1,1,0,0.7097430264617727,0,-0.5192086719836339,3,5,1,1,1,1,0,0,0,0,1,0,0,1,Stable Mid-Risk
0,-0.7505765403378537,0,1,0,0,0,0.4670877898638917,0,-0.0534872012742745,1,2,0,0,0,0,1,0,1,0,0,0,1,0,Critical Churn-Risk
0,1.082901717096109,1,1,1,1,1,1.3944961598749692,1,-0.4594134935374567,3,5,1,0,0,0,1,0,1,0,0,0,1,1,Stable Mid-Risk
0,-0.4653688114036817,0,0,0,1,0,0.7230392038096014,0,-0.2078706012771204,1,2,1,0,1,0,1,0,1,0,0,0,0,0,Critical Churn-Risk
0,-1.1580161531009563,0,1,1,0,0,-0.7445263709570317,0,0.3227703828316419,0,3,0,0,0,1,0,0,1,0,0,0,0,2,Vulnerable High-Risk
0,-1.1987601143772668,0,0,0,1,1,0.8194364895813623,1,1.943265494936208,0,2,1,0,0,0,1,0,1,0,0,0,1,0,Critical Churn-Risk
0,1.5310852911355222,1,0,0,0,0,-1.3478404181147754,0,-0.6272256255458942,3,0,0,1,1,0,0,1,0,0,1,0,0,3,Loyal Low-Risk
0,-1.1987601143772668,0,0,1,1,1,1.1003182360542514,1,2.1898562332269265,0,4,1,0,0,0,1,0,1,0,0,0,1,0,Critical Churn-Risk
0,-0.4653688114036817,0,0,0,0,0,-1.472492080750673,0,-0.5583239259484908,1,0,0,1,1,0,0,1,0,1,0,0,0,3,Loyal Low-Risk
0,-0.506112772679992,0,0,0,0,1,-1.5024084797832884,0,-0.5581470633067186,1,0,0,0,1,0,0,1,1,0,0,1,0,2,Vulnerable High-Risk
1,-0.4246248501273714,0,0,0,0,0,-1.4808021915930665,0,-0.5643218764085873,1,0,0,1,1,0,0,1,0,1,0,0,0,3,Loyal Low-Risk
0,-1.2802480369298874,0,0,0,0,1,-0.3024284741417151,1,2.583817767774228,0,1,1,0,0,1,0,0,1,0,0,0,0,2,Vulnerable High-Risk
0,1.24587756220135,0,0,0,0,1,-1.4691680364137156,0,-0.6295221931768624,3,0,0,1,0,0,0,1,0,0,1,0,0,3,Loyal Low-Risk
1,1.5310852911355222,0,0,0,0,0,-1.495760391109374,0,-0.6345417604597616,3,0,0,1,1,0,0,1,0,0,1,0,0,3,Loyal Low-Risk
0,-0.791320501614164,0,0,0,0,1,0.4986662110649859,1,-0.0017371922917647,1,2,0,0,0,0,1,0,1,0,0,0,1,0,Critical Churn-Risk
0,-1.1172721918246462,0,0,0,1,0,0.5119623884128152,0,0.8931877750749443,0,1,1,0,0,0,1,0,1,0,0,0,1,0,Critical Churn-Risk
1,1.6125732136881423,1,1,1,1,1,1.7152664383913456,0,-0.4809671137684819,3,6,1,1,1,0,1,0,0,0,1,1,0,1,Stable Mid-Risk
0,-0.791320501614164,0,0,0,0,1,-1.1018611371799378,0,-0.4032027560685384,1,1,0,0,0,1,0,0,1,0,0,0,1,2,Vulnerable High-Risk
0,1.1643896396487294,0,0,1,0,0,0.975666573418354,0,-0.4898352942338811,3,4,1,0,1,0,1,0,1,0,0,1,0,0,Critical Churn-Risk
0,-1.2802480369298874,0,0,0,0,0,-1.4675060142452372,0,0.5381360217174999,0,0,0,0,0,0,0,1,1,0,0,0,1,2,Vulnerable High-Risk
0,0.960669833267178,1,0,1,0,1,0.4006069031247464,0,-0.5097146251414494,3,1,0,0,1,0,1,0,1,0,0,0,0,0,Critical Churn-Risk
0,-1.1580161531009563,0,0,0,0,0,-1.4841262359300234,0,-0.196675196052948,0,0,0,0,0,0,0,1,1,0,0,0,0,2,Vulnerable High-Risk
0,0.1050466464646622,1,1,0,0,0,-0.3173866736580229,0,-0.4879473330766851,2,1,0,1,0,1,0,0,0,0,1,0,0,3,Loyal Low-Risk
0,-0.5876006952326126,0,0,0,1,1,-0.8558818562451002,1,-0.4271849313545424,1,2,1,0,0,1,0,0,1,0,0,0,1,2,Vulnerable High-Risk
0,1.6125732136881423,1,0,0,1,0,0.5767812529834819,0,-0.5357339633199586,3,4,1,1,1,1,0,0,0,0,1,0,0,1,Stable Mid-Risk
0,0.6754621043330061,1,1,1,0,0,1.269844497239072,0,-0.4266320028850023,3,5,1,1,1,0,1,0,0,1,0,0,0,1,Stable Mid-Risk
0,0.4717422979514547,1,1,1,0,1,1.0072449946194475,0,-0.4204064378946252,2,4,0,0,1,0,1,0,1,0,0,1,0,0,Critical Churn-Risk
0,-1.1987601143772668,0,0,1,1,1,0.6349520288802342,1,1.7813035307334286,0,2,1,0,0,0,1,0,1,0,0,0,0,0,Critical Churn-Risk
1,0.1865345690172827,1,0,0,0,1,1.0089070167879266,0,-0.3748103179897744,2,3,1,0,0,0,1,0,1,0,0,0,1,0,Critical Churn-Risk
0,1.1643896396487294,1,0,0,1,1,0.4986662110649859,0,-0.5168524890761931,3,4,1,1,0,1,0,0,0,1,0,0,1,1,Stable Mid-Risk
0,1.5310852911355222,1,1,1,0,1,0.3324639942171226,0,-0.544117621074883,3,4,1,1,1,1,0,0,0,0,1,1,0,1,Stable Mid-Risk
0,-1.2802480369298874,0,0,0,0,1,0.1679237995377378,1,3.40967787352894,0,0,0,0,0,0,1,0,1,0,0,0,1,0,Critical Churn-Risk
0,0.3495104141225239,0,0,0,0,0,-1.4741541029191516,0,-0.6102583774002771,2,0,0,0,0,0,0,1,1,0,0,0,1,2,Vulnerable High-Risk
1,1.5310852911355222,1,1,1,0,0,0.4504675681791054,0,-0.5382811538964044,3,5,1,1,1,1,0,0,0,1,0,0,0,1,Stable Mid-Risk
0,-1.2802480369298874,0,0,0,1,1,-0.3738954273862965,1,2.458333723436939,0,1,1,0,0,1,0,0,1,0,0,0,0,2,Vulnerable High-Risk
0,0.7569500268856267,0,0,0,0,0,-1.5190287014680746,0,-0.6242188648271872,3,0,0,1,0,0,0,1,0,1,0,0,1,3,Loyal Low-Risk
1,0.3902543753988342,0,0,0,0,0,-1.4891123024354591,0,-0.6128017326989829,2,0,0,1,0,0,0,1,0,0,1,0,0,3,Loyal Low-Risk
1,1.5310852911355222,1,1,1,0,0,0.9673564625759608,1,-0.5127157835794068,3,4,0,1,1,0,1,0,0,0,1,0,0,1,Stable Mid-Risk
0,0.6347181430566958,0,0,0,0,0,-1.4907743246039378,0,-0.6195689321849928,2,0,0,1,1,0,0,1,0,1,0,0,0,3,Loyal Low-Risk
1,1.4495973685829016,1,1,1,1,1,1.6072349974402345,1,-0.4756752444803915,3,6,1,1,0,0,1,0,0,0,1,0,1,1,Stable Mid-Risk
0,0.6347181430566958,1,0,0,0,0,-1.3561505289571687,0,-0.6099208946042426,2,0,0,1,1,0,0,1,0,0,1,1,0,3,Loyal Low-Risk
0,-0.2616490050221303,0,0,0,0,0,0.6698544944182854,1,-0.2998293492962797,2,2,1,0,0,0,1,0,1,0,0,0,1,0,Critical Churn-Risk
0,-0.8728084241667845,1,0,0,0,1,0.5219345214236869,1,0.1159648958075523,0,1,0,0,1,0,1,0,1,0,0,0,0,0,Critical Churn-Risk
0,-1.2802480369298874,0,0,0,0,1,-1.5123806127941604,1,0.4593437148080397,0,0,0,0,0,0,0,1,1,0,0,0,0,2,Vulnerable High-Risk
0,-0.22090504374582,0,0,0,0,0,-1.517366679299596,0,-0.5872599174469867,2,0,0,1,0,0,0,1,0,1,0,0,0,3,Loyal Low-Risk
0,0.5532302205040753,0,0,0,1,1,0.8809313098150715,0,-0.4403414917467902,2,3,1,1,1,0,1,0,0,1,0,0,0,1,Stable Mid-Risk
0,-1.2802480369298874,0,0,0,0,1,-0.5035331565276299,1,2.230711503476276,0,1,0,0,0,1,0,0,1,0,0,0,0,2,Vulnerable High-Risk
0,0.5532302205040753,0,0,1,0,0,-0.3473030726906382,1,-0.5321106246169102,2,2,0,1,1,1,0,0,0,0,1,1,0,3,Loyal Low-Risk
1,-0.3023929662984406,0,0,0,0,1,-1.517366679299596,0,-0.581118799509192,2,0,0,0,0,0,0,1,1,0,0,0,0,2,Vulnerable High-Risk
0,-1.1580161531009563,0,0,0,1,1,0.7861960462117896,1,1.397847637107389,0,2,1,0,0,0,1,0,1,0,0,0,1,0,Critical Churn-Risk
0,-0.791320501614164,0,0,0,0,0,-1.4974224132778524,0,-0.5024226981026736,1,0,0,1,0,0,0,1,0,0,1,0,0,3,Loyal Low-Risk
0,-0.0579291986405789,0,1,1,0,1,0.3557323045758235,0,-0.391686155653862,2,5,1,1,1,1,0,0,0,1,0,1,0,1,Stable Mid-Risk
1,-0.3838808888510611,1,0,0,1,1,0.6299659623747981,0,-0.2597576788070034,1,1,1,0,0,0,1,0,1,0,0,0,1,0,Critical Churn-Risk
0,-1.2395040756535771,0,0,0,0,0,-1.509056568457203,0,0.087755304444906,0,0,0,0,0,0,0,1,1,0,0,0,0,2,Vulnerable High-Risk
0,1.3273654847539706,1,0,0,0,0,-1.273049420533237,0,-0.6202258505687177,3,0,0,1,1,0,0,1,0,0,1,0,0,3,Loyal Low-Risk
0,-0.4246248501273714,1,0,1,1,1,0.8543389551194135,1,-0.2077898596363113,1,2,1,0,1,0,1,0,1,0,0,0,0,0,Critical Churn-Risk
1,0.9199258719908678,0,0,0,0,0,-1.517366679299596,0,-0.6271771840426523,3,0,0,1,1,0,0,1,0,1,0,1,0,3,Loyal Low-Risk
0,-0.9542963467194052,0,0,1,1,1,0.9989348837770544,1,0.4400833731190604,0,4,1,0,0,0,1,0,1,0,0,0,0,0,Critical Churn-Risk
1,-1.0357842692720256,0,0,0,0,1,0.1712478438746953,1,0.3535577471981162,0,0,0,0,1,0,1,0,1,0,0,0,0,0,Critical Churn-Risk
1,0.1050466464646622,0,0,1,1,0,-0.7943870360113907,0,-0.5344769464162223,2,2,1,1,0,1,0,0,0,1,0,0,0,1,Stable Mid-Risk
0,-1.076528230548336,0,1,1,1,1,0.5136244105812937,0,0.6711240952842608,0,5,1,1,0,1,0,0,0,0,1,0,0,1,Stable Mid-Risk
0,-1.2802480369298874,0,1,0,0,1,-0.5384356220656811,1,2.169428598102251,0,1,0,0,1,1,0,0,1,0,0,1,0,2,Vulnerable High-Risk
0,-0.6283446565089229,0,0,0,0,1,0.1995022207388319,0,-0.2079590325980064,1,0,0,0,0,0,1,0,1,0,0,0,1,0,Critical Churn-Risk
1,-0.9135523854430948,0,0,0,1,0,-0.1528464789786381,0,-0.0282665885575763,0,2,1,0,0,1,0,0,1,0,0,0,0,2,Vulnerable High-Risk
1,-0.7098325790615434,0,0,1,0,0,-0.3190486958265014,0,-0.2643782153232989,1,2,0,1,1,1,0,0,0,1,0,1,0,3,Loyal Low-Risk
0,0.3087664528462136,0,1,0,1,1,-0.299104429804758,1,-0.5082286610972925,2,4,1,0,0,1,0,0,1,0,0,0,1,2,Vulnerable High-Risk
1,-0.791320501614164,0,1,1,0,0,-0.3539511613645528,0,-0.2156020253317283,1,2,0,1,1,1,0,0,0,1,0,0,0,1,Stable Mid-Risk
0,-0.1394171211931994,1,0,0,0,1,0.5103003662443366,1,-0.3552325544016148,2,1,0,0,1,0,1,0,1,0,0,0,0,0,Critical Churn-Risk
0,-1.1987601143772668,1,0,0,0,1,0.3557323045758235,1,1.5361719092373298,0,0,0,0,0,0,1,0,1,0,0,0,1,0,Critical Churn-Risk
0,1.0421577558197987,1,0,1,1,1,1.183419344478183,0,-0.4684567202250145,3,3,1,0,1,0,1,0,1,0,0,0,0,0,Critical Churn-Risk
0,0.512486259227765,0,1,1,0,1,-0.0747314370601425,0,-0.5083679193279561,2,3,0,1,1,1,0,0,0,1,0,1,0,1,Stable Mid-Risk
1,1.6125732136881423,1,1,1,0,1,0.1878680655594816,0,-0.5544426389331638,3,4,0,1,1,1,0,0,0,0,1,0,0,1,Stable Mid-Risk
1,1.4495973685829016,1,1,0,0,1,0.6881367382715502,0,-0.5224515683890674,3,2,0,1,1,0,1,0,0,1,0,0,0,1,Stable Mid-Risk
0,-1.2802480369298874,0,0,0,0,1,-1.4824642137615447,1,0.5118719194143465,0,0,0,0,1,0,0,1,1,0,0,0,0,2,Vulnerable High-Risk
1,0.227278530293593,0,1,0,0,0,-0.3423170061852024,0,-0.5039726756500716,2,2,0,0,0,1,0,0,1,0,0,0,1,2,Vulnerable High-Risk
0,-1.2395040756535771,0,0,0,0,0,-1.46418196990828,0,0.140283509051213,0,0,0,0,0,0,0,1,1,0,0,0,0,2,Vulnerable High-Risk
0,-0.8728084241667845,0,0,0,0,0,-1.477478147256109,0,-0.4691409388349209,0,0,0,0,0,0,0,1,1,0,0,0,0,2,Vulnerable High-Risk
0,-0.506112772679992,0,0,0,1,1,0.8709591768041999,0,-0.1612672951701781,1,2,1,1,1,0,1,0,0,1,0,0,0,0,Critical Churn-Risk
0,1.6125732136881423,1,0,0,1,1,1.3296772953043026,0,-0.4995158861713178,3,4,1,1,1,0,1,0,0,0,1,0,0,1,Stable Mid-Risk
0,-1.1987601143772668,1,0,0,0,1,0.330801972048644,1,1.5142851573180354,0,0,0,0,1,0,1,0,1,0,0,1,0,0,Critical Churn-Risk
0,-0.3838808888510611,1,0,1,1,1,1.304746962777123,1,-0.1610241090377415,1,4,1,0,0,0,1,0,1,0,0,0,0,0,Critical Churn-Risk
0,0.3087664528462136,0,0,1,0,1,-0.4553345136417494,0,-0.5216098297503896,2,1,0,0,0,1,0,0,1,0,0,0,1,2,Vulnerable High-Risk
0,1.2051336009250395,1,0,0,0,1,0.8310706447607126,0,-0.5007088148835965,3,2,1,0,1,0,1,0,1,0,0,0,0,0,Critical Churn-Risk
1,-0.4246248501273714,0,0,0,0,1,-1.4708300585821945,0,-0.562799319753332,1,0,0,0,0,0,0,1,1,0,0,0,1,2,Vulnerable High-Risk
0,-0.8728084241667845,0,1,0,0,0,-0.0248707720057835,0,-0.0440515793357342,0,3,1,0,1,1,0,0,1,0,0,0,0,2,Vulnerable High-Risk
0,-1.0357842692720256,1,0,0,0,1,0.3341260163856011,0,0.4250544701344781,0,0,0,0,0,0,1,0,1,0,0,0,1,0,Critical Churn-Risk
0,-0.791320501614164,1,1,0,1,1,1.0587676818422855,1,0.1387549105044686,1,3,1,0,0,0,1,0,1,0,0,0,1,0,Critical Churn-Risk
0,-1.2802480369298874,0,0,0,0,0,-1.487450280266981,1,0.5031172186466287,0,0,0,0,0,0,0,1,1,0,0,0,0,2,Vulnerable High-Risk
0,0.2680224915699033,1,0,0,1,1,1.2848026967553796,1,-0.3652031858315157,2,4,1,0,0,0,1,0,1,0,0,0,1,0,Critical Churn-Risk
0,-1.1987601143772668,0,0,0,0,0,-1.322910085587596,0,0.0624639466714991,0,0,0,0,0,1,0,0,1,0,0,0,0,2,Vulnerable High-Risk
0,1.0421577558197987,0,0,0,0,0,-1.4791401694245876,0,-0.6269316425965843,3,0,0,1,1,0,0,1,0,0,1,1,0,3,Loyal Low-Risk
1,-1.076528230548336,1,0,0,0,0,-1.2780354870386728,0,-0.2276918502014338,0,0,0,0,0,0,0,1,1,0,0,0,0,2,Vulnerable High-Risk
1,-1.2802480369298874,0,0,0,0,1,-1.4924363467724169,1,0.4943625178789108,0,0,0,0,0,0,0,1,1,0,0,0,1,2,Vulnerable High-Risk
0,-0.4246248501273714,0,0,0,0,1,-0.3356689175112877,0,-0.3894816204967736,1,2,0,0,0,1,0,0,1,0,0,0,0,2,Vulnerable High-Risk
0,-0.7505765403378537,0,0,0,1,0,-0.6132266196472196,1,-0.3064007790083444,1,2,1,0,0,1,0,0,1,0,0,0,1,2,Vulnerable High-Risk
1,1.2866215234776603,1,0,0,0,0,0.8460288442770204,0,-0.5050202466821064,3,2,1,1,1,0,1,0,0,1,0,1,0,1,Stable Mid-Risk
0,-1.2802480369298874,0,0,0,0,0,-1.4907743246039378,1,0.4972807514681501,0,0,0,0,0,0,0,1,1,0,0,0,1,2,Vulnerable High-Risk
0,-1.076528230548336,0,0,0,0,0,-1.4675060142452372,0,-0.3227428871080843,0,0,0,0,0,0,0,1,1,0,0,0,0,2,Vulnerable High-Risk
0,-1.2802480369298874,0,0,0,0,0,0.4920181223910713,1,3.9787334234305978,0,1,1,0,0,0,1,0,1,0,0,0,1,0,Critical Churn-Risk
1,0.2680224915699033,1,0,0,0,0,-1.3079518860712882,0,-0.5928254057921786,2,0,0,1,1,0,0,1,0,1,0,0,0,3,Loyal Low-Risk
0,-0.506112772679992,0,0,0,0,0,-1.5057325241202455,0,-0.5587029173237166,1,0,0,1,0,0,0,1,0,1,0,0,0,3,Loyal Low-Risk
0,-1.2802480369298874,0,0,1,0,1,0.3690284819236528,1,3.762784137826893,0,1,0,0,0,0,1,0,1,0,0,0,1,0,Critical Churn-Risk
0,-1.2802480369298874,0,0,0,0,0,0.3790006149345245,1,3.780293539362328,0,1,0,0,0,0,1,0,1,0,0,0,1,0,Critical Churn-Risk
0,1.2866215234776603,1,1,0,1,1,0.0449341590703193,0,-0.5482998956055933,3,2,1,1,1,1,0,0,0,1,0,1,0,1,Stable Mid-Risk
1,-1.2802480369298874,0,0,0,0,0,-1.5140426349626388,1,0.4564254812188004,0,0,0,0,0,0,0,1,1,0,0,0,0,2,Vulnerable High-Risk
0,0.5532302205040753,0,0,0,1,1,0.1429934670105583,0,-0.4954774795605023,2,3,1,0,1,1,0,0,1,0,0,1,0,2,Vulnerable High-Risk
1,-0.1801610824695097,0,0,0,0,1,-0.8542198340766214,0,-0.5097110943083105,2,2,1,1,0,1,0,0,0,1,0,0,1,3,Loyal Low-Risk
0,0.0235587239120416,0,0,0,0,0,-1.487450280266981,0,-0.5982584700921447,2,0,0,0,0,0,0,1,1,0,0,0,0,2,Vulnerable High-Risk
1,0.2680224915699033,0,1,0,0,0,-0.1661426563264673,0,-0.4925840820018097,2,3,0,1,0,1,0,0,0,1,0,0,1,1,Stable Mid-Risk
0,0.3902543753988342,1,0,1,0,1,0.6482482062280629,1,-0.43825064452402,2,2,0,0,0,0,1,0,1,0,0,0,1,0,Critical Churn-Risk
0,-1.2802480369298874,0,0,0,0,1,-0.5384356220656811,0,2.169428598102251,0,1,0,0,0,1,0,0,1,0,0,0,1,2,Vulnerable High-Risk
0,-1.0357842692720256,0,0,0,1,1,0.4720738563693278,1,0.4856078171111931,0,1,1,0,0,0,1,0,1,0,0,0,1,0,Critical Churn-Risk
0,1.5310852911355222,0,1,0,1,0,1.3479595391575674,0,-0.4938911218347366,3,5,1,1,1,0,1,0,0,0,1,1,0,1,Stable Mid-Risk
0,1.3273654847539706,1,0,0,0,1,-1.3195860412506386,0,-0.6227019275535268,3,0,0,1,1,0,0,1,0,0,1,0,0,3,Loyal Low-Risk
0,-1.2802480369298874,0,1,0,0,0,-0.5002091121906725,0,2.236547970654754,0,1,0,0,0,1,0,0,1,0,0,0,1,2,Vulnerable High-Risk
0,-0.5876006952326126,1,0,0,1,1,0.9956108394400972,0,-0.0849836452058534,1,2,1,0,0,0,1,0,1,0,0,0,1,0,Critical Churn-Risk
0,-0.3431369275747509,1,0,0,1,1,0.9374400635433452,0,-0.2328612925595148,1,2,1,0,0,0,1,0,1,0,0,0,1,0,Critical Churn-Risk
0,1.24587756220135,1,1,1,0,1,0.2360667084453621,0,-0.5359563287218785,3,4,1,1,1,1,0,0,0,0,1,0,0,1,Stable Mid-Risk
1,0.4717422979514547,1,0,0,1,1,0.4238752134834474,0,-0.4659308818867578,2,3,1,1,0,1,0,0,0,1,0,0,0,1,Stable Mid-Risk
0,-1.1580161531009563,0,0,0,0,1,-1.494098368940895,0,-0.2036789566671221,0,0,0,0,0,0,0,1,1,0,0,0,1,2,Vulnerable High-Risk
0,-1.2802480369298874,0,0,0,0,1,0.181219976885567,1,3.4330237422428547,0,0,0,0,0,0,1,0,1,0,0,0,1,0,Critical Churn-Risk
1,0.1865345690172827,1,0,0,1,1,1.0122310611248837,0,-0.3745031355066966,2,2,1,0,0,0,1,0,1,0,0,0,1,0,Critical Churn-Risk
0,-0.9135523854430948,0,0,0,0,1,0.6582203392389346,1,0.2306603189967442,0,2,1,0,1,0,1,0,1,0,0,1,0,0,Critical Churn-Risk
0,0.0643026851883519,0,0,0,0,1,-1.3212480634191175,0,-0.5835495918835252,2,0,0,0,1,1,0,0,1,0,0,0,0,2,Vulnerable High-Risk
0,0.1050466464646622,0,1,0,1,0,-0.3871916047341255,0,-0.4947565447849101,2,4,1,1,1,1,0,0,0,1,0,1,0,1,Stable Mid-Risk
0,-1.1580161531009563,0,0,0,0,0,-1.4841262359300234,0,-0.196675196052948,0,0,0,0,0,0,0,1,1,0,0,0,1,2,Vulnerable High-Risk
0,0.2680224915699033,1,0,1,1,1,1.2116737213423197,0,-0.3716232997278421,2,3,1,0,0,0,1,0,1,0,0,0,1,0,Critical Churn-Risk
0,0.4309983366751445,0,0,0,1,1,1.1884054109836186,0,-0.400341371185583,2,4,1,1,1,0,1,0,0,1,0,0,0,1,Stable Mid-Risk
1,-0.6283446565089229,1,0,0,0,0,-1.3528264846202114,1,-0.5108068295257261,1,0,0,0,0,0,0,1,1,0,0,0,0,2,Vulnerable High-Risk
0,1.1643896396487294,1,0,0,0,0,-1.3129379525767242,0,-0.6194613475365416,3,0,0,1,1,0,0,1,0,0,1,0,0,3,Loyal Low-Risk
0,0.6754621043330061,1,1,0,0,0,0.2327426641084046,0,-0.4994711132724144,3,4,1,1,0,1,0,0,0,1,0,0,1,1,Stable Mid-Risk
0,-1.1580161531009563,0,0,0,0,0,-1.499084435446331,0,-0.2071808369742093,0,0,0,1,0,0,0,1,0,1,0,0,0,3,Loyal Low-Risk
1,1.2866215234776603,0,0,1,0,0,-0.4968850678537152,0,-0.5775720233007319,3,4,1,1,0,1,0,0,0,0,1,0,1,1,Stable Mid-Risk
0,-1.1987601143772668,0,0,0,0,1,0.1596136886953446,0,1.3639961274722128,0,0,0,0,0,0,1,0,1,0,0,0,0,0,Critical Churn-Risk
1,-1.2802480369298874,0,0,0,0,0,-1.4974224132778524,0,0.4856078171111931,0,0,0,0,0,0,0,1,1,0,0,0,1,2,Vulnerable High-Risk
0,0.3087664528462136,0,0,0,0,0,0.5319066544345585,0,-0.4370522320914566,2,2,0,1,0,0,1,0,0,1,0,0,1,3,Loyal Low-Risk
1,-1.2802480369298874,0,1,1,0,1,-0.1594945676525527,1,2.8347858564488044,0,3,0,0,0,1,0,0,1,0,0,0,1,2,Vulnerable High-Risk
0,-0.9950403079957154,1,0,0,0,1,0.7230392038096014,1,0.455452736689054,0,1,1,0,0,0,1,0,1,0,0,0,1,0,Critical Churn-Risk
0,-1.2802480369298874,0,0,0,0,1,-1.4608579255713223,1,0.5498089560744571,0,0,0,0,0,0,0,1,1,0,0,0,0,2,Vulnerable High-Risk
0,0.0643026851883519,0,0,1,1,0,-0.0198847055003474,0,-0.4529794832907053,2,3,1,1,1,1,0,0,0,1,0,0,0,1,Stable Mid-Risk
0,-1.2802480369298874,0,0,0,0,0,-0.9905056518918692,0,1.37566906182917,0,1,1,0,0,1,0,0,1,0,0,0,1,2,Vulnerable High-Risk
0,0.2680224915699033,0,0,0,1,1,-0.4669686688210999,1,-0.5189940959844251,2,3,1,0,0,1,0,0,1,0,0,0,1,2,Vulnerable High-Risk
0,1.0421577558197987,0,1,1,1,1,1.3529456056630036,1,-0.4583665566283229,3,5,1,1,1,0,1,0,0,1,0,1,0,1,Stable Mid-Risk
1,0.512486259227765,0,0,0,0,0,-1.5157046571311177,0,-0.6183726376701494,2,0,0,1,0,0,0,1,0,0,1,0,1,3,Loyal Low-Risk
0,-1.076528230548336,0,1,0,1,1,0.6765025830921999,1,0.7528346357829604,0,2,1,0,1,0,1,0,1,0,0,0,0,0,Critical Churn-Risk
0,0.4309983366751445,0,1,1,0,1,0.8593250216248496,0,-0.4266054734887364,2,4,0,1,1,0,1,0,0,1,0,1,0,1,Stable Mid-Risk
1,0.3495104141225239,0,0,0,0,1,-1.4891123024354591,0,-0.6115090489385224,2,0,0,1,0,0,0,1,0,0,1,0,0,3,Loyal Low-Risk
0,-1.1172721918246462,0,0,0,0,1,0.327477927711687,0,0.7852131322730915,0,1,0,0,0,0,1,0,1,0,0,0,1,0,Critical Churn-Risk
0,1.6125732136881423,0,1,1,1,1,-0.1196060356090654,0,-0.5692336858923217,3,5,1,1,1,1,0,0,0,0,1,1,0,1,Stable Mid-Risk
0,-1.1580161531009563,0,0,0,0,0,-1.4907743246039378,0,-0.2013443697957307,0,0,0,1,0,0,0,1,0,1,0,0,0,3,Loyal Low-Risk
1,-0.9542963467194052,0,0,1,0,0,-0.3323448731743307,0,-0.0274176478770703,0,2,0,0,0,1,0,0,1,0,0,0,0,2,Vulnerable High-Risk
0,1.6125732136881423,1,0,0,1,1,0.2875893956681997,0,-0.5496455426220855,3,3,1,1,1,1,0,0,0,0,1,1,0,1,Stable Mid-Risk
0,0.0235587239120416,0,0,1,0,1,-0.4437003584623989,0,-0.4904554880896587,2,1,0,1,0,1,0,0,0,1,0,0,0,3,Loyal Low-Risk
0,1.6125732136881423,1,1,0,0,0,0.5202724992552084,0,-0.5384523178962363,3,1,0,1,1,0,1,0,0,0,1,0,0,1,Stable Mid-Risk
0,-0.4246248501273714,0,1,1,0,1,-0.3522891391960741,1,-0.3920192149221991,1,2,0,0,0,1,0,0,1,0,0,0,1,2,Vulnerable High-Risk
0,1.5310852911355222,1,0,1,1,1,1.4859073791412942,1,-0.4870682094993322,3,5,1,1,0,0,1,0,0,1,0,0,1,1,Stable Mid-Risk
1,-0.4653688114036817,1,0,0,1,0,1.3163811179564735,1,-0.1131606566081731,1,4,1,0,0,0,1,0,1,0,0,0,1,0,Critical Churn-Risk
0,-0.7098325790615434,0,0,0,1,0,0.6814886495976356,0,-0.044781137733044,1,2,1,0,0,0,1,0,1,0,0,0,1,0,Critical Churn-Risk
0,-0.1394171211931994,1,0,1,0,1,0.4820459893801996,0,-0.3585398858027527,2,1,0,0,0,0,1,0,1,0,0,0,1,0,Critical Churn-Risk
1,-0.7098325790615434,0,0,1,1,0,0.3889727479453962,0,-0.1089822766963079,1,5,1,0,1,1,0,0,1,0,0,0,0,2,Vulnerable High-Risk
1,1.5718292524118322,1,1,0,1,1,1.3396494283151743,1,-0.496702033844403,3,4,1,0,1,0,1,0,1,0,0,1,0,1,Stable Mid-Risk
0,1.6125732136881423,1,0,0,0,0,-1.3096139082397669,0,-0.6264790352045222,3,0,0,1,1,0,0,1,0,0,1,0,0,3,Loyal Low-Risk
0,-0.5468567339563023,1,0,0,1,1,0.7330113368204731,0,-0.1601972761874571,1,1,1,0,0,0,1,0,1,0,0,0,1,0,Critical Churn-Risk
0,-1.2802480369298874,0,0,0,0,0,-1.5007464576148095,0,0.4797713499327145,0,0,0,0,0,0,0,1,1,0,0,0,0,2,Vulnerable High-Risk
0,-1.2802480369298874,0,0,0,0,1,0.3623803932497382,1,3.751111203469935,0,1,0,0,0,0,1,0,1,0,0,0,1,0,Critical Churn-Risk
0,-1.2395040756535771,0,0,0,0,0,-0.6398189743428778,0,1.1052460825596644,0,0,0,0,0,1,0,0,1,0,0,0,1,2,Vulnerable High-Risk
1,-0.8728084241667845,1,0,0,0,1,0.4421574573367123,0,0.0926190270936381,0,1,0,0,1,0,1,0,1,0,0,1,0,0,Critical Churn-Risk
0,-0.8320644628904743,0,0,0,0,0,-1.5123806127941604,0,-0.4937962713388784,0,0,0,1,0,0,0,1,0,1,0,0,0,3,Loyal Low-Risk
0,1.5310852911355222,1,0,1,1,1,1.5191478225108668,0,-0.4854241342377889,3,5,1,1,0,0,1,0,0,0,1,0,1,1,Stable Mid-Risk
0,-0.506112772679992,1,0,0,1,0,0.8643110881302852,1,-0.162379003204174,1,2,1,0,0,0,1,0,1,0,0,0,1,0,Critical Churn-Risk
0,-0.3838808888510611,0,0,0,0,1,-1.4791401694245876,0,-0.5683608808690561,1,0,0,0,1,0,0,1,1,0,0,0,0,2,Vulnerable High-Risk
0,0.6754621043330061,1,1,1,0,0,0.5501888982878235,0,-0.4771758086506265,3,5,1,1,1,1,0,0,0,0,1,1,0,1,Stable Mid-Risk
1,-1.1580161531009563,1,0,0,1,1,1.10198025822273,1,1.619633389889573,0,3,1,0,0,0,1,0,1,0,0,0,1,0,Critical Churn-Risk
0,-0.0171852373642686,1,1,1,1,1,1.4410327805923713,1,-0.2845405564853157,2,5,1,0,1,0,1,0,1,0,0,1,0,0,Critical Churn-Risk
1,-1.2395040756535771,0,0,0,0,1,-0.3157246514895444,0,1.4846164491607694,0,1,1,0,0,1,0,0,1,0,0,0,1,2,Vulnerable High-Risk
0,1.490341329859212,0,1,0,1,0,-0.2741740972775785,0,-0.5727938166546147,3,4,1,1,1,1,0,0,0,0,1,1,0,1,Stable Mid-Risk
0,-1.076528230548336,0,0,0,1,1,0.5219345214236869,1,0.6752930004117456,0,1,1,0,1,0,1,0,1,0,0,1,0,0,Critical Churn-Risk
1,-0.3431369275747509,0,0,0,0,1,-1.499084435446331,0,-0.5751117279054963,1,0,0,1,0,0,0,1,0,0,1,0,0,3,Loyal Low-Risk
0,-0.0171852373642686,1,0,0,1,1,1.304746962777123,0,-0.299043293110626,2,4,1,1,1,0,1,0,0,1,0,1,0,1,Stable Mid-Risk
0,-0.22090504374582,0,1,0,0,0,-0.3971637377449972,0,-0.4467678146507532,2,2,0,1,1,1,0,0,0,0,1,0,0,3,Loyal Low-Risk
0,-0.22090504374582,1,1,1,1,1,1.3130570736195162,1,-0.232277645841667,2,4,1,0,1,0,1,0,1,0,0,0,0,0,Critical Churn-Risk
0,1.0421577558197987,1,0,1,0,0,0.526920587929123,0,-0.5075313733690657,3,1,0,0,1,0,1,0,1,0,0,0,0,0,Critical Churn-Risk
0,-1.2802480369298874,0,0,0,0,1,0.2177844645920968,1,3.4972248812061184,0,0,0,0,0,0,1,0,1,0,0,0,0,0,Critical Churn-Risk
1,-0.5876006952326126,1,0,0,0,1,-1.3345442407669466,0,-0.5156534864809539,1,0,0,1,1,0,0,1,0,0,1,1,0,3,Loyal Low-Risk
1,0.5939741817803856,0,0,0,0,1,-1.445899726055015,0,-0.6152958044293211,2,0,0,1,1,0,0,1,0,0,1,0,0,3,Loyal Low-Risk
1,1.5310852911355222,1,0,1,1,1,1.509175689499995,0,-0.4859173568162518,3,5,1,1,0,0,1,0,0,0,1,0,1,1,Stable Mid-Risk
0,-0.791320501614164,1,0,1,0,0,0.8177744674128837,1,0.0783057861559409,1,3,0,0,0,0,1,0,1,0,0,0,1,0,Critical Churn-Risk
1,0.1457906077409725,0,1,0,0,0,-0.4569965358102282,0,-0.5060395049835453,2,1,0,0,1,1,0,0,1,0,0,1,0,2,Vulnerable High-Risk
0,1.4088534073065913,0,0,0,0,1,-1.495760391109374,0,-0.6331056123636489,3,0,0,1,0,0,0,1,0,0,1,0,0,3,Loyal Low-Risk
0,-0.9135523854430948,0,0,0,0,1,-1.4924363467724169,0,-0.4559204563624582,0,0,0,0,0,0,0,1,1,0,0,0,0,2,Vulnerable High-Risk
0,-0.5468567339563023,0,1,0,0,1,0.7479695363367809,0,-0.1575708659571417,1,2,1,0,0,0,1,0,1,0,0,0,1,0,Critical Churn-Risk
1,1.5718292524118322,0,0,0,0,0,-1.494098368940895,0,-0.6349128191125405,3,0,0,1,1,0,0,1,0,0,1,0,0,3,Loyal Low-Risk
1,1.6125732136881423,1,1,1,1,1,0.8177744674128837,0,-0.5241409805681861,3,6,1,1,0,1,0,0,0,0,1,0,0,1,Stable Mid-Risk
1,0.6347181430566958,0,0,0,0,0,-1.4891123024354591,0,-0.6194498206099218,2,0,0,1,0,0,0,1,0,0,1,0,0,3,Loyal Low-Risk
0,-1.2802480369298874,0,0,0,0,0,-1.487450280266981,0,0.5031172186466287,0,0,0,0,0,0,0,1,1,0,0,0,0,2,Vulnerable High-Risk
1,-0.5876006952326126,0,1,1,1,0,0.6133457406900117,0,-0.1556356163137514,1,5,1,0,0,1,0,0,1,0,0,0,1,2,Vulnerable High-Risk
0,-1.2802480369298874,0,0,0,0,0,-1.4691680364137156,1,0.5352177881282607,0,0,0,0,0,0,0,1,1,0,0,0,0,2,Vulnerable High-Risk
0,1.4088534073065913,1,0,1,1,0,1.2665204529021148,0,-0.4904554880896587,3,4,1,1,1,0,1,0,0,0,1,0,0,1,Stable Mid-Risk
1,1.490341329859212,0,1,1,0,0,-0.8542198340766214,0,-0.6018927744444578,3,3,0,1,0,1,0,0,0,0,1,0,0,1,Stable Mid-Risk
0,-0.5468567339563023,1,0,0,1,1,1.1684611449618754,1,-0.0837395561493881,1,3,1,0,0,0,1,0,1,0,0,0,1,0,Critical Churn-Risk
0,1.6125732136881423,1,1,1,1,1,1.6521095959891574,0,-0.4840052747654982,3,6,1,1,0,0,1,0,0,0,1,0,0,1,Stable Mid-Risk
0,0.227278530293593,0,0,0,0,0,-1.4824642137615447,0,-0.6066346367894635,2,0,0,1,0,0,0,1,0,0,1,0,0,3,Loyal Low-Risk
0,0.3087664528462136,0,0,0,0,0,-0.299104429804758,0,-0.5082286610972925,2,1,1,1,0,1,0,0,0,1,0,0,1,3,Loyal Low-Risk
1,1.1643896396487294,1,0,0,0,1,-1.349502440283254,0,-0.6215323520192275,3,0,0,1,0,0,0,1,0,0,1,0,0,3,Loyal Low-Risk
0,-0.9135523854430948,1,0,0,0,1,0.5385547431084732,1,0.1924579883739756,0,1,0,0,1,0,1,0,1,0,0,1,0,0,Critical Churn-Risk
0,-0.0171852373642686,1,1,1,1,1,0.2659831074779772,0,-0.4095824442181741,2,3,1,1,1,1,0,0,0,1,0,1,0,1,Stable Mid-Risk
0,-0.4653688114036817,1,0,0,1,1,1.1651371006249178,0,-0.1373024072100617,1,3,1,0,1,0,1,0,1,0,0,1,0,0,Critical Churn-Risk
0,1.082901717096109,1,0,0,1,1,1.1535029454455674,0,-0.4735182892187799,3,3,1,1,0,0,1,0,0,1,0,0,1,1,Stable Mid-Risk
0,-0.791320501614164,0,0,0,0,1,0.17789593254861,1,-0.0821970612522188,1,0,0,0,0,0,1,0,1,0,0,0,1,0,Critical Churn-Risk
0,0.5939741817803856,0,0,0,0,0,-1.4808021915930665,0,-0.6178492588199054,2,0,0,1,1,0,0,1,0,0,1,1,0,3,Loyal Low-Risk
1,1.490341329859212,1,0,0,0,1,-1.2896696422180234,0,-0.6237378373124774,3,0,0,1,1,0,0,1,0,0,1,0,0,3,Loyal Low-Risk
0,-1.2395040756535771,0,0,0,0,1,-1.4924363467724169,0,0.1072101950398345,0,0,0,0,1,0,0,1,1,0,0,1,0,2,Vulnerable High-Risk
1,-0.4246248501273714,0,0,0,0,0,-1.5206907236365534,0,-0.5704121030296083,1,0,0,0,1,0,0,1,1,0,0,0,0,2,Vulnerable High-Risk
0,-0.7098325790615434,1,1,0,1,1,1.0537816153368496,0,0.0369294027656555,1,3,1,0,0,0,1,0,1,0,0,0,1,0,Critical Churn-Risk
0,0.8384379494382472,0,0,0,0,0,-1.494098368940895,0,-0.624185608603948,3,0,0,1,1,0,0,1,0,0,1,1,0,3,Loyal Low-Risk
0,-0.1801610824695097,1,0,0,0,0,-1.2996417752288951,0,-0.5636481013370088,2,0,0,0,0,0,0,1,1,0,0,0,0,2,Vulnerable High-Risk
0,-0.4246248501273714,0,0,0,0,0,-1.4791401694245876,0,-0.5640681169660448,1,0,0,1,0,0,0,1,0,1,0,0,0,3,Loyal Low-Risk
0,-1.2802480369298874,0,0,0,0,1,0.17789593254861,1,3.4271872750643766,0,0,0,0,0,0,1,0,1,0,0,0,0,0,Critical Churn-Risk
0,-0.6690886177852331,0,0,1,0,1,0.8892414206574647,0,-0.0384726033563062,1,3,1,0,0,0,1,0,1,0,0,0,1,0,Critical Churn-Risk
1,0.6347181430566958,0,1,1,0,0,-0.8442477010657496,0,-0.5732345294823774,2,3,0,1,0,1,0,0,0,0,1,0,0,1,Stable Mid-Risk
0,-0.0986731599168891,1,1,1,1,1,1.359593694336918,0,-0.2690850436930397,2,5,1,0,1,0,1,0,1,0,0,0,0,0,Critical Churn-Risk
0,-1.1987601143772668,0,0,0,0,1,0.181219976885567,0,1.3829646458022682,0,0,0,0,0,0,1,0,1,0,0,0,1,0,Critical Churn-Risk
0,1.0014137945434884,1,1,1,0,0,0.9623703960705248,0,-0.4784155547823308,3,3,1,1,0,0,1,0,0,0,1,0,1,1,Stable Mid-Risk
0,1.4495973685829016,1,1,0,0,1,1.055443637505328,1,-0.5037579561217664,3,3,1,1,1,0,1,0,0,1,0,1,0,1,Stable Mid-Risk
0,-0.3838808888510611,0,0,1,1,0,-0.1594945676525527,0,-0.3752710917143911,1,2,1,1,1,1,0,0,0,1,0,0,0,1,Stable Mid-Risk
0,1.3273654847539706,0,0,1,1,1,-0.1661426563264673,0,-0.561330590858616,3,2,1,1,1,1,0,0,0,0,1,1,0,1,Stable Mid-Risk
0,0.4717422979514547,0,0,0,1,1,0.8593250216248496,0,-0.4319496729809494,2,2,1,1,1,0,1,0,0,1,0,0,0,1,Stable Mid-Risk
1,1.5718292524118322,1,1,0,1,1,1.4692871574565078,0,-0.4903791944010511,3,5,1,1,1,0,1,0,0,0,1,0,0,1,Stable Mid-Risk
0,0.1865345690172827,1,1,1,0,0,0.1097530236409856,0,-0.4579031796623241,2,3,0,1,1,1,0,0,0,1,0,1,0,1,Stable Mid-Risk
0,-0.8320644628904743,0,0,0,0,0,-1.4758161250876305,0,-0.4839191730368378,0,0,0,0,0,0,0,1,1,0,0,0,0,2,Vulnerable High-Risk
1,1.490341329859212,1,0,1,1,1,0.5701331643095673,0,-0.5304377405593705,3,5,1,1,1,1,0,0,0,0,1,0,0,1,Stable Mid-Risk
0,0.1050466464646622,0,1,0,0,0,-0.1412123237992878,0,-0.4707621797178317,2,3,0,0,0,1,0,0,1,0,0,0,1,2,Vulnerable High-Risk
0,-1.1172721918246462,0,0,1,0,1,0.0266519152170539,0,0.6091463723889886,0,3,1,0,1,1,0,0,1,0,0,0,0,2,Vulnerable High-Risk
1,1.0421577558197987,1,0,0,1,0,0.5884154081628322,0,-0.5038712159859521,3,1,1,1,1,0,1,0,0,0,1,0,0,1,Stable Mid-Risk
0,1.6125732136881423,1,1,1,0,1,0.5817673194889176,0,-0.5354941085044047,3,5,1,1,1,1,0,0,0,0,1,0,0,1,Stable Mid-Risk
0,1.6125732136881423,1,1,1,0,0,0.1114150458094646,0,-0.558120412771657,3,4,0,1,0,1,0,0,0,0,1,0,0,1,Stable Mid-Risk
0,-1.2802480369298874,0,0,0,0,0,-1.4791401694245876,0,0.5177083865928251,0,0,0,0,1,0,0,1,1,0,0,1,0,2,Vulnerable High-Risk
0,0.2680224915699033,0,1,1,1,1,1.0222031941357554,1,-0.3882572311865059,2,4,1,1,0,0,1,0,0,1,0,0,1,1,Stable Mid-Risk
1,0.8384379494382472,0,0,0,0,0,-1.4824642137615447,0,-0.6234290295252564,3,0,0,1,1,0,0,1,0,1,0,1,0,3,Loyal Low-Risk
0,-0.22090504374582,0,0,1,0,1,0.8111263787389692,0,-0.2952281132666854,2,3,1,0,0,0,1,0,1,0,0,0,1,0,Critical Churn-Risk
0,-1.2802480369298874,0,0,0,0,1,0.1612757108638236,1,3.398004939171984,0,0,0,0,0,0,1,0,1,0,0,0,1,0,Critical Churn-Risk
0,-1.2802480369298874,0,0,0,1,1,0.8144504230759262,1,4.544870739743016,0,2,1,0,0,0,1,0,1,0,0,0,1,0,Critical Churn-Risk
0,-0.5876006952326126,0,1,0,0,0,0.3324639942171226,0,-0.2075494559539027,1,1,0,0,0,0,1,0,1,0,0,0,1,0,Critical Churn-Risk
1,0.5532302205040753,0,0,0,0,1,-1.4824642137615447,0,-0.6169256689339493,2,0,0,1,0,0,0,1,0,0,1,0,0,3,Loyal Low-Risk
0,1.6125732136881423,1,1,1,1,1,0.6515722505650204,0,-0.5321361410866499,3,5,1,1,1,1,0,0,0,0,1,1,0,1,Stable Mid-Risk
0,0.1457906077409725,0,0,1,0,1,0.7562796471791741,1,-0.3908875849757256,2,3,1,0,0,0,1,0,1,0,0,0,1,0,Critical Churn-Risk
0,-1.1580161531009563,0,0,0,0,1,-1.3179240190821602,0,-0.0799458524833772,0,0,0,0,0,1,0,0,1,0,0,0,1,2,Vulnerable High-Risk
0,-0.3023929662984406,0,0,0,0,0,-1.495760391109374,0,-0.5782005659199526,2,0,0,1,1,0,0,1,0,0,1,1,0,3,Loyal Low-Risk
1,0.3087664528462136,0,0,0,1,1,-0.4636446244841425,0,-0.522321594040448,2,3,1,0,0,1,0,0,1,0,0,0,1,2,Vulnerable High-Risk
0,1.24587756220135,1,0,0,1,1,1.2499002312173284,0,-0.4803275009270049,3,4,1,0,0,0,1,0,1,0,0,0,1,0,Critical Churn-Risk
0,-0.7098325790615434,0,1,1,0,1,1.047133526662935,1,0.0354702859710358,1,4,1,0,0,0,1,0,1,0,0,0,0,0,Critical Churn-Risk
0,-0.7505765403378537,1,0,0,0,1,-0.3090765628156297,0,-0.2351958794309062,1,1,0,0,1,1,0,0,1,0,0,1,0,2,Vulnerable High-Risk
0,1.6125732136881423,1,0,1,1,1,1.4942174899836873,0,-0.4916006772580387,3,5,1,1,1,0,1,0,0,0,1,0,0,1,Stable Mid-Risk
0,0.2680224915699033,1,1,0,1,1,1.382862004695619,0,-0.3565943967432598,2,4,1,0,0,0,1,0,1,0,0,0,1,0,Critical Churn-Risk
1,0.5939741817803856,0,1,0,1,1,-0.1594945676525527,0,-0.5211827711763546,2,5,1,1,1,1,0,0,0,0,1,1,0,1,Stable Mid-Risk
0,-0.5468567339563023,1,1,1,0,1,0.7978302013911399,0,-0.1488161651894239,1,3,0,0,1,0,1,0,1,0,0,1,0,0,Critical Churn-Risk
0,-1.1172721918246462,1,0,0,1,1,0.6781646052606785,1,0.9904622280495868,0,1,1,0,0,0,1,0,1,0,0,0,1,0,Critical Churn-Risk
0,-0.791320501614164,0,0,0,0,1,-0.987181607554912,1,-0.3744373106888942,1,1,1,0,0,1,0,0,1,0,0,0,1,2,Vulnerable High-Risk
0,-0.6283446565089229,1,0,0,0,0,0.5069763219073791,0,-0.1479731199303103,1,1,0,0,1,0,1,0,1,0,0,0,0,0,Critical Churn-Risk
0,0.0643026851883519,1,0,0,0,1,0.3573943267443021,0,-0.4151258247331446,2,0,0,0,0,0,1,0,1,0,0,0,1,0,Critical Churn-Risk
0,0.3902543753988342,0,0,0,0,1,-0.5068572008645872,0,-0.532584241943615,2,1,0,0,0,1,0,0,1,0,0,0,1,2,Vulnerable High-Risk
0,-1.1172721918246462,1,0,0,0,1,0.5485268761193449,1,0.9145881547293656,0,1,0,0,0,0,1,0,1,0,0,0,1,0,Critical Churn-Risk
1,1.5718292524118322,1,0,0,0,0,-1.359474573294126,0,-0.6283467935367522,3,0,0,1,1,0,0,1,0,0,1,1,0,3,Loyal Low-Risk
0,-0.5468567339563023,0,1,0,1,0,0.0532442699127125,0,-0.2795530299873431,1,3,1,0,1,1,0,0,1,0,0,0,0,2,Vulnerable High-Risk
1,-1.2395040756535771,0,0,0,0,1,-1.5024084797832884,1,0.0955372606828776,0,0,0,0,0,0,0,1,1,0,0,0,1,2,Vulnerable High-Risk
0,1.0014137945434884,0,0,0,0,0,-1.5290008344789463,0,-0.6292580427226641,3,0,0,1,1,0,0,1,0,0,1,1,0,3,Loyal Low-Risk
0,1.6125732136881423,1,0,1,1,1,1.4493428914347644,0,-0.4937593705980239,3,5,1,1,0,0,1,0,0,0,1,0,1,1,Stable Mid-Risk
0,-1.076528230548336,0,0,0,0,1,0.703094937787858,0,0.7661751321909114,0,2,1,0,0,0,1,0,1,0,0,0,0,0,Critical Churn-Risk
1,-0.6283446565089229,1,0,0,0,1,0.6864747161030716,1,-0.112954316859439,1,1,1,0,0,0,1,0,1,0,0,0,1,0,Critical Churn-Risk
0,1.1643896396487294,1,0,0,1,0,0.5352306987715161,0,-0.5147814845935071,3,4,1,1,1,1,0,0,0,0,1,0,0,1,Stable Mid-Risk
1,-1.2802480369298874,0,0,0,0,1,0.2061503094127465,1,3.476797246081444,0,0,0,0,0,0,1,0,1,0,0,0,1,0,Critical Churn-Risk
1,0.6347181430566958,1,1,1,1,0,1.5623603988913113,0,-0.4007609687795831,2,6,1,1,1,0,1,0,0,0,1,1,0,1,Stable Mid-Risk
0,-0.6690886177852331,0,0,0,0,1,-1.4691680364137156,0,-0.5256459519598969,1,0,0,0,1,0,0,1,1,0,0,1,0,2,Vulnerable High-Risk
0,-0.9542963467194052,1,0,0,0,1,0.6731785387552424,1,0.325688616420881,0,1,1,0,0,0,1,0,1,0,0,0,1,0,Critical Churn-Risk
0,-1.1987601143772668,0,0,0,0,0,-0.6713973955439717,0,0.6344377301623958,0,0,0,0,0,1,0,0,1,0,0,0,1,2,Vulnerable High-Risk
1,-1.2802480369298874,0,0,0,0,1,-0.6780454842178864,1,1.924296976606152,0,0,0,0,0,1,0,0,1,0,0,0,1,2,Vulnerable High-Risk
0,1.3273654847539706,1,0,0,1,0,1.3396494283151743,0,-0.4812118141358653,3,4,1,1,1,0,1,0,0,0,1,1,0,1,Stable Mid-Risk
1,1.5310852911355222,1,1,1,1,1,1.67371588417938,0,-0.4777791842716127,3,6,1,1,1,0,1,0,0,0,1,1,0,1,Stable Mid-Risk
0,1.1236456783724194,0,1,0,1,1,-0.1661426563264673,0,-0.5526614220242142,3,2,1,1,0,1,0,0,0,1,0,0,0,1,Stable Mid-Risk
0,1.490341329859212,1,0,0,0,1,-1.2796975092071516,0,-0.6232375686971794,3,0,0,1,0,0,0,1,0,1,0,0,1,3,Loyal Low-Risk
0,0.1050466464646622,0,0,0,0,0,0.1911921098964387,0,-0.4383373620596176,2,0,0,0,0,0,1,0,1,0,0,0,1,0,Critical Churn-Risk
0,-0.4246248501273714,0,0,0,0,1,-1.487450280266981,0,-0.5653369141787574,1,0,0,0,0,0,0,1,1,0,0,0,0,2,Vulnerable High-Risk
1,1.368109446030281,1,0,0,1,0,0.5003282332334644,0,-0.5279774643095088,3,4,1,1,1,1,0,0,0,0,1,0,0,1,Stable Mid-Risk
0,-1.2802480369298874,0,0,0,0,1,0.1828819990540456,1,3.435941975832094,0,0,0,0,0,0,1,0,1,0,0,0,1,0,Critical Churn-Risk
0,-1.2802480369298874,0,0,0,1,1,0.4837080115486781,1,3.964142255484401,0,1,1,0,1,0,1,0,1,0,0,0,0,0,Critical Churn-Risk
1,0.0643026851883519,1,0,0,0,1,0.8393807556031058,0,-0.3667665252543224,2,2,1,0,1,0,1,0,1,0,0,1,0,0,Critical Churn-Risk
1,1.6125732136881423,1,0,0,0,0,-1.3411923294408608,0,-0.6279981157030302,3,0,0,1,1,0,0,1,0,0,1,0,0,3,Loyal Low-Risk
1,-0.0579291986405789,0,1,1,1,0,-0.1611565898210313,0,-0.4484093210447003,2,5,1,1,0,1,0,0,0,1,0,0,1,1,Stable Mid-Risk
1,-0.0986731599168891,1,0,0,0,0,-1.3112759304082455,0,-0.5716399712999756,2,0,0,1,1,0,0,1,0,1,0,0,0,3,Loyal Low-Risk
0,-0.9542963467194052,0,0,0,1,1,0.8643110881302852,1,0.3928079889733843,0,2,1,0,1,0,1,0,1,0,0,0,0,0,Critical Churn-Risk
1,-0.506112772679992,0,0,0,0,1,0.1878680655594816,1,-0.2754952956632581,1,0,0,0,0,0,1,0,1,0,0,0,1,0,Critical Churn-Risk
0,-0.5468567339563023,0,0,0,0,1,-1.0137739622505704,0,-0.4669036264165042,1,2,0,0,1,1,0,0,1,0,0,1,0,2,Vulnerable High-Risk
0,1.3273654847539706,1,1,0,1,1,1.3379874061466956,0,-0.4813002454567512,3,4,1,0,0,0,1,0,1,0,0,0,1,0,Critical Churn-Risk
1,-0.0986731599168891,0,0,0,0,0,-1.5123806127941604,0,-0.5944210206095207,2,0,0,1,0,0,0,1,0,0,1,0,0,3,Loyal Low-Risk
0,-1.076528230548336,0,0,0,0,0,-1.517366679299596,0,-0.3477563178729924,0,0,0,1,0,0,0,1,0,1,0,0,0,3,Loyal Low-Risk
0,-1.2395040756535771,0,0,0,1,0,-0.4453623806308777,0,1.3328683025203274,0,3,1,0,0,1,0,0,1,0,0,0,1,2,Vulnerable High-Risk
1,0.8384379494382472,1,1,1,0,0,0.2344046862768831,0,-0.5117795740554725,3,3,1,0,0,1,0,0,1,0,0,0,1,1,Stable Mid-Risk
0,-1.0357842692720256,1,0,0,0,1,0.3524082602388664,0,0.4330796125048863,0,0,0,0,0,0,1,0,1,0,0,0,1,0,Critical Churn-Risk
1,1.1643896396487294,0,1,0,0,1,-0.5018711343591511,0,-0.5735227026478718,3,1,0,1,1,1,0,0,0,1,0,0,0,1,Stable Mid-Risk
0,1.5310852911355222,0,0,0,1,1,-0.6497911073537496,1,-0.592700045053486,3,2,1,1,0,1,0,0,0,1,0,0,1,1,Stable Mid-Risk
0,-0.791320501614164,1,1,0,1,1,0.4637637455269347,0,-0.0104918930594825,1,4,1,0,0,1,0,0,1,0,0,0,1,2,Vulnerable High-Risk
0,0.1050466464646622,1,0,0,0,1,0.5584990091302167,0,-0.402507938547291,2,1,0,1,1,0,1,0,0,1,0,0,0,3,Loyal Low-Risk
0,-1.2395040756535771,0,0,0,0,1,0.1862060433910031,0,2.0721541451276093,0,0,0,0,1,0,1,0,1,0,0,1,0,0,Critical Churn-Risk
0,-1.1987601143772668,1,0,0,0,1,0.3657044375866952,1,1.5449266100050476,0,0,0,0,0,0,1,0,1,0,0,0,1,0,Critical Churn-Risk
0,-1.1987601143772668,1,0,0,0,0,0.375676570597567,0,1.5536813107727652,0,0,0,0,0,0,1,0,1,0,0,0,1,0,Critical Churn-Risk
0,1.2051336009250395,1,0,0,1,1,0.970680506912918,0,-0.4929268586456252,3,2,1,1,1,0,1,0,0,1,0,0,0,1,Stable Mid-Risk
1,1.6125732136881423,1,1,1,0,0,1.301422918440166,0,-0.5008750634594568,3,5,1,1,1,0,1,0,0,0,1,1,0,1,Stable Mid-Risk
0,1.24587756220135,0,0,0,0,1,-1.4907743246039378,0,-0.6307077255724909,3,0,0,1,1,0,0,1,0,0,1,0,0,3,Loyal Low-Risk
0,-0.506112772679992,0,0,0,0,0,0.2161224424236182,1,-0.2707705365187755,1,0,0,0,1,0,1,0,1,0,0,1,0,0,Critical Churn-Risk
0,0.1050466464646622,1,1,1,1,1,1.5291199555217383,0,-0.3078274709853059,2,6,1,1,1,0,1,0,0,1,0,0,0,1,Stable Mid-Risk
0,-0.4653688114036817,0,0,0,0,1,0.1429934670105583,1,-0.3004581942448027,1,0,0,0,0,0,1,0,1,0,0,0,1,0,Critical Churn-Risk
0,1.2051336009250395,1,1,0,0,0,1.0404854379890205,0,-0.4890358805266395,3,3,1,1,0,0,1,0,0,1,0,0,1,1,Stable Mid-Risk
0,-0.7098325790615434,1,0,0,0,1,-0.5317875333917667,0,-0.3110699527511272,1,0,0,0,0,1,0,0,1,0,0,0,0,2,Vulnerable High-Risk
0,0.9199258719908678,0,1,0,0,1,-0.4736167574950145,0,-0.561725373541143,3,1,0,0,1,1,0,0,1,0,0,1,0,2,Vulnerable High-Risk
0,-0.8728084241667845,0,0,0,0,1,-0.6697353733754932,0,-0.2327640181065402,0,0,0,0,0,1,0,0,1,0,0,0,0,2,Vulnerable High-Risk
1,-0.6283446565089229,1,0,0,1,0,0.779547957537875,1,-0.0947964189708392,1,2,1,0,0,0,1,0,1,0,0,0,1,0,Critical Churn-Risk
0,1.1643896396487294,0,0,0,0,0,-1.5073945462887242,0,-0.6304753259217349,3,0,0,1,1,0,0,1,0,1,0,0,0,3,Loyal Low-Risk
0,1.5718292524118322,1,1,1,1,0,0.8144504230759262,0,-0.522317639794392,3,6,1,1,1,1,0,0,0,0,1,1,0,1,Stable Mid-Risk
0,-1.2395040756535771,0,0,0,0,0,0.1729098660431739,1,2.056590232651666,0,0,0,0,1,0,1,0,1,0,0,0,0,0,Critical Churn-Risk
0,0.1050466464646622,0,0,0,0,0,-1.5140426349626388,0,-0.6046766766462559,2,0,0,1,0,0,0,1,0,0,1,0,0,3,Loyal Low-Risk
0,-0.6283446565089229,0,0,0,0,0,0.1895300877279602,0,-0.2099045216574993,1,0,0,0,1,0,1,0,1,0,0,0,0,0,Critical Churn-Risk
0,-0.4653688114036817,1,0,0,1,1,1.082035992200986,1,-0.1505671053429675,1,2,1,0,0,0,1,0,1,0,0,0,1,0,Critical Churn-Risk
0,0.5939741817803856,0,0,0,0,0,-1.5007464576148095,0,-0.619308375614525,2,0,0,1,1,0,0,1,0,0,1,0,0,3,Loyal Low-Risk
0,-1.1987601143772668,0,0,0,0,0,-1.4608579255713223,0,-0.0586427472819304,0,0,0,0,0,0,0,1,1,0,0,0,0,2,Vulnerable High-Risk
0,-1.1987601143772668,0,0,0,0,1,-1.5007464576148095,0,-0.0936615503528017,0,0,0,0,0,0,0,1,1,0,0,0,0,2,Vulnerable High-Risk
0,0.4717422979514547,0,0,0,0,1,-1.5107185906256817,0,-0.6169008329034027,2,0,0,1,1,0,0,1,0,0,1,1,0,3,Loyal Low-Risk
0,-1.2802480369298874,0,0,0,0,1,-0.6913416615657154,0,1.9009511078922383,0,0,0,0,0,1,0,0,1,0,0,0,0,2,Vulnerable High-Risk
1,0.4717422979514547,1,0,0,0,0,0.9839766842607472,0,-0.4222222276834851,2,3,1,1,0,0,1,0,0,1,0,0,1,1,Stable Mid-Risk
1,-1.1172721918246462,1,0,0,0,1,-1.2929936865549807,1,-0.163212784229671,0,0,0,0,1,0,0,1,1,0,0,0,0,2,Vulnerable High-Risk
0,-0.3431369275747509,1,1,0,0,1,-0.3040904963101938,1,-0.4072549318524535,1,1,0,0,1,1,0,0,1,0,0,0,0,2,Vulnerable High-Risk
1,-1.2802480369298874,0,0,0,0,1,0.1612757108638236,1,3.398004939171984,0,0,0,0,0,0,1,0,1,0,0,0,1,0,Critical Churn-Risk
0,-0.5876006952326126,0,1,0,0,1,0.3524082602388664,0,-0.2038632661569688,1,1,0,0,0,0,1,0,1,0,0,0,1,0,Critical Churn-Risk
0,-0.9135523854430948,1,0,0,1,1,1.1900674331520973,1,0.4004484550979379,0,3,1,0,0,0,1,0,1,0,0,0,1,0,Critical Churn-Risk
0,1.3273654847539706,0,1,0,0,0,0.2061503094127465,0,-0.5415219749801434,3,4,1,1,1,1,0,0,0,0,1,0,0,1,Stable Mid-Risk
0,-1.2802480369298874,0,0,0,0,1,0.7047569599563366,1,4.3522673228532245,0,2,1,0,0,0,1,0,1,0,0,0,1,0,Critical Churn-Risk
0,0.8384379494382472,1,1,0,1,1,1.401144248548884,1,-0.4359055007352515,3,4,1,1,1,0,1,0,0,1,0,1,0,1,Stable Mid-Risk
0,-1.1987601143772668,0,0,0,0,0,-1.449223770391972,0,-0.048428929719593,0,0,0,1,0,0,0,1,0,1,0,0,0,3,Loyal Low-Risk
0,0.0235587239120416,0,1,1,0,1,-0.1245921021145015,0,-0.4574966146111917,2,3,0,1,0,1,0,0,0,0,1,0,0,1,Stable Mid-Risk
0,-1.1987601143772668,0,0,0,0,1,-1.1700040460875616,1,0.1967026917765055,0,1,0,0,0,1,0,0,1,0,0,0,1,2,Vulnerable High-Risk
0,0.0643026851883519,0,1,1,1,1,0.503652277570422,0,-0.4004512786843985,2,5,1,1,1,1,0,0,0,1,0,0,0,1,Stable Mid-Risk
1,-0.7505765403378537,0,0,0,0,1,-1.499084435446331,0,-0.5137899127502817,1,0,0,1,0,0,0,1,0,0,1,0,0,3,Loyal Low-Risk
0,-0.791320501614164,0,0,0,0,1,-1.4791401694245876,0,-0.4978369024624404,1,0,0,0,0,0,0,1,1,0,0,0,0,2,Vulnerable High-Risk
0,0.5532302205040753,0,0,1,1,1,-0.16281861198951,1,-0.5183266276634821,2,5,1,1,1,1,0,0,0,1,0,0,0,1,Stable Mid-Risk
1,-0.3838808888510611,1,0,0,0,0,-1.344516373777818,0,-0.548662804141691,1,0,0,1,0,0,0,1,0,1,0,0,0,3,Loyal Low-Risk
1,0.5939741817803856,0,0,0,0,0,-1.4974224132778524,0,-0.6190651894820884,2,0,0,1,0,0,0,1,0,0,1,0,0,3,Loyal Low-Risk
1,-0.6283446565089229,0,1,0,0,1,-0.4819268683374076,0,-0.3409007849966842,1,1,0,0,0,1,0,0,1,0,0,0,0,2,Vulnerable High-Risk
1,0.6754621043330061,1,0,0,1,1,1.023865216304234,1,-0.4439079457332988,3,2,1,0,0,0,1,0,1,0,0,0,1,0,Critical Churn-Risk
0,1.082901717096109,0,0,0,1,1,-0.4835888905058862,0,-0.5693336253988025,3,3,1,0,0,1,0,0,1,0,0,0,1,2,Vulnerable High-Risk
0,1.490341329859212,1,1,1,1,1,0.6831506717661141,0,-0.5247680295859914,3,5,1,1,1,1,0,0,0,0,1,1,0,1,Stable Mid-Risk
0,-0.8728084241667845,0,0,0,1,1,-0.7711187256526897,1,-0.2624327262638061,0,2,1,1,0,1,0,0,0,1,0,0,1,2,Vulnerable High-Risk
0,-0.9135523854430948,0,1,0,0,1,-0.4370522697884845,0,-0.1189971237866517,0,1,0,0,0,1,0,0,1,0,0,0,0,2,Vulnerable High-Risk
1,-0.8320644628904743,1,0,0,0,1,-1.3561505289571687,0,-0.4515941240483412,0,0,0,1,1,0,0,1,0,0,1,0,0,3,Loyal Low-Risk
0,0.512486259227765,1,0,0,1,1,1.1983775439944904,1,-0.4111780528341613,2,3,1,0,1,0,1,0,1,0,0,1,0,0,Critical Churn-Risk
1,0.2680224915699033,0,0,0,1,1,-0.1644806341579885,0,-0.4924381703223478,2,2,1,0,0,1,0,0,1,0,0,0,0,2,Vulnerable High-Risk
0,1.5718292524118322,1,0,0,0,0,-1.3079518860712882,0,-0.6258338701682407,3,0,0,1,1,0,0,1,0,0,1,1,0,3,Loyal Low-Risk
1,1.5718292524118322,1,0,0,0,0,-1.359474573294126,0,-0.6283467935367522,3,0,0,1,1,0,0,1,0,0,1,1,0,3,Loyal Low-Risk
1,0.0235587239120416,1,0,0,0,0,-1.3511644624517327,0,-0.5841822845440494,2,0,0,1,1,0,0,1,0,1,0,1,0,3,Loyal Low-Risk
0,1.4088534073065913,1,0,0,0,1,0.3623803932497382,0,-0.5371472255174871,3,0,0,0,0,0,1,0,1,0,0,0,0,0,Critical Churn-Risk
1,0.1865345690172827,0,1,0,0,0,-0.8176553463700914,1,-0.5436070924410352,2,3,0,0,1,1,0,0,1,0,0,0,0,2,Vulnerable High-Risk
1,0.6754621043330061,1,0,0,1,0,0.6548962949019775,1,-0.4698218600057435,3,1,1,0,0,0,1,0,1,0,0,0,1,0,Critical Churn-Risk
0,-0.9542963467194052,0,0,0,0,0,-0.4636446244841425,0,-0.0735257385870507,0,1,0,0,0,1,0,0,1,0,0,0,0,2,Vulnerable High-Risk
0,0.797693988161937,1,1,1,0,1,0.8909034428259432,0,-0.4653509059029844,3,3,0,1,1,0,1,0,0,0,1,1,0,1,Stable Mid-Risk
0,1.5310852911355222,1,0,0,1,0,1.1335586794238242,0,-0.5044954072716906,3,3,1,1,0,0,1,0,0,1,0,0,1,1,Stable Mid-Risk
0,-1.2802480369298874,0,0,0,0,1,0.6715165165867639,0,4.293902651068439,0,2,1,0,0,0,1,0,1,0,0,0,1,0,Critical Churn-Risk
0,-0.7505765403378537,1,0,0,0,1,0.4704118342008493,1,-0.0527090056504773,1,1,0,0,0,0,1,0,1,0,0,0,1,0,Critical Churn-Risk
0,-1.2802480369298874,0,0,0,0,1,-0.6813695285548437,0,1.918460509427674,0,0,0,0,0,1,0,0,1,0,0,0,0,2,Vulnerable High-Risk
0,-1.2802480369298874,0,0,0,0,0,-1.4824642137615447,1,0.5118719194143465,0,0,0,0,0,0,0,1,1,0,0,0,0,2,Vulnerable High-Risk
0,0.797693988161937,1,0,0,0,1,0.5119623884128152,0,-0.4904587269726657,3,1,0,1,0,0,1,0,0,1,0,0,0,3,Loyal Low-Risk
0,-1.076528230548336,0,0,0,1,0,-0.1295781686199374,0,0.3484508384169474,0,2,1,0,0,1,0,0,1,0,0,0,0,2,Vulnerable High-Risk
0,-1.0357842692720256,0,1,0,0,0,-1.0170980065875277,0,-0.168076506878403,0,2,0,0,0,1,0,0,1,0,0,0,0,2,Vulnerable High-Risk
0,0.5939741817803856,1,0,0,0,1,0.6781646052606785,1,-0.4598998658023299,2,2,0,0,1,0,1,0,1,0,0,0,0,0,Critical Churn-Risk
0,-0.2616490050221303,0,1,1,0,1,0.7429834698313453,0,-0.2903180694498702,2,3,0,1,1,0,1,0,0,1,0,1,0,1,Stable Mid-Risk
1,-0.3023929662984406,0,1,1,0,0,-0.348965094859117,0,-0.4233097061834068,2,2,0,0,0,1,0,0,1,0,0,0,1,2,Vulnerable High-Risk
0,1.490341329859212,0,0,0,0,1,-1.5190287014680746,0,-0.6352440154643352,3,0,0,1,0,0,0,1,0,0,1,0,0,3,Loyal Low-Risk
0,1.6125732136881423,1,1,1,1,1,1.5939388200924054,0,-0.4868035809469604,3,6,1,1,1,0,1,0,0,0,1,1,0,1,Stable Mid-Risk
0,-1.1580161531009563,0,0,0,0,1,-1.4907743246039378,0,-0.2013443697957307,0,0,0,0,0,0,0,1,1,0,0,0,0,2,Vulnerable High-Risk
1,1.082901717096109,0,0,0,0,0,-1.5057325241202455,0,-0.6291574139782076,3,0,0,1,0,0,0,1,0,0,1,0,0,3,Loyal Low-Risk
0,1.4088534073065913,0,1,0,0,0,0.0249898930485754,0,-0.5545707966532392,3,3,1,1,1,1,0,0,0,0,1,0,0,1,Stable Mid-Risk
0,-0.2616490050221303,0,0,0,0,1,0.4654257676954133,0,-0.3264176997760152,2,1,1,0,0,0,1,0,1,0,0,0,1,0,Critical Churn-Risk
0,-0.22090504374582,0,0,1,1,0,0.4454815016736698,0,-0.3410860696690168,2,5,1,1,0,1,0,0,0,1,0,0,0,1,Stable Mid-Risk
1,1.6125732136881423,1,1,0,1,0,1.3446354948206105,0,-0.4987963217246561,3,4,1,1,1,0,1,0,0,0,1,0,0,1,Stable Mid-Risk
0,-1.076528230548336,0,0,1,0,1,0.8127884009074476,0,0.821204679873709,0,3,1,0,0,0,1,0,1,0,0,0,1,0,Critical Churn-Risk
1,1.2051336009250395,0,0,0,0,0,-1.4675060142452372,0,-0.6288331658016254,3,0,0,1,1,0,0,1,0,0,1,1,0,3,Loyal Low-Risk
0,-0.506112772679992,1,0,1,1,1,0.1296972896627295,0,-0.2852227409607223,1,3,1,1,0,1,0,0,0,1,0,0,1,1,Stable Mid-Risk
0,-1.076528230548336,0,1,1,1,0,0.4604397011899776,0,0.644443102468359,0,5,1,0,1,1,0,0,1,0,0,1,0,2,Vulnerable High-Risk
0,0.7569500268856267,1,0,0,0,0,-1.3312201964299892,0,-0.6115357726893397,3,0,0,1,0,0,0,1,0,0,1,0,0,3,Loyal Low-Risk
1,1.1643896396487294,0,0,0,0,0,-1.4974224132778524,0,-0.6299105065173661,3,0,0,1,1,0,0,1,0,0,1,1,0,3,Loyal Low-Risk
0,1.2051336009250395,1,1,0,0,1,0.8078023344020117,0,-0.5020058075899251,3,3,0,0,0,0,1,0,1,0,0,0,1,0,Critical Churn-Risk
0,1.6125732136881423,1,1,1,0,1,0.6615443835758922,0,-0.5316564314555421,3,2,0,1,1,0,1,0,0,0,1,0,0,1,Stable Mid-Risk
0,-0.791320501614164,0,0,0,1,1,1.1036422803912085,1,0.1500109543486772,1,4,1,0,0,0,1,0,1,0,0,0,1,0,Critical Churn-Risk
0,-1.1172721918246462,0,0,0,1,1,0.9856387064292256,1,1.1704199660526748,0,3,1,0,0,0,1,0,1,0,0,0,1,0,Critical Churn-Risk
0,-1.1987601143772668,1,0,0,1,1,1.3363253839782172,1,2.3970508180629144,0,4,1,0,0,0,1,0,1,0,0,0,1,0,Critical Churn-Risk
0,-0.2616490050221303,1,0,0,0,1,0.9656944404074818,1,-0.2613518990085323,2,3,1,0,0,0,1,0,1,0,0,0,1,0,Critical Churn-Risk
0,-0.791320501614164,0,0,0,1,1,-0.16281861198951,0,-0.1676596163656546,1,2,1,0,0,1,0,0,1,0,0,0,1,2,Vulnerable High-Risk
1,0.227278530293593,0,0,0,0,1,-1.4907743246039378,0,-0.6073829018123453,2,0,0,1,0,0,0,1,0,0,1,0,0,3,Loyal Low-Risk
0,-0.9950403079957154,1,0,0,0,1,0.6382760732171912,1,0.4223794226776757,0,1,1,0,0,0,1,0,1,0,0,0,1,0,Critical Churn-Risk
1,0.0643026851883519,1,0,1,1,1,1.4659631131195507,0,-0.3038994359318536,2,5,1,0,0,0,1,0,1,0,0,0,1,0,Critical Churn-Risk
0,-0.5876006952326126,0,1,0,0,0,-1.037042272609271,0,-0.4606678220100245,1,2,0,0,0,1,0,0,1,0,0,0,0,2,Vulnerable High-Risk
1,0.960669833267178,0,0,1,0,1,0.6997708934509005,0,-0.4912836761567804,3,3,0,1,0,0,1,0,0,1,0,0,0,1,Stable Mid-Risk
0,0.1457906077409725,0,0,1,0,1,-0.9954917183973052,0,-0.5571480283842764,2,2,0,0,1,1,0,0,1,0,0,0,0,2,Vulnerable High-Risk
0,-0.9542963467194052,0,0,0,1,1,-0.5334495555602452,1,-0.0980389007366606,0,3,1,0,0,1,0,0,1,0,0,0,1,2,Vulnerable High-Risk
0,-1.2802480369298874,0,0,0,1,1,0.6665304500813278,1,4.285147950300721,0,2,1,0,0,0,1,0,1,0,0,0,1,0,Critical Churn-Risk
0,-0.8320644628904743,0,1,1,0,0,-0.2708500529406212,1,-0.1584238880832271,0,2,0,0,0,1,0,0,1,0,0,0,0,2,Vulnerable High-Risk
1,1.0014137945434884,0,0,1,1,1,1.013893083293362,0,-0.4752960637041785,3,4,1,0,1,0,1,0,1,0,0,1,0,1,Stable Mid-Risk
0,0.3902543753988342,0,1,1,0,0,0.3025475951845074,1,-0.4664828578524743,2,5,1,1,1,1,0,0,0,1,0,1,0,1,Stable Mid-Risk
1,0.0235587239120416,1,0,0,0,1,-1.3395303072723823,1,-0.5829806589484803,2,0,0,1,0,0,0,1,0,0,1,0,0,3,Loyal Low-Risk
0,1.5310852911355222,0,1,1,0,0,0.6582203392389346,0,-0.5280056835117591,3,3,0,1,1,0,1,0,0,0,1,0,0,1,Stable Mid-Risk
0,1.4495973685829016,0,0,1,0,0,-0.6597632403646212,0,-0.591051204356402,3,3,1,0,0,1,0,0,1,0,0,0,1,2,Vulnerable High-Risk
1,-1.2802480369298874,0,0,0,0,1,-1.3328822185984677,0,0.7745129424458806,0,0,0,0,0,1,0,0,1,0,0,0,1,2,Vulnerable High-Risk
0,0.1865345690172827,1,0,1,1,0,1.1800953001412255,0,-0.3589904201112668,2,3,1,0,1,0,1,0,1,0,0,1,0,0,Critical Churn-Risk
1,-1.1580161531009563,1,0,0,0,1,-1.3079518860712882,0,-0.0729420918692029,0,0,0,0,0,0,0,1,1,0,0,0,0,2,Vulnerable High-Risk
0,-1.2802480369298874,0,1,0,0,1,-0.4686306909895784,0,2.2919944088503006,0,1,0,0,0,1,0,0,1,0,0,0,0,2,Vulnerable High-Risk
0,-0.506112772679992,0,1,1,1,1,-0.325696784500416,0,-0.3613747412894422,1,5,1,0,1,1,0,0,1,0,0,1,0,2,Vulnerable High-Risk
1,1.6125732136881423,0,1,1,1,0,0.1197251566518578,0,-0.5577206547457338,3,4,1,1,1,1,0,0,0,0,1,0,0,1,Stable Mid-Risk
0,-0.0579291986405789,1,0,0,0,1,0.8343946890976701,1,-0.3391579510475552,2,2,1,0,0,0,1,0,1,0,0,0,1,0,Critical Churn-Risk
0,-0.5876006952326126,0,0,0,0,0,0.4571156568530201,1,-0.1845107697230663,1,1,1,0,0,0,1,0,1,0,0,0,1,0,Critical Churn-Risk
0,-0.8728084241667845,0,0,0,1,1,-0.3240347623319375,0,-0.1315985870129123,0,1,1,0,1,1,0,0,1,0,0,0,0,2,Vulnerable High-Risk
1,0.0235587239120416,0,0,0,0,0,-1.495760391109374,0,-0.5991167740889798,2,0,0,1,1,0,0,1,0,0,1,1,0,3,Loyal Low-Risk
0,1.2051336009250395,1,0,0,1,0,0.653234272733499,0,-0.5106215448533935,3,1,1,1,0,0,1,0,0,1,0,0,1,1,Stable Mid-Risk
0,-1.2802480369298874,0,0,1,0,0,-0.960589252859254,0,1.4281972664354767,0,2,0,0,0,1,0,0,1,0,0,0,0,2,Vulnerable High-Risk
0,-0.6690886177852331,0,1,0,0,0,0.5302446322660801,0,-0.1126300686828569,1,2,0,0,1,0,1,0,1,0,0,0,0,0,Critical Churn-Risk
1,-0.4246248501273714,1,0,1,1,1,0.4604397011899776,0,-0.2679308475188945,1,4,1,1,0,1,0,0,0,1,0,0,0,1,Stable Mid-Risk
1,0.6754621043330061,0,1,1,0,0,-0.1013237917558005,0,-0.5229337113298981,3,3,0,0,1,1,0,0,1,0,0,0,0,1,Stable Mid-Risk
1,0.1457906077409725,0,1,0,0,1,-0.0365049271851337,0,-0.4661306888712462,2,3,1,1,1,1,0,0,0,1,0,1,0,1,Stable Mid-Risk
0,0.3902543753988342,1,0,1,0,1,1.151840923277089,1,-0.3971239106849735,2,4,1,0,0,0,1,0,1,0,0,0,1,0,Critical Churn-Risk
0,-1.1580161531009563,0,0,0,0,1,-1.3162619969136813,1,-0.0787785590476814,0,0,0,0,1,1,0,0,1,0,0,0,0,2,Vulnerable High-Risk
0,-0.8320644628904743,1,0,1,1,0,0.3075336616899431,1,-0.0021861513054938,0,3,1,1,0,1,0,0,0,1,0,0,0,2,Vulnerable High-Risk
0,-0.0579291986405789,0,1,1,0,0,0.7579416693476526,0,-0.3475478726166181,2,3,0,0,0,0,1,0,1,0,0,0,1,0,Critical Churn-Risk
0,-1.1172721918246462,1,1,0,0,1,0.8094643565704907,0,1.067309045899554,0,2,1,0,0,0,1,0,1,0,0,0,1,0,Critical Churn-Risk
1,1.368109446030281,0,0,0,0,0,-1.4891123024354591,0,-0.632249870468297,3,0,0,1,1,0,0,1,0,0,1,1,0,3,Loyal Low-Risk
0,-0.7098325790615434,1,0,1,0,0,-0.325696784500416,1,-0.2658373321179186,1,1,0,0,1,1,0,0,1,0,0,1,0,2,Vulnerable High-Risk
0,1.2866215234776603,1,0,0,1,1,1.3163811179564735,0,-0.4796091665050382,3,4,1,1,1,0,1,0,0,0,1,0,0,1,Stable Mid-Risk
1,-0.9135523854430948,0,0,0,0,1,-1.487450280266981,0,-0.4543286925865095,0,0,0,0,1,0,0,1,1,0,0,1,0,2,Vulnerable High-Risk
1,-1.0357842692720256,0,0,1,1,1,0.829408622592234,1,0.6424628725328038,0,3,1,0,0,0,1,0,1,0,0,0,1,0,Critical Churn-Risk
0,-0.1394171211931994,0,0,1,0,0,-1.0137739622505704,0,-0.5336339011571087,2,2,0,0,0,1,0,0,1,0,0,0,1,2,Vulnerable High-Risk
0,1.0014137945434884,0,0,0,0,0,-1.4675060142452372,0,-0.6255347791777726,3,0,0,1,1,0,0,1,0,0,1,0,0,3,Loyal Low-Risk
0,0.5532302205040753,1,1,0,0,0,0.6465861840595843,0,-0.4578508932822258,2,2,0,0,0,0,1,0,1,0,0,0,0,0,Critical Churn-Risk
0,0.8384379494382472,0,0,0,0,0,-1.5007464576148095,0,-0.6246179395060576,3,0,0,1,1,0,0,1,0,0,1,0,0,3,Loyal Low-Risk
0,-0.6283446565089229,0,1,1,1,0,0.5003282332334644,0,-0.1492701126366389,1,5,1,1,1,1,0,0,0,1,0,1,0,1,Stable Mid-Risk
1,0.227278530293593,0,0,0,0,1,-1.4824642137615447,0,-0.6066346367894635,2,0,0,1,0,0,0,1,0,0,1,0,0,3,Loyal Low-Risk
0,-0.7098325790615434,0,0,0,0,0,-1.495760391109374,0,-0.5226418879709742,1,0,0,1,0,0,0,1,0,1,0,0,0,3,Loyal Low-Risk
0,-0.4246248501273714,0,0,0,1,1,-0.4802648461689289,0,-0.4115586919979751,1,3,1,0,0,1,0,0,1,0,0,0,1,2,Vulnerable High-Risk
0,-0.7505765403378537,1,0,0,0,1,0.6765025830921999,1,-0.0044608769750547,1,1,1,0,0,0,1,0,1,0,0,0,1,0,Critical Churn-Risk
0,1.0014137945434884,1,0,1,1,0,0.325815905543208,0,-0.5169563639091805,3,4,1,1,1,1,0,0,0,1,0,0,0,1,Stable Mid-Risk
0,-0.8728084241667845,0,0,0,0,1,0.4770599228747639,0,0.1028328446559757,0,1,1,0,1,0,1,0,1,0,0,1,0,0,Critical Churn-Risk
1,-1.2802480369298874,0,0,0,0,0,-1.477478147256109,0,0.5206266201820644,0,0,0,1,0,0,0,1,0,0,1,0,0,3,Loyal Low-Risk
1,-0.8320644628904743,0,0,0,0,0,-1.454209836897408,0,-0.4780827058583592,0,0,0,1,1,0,0,1,0,0,1,0,0,3,Loyal Low-Risk
0,-1.1987601143772668,1,0,0,1,1,0.9906247729346612,1,2.09355452478203,0,2,1,0,0,0,1,0,1,0,0,0,1,0,Critical Churn-Risk
1,0.1457906077409725,0,0,0,1,1,0.9939488172716188,0,-0.3683304280426869,2,3,1,0,0,0,1,0,1,0,0,0,1,0,Critical Churn-Risk
0,-0.6690886177852331,0,1,0,1,1,0.978990617755311,1,-0.0199332370246684,1,3,1,0,0,0,1,0,1,0,0,0,1,0,Critical Churn-Risk
1,1.3273654847539706,1,1,0,0,0,0.254348952298627,1,-0.5389574666744483,3,4,1,1,1,1,0,0,0,1,0,1,0,1,Stable Mid-Risk
0,-1.2395040756535771,0,0,0,0,0,0.3374500607225587,0,2.249193649541458,0,1,0,0,0,0,1,0,1,0,0,0,1,0,Critical Churn-Risk
0,0.3902543753988342,1,1,0,1,1,1.3429734726521318,1,-0.3815147542774147,2,4,1,0,0,0,1,0,1,0,0,0,1,0,Critical Churn-Risk
1,1.6125732136881423,0,1,1,1,0,1.5673464653967473,0,-0.4880828066299146,3,6,1,1,1,0,1,0,0,0,1,0,0,1,Stable Mid-Risk
0,1.2051336009250395,0,0,0,0,0,-1.494098368940895,0,-0.6303154431802866,3,0,0,1,1,0,0,1,0,0,1,0,0,3,Loyal Low-Risk
0,-1.076528230548336,1,0,0,1,1,0.829408622592234,0,0.8295424901286783,0,2,1,0,0,0,1,0,1,0,0,0,1,0,Critical Churn-Risk
0,0.6347181430566958,0,0,0,0,1,-1.487450280266981,0,-0.6193307090348509,2,0,0,1,0,0,0,1,0,0,1,0,0,3,Loyal Low-Risk
0,0.1050466464646622,1,1,1,1,1,1.4676251352880292,0,-0.3138260622520754,2,5,1,1,0,0,1,0,0,0,1,0,1,1,Stable Mid-Risk
1,0.797693988161937,0,0,0,0,0,-1.5007464576148095,0,-0.6238164958997885,3,0,0,1,1,0,0,1,0,1,0,1,0,3,Loyal Low-Risk
0,-1.2802480369298874,0,0,0,0,1,-1.3262341299245533,0,0.7861858768028377,0,0,0,0,0,1,0,0,1,0,0,0,0,2,Vulnerable High-Risk
0,-1.076528230548336,1,0,0,1,1,0.6000495633421824,1,0.7144807086101014,0,1,1,0,0,0,1,0,1,0,0,0,1,0,Critical Churn-Risk
0,1.5718292524118322,1,1,1,1,0,0.9440881522172598,0,-0.5159948003510404,3,6,1,1,1,1,0,0,0,0,1,1,0,1,Stable Mid-Risk
1,1.4088534073065913,0,1,0,0,0,0.6648684279128493,0,-0.5215260927750887,3,3,0,1,1,0,1,0,0,1,0,0,0,1,Stable Mid-Risk
0,1.1236456783724194,1,1,0,0,1,0.231080641939926,0,-0.5297939522593558,3,3,1,1,0,1,0,0,0,1,0,0,1,1,Stable Mid-Risk
1,-0.3838808888510611,0,0,1,0,1,-1.145073713560382,0,-0.5194804682492984,1,1,0,0,1,1,0,0,1,0,0,0,0,2,Vulnerable High-Risk
1,0.2680224915699033,0,0,1,1,0,-0.3306828510058519,0,-0.5070293382685441,2,4,1,1,1,1,0,0,0,1,0,0,0,1,Stable Mid-Risk
1,-0.7098325790615434,0,0,0,0,1,-1.5057325241202455,0,-0.5248305631629037,1,0,0,1,0,0,0,1,0,1,0,0,0,3,Loyal Low-Risk
0,0.8384379494382472,1,0,0,1,1,1.2980988741032085,1,-0.4426066297179491,3,4,1,0,0,0,1,0,1,0,0,0,1,0,Critical Churn-Risk
1,-0.3431369275747509,1,0,0,0,0,-1.349502440283254,0,-0.5541004460629736,1,0,0,1,0,0,0,1,0,0,1,0,0,3,Loyal Low-Risk
1,0.1865345690172827,0,0,0,0,0,-1.5107185906256817,0,-0.6076546401627603,2,0,0,0,0,0,0,1,1,0,0,0,1,2,Vulnerable High-Risk
1,-1.1172721918246462,0,0,0,0,1,0.624979895869362,1,0.9593344030977008,0,2,1,0,0,0,1,0,1,0,0,0,1,0,Critical Churn-Risk
0,0.7162060656093164,1,0,1,1,1,1.1917294553205762,0,-0.4367256578877828,3,3,1,1,0,0,1,0,0,1,0,0,1,1,Stable Mid-Risk
0,0.8791819107145575,0,0,0,1,1,0.974004551249875,0,-0.4673811555492888,3,3,1,1,1,0,1,0,0,1,0,1,0,1,Stable Mid-Risk
0,-1.1987601143772668,0,1,0,0,1,0.3241538833747294,0,1.5084486901395566,0,1,0,0,0,0,1,0,1,0,0,0,1,0,Critical Churn-Risk
0,1.4495973685829016,1,0,1,1,0,1.451004913603243,1,-0.4836263736800579,3,5,1,1,0,0,1,0,0,1,0,0,1,1,Stable Mid-Risk
0,-1.1172721918246462,0,0,1,0,0,-0.2874702746254075,0,0.4252976562669148,0,2,0,0,0,1,0,0,1,0,0,0,1,2,Vulnerable High-Risk
0,0.0235587239120416,0,0,0,0,0,-1.477478147256109,0,-0.5972285052959426,2,0,0,1,0,0,0,1,0,0,1,0,0,3,Loyal Low-Risk
0,0.3495104141225239,1,0,0,1,1,0.5235965435921655,0,-0.4432242452923913,2,4,1,1,0,1,0,0,0,1,0,0,1,1,Stable Mid-Risk
1,0.0643026851883519,0,1,1,1,0,-0.1179440134405869,0,-0.4628180993915692,2,5,1,1,0,1,0,0,0,1,0,0,0,1,Stable Mid-Risk
1,-0.791320501614164,0,0,0,0,1,-1.4741541029191516,0,-0.496586230924195,1,0,0,0,0,0,0,1,1,0,0,0,0,2,Vulnerable High-Risk
0,-0.506112772679992,0,0,0,0,1,-1.5256767901419892,0,-0.5620380414257043,1,0,0,0,1,0,0,1,1,0,0,1,0,2,Vulnerable High-Risk
0,0.7569500268856267,0,0,0,0,0,-1.5024084797832884,0,-0.6230964672928644,3,0,0,1,1,0,0,1,0,0,1,1,0,3,Loyal Low-Risk
0,-1.1987601143772668,1,0,0,0,1,0.8875793984889861,1,2.003089283515613,0,2,1,0,1,0,1,0,1,0,0,1,0,0,Critical Churn-Risk
1,0.3495104141225239,0,0,0,0,0,-0.6514531295222281,0,-0.5414714427967801,2,0,0,0,1,1,0,0,1,0,0,0,0,2,Vulnerable High-Risk
0,-0.791320501614164,0,0,0,0,0,-1.5073945462887242,0,-0.5049240411791643,1,0,0,0,1,0,0,1,1,0,0,1,0,2,Vulnerable High-Risk
1,0.1050466464646622,1,0,0,0,0,-1.3079518860712882,0,-0.5845732896981632,2,0,0,1,1,0,0,1,0,0,1,0,0,3,Loyal Low-Risk
0,-0.8320644628904743,0,1,1,0,0,0.5335686766030371,1,0.0588722745616661,0,2,0,0,1,0,1,0,1,0,0,0,0,0,Critical Churn-Risk
0,-1.1580161531009563,0,1,1,0,1,1.0005969059455335,0,1.5484284903121348,0,4,1,0,0,0,1,0,1,0,0,0,0,0,Critical Churn-Risk
0,0.4309983366751445,0,0,0,1,1,-0.5234774225493735,1,-0.5369677619545125,2,3,1,0,1,1,0,0,1,0,0,0,0,2,Vulnerable High-Risk
1,-0.8320644628904743,0,0,1,0,1,-1.1799761790984336,0,-0.4040044685930547,0,1,0,0,0,1,0,0,1,0,0,0,0,2,Vulnerable High-Risk
0,1.4495973685829016,1,0,0,1,1,1.346297516989089,1,-0.4889553219734513,3,4,1,0,0,0,1,0,1,0,0,0,1,0,Critical Churn-Risk
0,-0.3023929662984406,1,0,0,1,1,0.802816267896576,1,-0.2677454079262673,2,2,1,0,0,0,1,0,1,0,0,0,1,0,Critical Churn-Risk
0,-1.0357842692720256,0,0,0,0,0,-1.4808021915930665,0,-0.3716232997278421,0,0,0,1,0,0,0,1,0,1,0,0,0,3,Loyal Low-Risk
0,1.368109446030281,1,0,1,1,1,1.530781977690217,1,-0.473968365045976,3,5,1,1,0,0,1,0,0,1,0,0,1,1,Stable Mid-Risk
0,0.8384379494382472,0,1,1,1,0,1.5191478225108668,0,-0.4282316272228075,3,6,1,1,0,0,1,0,0,1,0,0,1,1,Stable Mid-Risk
0,1.24587756220135,1,1,0,1,1,1.4825833348043371,0,-0.467560228974083,3,5,1,0,1,0,1,0,1,0,0,0,0,0,Critical Churn-Risk
1,1.5310852911355222,1,1,1,1,1,1.6421374629782857,1,-0.4793410557700789,3,6,1,1,1,0,1,0,0,0,1,0,0,1,Stable Mid-Risk
0,-0.22090504374582,0,0,0,0,0,-0.9406449868375104,1,-0.5149294134851276,2,1,1,0,1,1,0,0,1,0,0,0,0,2,Vulnerable High-Risk
0,-1.2802480369298874,0,0,0,0,0,0.1978401985703534,1,3.4622060781352477,0,0,0,0,0,0,1,0,1,0,0,0,0,0,Critical Churn-Risk
0,-1.1172721918246462,0,0,0,0,0,-1.4907743246039378,0,-0.2789693832694953,0,0,0,0,0,0,0,1,1,0,0,0,0,2,Vulnerable High-Risk
0,0.1865345690172827,0,0,0,0,0,-1.5024084797832884,0,-0.6068866839550657,2,0,0,1,0,0,0,1,0,1,0,0,0,3,Loyal Low-Risk
0,-1.1987601143772668,0,0,0,1,1,-0.8193173685385702,1,0.5045763354412482,0,2,1,0,0,1,0,0,1,0,0,0,0,2,Vulnerable High-Risk
1,-0.8320644628904743,1,0,0,0,1,0.3922967922823533,0,0.020710758394691,0,0,0,0,0,0,1,0,1,0,0,0,1,0,Critical Churn-Risk
1,0.227278530293593,0,0,0,0,0,-1.5024084797832884,0,-0.6084304728443799,2,0,0,1,1,0,0,1,0,1,0,1,0,3,Loyal Low-Risk
0,-0.9542963467194052,0,0,0,0,1,0.6814886495976356,0,0.3286068500101203,0,2,1,0,1,0,1,0,1,0,0,1,0,0,Critical Churn-Risk
0,-0.791320501614164,1,1,0,0,1,0.0349620260594471,0,-0.118049645348587,1,2,1,0,0,1,0,0,1,0,0,0,1,2,Vulnerable High-Risk
0,-0.1394171211931994,1,0,0,1,1,0.9856387064292256,1,-0.2995915673001194,2,2,1,0,0,0,1,0,1,0,0,0,1,0,Critical Churn-Risk
1,0.5939741817803856,0,0,0,0,0,-1.487450280266981,0,-0.6183356310847785,2,0,0,1,1,0,0,1,0,0,1,1,0,3,Loyal Low-Risk
0,1.1643896396487294,1,1,1,1,0,1.1501789011086103,0,-0.4799509546574255,3,4,1,0,1,0,1,0,1,0,0,0,0,1,Stable Mid-Risk
0,-0.6690886177852331,0,0,0,0,0,-1.4891123024354591,0,-0.5297658111447053,1,0,0,0,0,0,0,1,1,0,0,0,0,2,Vulnerable High-Risk
1,0.3495104141225239,0,1,1,1,0,0.453791612516063,0,-0.4490607124708698,2,5,1,1,0,1,0,0,0,0,1,0,1,1,Stable Mid-Risk
1,0.4309983366751445,1,0,0,0,1,-1.3195860412506386,0,-0.6005056660111311,2,0,0,1,0,0,0,1,0,0,1,0,1,3,Loyal Low-Risk
1,0.1457906077409725,1,0,0,1,1,1.082035992200986,1,-0.3599700831654069,2,3,1,0,1,0,1,0,1,0,0,0,0,0,Critical Churn-Risk
0,-1.076528230548336,0,0,0,0,1,-0.325696784500416,0,0.2500646774083092,0,1,1,0,0,1,0,0,1,0,0,0,1,2,Vulnerable High-Risk
0,1.0421577558197987,1,1,1,0,1,0.2094743537497036,0,-0.5264256993197337,3,4,0,1,1,1,0,0,0,1,0,1,0,1,Stable Mid-Risk
0,-0.5468567339563023,0,0,1,1,1,-0.1079718804297152,0,-0.3078598958029641,1,2,1,0,1,1,0,0,1,0,0,1,0,2,Vulnerable High-Risk
0,-0.8728084241667845,0,0,0,0,1,-0.6281848191635273,0,-0.2206047114847099,0,0,0,0,1,1,0,0,1,0,0,0,0,2,Vulnerable High-Risk
0,0.2680224915699033,0,1,1,0,1,-0.8143313020331343,0,-0.5494896369919755,2,3,0,1,1,1,0,0,0,1,0,0,0,1,Stable Mid-Risk
0,-0.9950403079957154,0,0,0,1,1,0.7413214476628662,0,0.462586196573861,0,2,1,0,0,0,1,0,1,0,0,0,1,0,Critical Churn-Risk
1,-0.2616490050221303,1,0,0,0,1,-0.5085192230330657,0,-0.453090654094105,2,0,0,0,0,1,0,0,1,0,0,0,0,2,Vulnerable High-Risk
0,0.8384379494382472,0,0,0,0,1,0.2992235508475499,0,-0.5075643477599047,3,1,0,0,1,0,1,0,1,0,0,1,0,0,Critical Churn-Risk
1,1.5310852911355222,0,0,0,0,1,-1.5157046571311177,0,-0.6355282056166877,3,0,0,1,0,0,0,1,0,0,1,0,0,3,Loyal Low-Risk
0,-1.2802480369298874,0,0,0,1,1,-0.648129085185271,1,1.9768251812124595,0,2,1,0,0,1,0,0,1,0,0,0,0,2,Vulnerable High-Risk
0,1.082901717096109,1,0,0,0,0,-1.322910085587596,0,-0.6184572241509969,3,0,0,1,0,0,0,1,0,0,1,0,0,3,Loyal Low-Risk
0,-1.2395040756535771,0,0,0,1,0,1.002258928114012,1,3.027389273338596,0,3,1,0,0,0,1,0,1,0,0,0,1,0,Critical Churn-Risk
0,-1.0357842692720256,0,1,0,0,0,-0.9805335188809976,0,-0.1520262221375871,0,2,0,1,0,1,0,0,0,1,0,0,0,2,Vulnerable High-Risk
1,-0.8320644628904743,0,0,0,0,1,-0.6730594177124505,1,-0.2670719694056737,0,0,0,0,0,1,0,0,1,0,0,0,1,2,Vulnerable High-Risk
1,1.082901717096109,0,0,1,1,0,0.3972828587877894,0,-0.5177781653222421,3,5,1,1,1,1,0,0,0,1,0,1,0,1,Stable Mid-Risk
1,1.1643896396487294,1,0,1,1,1,0.5385547431084732,0,-0.5145932114587175,3,4,1,1,1,1,0,0,0,0,1,0,0,1,Stable Mid-Risk
1,1.6125732136881423,1,1,0,1,1,1.354607627831482,0,-0.4983166120935482,3,4,1,1,1,0,1,0,0,0,1,0,0,1,Stable Mid-Risk
1,-0.791320501614164,0,0,0,0,0,-1.5290008344789463,0,-0.5103436178448943,1,0,0,0,0,0,0,1,1,0,0,0,0,2,Vulnerable High-Risk
1,1.2866215234776603,1,0,0,0,0,-1.3262341299245533,0,-0.6223781328708978,3,0,0,1,0,0,0,1,0,1,0,0,0,3,Loyal Low-Risk
0,-1.2802480369298874,0,0,0,0,1,-1.3744327728104335,1,0.7015571027148989,0,0,0,0,0,1,0,0,1,0,0,0,1,2,Vulnerable High-Risk
0,-0.9135523854430948,0,0,1,0,0,0.0033836048583535,0,0.0216086764221494,0,3,1,1,0,1,0,0,0,1,0,0,0,2,Vulnerable High-Risk
1,1.3273654847539706,0,1,0,0,0,-0.1146199691036296,0,-0.5585892199111488,3,3,0,1,1,1,0,0,0,1,0,0,0,1,Stable Mid-Risk
0,1.2051336009250395,1,1,1,1,0,1.6338273521358926,0,-0.4559625665152611,3,6,1,1,0,0,1,0,0,0,1,0,0,1,Stable Mid-Risk
0,0.9199258719908678,1,1,1,1,1,0.8427047999400633,0,-0.4791810520169465,3,6,1,1,0,1,0,0,0,1,0,0,1,1,Stable Mid-Risk
0,-0.3023929662984406,1,0,0,0,0,-0.3556131835330314,0,-0.424207624210865,2,1,0,0,0,1,0,0,1,0,0,0,1,2,Vulnerable High-Risk
0,-1.2802480369298874,0,1,0,0,0,-1.1666800017506045,1,1.0663363013698075,0,1,0,0,0,1,0,0,1,0,0,0,0,2,Vulnerable High-Risk
0,-1.2802480369298874,0,1,0,0,1,-0.498547090022194,0,2.239466204243993,0,1,0,0,1,1,0,0,1,0,0,1,0,2,Vulnerable High-Risk
0,1.082901717096109,1,0,0,1,0,1.2066876548368837,1,-0.4704055067235914,3,3,1,0,0,0,1,0,1,0,0,0,1,0,Critical Churn-Risk
1,1.2866215234776603,1,0,0,0,1,-1.3428543516093396,0,-0.623276050898356,3,0,0,1,1,0,0,1,0,0,1,0,0,3,Loyal Low-Risk
0,0.1457906077409725,1,0,0,1,1,1.0039209502824906,0,-0.3673839739056364,2,2,1,0,1,0,1,0,1,0,0,0,0,0,Critical Churn-Risk
0,-1.1987601143772668,1,0,0,0,1,-0.4702927131580572,1,0.8109908623113715,0,0,0,0,0,1,0,0,1,0,0,0,0,2,Vulnerable High-Risk
0,1.1643896396487294,1,1,0,0,1,0.1695858217062168,0,-0.5354915294203666,3,3,1,1,0,1,0,0,0,0,1,0,0,1,Stable Mid-Risk
1,-0.2616490050221303,0,0,0,1,1,-0.8259654572124846,0,-0.4943782552455643,2,2,1,1,1,1,0,0,0,1,0,0,0,3,Loyal Low-Risk
0,-1.2802480369298874,0,0,0,0,1,-0.312400607152587,1,2.5663083662387915,0,1,1,0,0,1,0,0,1,0,0,0,1,2,Vulnerable High-Risk
0,-1.2802480369298874,1,0,0,1,1,0.8576629994563706,1,4.6207448130632365,0,2,1,0,0,0,1,0,1,0,0,0,1,0,Critical Churn-Risk
1,1.4495973685829016,0,1,0,1,1,1.278154608081465,0,-0.4924233676881994,3,5,1,1,1,0,1,0,0,0,1,1,0,1,Stable Mid-Risk
0,-1.2395040756535771,1,0,0,1,1,0.7330113368204731,1,2.7122200457007546,0,1,1,0,0,0,1,0,1,0,0,0,0,0,Critical Churn-Risk
0,1.6125732136881423,1,1,1,0,1,0.978990617755311,0,-0.5163856748652764,3,4,0,1,1,0,1,0,0,0,1,0,0,1,Stable Mid-Risk
0,1.5718292524118322,0,0,1,0,1,-0.5899583092885189,0,-0.5908150670973694,3,3,1,1,0,1,0,0,0,0,1,0,1,1,Stable Mid-Risk
0,1.0014137945434884,0,0,0,0,0,-1.4708300585821945,0,-0.6257360366666856,3,0,0,1,1,0,0,1,0,0,1,1,0,3,Loyal Low-Risk
0,-1.1580161531009563,0,0,0,0,1,-1.5007464576148095,0,-0.208348130409905,0,0,0,0,0,0,0,1,1,0,0,0,0,2,Vulnerable High-Risk
0,-1.2802480369298874,0,0,0,0,1,0.1795579547170885,0,3.4301055086536154,0,0,0,0,0,0,1,0,1,0,0,0,1,0,Critical Churn-Risk
1,1.6125732136881423,1,1,1,0,0,0.5385547431084732,0,-0.5375728502392052,3,5,1,1,1,1,0,0,0,0,1,1,0,1,Stable Mid-Risk
1,-0.4653688114036817,1,1,0,1,1,0.3690284819236528,0,-0.2643782153232989,1,3,1,1,1,1,0,0,0,1,0,0,0,1,Stable Mid-Risk
1,1.5718292524118322,1,0,0,0,0,-1.3328822185984677,0,-0.6270498008304236,3,0,0,1,1,0,0,1,0,0,1,0,0,3,Loyal Low-Risk
0,-0.1394171211931994,1,0,0,1,1,1.1385447459292597,1,-0.2816930679527852,2,3,1,0,1,0,1,0,1,0,0,0,0,0,Critical Churn-Risk
0,1.490341329859212,1,1,1,1,0,1.5108377116684737,0,-0.4832457345162441,3,5,1,1,1,0,1,0,0,0,1,1,0,1,Stable Mid-Risk
0,1.2866215234776603,1,1,1,1,1,0.6715165165867639,0,-0.5144483859704179,3,5,1,1,1,1,0,0,0,0,1,1,0,1,Stable Mid-Risk
0,-0.6690886177852331,0,0,0,0,0,-1.4974224132778524,0,-0.5314824191383755,1,0,0,0,1,0,0,1,1,0,0,1,0,2,Vulnerable High-Risk
0,-1.1580161531009563,1,0,0,0,0,-1.359474573294126,0,-0.1091281883757699,0,0,0,1,0,0,0,1,0,1,0,0,1,3,Loyal Low-Risk
0,0.797693988161937,1,1,1,1,1,1.5440781550380462,1,-0.4220729511644549,3,5,1,1,1,0,1,0,0,1,0,1,0,1,Stable Mid-Risk
0,-1.2395040756535771,0,1,0,0,1,-0.3223727401634587,1,1.476834492922798,0,2,0,0,0,1,0,0,1,0,0,0,0,2,Vulnerable High-Risk
0,-1.2802480369298874,0,0,0,0,0,-1.4907743246039378,0,0.4972807514681501,0,0,0,0,0,0,0,1,1,0,0,0,0,2,Vulnerable High-Risk
0,-0.5876006952326126,0,0,0,0,0,-1.3179240190821602,0,-0.5125816616501757,1,0,0,0,0,1,0,0,1,0,0,0,0,2,Vulnerable High-Risk
0,-1.2395040756535771,1,0,0,0,0,-0.3539511613645528,0,1.439870200792434,0,1,0,0,0,1,0,0,1,0,0,0,0,2,Vulnerable High-Risk
0,-0.5468567339563023,0,0,0,0,1,-0.1661426563264673,0,-0.3180737133653015,1,2,1,0,0,1,0,0,1,0,0,0,0,2,Vulnerable High-Risk
0,0.3087664528462136,1,0,0,0,0,0.6332900067117551,0,-0.4283687077527447,2,1,1,0,1,0,1,0,1,0,0,0,0,0,Critical Churn-Risk
1,1.368109446030281,1,0,0,1,1,1.33300133964126,0,-0.4843346276465572,3,4,1,1,0,0,1,0,0,1,0,0,1,1,Stable Mid-Risk
0,-0.4653688114036817,1,0,0,0,0,0.3490842159019089,0,-0.2675617428751964,1,0,0,0,0,0,1,0,1,0,0,0,0,0,Critical Churn-Risk
0,-0.9950403079957154,0,0,1,1,1,0.0615543807551056,0,0.1973511881296698,0,3,1,0,0,1,0,0,1,0,0,0,1,2,Vulnerable High-Risk
1,1.6125732136881423,0,1,1,1,1,1.4859073791412942,0,-0.4920004352839619,3,6,1,1,1,0,1,0,0,0,1,1,0,1,Stable Mid-Risk
0,0.6347181430566958,1,0,1,1,1,0.3008855730160285,0,-0.491166654258465,2,4,1,1,1,1,0,0,0,1,0,0,0,1,Stable Mid-Risk
0,1.490341329859212,0,0,0,0,1,-1.5123806127941604,0,-0.6349105030541363,3,0,0,1,1,0,0,1,0,0,1,0,0,3,Loyal Low-Risk
0,1.6125732136881423,1,1,1,1,1,1.7750992364565763,0,-0.4780888559818349,3,6,1,1,0,0,1,0,0,0,1,0,1,1,Stable Mid-Risk
0,-0.7505765403378537,0,0,0,0,0,-0.4437003584623989,0,-0.2667128021946903,1,1,0,1,1,1,0,0,0,1,0,1,0,3,Loyal Low-Risk
0,-1.076528230548336,0,0,0,1,0,-0.1777768115058176,0,0.3242711886775365,0,2,1,0,0,1,0,0,1,0,0,0,1,2,Vulnerable High-Risk
1,-0.9950403079957154,0,0,0,0,0,-1.5057325241202455,0,-0.4141808729042481,0,0,0,1,1,0,0,1,0,0,1,0,0,3,Loyal Low-Risk
0,-0.6283446565089229,0,0,0,0,0,-1.504070501951767,0,-0.5403134135947009,1,0,0,1,0,0,0,1,0,1,0,0,0,3,Loyal Low-Risk
0,1.3273654847539706,1,1,1,0,0,0.95572230739661,0,-0.50163944926054,3,3,1,1,0,0,1,0,0,1,0,0,1,1,Stable Mid-Risk
1,1.0014137945434884,0,1,1,0,1,-0.1827628780112537,0,-0.5477487597128776,3,3,0,1,0,1,0,0,0,1,0,0,0,1,Stable Mid-Risk
0,-0.791320501614164,1,0,0,1,1,1.2449141647118924,1,0.1854466479322969,1,3,1,0,1,0,1,0,1,0,0,1,0,0,Critical Churn-Risk
0,-0.5468567339563023,0,0,0,1,1,1.033837349315106,1,-0.1073772482222263,1,3,1,0,1,0,1,0,1,0,0,1,0,0,Critical Churn-Risk
0,0.960669833267178,1,1,0,1,0,1.4958795121521655,0,-0.4422368730253554,3,5,1,1,1,0,1,0,0,1,0,0,0,1,Stable Mid-Risk
0,-0.7505765403378537,0,0,0,0,1,0.4421574573367123,0,-0.059323668452753,1,1,1,0,0,0,1,0,1,0,0,0,1,0,Critical Churn-Risk
0,0.797693988161937,0,1,0,0,1,-0.8276274793809634,0,-0.5792170768944337,3,2,1,0,0,1,0,0,1,0,0,0,1,2,Vulnerable High-Risk
0,1.0421577558197987,0,1,1,0,1,0.0033836048583535,0,-0.5386921727117903,3,4,0,1,1,1,0,0,0,0,1,1,0,1,Stable Mid-Risk
0,0.5939741817803856,1,0,1,1,1,1.005582972450969,1,-0.4359460317573242,2,3,1,0,0,0,1,0,1,0,0,0,1,0,Critical Churn-Risk
0,1.4088534073065913,0,0,1,1,1,-0.3788814938917323,0,-0.5754275837763316,3,4,1,0,1,1,0,0,1,0,0,1,0,1,Stable Mid-Risk
0,-1.2395040756535771,0,0,0,0,1,-1.3262341299245533,0,0.301759100989119,0,0,0,0,1,1,0,0,1,0,0,1,0,2,Vulnerable High-Risk
0,-1.076528230548336,0,0,0,0,0,-0.6680733512070144,0,0.0783057861559409,0,0,0,0,1,1,0,0,1,0,0,1,0,2,Vulnerable High-Risk
1,1.5718292524118322,1,1,1,1,1,1.635489374304371,0,-0.4822729899864977,3,6,1,1,1,0,1,0,0,0,1,0,0,1,Stable Mid-Risk
1,0.5532302205040753,0,0,0,0,0,-1.4808021915930665,0,-0.6168014887812158,2,0,0,1,1,0,0,1,0,0,1,0,0,3,Loyal Low-Risk
0,-1.1172721918246462,0,1,1,0,0,-0.3639232943754246,1,0.3805514078985794,0,2,0,0,1,1,0,0,1,0,0,1,0,2,Vulnerable High-Risk
0,1.4088534073065913,1,1,0,0,0,0.6332900067117551,0,-0.5231568703690753,3,2,0,0,1,0,1,0,1,0,0,0,0,0,Critical Churn-Risk
1,-1.1987601143772668,0,0,0,0,0,-1.4824642137615447,0,-0.0776112656119857,0,0,0,0,1,0,0,1,1,0,0,0,0,2,Vulnerable High-Risk
0,-1.1987601143772668,0,0,0,0,0,-1.4907743246039378,0,-0.0849068495850839,0,0,0,0,0,0,0,1,1,0,0,0,0,2,Vulnerable High-Risk
0,0.797693988161937,1,1,0,1,1,1.309733029282559,1,-0.4376001562996525,3,4,1,0,0,0,1,0,1,0,0,0,1,0,Critical Churn-Risk
0,0.3902543753988342,1,0,0,0,1,-0.4835888905058862,1,-0.5306839968157383,2,0,0,0,0,1,0,0,1,0,0,0,1,2,Vulnerable High-Risk
1,0.7162060656093164,0,0,0,0,1,-1.477478147256109,0,-0.620517153743401,3,0,0,1,0,0,0,1,0,1,0,0,0,3,Loyal Low-Risk
0,-0.3838808888510611,0,1,0,0,1,0.8377187334346272,0,-0.2293594122524277,1,3,1,0,0,0,1,0,1,0,0,0,1,0,Critical Churn-Risk
1,1.4088534073065913,0,1,1,1,0,-0.3522891391960741,0,-0.5740542973813955,3,5,1,1,1,1,0,0,0,0,1,1,0,1,Stable Mid-Risk
0,-0.3023929662984406,0,0,0,1,1,1.1535029454455674,1,-0.2203802319778453,2,4,1,0,0,0,1,0,1,0,0,0,1,0,Critical Churn-Risk
0,0.2680224915699033,0,1,0,1,0,1.1402067680977384,0,-0.3778975019447065,2,4,1,1,0,0,1,0,0,1,0,0,0,1,Stable Mid-Risk
0,1.490341329859212,1,1,1,0,1,0.0698644915974988,0,-0.5555345494268283,3,3,0,1,0,1,0,0,0,0,1,0,0,1,Stable Mid-Risk
0,-1.2802480369298874,0,0,0,0,0,-1.2946557087234591,0,0.841632314998384,0,0,0,1,0,1,0,0,0,1,0,0,0,2,Vulnerable High-Risk
0,-0.0171852373642686,0,0,0,1,0,0.8726211989726784,0,-0.345027579971366,2,2,1,0,0,0,1,0,1,0,0,0,1,0,Critical Churn-Risk
0,-0.9542963467194052,0,0,0,0,0,0.2061503094127465,1,0.1616838887056342,0,0,0,0,0,0,1,0,1,0,0,0,1,0,Critical Churn-Risk
0,-0.6690886177852331,0,0,0,0,1,0.9440881522172598,1,-0.0271429905980831,1,3,1,0,1,0,1,0,1,0,0,1,0,0,Critical Churn-Risk
1,1.1236456783724194,0,0,0,0,1,-1.4575338812343652,0,-0.6270046187074573,3,0,0,1,1,0,0,1,0,0,1,0,0,3,Loyal Low-Risk
1,1.6125732136881423,1,0,1,1,1,1.4759352461304225,0,-0.4924801449150697,3,5,1,1,1,0,1,0,0,0,1,0,0,1,Stable Mid-Risk
0,-1.1172721918246462,0,0,0,0,0,-1.5107185906256817,1,-0.2906423176264524,0,0,0,0,0,0,0,1,1,0,0,0,0,2,Vulnerable High-Risk
0,-0.2616490050221303,0,1,0,1,1,0.6981088712824219,0,-0.2961545366283488,2,2,1,0,1,0,1,0,1,0,0,1,0,0,Critical Churn-Risk
0,-1.1987601143772668,0,0,0,0,0,-1.494098368940895,1,-0.0878250831743231,0,0,0,0,0,0,0,1,1,0,0,0,0,2,Vulnerable High-Risk
0,-1.2395040756535771,0,0,0,0,1,-1.5007464576148095,0,0.0974827497423703,0,0,0,0,0,0,0,1,1,0,0,0,1,2,Vulnerable High-Risk
1,-1.2395040756535771,0,0,0,0,0,-1.472492080750673,0,0.1305560637537487,0,0,0,1,1,0,0,1,0,1,0,0,0,3,Loyal Low-Risk
0,0.1457906077409725,1,1,1,1,1,0.8260845782552769,0,-0.3842624060163716,2,5,1,1,1,1,0,0,0,1,0,1,0,1,Stable Mid-Risk
0,-1.0357842692720256,0,1,0,0,0,0.3175057947008148,0,0.41775888616138,0,1,0,0,0,0,1,0,1,0,0,0,0,0,Critical Churn-Risk
0,1.1236456783724194,0,0,0,1,1,-0.5101812452015443,0,-0.5724671385151168,3,3,1,1,1,1,0,0,0,0,1,1,0,1,Stable Mid-Risk
0,-0.5468567339563023,1,0,0,0,1,0.8078023344020117,0,-0.1470652250358803,1,2,1,0,0,0,1,0,1,0,0,0,1,0,Critical Churn-Risk
0,0.512486259227765,1,1,1,0,0,0.3440981493964733,0,-0.4763942295675953,2,4,1,1,1,1,0,0,0,0,1,1,0,1,Stable Mid-Risk
0,-1.1580161531009563,0,0,0,0,1,0.1945161542333963,0,0.9822911739997168,0,0,0,0,0,0,1,0,1,0,0,0,1,0,Critical Churn-Risk
1,-0.0579291986405789,1,0,1,1,1,1.309733029282559,1,-0.2869945256399033,2,4,1,0,0,0,1,0,1,0,0,0,1,0,Critical Churn-Risk
1,0.5939741817803856,0,1,0,0,0,0.8393807556031058,0,-0.4481053383791545,2,3,1,0,0,0,1,0,1,0,0,0,1,0,Critical Churn-Risk
0,-1.2802480369298874,0,0,0,0,1,0.480383967211721,1,3.958305788305923,0,1,1,0,0,0,1,0,1,0,0,0,1,0,Critical Churn-Risk
0,-1.2802480369298874,0,0,0,0,1,-0.6614252625331,1,1.953479312498545,0,0,0,0,1,1,0,0,1,0,0,0,0,2,Vulnerable High-Risk
0,-1.2802480369298874,0,0,0,0,0,-1.509056568457203,0,0.4651801819865181,0,0,0,0,1,0,0,1,1,0,0,1,0,2,Vulnerable High-Risk
1,1.082901717096109,1,0,0,0,1,0.7961681792226614,0,-0.4944322966083279,3,2,1,0,1,0,1,0,1,0,0,1,0,0,Critical Churn-Risk
0,-0.9135523854430948,0,0,0,0,1,0.1762339103801309,1,0.0767898206550373,0,0,0,0,0,0,1,0,1,0,0,0,1,0,Critical Churn-Risk
0,0.1050466464646622,1,1,0,0,0,0.8709591768041999,0,-0.3720286099485698,2,2,1,0,1,0,1,0,1,0,0,1,0,0,Critical Churn-Risk
0,-1.1580161531009563,0,0,0,0,1,-1.1683420239190832,1,0.0251105567292364,0,1,0,0,0,1,0,0,1,0,0,0,1,2,Vulnerable High-Risk
1,-0.0171852373642686,0,1,0,0,1,0.8643110881302852,0,-0.3459118931802264,2,3,1,1,0,0,1,0,0,1,0,0,1,1,Stable Mid-Risk
0,0.4309983366751445,1,0,0,0,1,0.4338473464943191,1,-0.4605631007089752,2,1,0,0,0,0,1,0,1,0,0,0,1,0,Critical Churn-Risk
0,-1.1580161531009563,0,0,0,0,0,-0.348965094859117,1,0.6005862205272202,0,1,1,0,0,1,0,0,1,0,0,0,1,2,Vulnerable High-Risk
0,0.8791819107145575,0,0,0,0,1,-1.5240147679735103,0,-0.6268758858993477,3,0,0,1,0,0,0,1,0,0,1,0,0,3,Loyal Low-Risk
0,-0.8728084241667845,1,0,0,1,1,1.0089070167879266,1,0.2584719694154034,0,2,1,0,1,0,1,0,1,0,0,0,0,0,Critical Churn-Risk
0,1.368109446030281,1,1,0,1,1,1.2499002312173284,0,-0.4886902001678099,3,3,1,1,1,0,1,0,0,0,1,0,0,1,Stable Mid-Risk
1,1.1643896396487294,1,0,0,1,1,1.1667991227933967,0,-0.4790095889834774,3,3,1,1,0,0,1,0,0,1,0,0,1,1,Stable Mid-Risk
1,1.6125732136881423,1,1,1,1,0,0.7945061570541828,0,-0.5252603030407711,3,6,1,1,1,1,0,0,0,0,1,1,0,1,Stable Mid-Risk
1,0.4717422979514547,0,0,1,1,1,-0.348965094859117,0,-0.526241042731036,2,4,1,1,0,1,0,0,0,1,0,0,1,1,Stable Mid-Risk
0,0.3495104141225239,1,0,0,0,1,-0.3024284741417151,0,-0.5122891069043873,2,1,0,0,1,1,0,0,1,0,0,0,0,2,Vulnerable High-Risk
0,0.7162060656093164,1,1,0,1,1,1.301422918440166,0,-0.4291725827156341,3,4,1,1,0,0,1,0,0,1,0,0,1,1,Stable Mid-Risk
0,0.5939741817803856,1,1,1,1,1,1.530781977690217,1,-0.3975226228323406,2,5,1,1,1,0,1,0,0,1,0,1,0,1,Stable Mid-Risk
1,-0.9950403079957154,0,0,0,0,0,-1.4841262359300234,0,-0.4057504203131124,0,0,0,1,0,0,0,1,0,0,1,0,0,3,Loyal Low-Risk
0,-0.5876006952326126,0,0,0,0,0,-1.487450280266981,0,-0.543914274924113,1,0,0,0,0,0,0,1,1,0,0,0,0,2,Vulnerable High-Risk
1,1.6125732136881423,1,1,1,1,1,0.902537598005294,0,-0.5200634487037696,3,6,1,1,1,1,0,0,0,0,1,1,0,1,Stable Mid-Risk
0,-1.2802480369298874,0,0,0,0,0,0.5219345214236869,1,4.031261628036905,0,1,1,0,0,0,1,0,1,0,0,0,1,0,Critical Churn-Risk
0,0.3902543753988342,1,0,0,0,0,-0.3040904963101938,0,-0.5160249629721178,2,1,0,0,0,1,0,0,1,0,0,0,1,2,Vulnerable High-Risk
0,-0.5876006952326126,0,0,0,0,1,0.3291399498801655,0,-0.2081638209200583,1,1,0,0,0,0,1,0,1,0,0,0,1,0,Critical Churn-Risk
1,-0.791320501614164,1,0,0,1,1,1.3080710071140806,0,0.2012884874167387,1,4,1,1,1,0,1,0,0,1,0,1,0,0,Critical Churn-Risk
1,1.4495973685829016,1,0,1,0,1,0.626641918037841,0,-0.5255812681804254,3,2,0,1,1,0,1,0,0,1,0,0,0,1,Stable Mid-Risk
0,-1.1580161531009563,1,0,0,0,1,0.2460388414562338,1,1.0184772705062837,0,0,0,0,1,0,1,0,1,0,0,0,0,0,Critical Churn-Risk
0,1.490341329859212,1,1,0,1,1,1.504189622994559,0,-0.4835792469264428,3,5,1,1,1,0,1,0,0,0,1,1,0,1,Stable Mid-Risk
0,-0.6283446565089229,0,0,1,0,0,-0.4420383362939203,1,-0.3331188287587128,1,1,0,0,0,1,0,0,1,0,0,0,0,2,Vulnerable High-Risk
1,-0.3023929662984406,1,0,0,0,0,-1.3062898639028098,0,-0.5526099021373929,2,0,0,1,1,0,0,1,0,0,1,1,0,3,Loyal Low-Risk
0,0.4309983366751445,0,0,0,1,1,0.8227605339183194,1,-0.4295237070779757,2,2,1,0,0,0,1,0,1,0,0,0,0,0,Critical Churn-Risk
1,1.082901717096109,0,0,0,0,0,-1.5057325241202455,0,-0.6291574139782076,3,0,0,1,1,0,0,1,0,0,1,1,0,3,Loyal Low-Risk
0,-1.1172721918246462,0,1,0,0,0,0.5285826100976015,0,0.9029152203724088,0,2,0,0,0,0,1,0,1,0,0,0,1,0,Critical Churn-Risk
1,-0.4653688114036817,1,1,1,1,0,0.4222131913149688,1,-0.2558888085182392,1,4,1,1,0,1,0,0,0,1,0,0,0,1,Stable Mid-Risk
1,1.490341329859212,1,1,1,1,1,1.3396494283151743,0,-0.4918336790788626,3,5,1,1,1,0,1,0,0,1,0,1,0,1,Stable Mid-Risk
0,-0.791320501614164,0,0,0,0,1,-1.3179240190821602,0,-0.4573985227258392,1,0,0,0,1,1,0,0,1,0,0,0,0,2,Vulnerable High-Risk
0,0.3902543753988342,1,0,0,1,1,1.0122310611248837,1,-0.408525381452234,2,3,1,0,1,0,1,0,1,0,0,0,0,0,Critical Churn-Risk
0,0.797693988161937,1,0,1,0,1,1.025527238472713,0,-0.4564310221019134,3,3,1,0,1,0,1,0,1,0,0,1,0,0,Critical Churn-Risk
0,0.5532302205040753,0,1,0,0,0,0.6715165165867639,1,-0.455988190991222,2,2,1,0,0,0,1,0,1,0,0,0,1,0,Critical Churn-Risk
0,1.1643896396487294,1,1,1,0,1,0.5319066544345585,0,-0.5149697577282969,3,5,1,1,1,1,0,0,0,0,1,0,0,1,Stable Mid-Risk
0,-0.1394171211931994,0,0,0,0,1,-1.327896152093032,0,-0.5704036443815236,2,0,0,1,0,1,0,0,0,1,0,0,0,3,Loyal Low-Risk
1,-0.3023929662984406,0,0,1,0,1,-0.3340068953428092,0,-0.4212893906216258,2,2,0,1,1,1,0,0,0,1,0,1,0,1,Stable Mid-Risk
1,-1.1172721918246462,0,0,1,1,1,0.6964468491139434,1,1.001162417876797,0,2,1,0,0,0,1,0,1,0,0,0,1,0,Critical Churn-Risk
0,-0.7098325790615434,0,0,0,1,0,-0.4669686688210999,0,-0.2968435640035858,1,3,1,1,0,1,0,0,0,1,0,0,1,2,Vulnerable High-Risk
1,-0.5468567339563023,0,0,0,0,0,-1.4841262359300234,0,-0.5494896369919755,1,0,0,1,0,0,0,1,0,0,1,0,0,3,Loyal Low-Risk
0,0.4717422979514547,0,0,0,0,0,-1.487450280266981,0,-0.6150850431145426,2,0,0,1,0,0,0,1,0,0,1,0,0,3,Loyal Low-Risk
0,-1.076528230548336,1,0,0,1,1,1.1119523912336016,1,0.9712852644631572,0,3,1,0,0,0,1,0,1,0,0,0,1,0,Critical Churn-Risk
1,1.0421577558197987,1,1,1,0,0,0.2260945754344899,0,-0.5254364675945677,3,4,0,1,1,1,0,0,0,0,1,1,0,1,Stable Mid-Risk
1,1.2051336009250395,0,1,0,0,1,0.553512942624781,0,-0.516180085023373,3,2,0,1,1,0,1,0,0,1,0,1,0,1,Stable Mid-Risk
1,1.5310852911355222,0,0,1,1,1,-0.212679277043869,0,-0.5710804553641923,3,5,1,1,1,1,0,0,0,1,0,0,0,1,Stable Mid-Risk
0,-1.2802480369298874,0,0,0,0,1,-1.2996417752288951,1,0.832877614230666,0,0,0,0,0,1,0,0,1,0,0,0,0,2,Vulnerable High-Risk
1,-0.9135523854430948,0,1,1,0,0,-0.3689093608808604,0,-0.0972430188486862,0,5,1,1,1,1,0,0,0,0,1,1,0,1,Stable Mid-Risk
0,-0.2616490050221303,0,0,0,0,1,-1.5024084797832884,0,-0.5823575938248519,2,0,0,1,1,0,0,1,0,1,0,0,0,3,Loyal Low-Risk
0,1.368109446030281,1,0,0,0,0,0.8177744674128837,0,-0.5113391772783237,3,2,1,0,1,0,1,0,1,0,0,1,0,0,Critical Churn-Risk
1,-1.0357842692720256,0,0,0,0,1,0.1396694226736012,1,0.3396961376492297,0,0,0,0,0,0,1,0,1,0,0,0,1,0,Critical Churn-Risk
1,0.7569500268856267,1,0,1,0,0,0.6449241618911058,0,-0.4780827058583592,3,2,0,1,1,0,1,0,0,1,0,0,0,1,Stable Mid-Risk
1,1.6125732136881423,1,1,1,1,1,1.3728898716847469,0,-0.4974371444365172,3,5,1,1,1,0,1,0,0,0,1,1,0,1,Stable Mid-Risk
0,1.3273654847539706,1,0,0,0,0,-1.2979797530604165,0,-0.6215523203820081,3,0,0,1,0,0,0,1,0,0,1,0,0,3,Loyal Low-Risk
0,-1.2395040756535771,0,0,0,0,0,-0.6231987526580915,1,1.124700973154593,0,0,0,0,1,1,0,0,1,0,0,0,0,2,Vulnerable High-Risk
1,1.5310852911355222,1,1,1,0,0,0.005045627026832,0,-0.5603117624010839,3,3,0,1,1,1,0,0,0,1,0,0,0,1,Stable Mid-Risk
0,1.6125732136881423,1,0,1,1,1,0.6864747161030716,0,-0.5304571573777725,3,5,1,1,1,1,0,0,0,0,1,1,0,1,Stable Mid-Risk
1,-1.2802480369298874,0,0,0,0,0,-1.487450280266981,0,0.5031172186466287,0,0,0,0,0,0,0,1,1,0,0,0,0,2,Vulnerable High-Risk
0,-1.2802480369298874,0,0,0,0,1,0.3856487036084391,1,3.791966473719285,0,1,0,0,0,0,1,0,1,0,0,0,0,0,Critical Churn-Risk
0,-1.1172721918246462,1,0,0,1,1,1.1867433888151402,1,1.288122054151992,0,3,1,0,0,0,1,0,1,0,0,0,1,0,Critical Churn-Risk
0,-1.1987601143772668,0,0,0,0,0,-1.4658439920767583,0,-0.0630200976657894,0,0,0,0,0,0,0,1,1,0,0,0,0,2,Vulnerable High-Risk
0,1.0421577558197987,1,0,0,0,1,-1.3129379525767242,0,-0.6170393253449258,3,0,0,1,1,0,0,1,0,0,1,1,0,3,Loyal Low-Risk
1,-0.4246248501273714,0,1,0,0,0,-0.8226414128755275,1,-0.4638331371617394,1,2,1,0,0,1,0,0,1,0,0,0,0,2,Vulnerable High-Risk
0,0.0235587239120416,1,0,0,1,1,1.1900674331520973,0,-0.3217129223118822,2,3,1,0,1,0,1,0,1,0,0,0,0,0,Critical Churn-Risk
0,-1.2802480369298874,0,0,0,0,0,0.1712478438746953,1,3.415514340707419,0,0,0,0,0,0,1,0,1,0,0,0,1,0,Critical Churn-Risk
0,0.8791819107145575,1,0,0,0,0,0.3058716395214645,0,-0.5100404247447138,3,0,0,0,1,0,1,0,1,0,0,0,0,0,Critical Churn-Risk
0,1.6125732136881423,1,0,0,1,1,1.1501789011086103,0,-0.5081506595312587,3,3,1,1,0,0,1,0,0,0,1,0,1,1,Stable Mid-Risk
1,-1.2802480369298874,1,0,0,1,1,0.9474121965542168,1,4.778329426882157,0,2,1,0,0,0,1,0,1,0,0,0,1,0,Critical Churn-Risk
0,-1.1987601143772668,0,0,0,0,1,-0.5201533782124163,1,0.7672173584727825,0,1,0,0,0,1,0,0,1,0,0,0,1,2,Vulnerable High-Risk
1,1.6125732136881423,1,1,1,0,0,1.4177644702336702,0,-0.495278451096532,3,5,1,1,1,0,1,0,0,0,1,1,0,1,Stable Mid-Risk
1,1.6125732136881423,1,1,0,1,1,0.624979895869362,0,-0.5334153667696041,3,5,1,1,1,1,0,0,0,0,1,1,0,1,Stable Mid-Risk
0,0.8791819107145575,1,0,0,1,1,1.1385447459292597,0,-0.4568755146280274,3,3,1,0,1,0,1,0,1,0,0,1,0,0,Critical Churn-Risk
0,1.082901717096109,1,0,1,1,1,0.5086383440758576,0,-0.5112607769729411,3,4,1,1,0,1,0,0,0,1,0,0,1,1,Stable Mid-Risk
0,0.8791819107145575,0,1,0,1,1,0.0166797822061822,0,-0.5285048845457185,3,3,1,1,1,1,0,0,0,0,1,0,0,1,Stable Mid-Risk
0,1.1236456783724194,1,0,0,1,1,0.8227605339183194,0,-0.4957319470865957,3,2,1,1,0,0,1,0,0,0,1,0,1,1,Stable Mid-Risk
0,1.1236456783724194,0,0,1,1,0,-0.1329022129568947,0,-0.5507478262279918,3,5,1,1,1,1,0,0,0,0,1,1,0,1,Stable Mid-Risk
0,-1.1987601143772668,1,0,0,0,0,0.3224918612062509,0,1.5069895733449372,0,0,0,0,0,0,1,0,1,0,0,0,1,0,Critical Churn-Risk
0,1.490341329859212,1,1,0,1,0,1.1418687902662172,0,-0.501755673282276,3,3,1,1,1,0,1,0,0,0,1,0,0,1,Stable Mid-Risk
1,-1.2802480369298874,0,0,0,0,0,-1.5140426349626388,0,0.4564254812188004,0,0,0,0,0,0,0,1,1,0,0,0,1,2,Vulnerable High-Risk
1,0.7162060656093164,0,1,0,1,1,-0.8425856788972709,0,-0.5768008701712677,3,2,1,0,1,1,0,0,1,0,0,1,0,2,Vulnerable High-Risk
0,0.960669833267178,0,0,0,1,1,-0.6630872847015785,0,-0.5752468881980505,3,2,1,0,1,1,0,0,1,0,0,1,0,2,Vulnerable High-Risk
0,1.1236456783724194,0,1,1,1,1,1.0770499256955504,0,-0.4810929392454938,3,4,1,1,0,0,1,0,0,0,1,0,1,1,Stable Mid-Risk
0,1.490341329859212,1,1,1,1,1,1.5208098446793454,0,-0.482745465900946,3,5,1,1,0,0,1,0,0,1,0,0,0,1,Stable Mid-Risk
0,-1.2802480369298874,0,0,0,0,0,-0.9888436297233908,1,1.378587295418409,0,1,1,0,0,1,0,0,1,0,0,0,0,2,Vulnerable High-Risk
0,-1.2802480369298874,0,0,0,0,1,0.2726311961518919,1,3.5935265896510145,0,1,0,0,0,0,1,0,1,0,0,0,1,0,Critical Churn-Risk
0,-1.1987601143772668,0,0,0,0,1,-1.4924363467724169,0,-0.0863659663797036,0,0,0,0,0,0,0,1,1,0,0,0,0,2,Vulnerable High-Risk
1,1.1236456783724194,0,0,1,1,0,0.403930947461704,0,-0.5198432541189989,3,4,1,1,1,1,0,0,0,0,1,0,0,1,Stable Mid-Risk
0,-0.791320501614164,0,0,1,0,0,-0.9772094745440404,0,-0.3719359676124034,1,2,0,1,0,1,0,0,0,0,1,0,0,3,Loyal Low-Risk
1,1.2051336009250395,0,0,0,0,0,-1.4741541029191516,0,-0.6292037351462907,3,0,0,1,1,0,0,1,0,0,1,0,0,3,Loyal Low-Risk
0,0.512486259227765,1,1,0,0,0,1.0620917261792426,0,-0.4215821899784057,2,3,1,1,1,0,1,0,0,1,0,0,0,1,Stable Mid-Risk
0,-0.3023929662984406,0,0,1,1,0,-0.3522891391960741,0,-0.4237586651971359,2,4,1,1,0,1,0,0,0,1,0,0,1,1,Stable Mid-Risk
0,0.4717422979514547,0,0,1,1,0,1.173447211467311,0,-0.4074365108313395,2,4,1,1,1,0,1,0,0,0,1,0,0,1,Stable Mid-Risk
0,-1.2395040756535771,0,0,0,0,1,-0.6497911073537496,0,1.0935731482027076,0,0,0,0,0,1,0,0,1,0,0,0,0,2,Vulnerable High-Risk
0,0.0235587239120416,1,0,0,0,1,0.6332900067117551,1,-0.3792192900998326,2,2,0,0,1,0,1,0,1,0,0,1,0,0,Critical Churn-Risk
0,-1.2802480369298874,0,0,0,0,1,0.1762339103801309,1,3.4242690414751364,0,0,0,0,0,0,1,0,1,0,0,0,1,0,Critical Churn-Risk
0,-0.4246248501273714,0,0,0,0,0,-1.4608579255713223,0,-0.5612767630980767,1,0,0,1,1,0,0,1,0,1,0,0,0,3,Loyal Low-Risk
0,0.1050466464646622,0,0,1,0,1,-1.042028339114707,0,-0.5586334355715918,2,2,0,0,0,1,0,0,1,0,0,0,0,2,Vulnerable High-Risk
1,-0.1394171211931994,0,0,0,0,0,-1.4824642137615447,0,-0.588496692634807,2,0,0,1,0,0,0,1,0,0,1,0,0,3,Loyal Low-Risk
0,-0.22090504374582,1,1,0,0,1,0.7014329156193795,0,-0.3089855001873849,2,2,0,1,0,0,1,0,0,1,0,0,1,0,Critical Churn-Risk
1,0.8791819107145575,0,0,1,0,1,-0.12625412428298,0,-0.5376309968611577,3,3,0,1,0,1,0,0,0,1,0,0,1,1,Stable Mid-Risk
0,-1.2395040756535771,0,0,0,0,1,0.1945161542333963,1,2.081881590425073,0,0,0,0,0,0,1,0,1,0,0,0,1,0,Critical Churn-Risk
0,1.0014137945434884,1,0,0,1,1,0.7346733589889521,0,-0.492201692772875,3,1,1,1,0,0,1,0,0,1,0,0,1,1,Stable Mid-Risk
0,1.2051336009250395,1,1,1,0,0,0.1529656000214305,0,-0.5385068880394576,3,4,0,1,1,1,0,0,0,0,1,0,0,1,Stable Mid-Risk
1,-0.7098325790615434,0,0,0,0,0,-1.477478147256109,0,-0.5186293167857703,1,0,0,1,1,0,0,1,0,1,0,1,0,3,Loyal Low-Risk
0,-1.2395040756535771,0,0,0,0,0,-1.477478147256109,1,0.1247195965752702,0,0,0,0,0,0,0,1,1,0,0,0,0,2,Vulnerable High-Risk
0,1.5310852911355222,1,0,1,1,1,1.3130570736195162,0,-0.495617400859357,3,4,1,1,1,0,1,0,0,0,1,0,0,1,Stable Mid-Risk
1,-0.4653688114036817,0,0,0,0,1,-0.6597632403646212,0,-0.4285951782086723,1,0,0,0,0,1,0,0,1,0,0,0,1,2,Vulnerable High-Risk
1,-0.3838808888510611,0,0,1,0,1,-0.5101812452015443,0,-0.4265833656585149,1,1,0,1,0,1,0,0,0,1,0,0,1,2,Vulnerable High-Risk
0,-1.076528230548336,0,0,0,0,0,-1.4691680364137156,0,-0.3235766681335812,0,0,0,1,0,0,0,1,0,1,0,0,0,3,Loyal Low-Risk
1,-1.1580161531009563,0,0,0,0,0,-1.504070501951767,0,-0.2106827172812964,0,0,0,1,1,0,0,1,0,0,1,1,0,3,Loyal Low-Risk
0,-1.1987601143772668,0,1,0,1,1,1.1368827237607813,1,2.2219568027085583,0,4,1,0,1,0,1,0,1,0,0,1,0,0,Critical Churn-Risk
0,-0.3838808888510611,1,0,0,1,1,0.9540602852281316,0,-0.2123363829818653,1,2,1,0,0,0,1,0,1,0,0,0,1,0,Critical Churn-Risk
0,-0.2616490050221303,0,1,1,1,0,-0.3406549840167238,0,-0.4312579435375742,2,4,1,1,1,1,0,0,0,1,0,1,0,1,Stable Mid-Risk
1,-0.9950403079957154,0,0,0,0,0,-1.487450280266981,0,-0.407047413019441,0,0,0,0,0,0,0,1,1,0,0,0,0,2,Vulnerable High-Risk
0,-0.2616490050221303,1,0,0,0,1,0.6366140510487127,1,-0.3041526583173749,2,1,1,0,0,0,1,0,1,0,0,0,1,0,Critical Churn-Risk
0,-1.2395040756535771,1,0,0,0,1,0.4870320558856357,0,2.424287664895814,0,1,0,0,0,0,1,0,1,0,0,0,1,0,Critical Churn-Risk
0,1.4088534073065913,1,1,1,1,0,1.708618349717431,1,-0.4676246017738456,3,6,1,1,1,0,1,0,0,0,1,1,0,1,Stable Mid-Risk
0,1.5718292524118322,1,0,0,1,1,0.960708373902046,1,-0.515184179909585,3,2,1,1,1,0,1,0,0,0,1,0,0,1,Stable Mid-Risk
0,1.082901717096109,1,1,1,0,0,0.5003282332334644,0,-0.5117471492378143,3,5,1,1,1,1,0,0,0,1,0,1,0,1,Stable Mid-Risk
1,0.2680224915699033,1,0,0,1,0,1.1701231671303538,0,-0.3752710917143911,2,3,1,1,0,0,1,0,0,1,0,0,1,1,Stable Mid-Risk
1,-0.4653688114036817,0,0,0,0,0,-1.5024084797832884,0,-0.5630992172763368,1,0,0,1,0,0,0,1,0,0,1,0,0,3,Loyal Low-Risk
0,-1.2802480369298874,0,0,0,0,0,-1.499084435446331,1,0.4826895835219538,0,0,0,0,0,0,0,1,1,0,0,0,0,2,Vulnerable High-Risk
1,0.6347181430566958,0,0,0,0,0,-1.4824642137615447,0,-0.6189733743096378,2,0,0,1,1,0,0,1,0,0,1,0,0,3,Loyal Low-Risk
0,-0.0579291986405789,0,1,0,0,1,-0.4786028240004503,0,-0.4832457345162441,2,4,1,1,1,1,0,0,0,1,0,1,0,1,Stable Mid-Risk
1,1.2866215234776603,1,1,1,1,0,1.6138830861141489,0,-0.4635364338135358,3,6,1,1,0,0,1,0,0,1,0,0,1,1,Stable Mid-Risk
1,0.5532302205040753,1,0,0,0,1,0.5053142997389005,0,-0.4684062062645806,2,1,0,0,1,0,1,0,1,0,0,0,0,0,Critical Churn-Risk
0,0.797693988161937,1,0,1,1,1,0.5368927209399946,0,-0.488806896639134,3,4,1,1,1,1,0,0,0,0,1,0,0,1,Stable Mid-Risk
1,1.4088534073065913,1,0,0,0,1,-1.3262341299245533,0,-0.6243509115959311,3,0,0,1,0,0,0,1,0,0,1,0,0,3,Loyal Low-Risk
0,1.4088534073065913,1,0,0,0,0,-0.3290208288373734,0,-0.5728526717858263,3,1,0,0,0,1,0,0,1,0,0,0,1,2,Vulnerable High-Risk
0,-1.1172721918246462,1,0,0,0,0,0.3573943267443021,1,0.802722533808527,0,0,0,0,0,0,1,0,1,0,0,0,1,0,Critical Churn-Risk
0,1.5718292524118322,1,0,1,1,0,1.477597268298901,0,-0.4899738841803235,3,5,1,1,0,0,1,0,0,0,1,0,1,1,Stable Mid-Risk
0,-0.9542963467194052,0,0,0,1,1,0.4271992578204049,1,0.2393089021793988,0,1,1,0,1,0,1,0,1,0,0,0,0,0,Critical Churn-Risk
0,-0.2616490050221303,1,1,0,0,1,1.0039209502824906,1,-0.2563800936342728,2,3,1,0,0,0,1,0,1,0,0,0,1,0,Critical Churn-Risk
0,1.5718292524118322,1,1,1,1,1,1.711942394054388,0,-0.478544135955803,3,6,1,1,1,0,1,0,0,1,0,0,0,1,Stable Mid-Risk
0,-0.0171852373642686,0,0,0,0,0,-1.4924363467724169,0,-0.5967031192130314,2,0,0,0,1,0,0,1,1,0,0,0,0,2,Vulnerable High-Risk
0,-1.2395040756535771,0,0,0,0,0,0.1845440212225241,0,2.070208656068116,0,0,0,0,0,0,1,0,1,0,0,0,1,0,Critical Churn-Risk
0,1.5718292524118322,1,0,0,0,0,-1.3029658195658524,0,-0.625590684035804,3,0,0,1,1,0,0,1,0,0,1,1,0,3,Loyal Low-Risk
0,1.1236456783724194,0,1,0,0,1,-0.6763834620494076,0,-0.5820351174962292,3,3,1,1,0,1,0,0,0,1,0,0,1,1,Stable Mid-Risk
0,0.9199258719908678,1,0,0,1,1,1.17510923363579,0,-0.4583365263795232,3,3,1,1,0,0,1,0,0,1,0,0,1,1,Stable Mid-Risk
0,0.8791819107145575,0,1,1,1,1,1.3496215613260465,1,-0.4433985813249951,3,5,1,1,1,0,1,0,0,1,0,1,0,1,Stable Mid-Risk
0,-1.2395040756535771,0,0,0,1,1,1.0321753271466272,1,3.062408076409467,0,3,1,0,0,0,1,0,1,0,0,0,1,0,Critical Churn-Risk
0,-1.076528230548336,1,0,0,0,1,0.3008855730160285,0,0.5644001240206532,0,0,0,0,0,0,1,0,1,0,0,0,0,0,Critical Churn-Risk
1,0.6347181430566958,0,1,0,0,1,0.1762339103801309,0,-0.5001000223887894,2,4,1,1,1,1,0,0,0,0,1,1,0,1,Stable Mid-Risk
1,1.24587756220135,1,0,0,0,0,-1.3145999747452028,0,-0.6210410768081358,3,0,0,1,0,0,0,1,0,0,1,0,0,3,Loyal Low-Risk
0,-1.2802480369298874,1,0,0,0,1,0.4770599228747639,1,3.952469321127445,0,1,0,0,0,0,1,0,1,0,0,0,1,0,Critical Churn-Risk
1,-0.8320644628904743,0,0,0,0,0,-1.454209836897408,0,-0.4780827058583592,0,0,0,0,1,0,0,1,1,0,0,1,0,2,Vulnerable High-Risk
0,0.8791819107145575,0,0,0,0,1,-1.3245721077560746,0,-0.6141417756917583,3,0,0,0,1,1,0,0,1,0,0,0,0,2,Vulnerable High-Risk
1,-0.0986731599168891,0,0,1,1,1,-0.0099125724894757,0,-0.424222106759695,2,3,1,1,0,1,0,0,0,1,0,0,1,1,Stable Mid-Risk
0,-0.0986731599168891,0,0,0,0,0,-1.5007464576148095,1,-0.5931031086659934,2,0,0,0,1,0,0,1,1,0,0,0,0,2,Vulnerable High-Risk
0,-1.1580161531009563,0,0,0,1,1,0.4720738563693278,1,1.1772291777609,0,1,1,0,0,0,1,0,1,0,0,0,1,0,Critical Churn-Risk
0,0.3087664528462136,1,0,1,1,1,1.367903805179311,0,-0.3654487445115858,2,4,1,1,1,0,1,0,0,1,0,1,0,1,Stable Mid-Risk
1,-0.9542963467194052,0,0,1,0,1,0.3673664597551738,0,0.2182976203368759,0,1,0,0,0,0,1,0,1,0,0,0,1,0,Critical Churn-Risk
1,-0.6283446565089229,0,1,1,1,0,0.8992135536683364,1,-0.071450550256925,1,3,1,0,0,0,1,0,1,0,0,0,1,0,Critical Churn-Risk
0,1.2051336009250395,0,0,0,0,1,-0.7046378389135444,0,-0.5863103335012817,3,3,1,1,1,1,0,0,0,0,1,1,0,1,Stable Mid-Risk
0,-0.1801610824695097,0,0,1,1,1,0.8792692876465931,0,-0.2997995333719963,2,3,1,1,1,0,1,0,0,1,0,0,0,1,Stable Mid-Risk
0,1.5310852911355222,1,1,1,1,0,0.829408622592234,0,-0.5195386959148113,3,6,1,1,1,1,0,0,0,0,1,1,0,1,Stable Mid-Risk
0,0.5532302205040753,0,0,1,1,1,1.3163811179564735,0,-0.4078062917305906,2,5,1,1,1,0,1,0,0,0,1,0,0,1,Stable Mid-Risk
0,-0.3838808888510611,1,0,0,0,0,0.8427047999400633,0,-0.2286298538551179,1,2,1,0,0,0,1,0,1,0,0,0,0,0,Critical Churn-Risk
1,0.5939741817803856,0,1,1,0,0,-0.8143313020331343,0,-0.5690904392663659,2,3,0,1,0,1,0,0,0,1,0,0,1,1,Stable Mid-Risk
1,1.4495973685829016,0,1,0,1,1,1.3446354948206105,0,-0.4890399084542988,3,5,1,1,1,0,1,0,0,0,1,0,0,1,Stable Mid-Risk
0,1.1236456783724194,1,0,1,1,1,1.3695658273477898,1,-0.4642532962387361,3,4,1,1,0,0,1,0,0,1,0,0,1,1,Stable Mid-Risk
1,1.4088534073065913,1,0,1,1,1,1.3030849406086444,0,-0.4885672192966216,3,4,1,1,0,0,1,0,0,0,1,0,1,1,Stable Mid-Risk
0,-0.7505765403378537,0,0,1,1,1,0.1612757108638236,0,-0.1250811986636111,1,3,1,0,0,1,0,0,1,0,0,0,1,2,Vulnerable High-Risk
1,1.0014137945434884,1,0,0,0,1,0.3158437725323362,0,-0.5175601363759197,3,0,0,0,0,0,1,0,1,0,0,0,1,0,Critical Churn-Risk
1,0.9199258719908678,1,1,0,1,0,1.2000395661629697,0,-0.4567731869567164,3,3,1,1,0,0,1,0,0,1,0,0,0,1,Stable Mid-Risk
0,-1.2802480369298874,0,0,0,0,1,-1.4808021915930665,0,0.5147901530035858,0,0,0,0,0,0,0,1,1,0,0,0,0,2,Vulnerable High-Risk
1,-1.2802480369298874,0,0,1,0,1,-0.4952230456852367,1,2.245302671422472,0,1,0,0,0,1,0,0,1,0,0,0,0,2,Vulnerable High-Risk
0,-0.3838808888510611,1,0,1,1,1,1.0670777926846788,0,-0.1957997259761761,1,3,1,0,1,0,1,0,1,0,0,1,0,0,Critical Churn-Risk
0,-0.791320501614164,1,1,0,1,1,1.181757322309704,1,0.1696048084478551,1,3,1,0,0,0,1,0,1,0,0,0,1,0,Critical Churn-Risk
0,0.5939741817803856,1,0,0,1,1,1.3064089849456015,0,-0.4139376867718115,2,4,1,0,0,0,1,0,1,0,0,0,1,0,Critical Churn-Risk
0,0.227278530293593,0,0,0,0,0,-1.485788258098502,0,-0.6069339427986162,2,0,0,1,0,0,0,1,0,1,0,0,0,3,Loyal Low-Risk
0,0.227278530293593,1,0,0,0,1,0.3374500607225587,1,-0.4427645967783352,2,0,0,0,1,0,1,0,1,0,0,0,0,0,Critical Churn-Risk
0,-1.2395040756535771,1,0,0,0,1,-0.2741740972775785,0,1.5332536756480903,0,1,0,0,1,1,0,0,1,0,0,1,0,2,Vulnerable High-Risk
1,-1.2802480369298874,0,0,1,0,1,-0.5168293338754589,1,2.207365634762362,0,1,0,0,1,1,0,0,1,0,0,1,0,2,Vulnerable High-Risk
0,-0.7098325790615434,0,0,0,0,1,0.126373245325772,0,-0.1666173900837834,1,0,0,0,1,0,1,0,1,0,0,0,0,0,Critical Churn-Risk
0,-0.2616490050221303,0,0,0,0,1,0.1413314448420797,0,-0.3685699627316935,2,0,0,0,1,0,1,0,1,0,0,1,0,0,Critical Churn-Risk
1,0.1050466464646622,0,0,0,0,0,-1.499084435446331,0,-0.6032175598516363,2,0,0,1,1,0,0,1,0,0,1,1,0,3,Loyal Low-Risk
1,-1.1987601143772668,0,0,0,0,1,-1.487450280266981,0,-0.0819886159958446,0,0,0,0,0,0,0,1,1,0,0,0,0,2,Vulnerable High-Risk
1,0.7162060656093164,1,0,1,1,0,1.2931128075977727,1,-0.4297447853801908,3,4,1,0,0,0,1,0,1,0,0,0,1,0,Critical Churn-Risk
0,0.3902543753988342,1,1,0,0,1,0.9839766842607472,0,-0.4108328219646557,2,3,1,0,0,0,1,0,1,0,0,0,1,0,Critical Churn-Risk
0,-0.9135523854430948,0,1,1,0,1,-0.3273588066688946,0,-0.0839783207157804,0,2,0,0,1,1,0,0,1,0,0,1,0,2,Vulnerable High-Risk
0,1.1643896396487294,0,1,1,0,0,0.960708373902046,0,-0.4906825233404344,3,4,1,1,1,0,1,0,0,1,0,0,0,1,Stable Mid-Risk
0,1.4495973685829016,1,1,1,1,0,1.5108377116684737,0,-0.4805812603695474,3,5,1,1,1,0,1,0,0,0,1,1,0,1,Stable Mid-Risk
0,-0.9135523854430948,0,1,0,1,1,1.1335586794238242,0,0.3824084656371864,0,4,1,1,0,0,1,0,0,1,0,0,1,0,Critical Churn-Risk
0,1.3273654847539706,1,1,0,0,0,0.829408622592234,1,-0.5083602296478791,3,3,0,1,0,0,1,0,0,1,0,0,1,1,Stable Mid-Risk
1,1.6125732136881423,0,1,1,1,1,0.5202724992552084,0,-0.5384523178962363,3,5,1,1,1,1,0,0,0,0,1,0,0,1,Stable Mid-Risk
1,0.9199258719908678,0,0,1,0,0,0.4853700337171571,0,-0.5015889170771767,3,2,0,0,0,0,1,0,1,0,0,0,1,0,Critical Churn-Risk
0,-1.2802480369298874,0,0,0,0,1,-1.4791401694245876,1,0.5177083865928251,0,0,0,0,0,0,0,1,1,0,0,0,0,2,Vulnerable High-Risk
0,-1.0357842692720256,0,0,1,0,0,-0.0664213262177493,0,0.2492308963828123,0,3,1,0,1,1,0,0,1,0,0,0,0,2,Vulnerable High-Risk
0,-1.2395040756535771,1,0,0,0,1,0.3357880385540801,0,2.2472481604819654,0,0,0,0,0,0,1,0,1,0,0,0,0,0,Critical Churn-Risk
0,-0.9542963467194052,0,1,0,0,1,0.3341260163856011,0,0.2066246859799189,0,1,0,0,0,0,1,0,1,0,0,0,1,0,Critical Churn-Risk
1,-0.22090504374582,1,0,0,0,1,-1.2946557087234591,0,-0.5593282530928393,2,0,0,1,1,0,0,1,0,0,1,1,0,3,Loyal Low-Risk
0,-1.0357842692720256,1,0,0,1,1,1.234942031701021,1,0.8204751214763992,0,3,1,0,0,0,1,0,1,0,0,0,1,0,Critical Churn-Risk
0,1.2866215234776603,0,0,1,0,1,0.1164011123149002,0,-0.544438848087523,3,4,1,1,0,1,0,0,0,0,1,0,0,1,Stable Mid-Risk
0,1.5310852911355222,0,1,1,0,0,-0.5450837107395957,0,-0.5875212079796247,3,4,1,1,1,1,0,0,0,0,1,0,0,1,Stable Mid-Risk
0,-1.2395040756535771,1,0,0,1,1,0.970680506912918,1,2.9904249812082315,0,2,1,0,0,0,1,0,1,0,0,0,1,0,Critical Churn-Risk
0,1.4088534073065913,0,1,1,1,1,1.3379874061466956,0,-0.4867647809032679,3,5,1,1,0,0,1,0,0,0,1,0,1,1,Stable Mid-Risk
0,0.512486259227765,1,0,0,1,1,0.8144504230759262,1,-0.4404872684478252,2,2,1,0,1,0,1,0,1,0,0,1,0,0,Critical Churn-Risk
0,-0.3431369275747509,1,0,0,0,0,-1.3179240190821602,0,-0.5496647310073298,1,0,0,1,1,0,0,1,0,0,1,1,0,3,Loyal Low-Risk
1,-1.1580161531009563,0,0,0,0,0,-1.5057325241202455,0,-0.2118500107169921,0,0,0,1,1,0,0,1,0,0,1,1,0,3,Loyal Low-Risk
1,0.4717422979514547,0,0,0,1,1,0.9357780413748666,0,-0.425983506531838,2,3,1,0,1,0,1,0,1,0,0,0,0,0,Critical Churn-Risk
1,1.6125732136881423,0,0,0,0,1,-1.4658439920767583,0,-0.6339944860918781,3,0,0,1,0,0,0,1,0,0,1,0,0,3,Loyal Low-Risk
0,-1.2802480369298874,0,0,0,0,1,0.3158437725323362,1,3.6694006629712352,0,1,0,0,1,0,1,0,1,0,0,1,0,0,Critical Churn-Risk
0,1.368109446030281,0,0,0,0,0,-1.5107185906256817,0,-0.6333823193238226,3,0,0,1,1,0,0,1,0,0,1,0,0,3,Loyal Low-Risk
0,-1.2802480369298874,0,0,1,0,1,-0.6697353733754932,1,1.9388881445523487,0,3,1,0,0,1,0,0,1,0,0,0,0,2,Vulnerable High-Risk
1,-0.791320501614164,0,1,0,0,0,0.6399380953856697,1,0.0336985012918548,1,2,1,0,0,0,1,0,1,0,0,0,1,0,Critical Churn-Risk
0,-0.9135523854430948,1,0,0,0,1,0.5285826100976015,1,0.1892744608220783,0,1,0,0,1,0,1,0,1,0,0,0,0,0,Critical Churn-Risk
0,1.3273654847539706,1,0,0,1,1,1.3147190957879948,0,-0.4825382839491558,3,4,1,0,0,0,1,0,1,0,0,0,1,0,Critical Churn-Risk
1,-1.2802480369298874,0,0,0,0,0,-1.504070501951767,0,0.473934882754236,0,0,0,0,0,0,0,1,1,0,0,0,0,2,Vulnerable High-Risk
1,0.227278530293593,0,1,1,1,0,0.3075336616899431,0,-0.44545835086071,2,5,1,1,0,1,0,0,0,1,0,0,1,1,Stable Mid-Risk
1,-0.3838808888510611,0,1,1,0,0,-0.8209793907070487,0,-0.4720591724241602,1,3,0,1,0,1,0,0,0,0,1,0,0,1,Stable Mid-Risk
0,-0.9135523854430948,0,0,0,0,0,-1.485788258098502,0,-0.4537981046611933,0,0,0,1,0,0,0,1,0,1,0,0,0,3,Loyal Low-Risk
1,-1.1580161531009563,1,0,0,1,1,1.2266319208586274,1,1.707180397566751,0,3,1,0,0,0,1,0,1,0,0,0,1,0,Critical Churn-Risk
1,1.6125732136881423,1,1,1,1,1,0.6233178737008834,0,-0.5334953183747888,3,5,1,1,1,1,0,0,0,0,1,1,0,1,Stable Mid-Risk
0,0.1050466464646622,0,0,1,0,0,-0.2642019642667066,0,-0.4827593622513709,2,2,0,0,0,1,0,0,1,0,0,0,1,2,Vulnerable High-Risk
0,-1.2802480369298874,0,0,0,0,0,-1.4758161250876305,1,0.5235448537713036,0,0,0,0,0,0,0,1,1,0,0,0,0,2,Vulnerable High-Risk
1,1.0421577558197987,0,0,0,0,0,-1.504070501951767,0,-0.6284154901843332,3,0,0,1,1,0,0,1,0,0,1,1,0,3,Loyal Low-Risk
1,1.5310852911355222,0,0,1,1,1,1.374551893853226,0,-0.492575861625502,3,5,1,1,0,0,1,0,0,1,0,0,1,1,Stable Mid-Risk
1,0.227278530293593,1,0,0,1,0,0.4704118342008493,0,-0.4307923564122254,2,4,1,1,1,1,0,0,0,1,0,1,0,1,Stable Mid-Risk
1,1.1236456783724194,0,0,0,1,1,-0.5002091121906725,0,-0.57189305977625,3,3,1,0,0,1,0,0,1,0,0,0,1,2,Vulnerable High-Risk
0,-0.2616490050221303,1,1,0,1,1,0.9174957975216018,0,-0.2676206970891203,2,3,1,0,1,0,1,0,1,0,0,1,0,0,Critical Churn-Risk
0,-0.9950403079957154,0,1,1,0,0,-0.2193273657177834,0,0.0877553044449061,0,3,0,1,1,1,0,0,0,1,0,0,0,2,Vulnerable High-Risk
1,0.3495104141225239,1,0,1,1,1,1.2565483198912426,1,-0.3819413399183666,2,4,1,1,0,0,1,0,0,1,0,0,1,1,Stable Mid-Risk
0,0.1457906077409725,1,0,0,1,1,0.902537598005294,0,-0.3770062576323172,2,2,1,0,1,0,1,0,1,0,0,1,0,0,Critical Churn-Risk
0,0.8791819107145575,0,0,1,0,0,0.0150177600377037,0,-0.5286110021307818,3,3,1,1,1,1,0,0,0,1,0,0,0,1,Stable Mid-Risk
1,1.5718292524118322,1,0,0,1,1,1.3695658273477898,1,-0.4952429170497833,3,4,1,1,1,0,1,0,0,0,1,0,0,1,Stable Mid-Risk
0,0.9199258719908678,1,0,0,0,1,0.2759552404888489,0,-0.5147209682287534,3,0,0,0,0,0,1,0,1,0,0,0,1,0,Critical Churn-Risk
0,1.6125732136881423,1,1,0,0,0,-0.1678046784949459,0,-0.5715522824426762,3,2,0,1,1,1,0,0,0,0,1,0,0,1,Stable Mid-Risk
1,-1.1987601143772668,0,1,1,0,1,-0.3223727401634587,1,0.9408522570325192,0,2,0,0,0,1,0,0,1,0,0,0,0,2,Vulnerable High-Risk
1,0.8791819107145575,1,0,0,0,1,-0.1661426563264673,0,-0.5401778189026757,3,2,0,1,1,1,0,0,0,0,1,0,0,3,Loyal Low-Risk
1,1.6125732136881423,1,1,1,1,1,1.7219145270652598,0,-0.4806473073477433,3,6,1,1,1,0,1,0,0,0,1,0,0,1,Stable Mid-Risk
0,0.797693988161937,1,1,1,1,1,1.4792592904673796,0,-0.4263677100316372,3,5,1,1,0,0,1,0,0,0,1,0,1,1,Stable Mid-Risk
0,1.1236456783724194,1,1,0,1,1,1.216659787847756,0,-0.4730558369013594,3,3,1,1,1,0,1,0,0,1,0,0,0,1,Stable Mid-Risk
0,0.2680224915699033,0,0,0,1,1,-0.4702927131580572,0,-0.5192859193433491,2,3,1,0,1,1,0,0,1,0,0,1,0,2,Vulnerable High-Risk
0,-0.7098325790615434,0,0,0,1,0,-0.2874702746254075,0,-0.2574474105488557,1,1,1,1,0,1,0,0,0,1,0,0,0,2,Vulnerable High-Risk
0,1.490341329859212,1,0,1,1,1,1.386186049032576,1,-0.4894990922074711,3,4,1,1,1,0,1,0,0,0,1,0,0,1,Stable Mid-Risk
1,0.4309983366751445,0,0,0,0,1,-1.5157046571311177,0,-0.6161580098079599,2,0,0,1,0,0,0,1,0,1,0,0,0,3,Loyal Low-Risk
0,1.24587756220135,1,1,1,1,0,0.6050356298476185,0,-0.5157110831965309,3,5,1,1,1,1,0,0,0,1,0,0,0,1,Stable Mid-Risk
0,-1.2395040756535771,0,0,0,0,0,0.1762339103801309,0,2.0604812107706514,0,0,0,0,0,0,1,0,1,0,0,0,1,0,Critical Churn-Risk
1,1.6125732136881423,0,1,1,1,1,1.4460188470978068,0,-0.4939192738083932,3,6,1,1,1,0,1,0,0,0,1,0,0,1,Stable Mid-Risk
1,-0.0171852373642686,1,0,0,0,1,0.8726211989726784,1,-0.345027579971366,2,2,1,0,1,0,1,0,1,0,0,0,0,0,Critical Churn-Risk
1,0.3087664528462136,1,0,0,0,0,-1.3145999747452028,0,-0.5952062573424238,2,0,0,1,1,0,0,1,0,0,1,1,0,3,Loyal Low-Risk
0,1.0421577558197987,0,1,0,1,1,-0.6464670630167922,0,-0.577371133165775,3,3,1,1,0,1,0,0,0,1,0,0,1,1,Stable Mid-Risk
0,1.4088534073065913,0,1,1,1,0,-0.6946657059026727,0,-0.5917353597161981,3,3,1,1,0,1,0,0,0,0,1,0,1,1,Stable Mid-Risk
0,0.7569500268856267,1,1,0,0,1,0.4222131913149688,1,-0.4931228328182848,3,1,0,0,0,0,1,0,1,0,0,0,1,0,Critical Churn-Risk
0,-0.0579291986405789,1,0,1,1,1,0.4820459893801996,0,-0.3778245461049755,2,4,1,1,0,1,0,0,0,1,0,0,0,1,Stable Mid-Risk
0,1.490341329859212,1,1,0,0,1,0.6681924722498068,0,-0.5255184325089387,3,2,0,0,1,0,1,0,1,0,0,1,0,0,Critical Churn-Risk
0,-0.0171852373642686,1,0,1,0,1,0.480383967211721,0,-0.3867671634295762,2,1,0,1,0,0,1,0,0,1,0,0,1,0,Critical Churn-Risk
0,-0.4653688114036817,0,1,1,1,0,0.2078123315812251,0,-0.2901117297011361,1,4,1,1,1,1,0,0,0,0,1,1,0,1,Stable Mid-Risk
0,0.797693988161937,0,1,0,0,0,-0.3672473387123819,0,-0.5487132767352156,3,2,0,1,0,1,0,0,0,1,0,0,1,3,Loyal Low-Risk
1,1.6125732136881423,1,0,0,0,0,-1.3478404181147754,0,-0.6283179221237688,3,0,0,1,1,0,0,1,0,0,1,1,0,3,Loyal Low-Risk
0,1.6125732136881423,0,0,0,1,1,-0.3522891391960741,1,-0.580426910618171,3,4,1,1,0,1,0,0,0,0,1,0,1,1,Stable Mid-Risk
1,0.797693988161937,0,1,0,0,0,-0.6830315507233222,0,-0.56963646095995,3,3,1,1,1,1,0,0,0,1,0,0,0,1,Stable Mid-Risk
0,0.3495104141225239,0,0,1,0,0,-0.4902369791798008,0,-0.5279919828845796,2,1,0,1,1,1,0,0,0,1,0,0,0,3,Loyal Low-Risk
0,0.3495104141225239,0,0,0,0,0,-1.4841262359300234,0,-0.611092158425774,2,0,0,1,0,0,0,1,0,0,1,0,0,3,Loyal Low-Risk
0,-1.076528230548336,0,0,0,0,1,0.1479795335159944,1,0.4876922696749354,0,0,0,0,0,0,1,0,1,0,0,0,0,0,Critical Churn-Risk
1,1.4088534073065913,1,1,1,0,1,0.1513035778529514,0,-0.5480476862772926,3,4,0,1,1,1,0,0,0,1,0,1,0,1,Stable Mid-Risk
1,-0.6690886177852331,0,0,0,0,0,-1.5107185906256817,0,-0.5342289919282478,1,0,0,0,0,0,0,1,1,0,0,0,0,2,Vulnerable High-Risk
0,-0.6283446565089229,0,0,0,0,0,-1.517366679299596,0,-0.5429073990073581,1,0,0,1,0,0,0,1,0,0,1,0,0,3,Loyal Low-Risk
0,0.1050466464646622,0,1,0,0,0,-0.12625412428298,0,-0.469303062923212,2,3,0,0,0,1,0,0,1,0,0,0,0,2,Vulnerable High-Risk
1,1.0421577558197987,0,0,0,0,0,-1.472492080750673,0,-0.626535949906518,3,0,0,1,1,0,0,1,0,0,1,1,0,3,Loyal Low-Risk
0,-1.2802480369298874,0,0,0,0,1,-0.4752787796634931,1,2.2803214744933435,0,1,0,0,0,1,0,0,1,0,0,0,1,2,Vulnerable High-Risk
1,0.797693988161937,0,0,1,1,0,-0.4852509126743647,0,-0.556531940313932,3,4,1,1,0,1,0,0,0,0,1,0,0,1,Stable Mid-Risk
0,1.5310852911355222,0,1,1,1,0,0.4920181223910713,0,-0.5362260598194754,3,5,1,1,1,1,0,0,0,0,1,0,0,1,Stable Mid-Risk
1,-0.5468567339563023,1,0,0,0,1,-1.3262341299245533,0,-0.5217664178942024,1,0,0,1,1,0,0,1,0,0,1,0,0,3,Loyal Low-Risk
0,-1.2802480369298874,1,0,0,0,1,0.3191678168692938,1,3.675237130149714,0,0,0,0,0,0,1,0,1,0,0,0,1,0,Critical Churn-Risk
1,0.1050466464646622,0,1,1,1,1,1.3994822263804054,0,-0.3204731498720093,2,5,1,0,0,0,1,0,1,0,0,0,1,0,Critical Churn-Risk
0,-0.0171852373642686,1,0,0,1,1,1.2149977656792768,0,-0.3085938757663182,2,3,1,0,0,0,1,0,1,0,0,0,1,0,Critical Churn-Risk
1,-0.6283446565089229,0,1,1,0,1,-0.3140626293210656,0,-0.3081517191618879,1,2,0,0,1,1,0,0,1,0,0,1,0,2,Vulnerable High-Risk
1,1.4088534073065913,0,0,0,0,0,-0.4736167574950145,0,-0.5803199165582915,3,1,0,1,1,1,0,0,0,1,0,1,0,3,Loyal Low-Risk
0,-0.9542963467194052,0,0,0,0,0,-1.5057325241202455,0,-0.439472230677655,0,0,0,0,1,0,0,1,1,0,0,0,0,2,Vulnerable High-Risk
1,-0.0579291986405789,1,0,1,1,1,0.4870320558856357,1,-0.3772773773069932,2,4,1,1,0,1,0,0,0,1,0,0,0,1,Stable Mid-Risk
0,-1.1580161531009563,1,1,0,1,0,0.8593250216248496,0,1.449208548278,0,2,1,0,0,0,1,0,1,0,0,0,1,0,Critical Churn-Risk
1,1.0421577558197987,1,1,1,0,1,0.8327326669291911,0,-0.4893295096260142,3,3,0,1,1,0,1,0,0,1,0,0,0,1,Stable Mid-Risk
0,1.1236456783724194,0,1,1,1,0,0.4720738563693278,0,-0.5159203827367428,3,5,1,1,0,1,0,0,0,1,0,0,0,1,Stable Mid-Risk
0,1.0421577558197987,1,0,1,1,1,1.3246912287988668,1,-0.4600482505611048,3,4,1,1,0,0,1,0,0,1,0,0,1,1,Stable Mid-Risk
0,-1.2802480369298874,0,0,0,0,0,-1.504070501951767,0,0.473934882754236,0,0,0,0,0,0,0,1,1,0,0,0,0,2,Vulnerable High-Risk
1,-0.22090504374582,0,0,0,0,0,-1.4924363467724169,0,-0.5841332386013731,2,0,0,1,0,0,0,1,0,0,1,0,0,3,Loyal Low-Risk
1,1.368109446030281,1,1,1,1,1,1.7102803718859096,0,-0.4645603284000703,3,6,1,1,0,0,1,0,0,1,0,0,1,1,Stable Mid-Risk
0,-0.7098325790615434,1,1,0,1,1,0.7629277358530887,0,-0.0269069569989534,1,2,1,0,1,0,1,0,1,0,0,0,0,0,Critical Churn-Risk
0,0.5939741817803856,1,0,0,1,1,1.1717851892988325,1,-0.423786725135494,2,3,1,0,0,0,1,0,1,0,0,0,1,0,Critical Churn-Risk
0,0.3495104141225239,1,1,0,0,1,0.5485268761193449,0,-0.4411397927286489,2,1,0,0,1,0,1,0,1,0,0,1,0,0,Critical Churn-Risk
0,1.082901717096109,0,0,0,1,1,-0.6813695285548437,0,-0.580909285302785,3,2,1,0,0,1,0,0,1,0,0,0,1,2,Vulnerable High-Risk
1,0.7162060656093164,0,0,0,0,0,0.1845440212225241,0,-0.5060766208320573,3,0,0,1,1,0,1,0,0,0,1,1,0,3,Loyal Low-Risk
1,-0.6283446565089229,0,1,0,1,0,-0.6763834620494076,0,-0.3788378216567947,1,3,1,1,1,1,0,0,0,1,0,1,0,1,Stable Mid-Risk
1,-1.076528230548336,0,1,0,0,1,-0.5201533782124163,0,0.1525122974251679,0,1,0,0,0,1,0,0,1,0,0,0,1,2,Vulnerable High-Risk
0,0.7569500268856267,0,0,0,0,1,-1.1749901125929976,0,-0.6009852358667054,3,1,0,0,1,1,0,0,1,0,0,1,0,2,Vulnerable High-Risk
0,0.4717422979514547,0,0,1,1,0,1.1884054109836186,1,-0.4062692173956438,2,4,1,0,0,0,1,0,1,0,0,0,1,0,Critical Churn-Risk
0,0.6754621043330061,0,0,0,1,1,0.6814886495976356,0,-0.4679541905086304,3,2,1,0,1,0,1,0,1,0,0,1,0,0,Critical Churn-Risk
0,-1.2395040756535771,0,0,0,1,0,1.025527238472713,1,3.054626120171496,0,3,1,0,0,0,1,0,1,0,0,0,1,0,Critical Churn-Risk
0,1.082901717096109,1,1,1,0,1,0.1429934670105583,0,-0.5326611566273625,3,3,1,1,0,1,0,0,0,1,0,0,0,1,Stable Mid-Risk
0,0.7162060656093164,1,1,0,1,1,0.1845440212225241,0,-0.5060766208320573,3,3,1,0,1,1,0,0,1,0,0,0,0,1,Stable Mid-Risk
1,1.082901717096109,0,0,0,0,0,-1.4691680364137156,0,-0.6270173760127654,3,0,0,1,0,0,0,1,0,0,1,0,0,3,Loyal Low-Risk
0,-0.5876006952326126,1,0,0,0,0,0.3108577060269006,0,-0.2115428282339142,1,0,0,0,0,0,1,0,1,0,0,0,0,0,Critical Churn-Risk
0,-0.9135523854430948,1,0,0,0,0,0.3407741050595158,0,0.1293180252613441,0,0,0,0,0,0,1,0,1,0,0,0,1,0,Critical Churn-Risk
0,-0.7505765403378537,0,0,0,0,0,-0.6713973955439717,0,-0.3200192024247943,1,0,0,1,0,1,0,0,0,1,0,0,1,3,Loyal Low-Risk
0,0.1050466464646622,0,0,0,0,0,-1.4409136595495788,0,-0.5975432167614488,2,0,0,1,1,0,0,1,0,0,1,0,0,3,Loyal Low-Risk
1,-0.9950403079957154,0,0,0,0,1,-0.7096239054189802,0,-0.1035511197385569,0,0,0,1,0,1,0,0,0,1,0,0,0,2,Vulnerable High-Risk
1,-0.5876006952326126,0,0,0,0,0,-1.487450280266981,0,-0.543914274924113,1,0,0,1,1,0,0,1,0,1,0,0,0,3,Loyal Low-Risk
1,1.1236456783724194,1,1,0,1,0,0.975666573418354,0,-0.4869294064239723,3,3,1,1,1,0,1,0,0,1,0,0,0,1,Stable Mid-Risk
0,-1.2802480369298874,0,0,0,1,0,0.9839766842607472,1,4.842530565845422,0,3,1,0,0,0,1,0,1,0,0,0,1,0,Critical Churn-Risk
0,-1.076528230548336,0,0,0,0,0,-1.504070501951767,0,-0.3410860696690168,0,0,0,1,0,0,0,1,0,0,1,0,0,3,Loyal Low-Risk
1,-0.5468567339563023,1,1,1,1,1,0.3690284819236528,0,-0.224106591791797,1,4,1,0,0,1,0,0,1,0,0,0,0,2,Vulnerable High-Risk
1,0.8384379494382472,1,1,1,0,0,-0.0215467276688259,0,-0.5284243137866891,3,3,0,1,1,1,0,0,0,1,0,0,0,1,Stable Mid-Risk
0,1.6125732136881423,1,1,0,1,1,1.4875694013097729,0,-0.4919204836787773,3,5,1,1,1,0,1,0,0,0,1,0,0,1,Stable Mid-Risk
0,1.1236456783724194,1,0,1,1,1,1.5291199555217383,0,-0.4550680364168682,3,5,1,1,1,0,1,0,0,0,1,1,0,1,Stable Mid-Risk
0,-1.2802480369298874,0,0,0,1,1,-0.325696784500416,1,2.542962497524878,0,1,1,0,1,1,0,0,1,0,0,1,0,2,Vulnerable High-Risk
1,-0.791320501614164,0,0,1,0,0,-0.3772194717232536,0,-0.2214384925102068,1,2,0,0,0,1,0,0,1,0,0,0,0,2,Vulnerable High-Risk
1,-1.1172721918246462,0,0,0,0,0,0.1712478438746953,0,0.6937751464769276,0,0,0,0,1,0,1,0,1,0,0,1,0,0,Critical Churn-Risk
0,-1.2802480369298874,1,0,0,1,1,1.2183218100162343,1,5.254001501928158,0,3,1,0,0,0,1,0,1,0,0,0,1,0,Critical Churn-Risk
1,-0.791320501614164,0,0,0,1,0,1.070401837021636,0,0.1416731440937078,1,3,1,0,0,0,1,0,1,0,0,0,1,0,Critical Churn-Risk
0,0.1865345690172827,1,1,1,1,1,0.8576629994563706,0,-0.3887871209698152,2,6,1,1,1,1,0,0,0,1,0,0,0,1,Stable Mid-Risk
0,1.2866215234776603,0,1,0,0,1,0.2909134400051568,0,-0.5350107087992114,3,1,0,0,0,0,1,0,1,0,0,0,0,0,Critical Churn-Risk
0,-1.1172721918246462,1,0,1,1,0,0.10476695713555,1,0.6548653652870708,0,3,1,0,1,1,0,0,1,0,0,0,0,2,Vulnerable High-Risk
0,1.1643896396487294,1,0,1,0,1,0.982314662092268,0,-0.4894587479643019,3,3,1,1,1,0,1,0,0,0,1,0,0,1,Stable Mid-Risk
0,-1.2802480369298874,0,0,0,0,1,0.1562896443583875,1,3.3892502384042658,0,0,0,0,0,0,1,0,1,0,0,0,1,0,Critical Churn-Risk
0,-1.2802480369298874,0,0,0,0,1,-1.527338812310468,1,0.4330796125048863,0,0,0,0,0,0,0,1,1,0,0,0,0,2,Vulnerable High-Risk
0,-0.2616490050221303,0,0,0,0,0,-1.509056568457203,0,-0.5832222556290709,2,0,0,1,0,0,0,1,0,1,0,0,0,3,Loyal Low-Risk
0,-1.2802480369298874,0,0,0,0,1,0.1463175113475158,1,3.37174083686883,0,0,0,0,0,0,1,0,1,0,0,0,1,0,Critical Churn-Risk
0,-0.3431369275747509,0,0,0,0,0,-1.4974224132778524,0,-0.5748782692183572,1,0,0,1,0,0,0,1,0,0,1,0,0,3,Loyal Low-Risk
0,-0.6283446565089229,0,0,1,1,0,-0.338992961848245,0,-0.3130154418106201,1,4,1,1,0,1,0,0,0,1,0,0,1,1,Stable Mid-Risk
1,-0.2616490050221303,0,0,0,0,1,-1.1633559574136474,0,-0.5382598418096807,2,1,0,0,0,1,0,0,1,0,0,0,0,2,Vulnerable High-Risk
0,-1.2802480369298874,0,0,0,0,1,0.1612757108638236,1,3.398004939171984,0,0,0,0,0,0,1,0,1,0,0,0,1,0,Critical Churn-Risk
0,0.3087664528462136,1,1,0,1,0,1.2316179873640631,1,-0.3771216788685429,2,3,1,0,0,0,1,0,1,0,0,0,1,0,Critical Churn-Risk
0,0.797693988161937,1,0,0,1,1,1.2715065194075503,0,-0.4401329628110678,3,4,1,0,0,0,1,0,1,0,0,0,1,0,Critical Churn-Risk
0,-1.2802480369298874,0,0,0,0,1,0.5817673194889176,1,4.136318037249518,0,2,0,0,0,0,1,0,1,0,0,0,1,0,Critical Churn-Risk
0,-1.2802480369298874,0,0,0,0,0,-1.4791401694245876,0,0.5177083865928251,0,0,0,0,0,0,0,1,1,0,0,0,0,2,Vulnerable High-Risk
0,-0.4653688114036817,0,1,1,0,0,-0.987181607554912,0,-0.480858088852321,1,2,0,1,0,1,0,0,0,0,1,0,0,3,Loyal Low-Risk
0,1.4088534073065913,1,0,0,1,1,1.359593694336918,0,-0.4856489857073823,3,4,1,1,1,0,1,0,0,1,0,0,0,1,Stable Mid-Risk
1,0.4717422979514547,0,1,1,0,0,-0.2841462302884502,0,-0.5211827711763546,2,2,0,0,1,1,0,0,1,0,0,0,0,2,Vulnerable High-Risk
1,1.5310852911355222,0,0,1,1,0,-0.1478604124732022,0,-0.567874508604183,3,5,1,1,0,1,0,0,0,1,0,0,1,1,Stable Mid-Risk
0,-1.1987601143772668,0,0,0,1,0,0.480383967211721,1,1.6456056688338023,0,1,1,0,0,0,1,0,1,0,0,0,1,0,Critical Churn-Risk
1,0.960669833267178,0,1,0,0,1,-0.1661426563264673,0,-0.5446310340512946,3,3,0,1,1,1,0,0,0,0,1,0,0,1,Stable Mid-Risk
0,-0.791320501614164,1,0,0,0,1,0.6582203392389346,1,0.038284296932088,1,1,1,0,0,0,1,0,1,0,0,0,1,0,Critical Churn-Risk
1,1.0421577558197987,1,1,0,0,1,0.9507362408911744,1,-0.4823059643773364,3,3,1,0,1,0,1,0,1,0,0,0,0,0,Critical Churn-Risk
1,0.3902543753988342,1,0,0,1,1,0.9773285955868324,1,-0.4113757491440491,2,2,1,0,0,0,1,0,1,0,0,0,1,0,Critical Churn-Risk
0,-1.2802480369298874,0,0,0,0,0,-1.3212480634191175,1,0.7949405775705556,0,0,0,0,0,1,0,0,1,0,0,0,1,2,Vulnerable High-Risk
1,0.5532302205040753,1,1,1,0,0,1.1584890119510036,0,-0.4196034062402813,2,4,1,1,0,0,1,0,0,0,1,0,0,1,Stable Mid-Risk
1,1.24587756220135,0,1,0,0,1,-0.4702927131580572,0,-0.5747141185789625,3,1,0,1,1,1,0,0,0,0,1,0,0,3,Loyal Low-Risk
0,-0.8728084241667845,0,0,1,0,1,-0.1295781686199374,0,-0.0746930320227464,0,3,0,0,0,1,0,0,1,0,0,0,1,2,Vulnerable High-Risk
1,-0.7098325790615434,1,0,1,0,1,-0.1711287228319032,0,-0.2319128666430121,1,2,0,0,1,1,0,0,1,0,0,0,0,2,Vulnerable High-Risk
0,1.6125732136881423,0,1,1,1,1,-0.0032644838155611,0,-0.5636370735293972,3,6,1,1,0,1,0,0,0,0,1,0,1,1,Stable Mid-Risk
0,-0.1394171211931994,0,0,0,0,1,-1.3195860412506386,1,-0.5694308998517772,2,0,0,0,1,1,0,0,1,0,0,1,0,2,Vulnerable High-Risk
1,-1.2802480369298874,0,0,0,0,0,-0.5268014668863306,1,2.1898562332269265,0,1,0,0,0,1,0,0,1,0,0,0,1,2,Vulnerable High-Risk
1,-1.076528230548336,0,0,0,1,0,-0.3306828510058519,0,0.2475633343318185,0,1,1,0,0,1,0,0,1,0,0,0,1,2,Vulnerable High-Risk
0,-1.2802480369298874,0,0,0,0,0,-0.648129085185271,1,1.9768251812124595,0,0,0,0,0,1,0,0,1,0,0,0,1,2,Vulnerable High-Risk
1,1.24587756220135,1,0,0,0,1,0.8825933319835501,0,-0.5004815516526885,3,2,1,1,0,0,1,0,0,1,0,0,1,1,Stable Mid-Risk
0,-1.2395040756535771,0,0,0,0,1,0.6997708934509005,1,2.673310264510897,0,2,1,0,0,0,1,0,1,0,0,0,1,0,Critical Churn-Risk
1,-0.5876006952326126,1,0,0,0,0,-1.3195860412506386,0,-0.5128888441332535,1,0,0,1,0,0,0,1,0,0,1,0,0,3,Loyal Low-Risk
0,0.4309983366751445,0,1,1,0,0,-1.023746095261442,0,-0.5768945033345588,2,2,0,0,1,1,0,0,1,0,0,0,0,2,Vulnerable High-Risk
0,-0.7098325790615434,0,1,1,0,0,-0.6281848191635273,0,-0.3322271462731119,1,4,0,1,0,1,0,0,0,1,0,0,0,1,Stable Mid-Risk
1,-0.9135523854430948,1,0,0,1,0,1.010569038956405,1,0.3431449591637851,0,2,1,0,0,0,1,0,1,0,0,0,1,0,Critical Churn-Risk
1,0.9199258719908678,0,0,0,0,0,-1.472492080750673,0,-0.6243631730816002,3,0,0,1,0,0,0,1,0,0,1,0,0,3,Loyal Low-Risk
1,0.6754621043330061,1,0,1,1,1,1.1900674331520973,1,-0.4322350113763417,3,3,1,1,1,0,1,0,0,1,0,0,0,1,Stable Mid-Risk
1,-1.076528230548336,0,0,0,0,1,-0.3157246514895444,1,0.2550673635612908,0,2,0,0,0,1,0,0,1,0,0,0,0,2,Vulnerable High-Risk
1,1.5310852911355222,0,0,0,0,0,-1.477478147256109,0,-0.6336375190659128,3,0,0,1,1,0,0,1,0,0,1,1,0,3,Loyal Low-Risk
0,-1.2395040756535771,1,0,0,0,1,0.3341260163856011,1,2.245302671422472,0,0,0,0,0,0,1,0,1,0,0,0,0,0,Critical Churn-Risk
0,1.24587756220135,0,1,1,0,0,-0.9539411641853394,0,-0.601251805281107,3,2,0,1,1,1,0,0,0,1,0,0,0,1,Stable Mid-Risk
0,-0.3023929662984406,0,0,1,0,1,0.0333000038909686,0,-0.3716794196045582,2,3,1,0,1,1,0,0,1,0,0,0,0,2,Vulnerable High-Risk
0,-0.5876006952326126,0,0,0,0,0,-1.477478147256109,0,-0.5420711800256462,1,0,0,1,1,0,0,1,0,1,0,0,0,3,Loyal Low-Risk
0,-0.1801610824695097,1,0,1,1,1,1.3629177386738751,0,-0.2412336040982978,2,4,1,0,0,0,1,0,1,0,0,0,1,0,Critical Churn-Risk
0,0.8384379494382472,0,1,1,0,1,1.0620917261792426,0,-0.457954376742837,3,4,1,1,0,0,1,0,0,1,0,0,0,1,Stable Mid-Risk
0,0.1050466464646622,0,0,0,1,1,1.2482382090488493,1,-0.3352264419064967,2,4,1,1,1,0,1,0,0,1,0,0,0,1,Stable Mid-Risk
0,-1.2802480369298874,0,0,0,0,0,-1.3428543516093396,0,0.757003540910445,0,0,0,0,0,1,0,0,1,0,0,0,0,2,Vulnerable High-Risk
0,1.5310852911355222,1,1,1,1,0,1.6903361058641662,1,-0.4769571466408411,3,6,1,1,1,0,1,0,0,1,0,1,0,1,Stable Mid-Risk
0,-1.2395040756535771,0,0,1,0,1,0.5003282332334644,1,2.439851577371756,0,2,0,0,0,0,1,0,1,0,0,0,1,0,Critical Churn-Risk
0,-0.2616490050221303,0,0,1,1,1,0.2742932183203704,0,-0.3512767266473127,2,4,1,0,0,1,0,0,1,0,0,0,1,2,Vulnerable High-Risk
0,0.0643026851883519,0,1,0,0,0,-0.0148986389949118,0,-0.4524792146754073,2,3,1,1,0,1,0,0,0,1,0,0,1,1,Stable Mid-Risk
1,-0.5468567339563023,0,0,0,0,0,-1.472492080750673,0,-0.5474468734795079,1,0,0,1,0,0,0,1,0,0,1,0,0,3,Loyal Low-Risk
0,-0.7098325790615434,1,0,0,0,1,0.3723525262606099,1,-0.1126300686828569,1,0,0,0,0,0,1,0,1,0,0,0,0,0,Critical Churn-Risk
1,1.2051336009250395,0,1,0,0,0,-0.3340068953428092,0,-0.5656510925361912,3,2,0,1,1,1,0,0,0,1,0,1,0,1,Stable Mid-Risk
0,0.3902543753988342,1,0,0,1,1,1.328015273135824,1,-0.3827363404310497,2,4,1,0,1,0,1,0,1,0,0,0,0,0,Critical Churn-Risk
0,-0.9542963467194052,0,1,0,1,1,0.327477927711687,1,0.2042900991085277,0,4,1,0,0,1,0,0,1,0,0,0,1,2,Vulnerable High-Risk
0,-0.3431369275747509,0,1,0,0,1,-0.4536724914732709,0,-0.4282662136949763,1,1,0,0,0,1,0,0,1,0,0,0,1,2,Vulnerable High-Risk
0,1.4495973685829016,0,1,0,0,1,-0.7594845704733393,0,-0.5961263932072529,3,3,0,1,0,1,0,0,0,0,1,0,1,1,Stable Mid-Risk
1,-0.0579291986405789,0,0,1,0,0,-0.3473030726906382,0,-0.4688369561693752,2,2,0,0,0,1,0,0,1,0,0,0,0,2,Vulnerable High-Risk
0,-1.2802480369298874,0,0,0,0,1,-0.2841462302884502,1,2.6159183372558594,0,1,1,0,0,1,0,0,1,0,0,0,1,2,Vulnerable High-Risk
0,-0.4653688114036817,1,0,1,1,1,1.3728898716847469,1,-0.1041406618777973,1,4,1,0,0,0,1,0,1,0,0,0,1,0,Critical Churn-Risk
0,1.24587756220135,0,0,0,1,1,1.0371613936520632,0,-0.4920004352839619,3,3,1,1,0,0,1,0,0,1,0,0,1,1,Stable Mid-Risk
0,-1.2395040756535771,0,0,0,0,1,0.4970041888965074,1,2.43596059925277,0,1,1,0,1,0,1,0,1,0,0,0,0,0,Critical Churn-Risk
1,1.1643896396487294,0,0,1,1,1,-0.1112959247666722,0,-0.5514006093100903,3,5,1,1,1,1,0,0,0,0,1,0,0,1,Stable Mid-Risk
0,-1.2802480369298874,0,0,0,0,0,0.1280352674942509,1,3.3396402673871983,0,0,0,0,0,0,1,0,1,0,0,0,1,0,Critical Churn-Risk
0,-0.5876006952326126,0,0,0,0,0,-1.5007464576148095,0,-0.5463717347887357,1,0,0,1,0,0,0,1,0,1,0,0,0,3,Loyal Low-Risk
1,-1.076528230548336,0,0,0,0,0,-1.522352745805032,0,-0.3502576609494831,0,0,0,1,1,0,0,1,0,1,0,1,0,3,Loyal Low-Risk
0,0.0235587239120416,1,0,0,1,1,1.1701231671303538,0,-0.3237728519042864,2,3,1,0,0,0,1,0,1,0,0,0,1,0,Critical Churn-Risk
0,-0.6690886177852331,0,0,0,0,0,-1.4808021915930665,1,-0.5280492031510352,1,0,0,0,1,0,0,1,1,0,0,0,0,2,Vulnerable High-Risk
0,0.960669833267178,0,0,1,1,1,1.1269105907499095,0,-0.464968376773114,3,4,1,0,0,0,1,0,1,0,0,0,1,0,Critical Churn-Risk
1,-0.3838808888510611,0,0,0,0,0,-1.495760391109374,0,-0.5707927421934221,1,0,0,1,0,0,0,1,0,1,0,0,0,3,Loyal Low-Risk
0,-0.9542963467194052,0,0,0,0,1,0.2992235508475499,0,0.194368104905114,0,1,0,0,0,0,1,0,1,0,0,0,1,0,Critical Churn-Risk
0,-0.7505765403378537,1,0,0,1,1,1.1767712558042684,1,0.1126575644064146,1,3,1,0,0,0,1,0,1,0,0,0,1,0,Critical Churn-Risk
1,-0.7098325790615434,1,0,0,0,1,0.3357880385540801,1,-0.1206552110532649,1,0,0,0,1,0,1,0,1,0,0,0,0,0,Critical Churn-Risk
0,-1.1172721918246462,0,0,0,0,0,-1.487450280266981,0,-0.2770238942100024,0,0,0,0,1,0,0,1,1,0,0,1,0,2,Vulnerable High-Risk
0,1.1643896396487294,1,1,0,1,1,1.3762139160217044,0,-0.4671483814917307,3,4,1,0,0,0,1,0,1,0,0,0,1,0,Critical Churn-Risk
1,1.5310852911355222,1,1,1,1,1,1.7202525048967814,0,-0.4754774789054523,3,6,1,1,1,0,1,0,0,0,1,1,0,1,Stable Mid-Risk
0,-0.7098325790615434,1,1,0,1,1,1.160151034119482,0,0.0602752714795697,1,3,1,0,0,0,1,0,1,0,0,0,1,0,Critical Churn-Risk
1,-0.9950403079957154,0,0,0,0,0,-1.499084435446331,0,-0.411586887491591,0,0,0,1,0,0,0,1,0,0,1,0,0,3,Loyal Low-Risk
1,-0.9950403079957154,0,0,0,0,0,-1.5057325241202455,0,-0.4141808729042481,0,0,0,1,0,0,0,1,0,0,1,0,0,3,Loyal Low-Risk
0,-1.1580161531009563,0,1,0,0,1,-1.1849622456038695,0,0.0134376223722794,0,1,0,0,0,1,0,0,1,0,0,0,0,2,Vulnerable High-Risk
0,0.0643026851883519,0,1,0,0,0,-0.325696784500416,0,-0.4836626250289926,2,2,0,1,0,1,0,0,0,1,0,0,0,3,Loyal Low-Risk
0,1.4495973685829016,1,1,1,1,1,0.8643110881302852,0,-0.5134854014192307,3,6,1,1,1,1,0,0,0,0,1,1,0,1,Stable Mid-Risk
1,0.512486259227765,0,0,1,0,0,-0.4586585579787067,0,-0.5376771349416201,2,4,1,1,1,1,0,0,0,1,0,0,0,1,Stable Mid-Risk
0,-0.9542963467194052,1,0,0,1,1,0.8410427777715843,0,0.3846369349235143,0,2,1,0,0,0,1,0,1,0,0,0,1,0,Critical Churn-Risk
0,-0.4246248501273714,1,1,1,0,1,-0.1910729888536468,0,-0.3674045489955723,1,2,0,0,0,1,0,0,1,0,0,0,0,2,Vulnerable High-Risk
0,-1.2395040756535771,0,0,0,0,0,-1.4791401694245876,0,0.1227741075157773,0,0,0,0,0,0,0,1,1,0,0,0,0,2,Vulnerable High-Risk
0,1.5310852911355222,1,0,1,1,0,0.2709691739834133,0,-0.547159160308738,3,4,1,1,1,1,0,0,0,0,1,0,0,1,Stable Mid-Risk
1,-0.9135523854430948,1,1,1,0,0,0.2909134400051568,0,0.1134003875018573,0,4,1,1,1,1,0,0,0,1,0,1,0,1,Stable Mid-Risk
0,1.6125732136881423,1,1,1,1,0,0.6482482062280629,0,-0.5322960442970193,3,5,1,1,1,1,0,0,0,0,1,1,0,1,Stable Mid-Risk
1,0.6754621043330061,0,0,0,1,0,0.4388334129997552,0,-0.4849966746697876,3,4,1,1,1,1,0,0,0,1,0,1,0,1,Stable Mid-Risk
0,0.8791819107145575,1,0,1,1,0,0.2427147971192763,0,-0.5140728929771171,3,3,1,1,0,1,0,0,0,1,0,0,0,1,Stable Mid-Risk
0,1.5718292524118322,1,1,0,1,1,1.3944961598749692,0,-0.4940269863876002,3,5,1,1,1,0,1,0,0,0,1,1,0,1,Stable Mid-Risk
0,-0.4246248501273714,0,0,0,0,1,-1.5140426349626388,0,-0.5693970652594381,1,0,0,1,0,0,0,1,0,1,0,0,0,3,Loyal Low-Risk
1,0.7162060656093164,0,0,0,0,0,-1.4708300585821945,0,-0.6200593916117557,3,0,0,1,1,0,0,1,0,0,1,1,0,3,Loyal Low-Risk
1,0.4309983366751445,0,0,0,0,0,-1.4891123024354591,0,-0.614035658106695,2,0,0,1,0,0,0,1,0,1,0,0,0,3,Loyal Low-Risk
1,0.512486259227765,1,0,0,0,1,-1.3345442407669466,0,-0.6045427480515807,2,0,0,1,1,0,0,1,0,0,1,1,0,3,Loyal Low-Risk
0,1.2866215234776603,1,1,0,1,1,1.286464718923858,0,-0.4812254189544631,3,4,1,0,1,0,1,0,1,0,0,0,0,0,Critical Churn-Risk
1,-0.3838808888510611,1,0,0,0,0,-1.3611365954626045,0,-0.551094665466057,1,0,0,1,0,0,0,1,0,0,1,0,0,3,Loyal Low-Risk
0,1.4495973685829016,1,0,0,0,0,-1.296317730891938,0,-0.6234478265210003,3,0,0,1,1,0,0,1,0,0,1,1,0,3,Loyal Low-Risk
0,-1.2802480369298874,0,0,0,0,1,0.2011642429073104,1,3.4680425453137254,0,0,0,0,0,0,1,0,1,0,0,0,1,0,Critical Churn-Risk
0,-1.2395040756535771,0,0,0,0,1,0.1662617773692593,1,2.048808276413695,0,0,0,0,1,0,1,0,1,0,0,1,0,0,Critical Churn-Risk
0,-0.2616490050221303,0,0,1,1,0,-0.1777768115058176,0,-0.4100737293342076,2,2,1,1,1,1,0,0,0,1,0,1,0,1,Stable Mid-Risk
0,0.9199258719908678,0,0,1,1,1,-0.3406549840167238,1,-0.5533875632861737,3,4,1,0,1,1,0,0,1,0,0,0,0,1,Stable Mid-Risk
0,-0.7505765403378537,0,0,0,0,1,-1.487450280266981,0,-0.5110662280669918,1,0,0,0,0,0,0,1,1,0,0,0,1,2,Vulnerable High-Risk
0,1.5718292524118322,0,1,1,1,1,0.5900774303313108,0,-0.5332610157540393,3,5,1,1,0,1,0,0,0,0,1,0,1,1,Stable Mid-Risk
0,1.2866215234776603,1,1,1,1,0,0.5468648539508664,0,-0.5211827711763546,3,5,1,1,0,1,0,0,0,1,0,0,1,1,Stable Mid-Risk
0,-1.0357842692720256,0,0,1,1,1,0.1978401985703534,1,0.3652306815550732,0,3,1,0,1,1,0,0,1,0,0,1,0,2,Vulnerable High-Risk
0,1.0014137945434884,0,1,1,1,1,0.3158437725323362,0,-0.5175601363759197,3,5,1,1,1,1,0,0,0,0,1,1,0,1,Stable Mid-Risk
0,-0.791320501614164,1,0,0,1,0,0.974004551249875,1,0.1174934943542966,1,3,1,0,0,0,1,0,1,0,0,0,1,0,Critical Churn-Risk
1,-1.1987601143772668,0,1,0,0,0,-1.1666800017506045,1,0.1996209253657447,0,1,0,0,1,1,0,0,1,0,0,1,0,2,Vulnerable High-Risk
0,1.6125732136881423,1,0,1,1,0,1.4925554678152089,0,-0.4916806288632233,3,5,1,1,1,0,1,0,0,0,1,1,0,1,Stable Mid-Risk
1,0.3087664528462136,1,0,0,1,1,1.0487955488314131,0,-0.3927804932498268,2,3,1,0,1,0,1,0,1,0,0,1,0,0,Critical Churn-Risk
0,-0.7505765403378537,1,0,1,1,1,0.0598923585866266,0,-0.1488161651894239,1,2,1,0,1,1,0,0,1,0,0,1,0,2,Vulnerable High-Risk
1,-1.2395040756535771,0,0,0,0,1,-0.674721439880929,0,1.0643908123103147,0,0,0,0,0,1,0,0,1,0,0,0,1,2,Vulnerable High-Risk
0,1.368109446030281,1,0,1,1,0,1.532443999858696,1,-0.4738812535955509,3,5,1,1,1,0,1,0,0,1,0,1,0,1,Stable Mid-Risk
0,0.227278530293593,1,0,1,1,1,1.3363253839782172,1,-0.3528231410279352,2,4,1,0,0,0,1,0,1,0,0,0,1,0,Critical Churn-Risk
1,-1.2802480369298874,0,0,0,0,1,-1.3129379525767242,1,0.809531745516752,0,0,0,0,0,1,0,0,1,0,0,0,1,2,Vulnerable High-Risk
0,-0.4246248501273714,0,0,1,0,1,-0.3207107179949802,1,-0.3871977855138908,1,2,0,1,1,1,0,0,0,1,0,1,0,2,Vulnerable High-Risk
0,-1.2802480369298874,0,0,0,0,1,-1.485788258098502,1,0.5060354522358681,0,0,0,0,0,0,0,1,1,0,0,0,0,2,Vulnerable High-Risk
0,-1.1172721918246462,0,0,0,1,1,0.5086383440758576,0,0.8912422860154514,0,1,1,0,0,0,1,0,1,0,0,0,0,0,Critical Churn-Risk
1,-0.1394171211931994,1,1,1,1,0,0.1413314448420797,0,-0.398422411522356,2,3,1,1,1,1,0,0,0,1,0,0,0,1,Stable Mid-Risk
1,-1.2802480369298874,0,0,0,0,1,0.1695858217062168,1,3.4125961071181803,0,0,0,0,0,0,1,0,1,0,0,0,0,0,Critical Churn-Risk
0,-1.1987601143772668,0,0,0,0,0,-1.4758161250876305,0,-0.0717747984335072,0,0,0,0,0,0,0,1,1,0,0,0,0,2,Vulnerable High-Risk
1,1.5718292524118322,0,0,0,0,0,-1.499084435446331,0,-0.6351560052449772,3,0,0,1,1,0,0,1,0,0,1,1,0,3,Loyal Low-Risk
1,-0.9542963467194052,0,0,0,0,1,-0.4885749570113221,0,-0.0822804393547686,0,1,0,0,0,1,0,0,1,0,0,0,1,2,Vulnerable High-Risk
0,0.4309983366751445,1,0,0,1,1,1.216659787847756,1,-0.398086372502989,2,3,1,0,0,0,1,0,1,0,0,0,1,0,Critical Churn-Risk
0,0.6347181430566958,1,1,0,1,1,0.6199938293639263,0,-0.4682972318448348,2,5,1,1,1,1,0,0,0,1,0,1,0,1,Stable Mid-Risk
0,-0.2616490050221303,1,1,0,0,1,0.726363248146559,0,-0.2924797239604178,2,2,0,0,1,0,1,0,1,0,0,1,0,0,Critical Churn-Risk
0,-0.9542963467194052,0,0,0,0,0,-1.4841262359300234,0,-0.431884823345633,0,0,0,0,1,0,0,1,1,0,0,0,0,2,Vulnerable High-Risk
0,-1.2802480369298874,0,0,0,0,1,0.5319066544345585,1,4.0487710295723405,0,1,1,0,0,0,1,0,1,0,0,0,1,0,Critical Churn-Risk
1,0.5532302205040753,0,0,0,0,0,-1.509056568457203,0,-0.6189125513776867,2,0,0,1,1,0,0,1,0,0,1,1,0,3,Loyal Low-Risk
0,-1.2395040756535771,1,0,0,0,0,-0.0913516587449288,1,1.7472574721923035,0,1,1,0,1,1,0,0,1,0,0,0,0,2,Vulnerable High-Risk
0,-1.2802480369298874,1,0,0,0,1,0.3873107257769176,1,3.794884707308524,0,0,0,0,0,0,1,0,1,0,0,0,1,0,Critical Churn-Risk
1,1.2866215234776603,0,1,1,1,1,-0.1578325454840742,0,-0.5592544955405838,3,5,1,1,1,1,0,0,0,0,1,0,0,1,Stable Mid-Risk
0,-0.8320644628904743,1,0,0,1,1,0.8809313098150715,1,0.1527047084310518,0,2,1,0,0,0,1,0,1,0,0,0,1,0,Critical Churn-Risk
0,-1.076528230548336,0,0,0,1,1,1.02885128280967,1,0.9295962131883104,0,3,1,0,0,0,1,0,1,0,0,0,1,0,Critical Churn-Risk
0,1.082901717096109,0,0,0,0,0,-1.477478147256109,0,-0.6275037482776387,3,0,0,1,0,0,0,1,0,1,0,0,0,3,Loyal Low-Risk
0,-1.0357842692720256,0,0,0,1,1,0.9723425290813964,0,0.705204894701448,0,3,1,1,0,0,1,0,0,1,0,0,0,0,Critical Churn-Risk
0,1.6125732136881423,1,1,0,1,1,0.6416001175541483,0,-0.5326158507177577,3,5,1,1,1,1,0,0,0,0,1,1,0,1,Stable Mid-Risk
0,-0.6690886177852331,0,0,0,0,1,0.4637637455269347,0,-0.1263629326322182,1,1,1,0,0,0,1,0,1,0,0,0,1,0,Critical Churn-Risk
0,-0.3023929662984406,1,0,0,0,0,-0.3074145406471512,0,-0.4176977185117928,2,1,0,0,1,1,0,0,1,0,0,1,0,2,Vulnerable High-Risk
0,0.0643026851883519,1,1,1,0,0,-0.0714073927231852,1,-0.4581489256487864,2,3,0,0,0,1,0,0,1,0,0,0,1,2,Vulnerable High-Risk
0,-1.2802480369298874,1,0,0,0,1,0.3224918612062509,1,3.6810735973281927,0,0,0,0,0,0,1,0,1,0,0,0,1,0,Critical Churn-Risk
1,-0.9135523854430948,1,0,0,1,1,1.2399280982064562,1,0.4163660928574249,0,4,1,0,1,0,1,0,1,0,0,1,0,0,Critical Churn-Risk
0,-0.3431369275747509,0,0,0,0,0,-1.485788258098502,0,-0.5732440584083831,1,0,0,1,0,0,0,1,0,1,0,0,0,3,Loyal Low-Risk
1,-0.9135523854430948,1,1,0,1,0,0.1828819990540456,0,0.0789121723563022,0,3,1,1,0,1,0,0,0,1,0,0,1,2,Vulnerable High-Risk
0,1.490341329859212,0,1,0,0,1,-0.3705713830493392,0,-0.577629746602497,3,2,0,1,1,1,0,0,0,1,0,1,0,1,Stable Mid-Risk
0,1.0014137945434884,0,0,0,0,0,-1.46418196990828,0,-0.6253335216888596,3,0,0,1,0,0,0,1,0,0,1,0,0,3,Loyal Low-Risk
1,0.7162060656093164,0,0,1,1,1,1.2831406745869012,0,-0.4304314285776589,3,5,1,1,1,0,1,0,0,1,0,0,0,1,Stable Mid-Risk
1,-0.1801610824695097,0,1,1,1,0,-0.4653066466526213,0,-0.4626168419026562,2,4,1,1,0,1,0,0,0,1,0,0,0,1,Stable Mid-Risk
0,-0.6690886177852331,0,1,0,0,1,-0.4869129348428435,1,-0.3227428871080843,1,1,0,0,0,1,0,0,1,0,0,0,1,2,Vulnerable High-Risk
0,-0.3023929662984406,0,1,1,1,1,0.4720738563693278,0,-0.3124168297923146,2,5,1,0,0,1,0,0,1,0,0,0,0,1,Stable Mid-Risk
0,-1.1987601143772668,0,0,0,0,1,0.325815905543208,0,1.5099078069341765,0,1,0,0,1,0,1,0,1,0,0,0,0,0,Critical Churn-Risk
0,1.1643896396487294,1,0,0,1,1,1.0537816153368496,0,-0.4854108755663248,3,2,1,1,1,0,1,0,0,1,0,0,0,1,Stable Mid-Risk
0,-1.2395040756535771,0,0,0,0,0,-1.485788258098502,0,0.1149921512778059,0,0,0,0,0,0,0,1,1,0,0,0,0,2,Vulnerable High-Risk
1,0.7569500268856267,0,0,0,0,0,-1.509056568457203,0,-0.6235454263065936,3,0,0,1,0,0,0,1,0,1,0,0,0,3,Loyal Low-Risk
1,1.5718292524118322,0,1,0,1,0,0.4238752134834474,0,-0.5413672201685928,3,4,1,1,1,1,0,0,0,0,1,1,0,1,Stable Mid-Risk
1,-0.506112772679992,0,0,0,0,0,-1.487450280266981,0,-0.5556457202302278,1,0,0,0,0,0,0,1,1,0,0,0,0,2,Vulnerable High-Risk
1,-1.076528230548336,0,0,0,0,0,-1.494098368940895,0,-0.3360833835160353,0,0,0,0,1,0,0,1,1,0,0,1,0,2,Vulnerable High-Risk
0,-1.076528230548336,0,0,0,0,0,-1.4824642137615447,0,-0.3302469163375567,0,0,0,0,0,0,0,1,1,0,0,0,0,2,Vulnerable High-Risk
0,-0.1394171211931994,1,1,1,0,0,0.0881467354507637,0,-0.4046479765127331,2,3,0,0,0,1,0,0,1,0,0,0,0,2,Vulnerable High-Risk
0,0.1457906077409725,0,0,0,0,1,-1.5373109453213398,0,-0.6085720364973576,2,0,0,1,1,0,0,1,0,0,1,1,0,3,Loyal Low-Risk
0,-0.1801610824695097,0,0,0,0,1,-1.1650179795821258,0,-0.5473462447350514,2,1,0,0,0,1,0,0,1,0,0,0,0,2,Vulnerable High-Risk
0,-1.0357842692720256,1,0,0,1,1,0.7213771816411229,1,0.5950415767076657,0,1,1,0,0,0,1,0,1,0,0,0,1,0,Critical Churn-Risk
0,1.24587756220135,1,0,0,0,0,-1.349502440283254,0,-0.6229561676010741,3,0,0,1,0,0,0,1,0,0,1,0,0,3,Loyal Low-Risk
1,0.6347181430566958,1,0,0,0,0,-1.3711087284734764,0,-0.6109928987798814,2,0,0,1,0,0,0,1,0,0,1,0,0,3,Loyal Low-Risk
0,0.6754621043330061,0,0,0,0,0,-1.4741541029191516,0,-0.6193521491183637,3,0,0,1,1,0,0,1,0,1,0,0,0,3,Loyal Low-Risk
0,-0.22090504374582,1,0,0,0,1,0.553512942624781,1,-0.3275371280046917,2,1,0,0,0,0,1,0,1,0,0,0,1,0,Critical Churn-Risk
0,1.6125732136881423,1,1,1,1,0,0.9141717531846444,0,-0.5195037874674772,3,6,1,1,1,1,0,0,0,0,1,1,0,1,Stable Mid-Risk
0,-1.2802480369298874,0,0,0,0,1,0.1446554891790373,1,3.368822603279591,0,0,0,0,0,0,1,0,1,0,0,0,1,0,Critical Churn-Risk
1,1.6125732136881423,0,0,1,1,0,-0.3705713830493392,0,-0.581306378275202,3,4,1,1,1,1,0,0,0,0,1,1,0,1,Stable Mid-Risk
0,0.5939741817803856,0,1,1,0,0,-0.8359375902233565,0,-0.5706711491272038,2,3,0,1,1,1,0,0,0,1,0,1,0,1,Stable Mid-Risk
0,-1.2802480369298874,0,0,0,1,1,-0.3373309396797665,0,2.522534862400202,0,1,1,0,0,1,0,0,1,0,0,0,1,2,Vulnerable High-Risk
0,0.1457906077409725,1,0,0,1,1,1.3296772953043026,0,-0.3364664720953176,2,4,1,1,1,0,1,0,0,1,0,0,0,1,Stable Mid-Risk
1,0.4309983366751445,0,0,0,0,0,-1.1799761790984336,0,-0.5893633195794902,2,1,0,0,1,1,0,0,1,0,0,1,0,2,Vulnerable High-Risk
0,-0.22090504374582,1,0,1,1,0,0.6332900067117551,0,-0.3175317556987285,2,5,1,0,0,1,0,0,1,0,0,0,1,2,Vulnerable High-Risk
0,-0.9542963467194052,0,0,0,0,1,0.4903561002225927,1,0.2614874774576172,0,1,1,0,0,0,1,0,1,0,0,0,1,0,Critical Churn-Risk
0,0.227278530293593,1,0,1,1,1,1.2914507854292945,0,-0.3568637721514973,2,4,1,0,0,0,1,0,1,0,0,0,1,0,Critical Churn-Risk
0,0.1050466464646622,1,1,0,1,1,1.1385447459292597,0,-0.3459266317337074,2,3,1,0,0,0,1,0,1,0,0,0,1,0,Critical Churn-Risk
0,1.082901717096109,0,0,1,1,1,1.1717851892988325,0,-0.4724482702360588,3,4,1,1,0,0,1,0,0,0,1,0,0,1,Stable Mid-Risk
0,-0.22090504374582,0,0,0,0,0,-1.477478147256109,0,-0.582257231294005,2,0,0,1,1,0,0,1,0,0,1,1,0,3,Loyal Low-Risk
0,-1.2395040756535771,0,0,0,0,0,-0.6930036837341939,0,1.0429904326558934,0,0,0,0,0,1,0,0,1,0,0,0,1,2,Vulnerable High-Risk
0,-1.0357842692720256,1,0,0,0,0,-1.372770750641955,0,-0.324202003902704,0,0,0,0,0,0,0,1,1,0,0,0,0,2,Vulnerable High-Risk
0,0.1457906077409725,1,0,1,0,1,0.1961781764018748,0,-0.4440467590067328,2,3,1,1,0,1,0,0,0,1,0,0,0,1,Stable Mid-Risk
1,0.3495104141225239,1,1,0,1,1,0.9806526399237896,0,-0.4050092816237818,2,3,1,0,1,0,1,0,1,0,0,0,0,0,Critical Churn-Risk
0,-0.791320501614164,0,0,0,0,0,-1.1849622456038695,0,-0.4240472817059618,1,1,0,0,0,1,0,0,1,0,0,0,1,2,Vulnerable High-Risk
1,-0.5468567339563023,0,0,0,0,0,-1.4608579255713223,0,-0.5454041099670405,1,0,0,1,1,0,0,1,0,0,1,1,0,3,Loyal Low-Risk
0,1.1236456783724194,0,1,1,0,0,-0.9007564547940232,0,-0.5949518891207308,3,3,0,1,1,1,0,0,0,0,1,0,0,1,Stable Mid-Risk
1,0.6347181430566958,0,0,1,1,1,1.0205411719672768,1,-0.439591342252726,2,4,1,1,0,0,1,0,0,0,1,0,0,1,Stable Mid-Risk
0,-1.1987601143772668,1,0,0,1,0,0.8726211989726784,1,1.989957232364036,0,2,1,0,0,0,1,0,1,0,0,0,1,0,Critical Churn-Risk
0,1.490341329859212,1,0,1,1,1,0.9191578196900804,0,-0.512928339023935,3,3,1,1,0,0,1,0,0,0,1,0,0,1,Stable Mid-Risk
0,0.4309983366751445,0,0,1,0,0,-0.6863555950602795,0,-0.54996716612476,2,3,1,1,0,1,0,0,0,1,0,0,1,1,Stable Mid-Risk
1,-0.8728084241667845,0,1,1,0,1,-0.955603186353818,0,-0.3164200476647326,0,2,0,1,0,1,0,0,0,1,0,0,0,2,Vulnerable High-Risk
0,0.512486259227765,0,0,0,0,1,-0.4835888905058862,0,-0.5395803307606891,2,1,0,0,1,1,0,0,1,0,0,1,0,2,Vulnerable High-Risk
0,1.6125732136881423,1,0,1,1,1,1.4942174899836873,0,-0.4916006772580387,3,5,1,1,1,0,1,0,0,0,1,1,0,1,Stable Mid-Risk
0,-1.2395040756535771,1,0,0,0,0,0.4787219450432425,1,2.414560219598349,0,1,0,0,0,0,1,0,1,0,0,0,1,0,Critical Churn-Risk
1,-0.8320644628904743,0,0,0,0,0,-1.4791401694245876,0,-0.484817091064296,0,0,0,1,1,0,0,1,0,0,1,0,0,3,Loyal Low-Risk
1,1.4088534073065913,1,0,1,1,1,1.580642642744576,0,-0.4742335425494757,3,5,1,1,1,0,1,0,0,1,0,1,0,1,Stable Mid-Risk
0,0.1865345690172827,1,0,1,1,0,0.9806526399237896,0,-0.3774213690959359,2,3,1,1,0,0,1,0,0,0,1,0,0,1,Stable Mid-Risk
0,0.2680224915699033,0,1,1,0,0,-0.7860769251689975,0,-0.5470091384411221,2,3,0,1,1,1,0,0,0,1,0,0,0,1,Stable Mid-Risk
0,0.3495104141225239,1,1,1,0,1,0.327477927711687,0,-0.4596219387938309,2,4,1,0,1,1,0,0,1,0,0,0,0,1,Stable Mid-Risk
0,-0.3023929662984406,0,0,0,1,1,-0.5500697772450316,0,-0.4504717265140184,2,3,1,0,0,1,0,0,1,0,0,0,1,2,Vulnerable High-Risk
1,-0.9950403079957154,1,1,1,0,1,0.377338592766046,0,0.3205654952308834,0,4,1,1,1,1,0,0,0,0,1,1,0,1,Stable Mid-Risk
1,1.5718292524118322,1,1,1,0,0,0.2094743537497036,0,-0.5518242238633669,3,4,0,1,0,1,0,0,0,0,1,0,0,1,Stable Mid-Risk
0,-1.1172721918246462,1,0,0,0,0,1.055443637505328,0,1.2112752363020245,0,3,1,0,0,0,1,0,1,0,0,0,1,0,Critical Churn-Risk
0,-0.0986731599168891,1,1,0,1,1,0.4820459893801996,0,-0.3684932588619645,2,4,1,1,1,1,0,0,0,1,0,1,0,1,Stable Mid-Risk
0,0.3087664528462136,0,0,1,0,1,0.8244225560867979,0,-0.4119981290814025,2,3,1,1,1,0,1,0,0,1,0,1,0,1,Stable Mid-Risk
0,0.8791819107145575,0,0,0,0,1,-1.472492080750673,0,-0.6235862407623871,3,0,0,1,0,0,0,1,0,0,1,0,0,3,Loyal Low-Risk
0,1.6125732136881423,1,0,0,1,1,1.3795379603586615,0,-0.4971173380157787,3,4,1,1,1,0,1,0,0,0,1,0,0,1,Stable Mid-Risk
1,-0.1801610824695097,0,0,0,1,0,1.181757322309704,0,-0.2631706703898206,2,4,1,1,1,0,1,0,0,1,0,0,0,1,Stable Mid-Risk
1,-0.5876006952326126,0,0,1,0,1,0.6914607826085073,0,-0.141198039609094,1,2,1,0,0,0,1,0,1,0,0,0,1,0,Critical Churn-Risk
0,-1.2395040756535771,0,0,0,1,1,-0.6497911073537496,1,1.0935731482027076,0,2,1,0,0,1,0,0,1,0,0,0,1,2,Vulnerable High-Risk
1,1.082901717096109,1,0,0,1,1,1.374551893853226,0,-0.4605807869731524,3,4,1,1,0,0,1,0,0,1,0,0,1,1,Stable Mid-Risk
1,-0.4246248501273714,0,0,1,0,1,-0.4553345136417494,0,-0.4077523003598369,1,1,0,0,0,1,0,0,1,0,0,0,1,2,Vulnerable High-Risk
0,-1.2802480369298874,0,0,0,0,0,-1.4924363467724169,0,0.4943625178789108,0,0,0,0,0,0,0,1,1,0,0,0,0,2,Vulnerable High-Risk
0,1.6125732136881423,1,0,0,0,1,-1.2996417752288951,0,-0.6259993255734143,3,0,0,1,1,0,0,1,0,0,1,1,0,3,Loyal Low-Risk
0,-0.7505765403378537,1,0,0,0,1,0.3158437725323362,1,-0.0888951021570442,1,0,0,0,0,0,1,0,1,0,0,0,1,0,Critical Churn-Risk
0,0.7162060656093164,1,0,1,1,0,1.1501789011086103,0,-0.4395866712105664,3,3,1,1,0,0,1,0,0,1,0,0,1,1,Stable Mid-Risk
1,0.6347181430566958,0,1,1,1,0,0.1629377330323022,0,-0.5010529149893572,2,4,1,1,1,1,0,0,0,1,0,0,0,1,Stable Mid-Risk
1,0.6754621043330061,1,0,0,1,1,1.1152764355705589,0,-0.4374878318369724,3,3,1,0,0,0,1,0,1,0,0,0,1,0,Critical Churn-Risk
1,-0.1801610824695097,0,0,0,1,0,0.6864747161030716,0,-0.3231454020859104,2,2,1,0,0,0,1,0,1,0,0,0,1,0,Critical Churn-Risk
0,1.4495973685829016,1,0,0,0,1,1.033837349315106,0,-0.5048575803727842,3,3,1,0,0,0,1,0,1,0,0,0,1,0,Critical Churn-Risk
0,-0.791320501614164,1,0,1,1,0,1.1950534996575333,0,0.1729399325498428,1,3,1,0,0,0,1,0,1,0,0,0,1,0,Critical Churn-Risk
0,-0.8728084241667845,1,0,0,1,1,0.8111263787389692,0,0.2005936698954912,0,2,1,0,0,0,1,0,1,0,0,0,1,0,Critical Churn-Risk
0,-1.1987601143772668,1,0,0,0,1,0.3091956838584216,1,1.49531663898798,0,0,0,0,1,0,1,0,1,0,0,1,0,0,Critical Churn-Risk
0,1.0014137945434884,1,0,0,1,0,1.1900674331520973,1,-0.4646294167917867,3,3,1,0,0,0,1,0,1,0,0,0,1,0,Critical Churn-Risk
0,-1.1987601143772668,1,0,0,0,0,0.3391120828910372,1,1.5215807412911335,0,0,0,0,0,0,1,0,1,0,0,0,0,0,Critical Churn-Risk
0,1.6125732136881423,1,0,0,0,0,-1.2979797530604165,0,-0.6259193739682297,3,0,0,1,1,0,0,1,0,0,1,1,0,3,Loyal Low-Risk
1,1.5310852911355222,1,0,1,1,1,0.6416001175541483,0,-0.5288277211425306,3,5,1,1,0,1,0,0,0,0,1,0,1,1,Stable Mid-Risk
1,0.6754621043330061,1,0,1,1,0,0.4820459893801996,0,-0.4819617117369787,3,4,1,1,1,1,0,0,0,0,1,0,0,1,Stable Mid-Risk
0,1.4088534073065913,1,1,0,1,1,1.404468292885841,0,-0.4833315649159276,3,4,1,1,1,0,1,0,0,1,0,1,0,1,Stable Mid-Risk
0,0.5532302205040753,0,0,0,0,0,-1.487450280266981,0,-0.6172982093921501,2,0,0,1,1,0,0,1,0,0,1,0,0,3,Loyal Low-Risk
0,1.2866215234776603,0,1,1,1,1,0.1795579547170885,1,-0.5410267595831816,3,4,1,1,1,1,0,0,0,0,1,1,0,1,Stable Mid-Risk
0,0.1865345690172827,0,0,0,0,0,-1.5057325241202455,0,-0.6071938664381435,2,0,0,0,1,0,0,1,1,0,0,0,0,2,Vulnerable High-Risk
0,-1.2395040756535771,0,0,0,0,0,0.1978401985703534,1,2.0857725685440585,0,0,0,0,0,0,1,0,1,0,0,0,1,0,Critical Churn-Risk
0,-0.791320501614164,0,0,0,1,0,-0.648129085185271,0,-0.289391646088207,1,2,1,0,0,1,0,0,1,0,0,0,1,2,Vulnerable High-Risk
0,1.6125732136881423,1,1,1,1,0,1.67371588417938,0,-0.4829659038980979,3,6,1,1,0,0,1,0,0,0,1,0,1,1,Stable Mid-Risk
1,1.4495973685829016,0,0,1,1,1,0.2709691739834133,0,-0.5436827750817935,3,4,1,1,1,1,0,0,0,0,1,0,0,1,Stable Mid-Risk
1,-0.7098325790615434,0,0,0,0,0,-1.5007464576148095,0,-0.5237362255669389,1,0,0,1,0,0,0,1,0,1,0,0,0,3,Loyal Low-Risk
0,-0.3431369275747509,0,0,0,0,1,-1.504070501951767,0,-0.5758121039669137,1,0,0,1,1,0,0,1,0,0,1,0,0,3,Loyal Low-Risk
0,-0.3431369275747509,1,0,1,0,1,0.8227605339183194,0,-0.2489699419721156,1,2,1,0,0,0,1,0,1,0,0,0,1,0,Critical Churn-Risk
0,-0.22090504374582,0,1,0,0,0,-0.4802648461689289,0,-0.4571900774694649,2,1,0,0,0,1,0,0,1,0,0,0,0,2,Vulnerable High-Risk
0,-0.8320644628904743,0,0,1,0,0,-0.4835888905058862,1,-0.2158906418405541,0,1,0,0,1,1,0,0,1,0,0,0,0,2,Vulnerable High-Risk
1,1.5718292524118322,0,1,1,1,0,0.7463075141683023,0,-0.5256411836043591,3,6,1,1,1,1,0,0,0,0,1,1,0,1,Stable Mid-Risk
1,1.4088534073065913,0,0,0,0,1,-1.4625199477398012,0,-0.6313890043699788,3,0,0,1,0,0,0,1,0,0,1,0,0,3,Loyal Low-Risk
0,1.24587756220135,1,0,1,1,1,1.477597268298901,0,-0.4678338133730742,3,5,1,1,1,0,1,0,0,0,1,0,0,1,Stable Mid-Risk
0,-1.2802480369298874,0,0,0,0,0,-1.477478147256109,0,0.5206266201820644,0,0,0,0,0,0,0,1,1,0,0,0,0,2,Vulnerable High-Risk
0,-1.1580161531009563,0,0,0,0,1,-0.2957803854678007,0,0.6379396104694829,0,1,1,0,0,1,0,0,1,0,0,0,1,2,Vulnerable High-Risk
0,0.3087664528462136,0,1,0,0,1,0.4787219450432425,1,-0.4416075235478301,2,2,0,0,1,0,1,0,1,0,0,1,0,0,Critical Churn-Risk
0,-0.8320644628904743,0,0,0,1,1,1.0371613936520632,1,0.194906855721589,0,3,1,0,0,0,1,0,1,0,0,0,1,0,Critical Churn-Risk
1,0.797693988161937,0,1,0,1,0,0.4787219450432425,0,-0.4926611674173745,3,5,1,1,0,1,0,0,0,0,1,0,1,1,Stable Mid-Risk
0,-0.9135523854430948,1,0,0,0,1,-1.3561505289571687,0,-0.4124122464865273,0,0,0,0,0,0,0,1,1,0,0,0,1,2,Vulnerable High-Risk
0,1.4495973685829016,1,1,0,1,0,1.2149977656792768,0,-0.495637653960405,3,4,1,1,1,0,1,0,0,1,0,0,0,1,Stable Mid-Risk
0,0.8791819107145575,1,0,1,1,1,1.173447211467311,1,-0.4546470453416993,3,3,1,0,0,0,1,0,1,0,0,0,1,0,Critical Churn-Risk
1,-1.1580161531009563,0,0,1,0,0,-0.275836119446057,1,0.6519471316978315,0,2,0,0,0,1,0,0,1,0,0,0,0,2,Vulnerable High-Risk
0,0.797693988161937,0,1,0,0,0,-0.9755474523755616,0,-0.5890179368733882,3,2,0,1,0,1,0,0,0,1,0,0,0,3,Loyal Low-Risk
0,-1.2802480369298874,0,0,0,0,1,0.6715165165867639,1,4.293902651068439,0,2,1,0,0,0,1,0,1,0,0,0,1,0,Critical Churn-Risk
0,1.5310852911355222,1,1,1,1,0,0.4853700337171571,0,-0.536554874871784,3,5,1,1,1,1,0,0,0,1,0,0,0,1,Stable Mid-Risk
0,0.4309983366751445,0,1,0,0,1,-0.9838575632179548,0,-0.5737109757826615,2,2,0,1,1,1,0,0,0,1,0,1,0,1,Stable Mid-Risk
0,0.797693988161937,0,0,0,0,0,-1.5007464576148095,0,-0.6238164958997885,3,0,0,1,0,0,0,1,0,0,1,0,0,3,Loyal Low-Risk
0,-0.8320644628904743,0,1,1,0,0,-0.4968850678537152,0,-0.2194823139503871,0,4,1,1,0,1,0,0,0,0,1,0,0,1,Stable Mid-Risk
1,0.960669833267178,1,1,0,0,0,0.131359311831208,0,-0.5263024792276515,3,3,1,1,1,1,0,0,0,1,0,0,0,1,Stable Mid-Risk
0,0.3902543753988342,1,0,0,0,0,0.5019902554019434,0,-0.4501950424706737,2,1,0,0,0,0,1,0,1,0,0,0,1,0,Critical Churn-Risk
0,-0.4246248501273714,0,0,0,1,1,0.829408622592234,0,-0.2115962512744496,1,2,1,0,1,0,1,0,1,0,0,0,0,0,Critical Churn-Risk
1,0.7569500268856267,0,1,0,1,0,-0.1827628780112537,1,-0.5339781030676345,3,5,1,1,0,1,0,0,0,1,0,0,1,1,Stable Mid-Risk
0,-0.22090504374582,0,0,0,0,1,-1.509056568457203,0,-0.5862176911651155,2,0,0,0,1,0,0,1,1,0,0,1,0,2,Vulnerable High-Risk
0,0.7569500268856267,1,1,0,0,1,0.9590463517335676,0,-0.4568693924596584,3,3,1,1,1,0,1,0,0,1,0,0,0,1,Stable Mid-Risk
1,-1.1580161531009563,0,1,0,0,1,-0.5118432673700231,1,0.4861914638290408,0,1,0,0,0,1,0,0,1,0,0,0,1,2,Vulnerable High-Risk
0,-1.2802480369298874,0,0,0,0,1,-1.4924363467724169,0,0.4943625178789108,0,0,0,0,0,0,0,1,1,0,0,0,0,2,Vulnerable High-Risk
0,0.1050466464646622,0,0,0,1,0,-0.325696784500416,1,-0.4887579535181405,2,1,1,0,0,1,0,0,1,0,0,0,0,2,Vulnerable High-Risk
1,1.5718292524118322,1,0,1,0,1,0.2693071518149348,0,-0.5489059902741277,3,4,1,1,1,1,0,0,0,1,0,0,0,1,Stable Mid-Risk
0,-1.2802480369298874,0,0,0,0,1,0.1463175113475158,1,3.37174083686883,0,0,0,0,0,0,1,0,1,0,0,0,1,0,Critical Churn-Risk
1,1.490341329859212,1,0,0,0,1,-1.3029658195658524,0,-0.624404862132875,3,0,0,1,1,0,0,1,0,0,1,0,0,3,Loyal Low-Risk
1,-0.7505765403378537,0,0,0,0,0,-1.4974224132778524,0,-0.5134008149383833,1,0,0,1,0,0,0,1,0,1,0,0,0,3,Loyal Low-Risk
0,1.0014137945434884,0,1,1,0,0,-0.3024284741417151,0,-0.5549940293137475,3,2,0,0,0,1,0,0,1,0,0,0,1,2,Vulnerable High-Risk
1,1.6125732136881423,1,1,1,1,0,1.7518309260978755,0,-0.4792081784544199,3,6,1,1,1,0,1,0,0,0,1,1,0,1,Stable Mid-Risk
0,0.6347181430566958,0,0,0,0,0,-1.494098368940895,0,-0.6198071553351348,2,0,0,1,1,0,0,1,0,0,1,1,0,3,Loyal Low-Risk
1,-1.1580161531009563,0,0,0,1,1,0.4687498120323708,0,1.1748945908895083,0,1,1,0,0,0,1,0,1,0,0,0,0,0,Critical Churn-Risk
1,-0.0579291986405789,0,0,0,0,1,-1.4675060142452372,0,-0.5917675461160794,2,0,0,0,0,0,0,1,1,0,0,0,1,2,Vulnerable High-Risk
0,0.227278530293593,0,0,1,0,1,-0.0830415479025357,1,-0.4806268069361576,2,3,1,1,0,1,0,0,0,1,0,0,0,1,Stable Mid-Risk
0,0.1865345690172827,1,0,0,1,1,0.9208198418585588,1,-0.3829506537913366,2,2,1,0,0,0,1,0,1,0,0,0,1,0,Critical Churn-Risk
0,-1.2802480369298874,0,0,0,0,0,-1.5007464576148095,0,0.4797713499327145,0,0,0,0,0,0,0,1,1,0,0,0,0,2,Vulnerable High-Risk
0,1.0014137945434884,1,0,0,1,1,0.4970041888965074,0,-0.5065916032301583,3,4,1,1,1,1,0,0,0,0,1,0,0,1,Stable Mid-Risk
0,1.2051336009250395,0,1,1,1,1,0.503652277570422,0,-0.5189593551083628,3,5,1,1,1,1,0,0,0,0,1,1,0,1,Stable Mid-Risk
0,-1.1987601143772668,0,0,1,0,1,-1.16003191307669,0,0.2054573925442232,0,1,0,0,0,1,0,0,1,0,0,0,1,2,Vulnerable High-Risk
1,1.6125732136881423,0,0,0,0,1,-1.4974224132778524,0,-0.6355135665903862,3,0,0,1,0,0,0,1,0,0,1,0,0,3,Loyal Low-Risk
1,-0.1394171211931994,0,1,1,0,1,-0.6581012181961428,0,-0.4920004352839619,2,4,0,0,0,1,0,0,1,0,0,0,0,2,Vulnerable High-Risk
1,-0.791320501614164,0,0,0,0,0,-0.6647493068700573,0,-0.2935605512156917,1,0,0,0,1,1,0,0,1,0,0,0,0,2,Vulnerable High-Risk
1,-1.1987601143772668,0,0,0,0,0,0.1612757108638236,1,1.3654552442668328,0,0,0,0,0,0,1,0,1,0,0,0,1,0,Critical Churn-Risk
0,-0.8728084241667845,0,0,0,0,0,-0.4553345136417494,0,-0.1700219959378958,0,1,0,0,0,1,0,0,1,0,0,0,1,2,Vulnerable High-Risk
1,-0.4653688114036817,0,1,1,1,0,-0.3871916047341255,0,-0.3850869683327414,1,5,1,1,0,1,0,0,0,0,1,0,0,1,Stable Mid-Risk
0,-0.5468567339563023,1,0,0,0,0,-1.3328822185984677,0,-0.5229337113298982,1,0,0,0,1,0,0,1,1,0,0,0,0,2,Vulnerable High-Risk
0,1.1643896396487294,1,1,1,1,1,1.5557123102173966,1,-0.4569816322130907,3,5,1,1,1,0,1,0,0,0,1,1,0,1,Stable Mid-Risk
0,-0.8728084241667845,0,1,0,0,0,-0.5400976442341598,1,-0.1948269814464297,0,1,0,0,1,1,0,0,1,0,0,1,0,2,Vulnerable High-Risk
1,0.1050466464646622,1,0,1,1,1,1.500865578657602,0,-0.310583580486254,2,5,1,0,0,0,1,0,1,0,0,0,1,0,Critical Churn-Risk
1,-0.3023929662984406,0,0,0,0,0,-1.4625199477398012,0,-0.5737109757826615,2,0,0,0,0,0,0,1,1,0,0,0,0,2,Vulnerable High-Risk
0,-1.2802480369298874,0,0,0,0,1,-1.4824642137615447,1,0.5118719194143465,0,0,0,0,0,0,0,1,1,0,0,0,0,2,Vulnerable High-Risk
0,1.4088534073065913,1,0,0,0,1,-1.3029658195658524,0,-0.6231492860003619,3,0,0,1,1,0,0,1,0,0,1,0,0,3,Loyal Low-Risk
0,-0.5468567339563023,0,0,0,1,1,-0.8359375902233565,1,-0.435678527011644,1,2,1,0,0,1,0,0,1,0,0,0,1,2,Vulnerable High-Risk
0,0.960669833267178,1,0,0,0,0,-1.3262341299245533,1,-0.6161021584474003,3,0,0,1,0,0,0,1,0,1,0,0,1,3,Loyal Low-Risk
1,1.6125732136881423,1,1,0,1,1,1.4493428914347644,0,-0.4937593705980239,3,5,1,1,1,0,1,0,0,0,1,1,0,1,Stable Mid-Risk
0,0.4309983366751445,0,0,0,0,0,-1.504070501951767,0,-0.6152294809386565,2,0,0,1,0,0,0,1,0,0,1,0,0,3,Loyal Low-Risk
1,0.9199258719908678,1,1,0,0,1,0.6748405609237209,0,-0.4897075374638453,3,2,0,0,0,0,1,0,1,0,0,0,1,0,Critical Churn-Risk
1,-1.2395040756535771,1,1,0,0,0,-0.2691880307721424,1,1.5390901428265693,0,1,0,0,0,1,0,0,1,0,0,0,0,2,Vulnerable High-Risk
0,-0.22090504374582,0,0,0,0,1,0.1413314448420797,0,-0.3792315515855016,2,0,0,0,0,0,1,0,1,0,0,0,0,0,Critical Churn-Risk
0,-0.791320501614164,0,0,0,0,1,0.17789593254861,0,-0.0821970612522188,1,0,0,0,0,0,1,0,1,0,0,0,0,0,Critical Churn-Risk
0,1.5310852911355222,1,1,0,1,1,1.5407541107010891,0,-0.4843554853177858,3,5,1,1,0,0,1,0,0,0,1,0,0,1,Stable Mid-Risk
0,-0.7505765403378537,0,1,1,1,0,1.367903805179311,1,0.15740381277475,1,5,1,1,0,0,1,0,0,1,0,0,0,1,Stable Mid-Risk
1,-0.5468567339563023,1,0,1,0,1,0.8161124452444047,0,-0.1456061082412608,1,2,1,1,1,0,1,0,0,1,0,0,0,1,Stable Mid-Risk
0,-0.506112772679992,1,1,0,1,1,0.8078023344020117,0,-0.1718285214931393,1,2,1,0,1,0,1,0,1,0,0,0,0,0,Critical Churn-Risk
1,0.4309983366751445,1,1,1,0,1,0.8792692876465931,0,-0.4250137097127878,2,3,0,1,1,0,1,0,0,1,0,1,0,1,Stable Mid-Risk
1,-1.1172721918246462,0,1,0,0,1,0.8493528886139774,0,1.090654914613468,0,3,1,0,0,0,1,0,1,0,0,0,0,0,Critical Churn-Risk
0,1.5310852911355222,1,0,1,1,1,1.354607627831482,0,-0.493562306782428,3,4,1,1,1,0,1,0,0,1,0,0,0,1,Stable Mid-Risk
0,0.3087664528462136,0,0,0,0,0,-1.5190287014680746,0,-0.6127156588778595,2,0,0,1,0,0,0,1,0,0,1,0,0,3,Loyal Low-Risk
1,-1.076528230548336,0,0,0,0,1,-1.4758161250876305,0,-0.326911792235569,0,0,0,1,1,0,0,1,0,0,1,1,0,3,Loyal Low-Risk
0,0.2680224915699033,0,1,0,1,1,1.1850813666466615,0,-0.3739578865992335,2,4,1,1,0,0,1,0,0,0,1,0,1,1,Stable Mid-Risk
0,-1.1580161531009563,1,0,0,0,0,0.3374500607225587,1,1.0826784094695474,0,0,0,0,0,0,1,0,1,0,0,0,1,0,Critical Churn-Risk
0,-0.7098325790615434,0,0,1,0,1,-1.1666800017506045,1,-0.4504156066373023,1,1,0,0,0,1,0,0,1,0,0,0,1,2,Vulnerable High-Risk
0,-1.2802480369298874,0,0,0,1,1,-0.4802648461689289,1,2.2715667737256253,0,3,1,0,0,1,0,0,1,0,0,0,1,2,Vulnerable High-Risk
0,0.512486259227765,0,1,1,0,1,0.6947848269454648,0,-0.4496226083793569,2,3,0,0,1,0,1,0,1,0,0,0,0,0,Critical Churn-Risk
0,1.2866215234776603,0,1,1,0,0,-0.5633659545928605,1,-0.5811636954105648,3,4,1,1,0,1,0,0,0,0,1,0,1,1,Stable Mid-Risk
0,1.0014137945434884,1,0,0,0,0,0.970680506912918,0,-0.4779124110600482,3,3,1,0,1,0,1,0,1,0,0,1,0,0,Critical Churn-Risk
1,1.6125732136881423,1,1,1,0,0,0.1679237995377378,0,-0.5554020581953795,3,4,0,1,1,1,0,0,0,0,1,0,0,1,Stable Mid-Risk
0,-1.2802480369298874,0,0,0,0,1,0.1828819990540456,1,3.435941975832094,0,0,0,0,0,0,1,0,1,0,0,0,1,0,Critical Churn-Risk
0,1.6125732136881423,1,0,0,0,0,-1.2946557087234591,0,-0.6257594707578604,3,0,0,1,1,0,0,1,0,0,1,1,0,3,Loyal Low-Risk
0,-1.1987601143772668,0,1,1,0,0,0.2094743537497036,0,1.407769631310802,0,4,1,1,0,1,0,0,0,0,1,0,0,1,Stable Mid-Risk
0,0.9199258719908678,1,1,0,1,1,1.1302346350868666,1,-0.4611505373405754,3,3,1,0,0,0,1,0,1,0,0,0,1,0,Critical Churn-Risk
0,1.082901717096109,1,0,1,1,0,0.9490742187226954,0,-0.4854830469346609,3,3,1,0,0,0,1,0,1,0,0,0,1,0,Critical Churn-Risk
0,-0.5876006952326126,1,0,1,1,1,1.1651371006249178,1,-0.053651031931916,1,3,1,0,1,0,1,0,1,0,0,0,0,0,Critical Churn-Risk
0,-0.0171852373642686,0,0,0,0,1,0.5152864327497723,1,-0.3830530479523625,2,1,1,0,1,0,1,0,1,0,0,1,0,0,Critical Churn-Risk
0,-1.1580161531009563,0,1,0,0,1,-0.4736167574950145,0,0.5130392128500422,0,1,0,0,1,1,0,0,1,0,0,0,0,2,Vulnerable High-Risk
0,1.368109446030281,1,0,0,0,1,0.5202724992552084,1,-0.526932126904408,3,1,0,0,1,0,1,0,1,0,0,1,0,0,Critical Churn-Risk
0,-0.22090504374582,1,0,0,0,1,0.5485268761193449,0,-0.3281624637738144,2,1,0,0,0,0,1,0,1,0,0,0,1,0,Critical Churn-Risk
0,-1.1580161531009563,0,0,0,0,1,-1.4658439920767583,0,-0.1838349682602952,0,0,0,0,1,0,0,1,1,0,0,1,0,2,Vulnerable High-Risk
1,1.1236456783724194,0,1,1,1,1,0.4737358785378064,0,-0.5158247029469317,3,5,1,0,1,1,0,0,1,0,0,1,0,1,Stable Mid-Risk
1,-0.9950403079957154,0,0,0,0,0,-1.5206907236365534,0,-0.4200173400827266,0,0,0,1,0,0,0,1,0,0,1,0,0,3,Loyal Low-Risk
1,-0.9950403079957154,0,0,0,0,0,-1.5024084797832884,0,-0.4128838801979195,0,0,0,1,1,0,0,1,0,0,1,1,0,3,Loyal Low-Risk
0,0.1050466464646622,0,0,0,0,1,-1.4824642137615447,0,-0.6015963189687256,2,0,0,1,0,0,0,1,0,0,1,0,0,3,Loyal Low-Risk
0,-1.0357842692720256,1,0,0,0,1,0.7313493146519946,1,0.5994189270915246,0,1,1,0,0,0,1,0,1,0,0,0,1,0,Critical Churn-Risk
1,0.8384379494382472,0,0,0,0,0,-1.459195903402844,0,-0.6219158713678731,3,0,0,1,0,0,0,1,0,0,1,0,0,3,Loyal Low-Risk
0,-0.5876006952326126,1,0,1,1,1,1.2897887632608152,0,-0.0306123457010796,1,4,1,0,1,0,1,0,1,0,0,1,0,0,Critical Churn-Risk
0,-0.7098325790615434,0,0,0,0,1,-0.8641919670874934,0,-0.384025792482109,1,2,1,1,0,1,0,0,0,0,1,0,0,3,Loyal Low-Risk
0,1.4088534073065913,1,0,0,1,1,0.7845340240433111,0,-0.5153463039978761,3,2,1,1,1,0,1,0,0,1,0,0,0,1,Stable Mid-Risk
0,-1.076528230548336,0,0,0,0,1,0.6449241618911058,1,0.7369927962985187,0,2,1,0,0,0,1,0,1,0,0,0,1,0,Critical Churn-Risk
0,-1.076528230548336,0,0,0,1,1,0.4953421667280288,0,0.6619525040037947,0,1,1,0,0,0,1,0,1,0,0,0,1,0,Critical Churn-Risk
0,-0.791320501614164,1,0,1,1,1,1.1368827237607813,1,0.1583487646036465,1,3,1,0,0,0,1,0,1,0,0,0,0,0,Critical Churn-Risk
0,-0.8728084241667845,1,0,0,1,1,1.1950534996575333,1,0.3129456630812031,0,3,1,0,0,0,1,0,1,0,0,0,1,0,Critical Churn-Risk
1,-1.2802480369298874,0,0,0,0,1,-1.5123806127941604,0,0.4593437148080397,0,0,0,0,0,0,0,1,1,0,0,0,0,2,Vulnerable High-Risk
0,-1.1172721918246462,0,1,1,0,1,-0.3007664519732365,0,0.4175157000289434,0,2,0,0,0,1,0,0,1,0,0,0,0,2,Vulnerable High-Risk
0,-0.791320501614164,0,0,0,0,1,-1.4907743246039378,0,-0.5007551360516798,1,0,0,1,0,0,0,1,0,1,0,0,0,3,Loyal Low-Risk
0,-0.9542963467194052,1,1,0,0,0,0.8958895093313793,1,0.4038972766124936,0,3,0,0,1,0,1,0,1,0,0,0,0,0,Critical Churn-Risk
0,-0.1394171211931994,0,0,1,1,0,0.8260845782552769,0,-0.3182682622712507,2,3,1,0,0,0,1,0,1,0,0,0,0,0,Critical Churn-Risk
0,-1.2802480369298874,0,0,0,0,1,-0.6298468413320059,0,2.0089257506940914,0,0,0,0,0,1,0,0,1,0,0,0,0,2,Vulnerable High-Risk
0,-1.2802480369298874,1,0,0,0,1,0.4903561002225927,1,3.9758151898413594,0,1,0,0,0,0,1,0,1,0,0,0,0,0,Critical Churn-Risk
1,-0.5876006952326126,0,0,0,1,0,-0.2941183632993219,0,-0.32335725207424,1,1,1,0,0,1,0,0,1,0,0,0,0,2,Vulnerable High-Risk
0,-1.2395040756535771,0,0,0,1,0,0.1396694226736012,0,2.017680451461809,0,3,1,0,1,1,0,0,1,0,0,1,0,2,Vulnerable High-Risk
1,-0.0986731599168891,1,0,1,0,1,0.6233178737008834,0,-0.3524900424048459,2,2,0,0,1,0,1,0,1,0,0,0,0,0,Critical Churn-Risk
1,1.368109446030281,1,1,1,0,0,0.0299759595540115,0,-0.5526300047797986,3,3,0,1,1,1,0,0,0,0,1,0,0,1,Stable Mid-Risk
1,0.227278530293593,1,0,1,1,1,1.0005969059455335,0,-0.3830530479523625,2,3,1,1,1,0,1,0,0,0,1,0,0,1,Stable Mid-Risk
1,0.4717422979514547,0,0,1,0,1,-0.0963377252503647,0,-0.5065267535948418,2,3,0,0,0,1,0,0,1,0,0,0,0,2,Vulnerable High-Risk
0,0.8791819107145575,1,0,1,1,0,1.5390920885326105,1,-0.4313011766277851,3,5,1,0,0,0,1,0,1,0,0,0,1,0,Critical Churn-Risk
0,-1.2395040756535771,0,0,0,0,0,-1.4891123024354591,0,0.1111011731588203,0,0,0,0,0,0,0,1,1,0,0,0,0,2,Vulnerable High-Risk
0,0.3902543753988342,0,1,1,0,1,0.0964568462931568,0,-0.4833136004136683,2,4,1,1,0,1,0,0,0,1,0,0,0,1,Stable Mid-Risk
1,1.0421577558197987,1,0,0,0,0,-1.3179240190821602,0,-0.6173360948624756,3,0,0,1,1,0,0,1,0,0,1,1,0,3,Loyal Low-Risk
1,1.0421577558197987,0,0,0,1,1,0.9324539970379092,0,-0.4833941192750189,3,3,1,0,0,0,1,0,1,0,0,0,1,0,Critical Churn-Risk
1,-0.3023929662984406,1,0,0,0,1,0.8078023344020117,1,-0.2670719694056737,2,2,1,0,0,0,1,0,1,0,0,0,1,0,Critical Churn-Risk
0,1.5718292524118322,1,1,1,1,0,1.545740177206525,0,-0.4866503403703566,3,6,1,1,0,0,1,0,0,0,1,0,0,1,Stable Mid-Risk
0,0.1865345690172827,1,0,0,1,1,1.233280009532542,1,-0.3540755003820217,2,4,1,0,1,0,1,0,1,0,0,0,0,0,Critical Churn-Risk
1,-0.7505765403378537,1,0,1,1,1,0.8925654649944222,1,0.0461218385717592,1,2,1,0,0,0,1,0,1,0,0,0,1,0,Critical Churn-Risk
0,-1.1580161531009563,1,0,0,0,1,0.7994922235596185,1,1.4071859845929542,0,2,1,0,0,0,1,0,1,0,0,0,1,0,Critical Churn-Risk
0,0.6347181430566958,1,1,1,0,1,-0.1395503016308091,0,-0.5227312216522775,2,2,0,1,1,1,0,0,0,1,0,0,0,1,Stable Mid-Risk
0,-1.1987601143772668,0,0,0,0,0,-1.3129379525767242,1,0.0712186474392169,0,0,0,0,0,1,0,0,1,0,0,0,1,2,Vulnerable High-Risk
0,-0.9950403079957154,0,1,1,0,0,0.0233278708800969,0,0.1824357720068913,0,3,1,1,0,1,0,0,0,0,1,0,0,1,Stable Mid-Risk
0,-1.2802480369298874,1,0,0,1,1,1.0188791497987983,1,4.903813471219446,0,2,1,0,0,0,1,0,1,0,0,0,1,0,Critical Churn-Risk
0,1.4088534073065913,0,0,0,0,0,-1.4907743246039378,0,-0.6328481211645984,3,0,0,1,1,0,0,1,0,0,1,0,0,3,Loyal Low-Risk
0,-0.791320501614164,0,0,0,1,1,0.874283221141157,1,0.0924800635893887,1,2,1,0,0,0,1,0,1,0,0,0,1,0,Critical Churn-Risk
1,0.512486259227765,0,0,1,0,1,-0.3539511613645528,1,-0.5296837125015299,2,2,0,1,1,1,0,0,0,1,0,1,0,1,Stable Mid-Risk
0,0.6754621043330061,1,0,0,0,1,0.325815905543208,0,-0.4929342700325185,3,0,0,0,1,0,1,0,1,0,0,0,0,0,Critical Churn-Risk
0,0.797693988161937,1,0,0,1,0,0.9906247729346612,0,-0.4587435845688578,3,3,1,0,1,0,1,0,1,0,0,0,0,0,Critical Churn-Risk
0,1.24587756220135,0,1,0,0,1,0.5435408096139093,0,-0.5190852907840889,3,2,0,1,1,0,1,0,0,1,0,1,0,1,Stable Mid-Risk
1,1.4495973685829016,1,1,1,1,1,0.8061403122335331,0,-0.5164459282488938,3,6,1,1,1,1,0,0,0,0,1,0,0,1,Stable Mid-Risk
0,-0.0579291986405789,0,0,1,0,1,-0.5184913560439374,0,-0.487623084900103,2,1,0,0,0,1,0,0,1,0,0,0,0,2,Vulnerable High-Risk
0,1.2866215234776603,0,0,0,0,0,-1.5073945462887242,0,-0.6321654393701926,3,0,0,1,1,0,0,1,0,0,1,1,0,3,Loyal Low-Risk
0,1.2051336009250395,0,1,1,1,1,1.3130570736195162,0,-0.4738425373953621,3,5,1,1,0,0,1,0,0,1,0,0,1,1,Stable Mid-Risk
0,-1.2802480369298874,0,0,0,0,0,0.1629377330323022,1,3.400923172761223,0,0,0,0,1,0,1,0,1,0,0,0,0,0,Critical Churn-Risk
0,-1.076528230548336,0,0,0,1,1,0.8210985117498408,1,0.8253735850011937,0,2,1,0,0,0,1,0,1,0,0,0,1,0,Critical Churn-Risk
0,-0.4653688114036817,0,0,1,1,1,0.706418982124815,0,-0.2105235409037015,1,2,1,0,0,0,1,0,1,0,0,0,1,0,Critical Churn-Risk
1,1.6125732136881423,1,0,0,0,0,-1.3162619969136813,0,-0.6267988416252607,3,0,0,1,1,0,0,1,0,0,1,0,0,3,Loyal Low-Risk
1,-0.0171852373642686,0,1,0,0,1,-0.9855195853864336,0,-0.542760013472548,2,2,0,0,0,1,0,0,1,0,0,0,1,2,Vulnerable High-Risk
0,1.5718292524118322,1,1,1,1,1,1.1584890119510036,0,-0.5055377966562663,3,4,1,1,1,0,1,0,0,1,0,1,0,1,Stable Mid-Risk
1,0.0643026851883519,0,1,0,1,1,1.3479595391575674,0,-0.3157391264939101,2,5,1,0,1,0,1,0,1,0,0,0,0,0,Critical Churn-Risk
0,-1.1987601143772668,0,0,0,0,1,-0.9855195853864336,1,0.3586646559792849,0,1,1,0,0,1,0,0,1,0,0,0,1,2,Vulnerable High-Risk
1,-0.8320644628904743,1,0,0,0,1,0.2975615286790714,1,-0.0048799053878685,0,0,0,0,1,0,1,0,1,0,0,1,0,0,Critical Churn-Risk
0,-0.9950403079957154,1,0,0,1,0,1.2149977656792768,1,0.6474076572256814,0,3,1,0,0,0,1,0,1,0,0,0,1,0,Critical Churn-Risk
1,0.1050466464646622,1,0,0,0,0,-1.346178395946297,0,-0.5883021437288578,2,0,0,1,1,0,0,1,0,0,1,0,0,3,Loyal Low-Risk
1,-1.1987601143772668,0,0,0,1,1,0.5285826100976015,0,1.6879200558777718,0,1,1,0,0,0,1,0,1,0,0,0,1,0,Critical Churn-Risk
0,-1.1987601143772668,0,0,1,1,1,0.8327326669291911,0,1.9549384292931649,0,3,1,0,0,0,1,0,1,0,0,0,0,0,Critical Churn-Risk
0,0.8384379494382472,0,0,0,0,1,-0.1229300799460227,0,-0.5350173600438592,3,2,1,1,0,1,0,0,0,1,0,0,1,1,Stable Mid-Risk
0,-1.1580161531009563,0,1,0,0,1,-1.1882862899408269,0,0.011103035500888,0,1,0,0,0,1,0,0,1,0,0,0,1,2,Vulnerable High-Risk
1,0.6347181430566958,0,1,0,1,1,1.160151034119482,0,-0.4295859699467628,2,4,1,1,1,0,1,0,0,1,0,0,0,1,Stable Mid-Risk
1,-1.076528230548336,0,1,0,0,0,-0.2957803854678007,1,0.2650727358672541,0,2,0,0,1,1,0,0,1,0,0,1,0,2,Vulnerable High-Risk
0,-1.1987601143772668,1,0,0,1,1,1.3662417830108329,1,2.423314920366068,0,4,1,0,0,0,1,0,1,0,0,0,1,0,Critical Churn-Risk
1,0.8791819107145575,0,0,1,0,0,-0.62486077482657,0,-0.5694662723801316,3,3,1,1,1,1,0,0,0,0,1,1,0,1,Stable Mid-Risk
0,-1.2802480369298874,0,0,0,0,0,-0.6930036837341939,1,1.8980328743029995,0,0,0,0,0,1,0,0,1,0,0,0,0,2,Vulnerable High-Risk
0,1.2051336009250395,0,0,1,1,1,0.5186104770867298,0,-0.5181255740828659,3,5,1,0,1,1,0,0,1,0,0,0,0,1,Stable Mid-Risk
1,-0.4246248501273714,0,0,0,1,1,1.1717851892988325,0,-0.1593218061106853,1,4,1,1,0,0,1,0,0,1,0,0,0,0,Critical Churn-Risk
0,-1.2802480369298874,0,0,0,0,1,-0.6547771738591854,1,1.9651522468555025,0,0,0,0,1,1,0,0,1,0,0,0,0,2,Vulnerable High-Risk
0,0.7569500268856267,0,0,0,1,1,0.970680506912918,0,-0.4560837141856325,3,3,1,1,1,0,1,0,0,1,0,0,0,1,Stable Mid-Risk
0,-0.0986731599168891,1,0,0,1,1,0.1380074005051227,0,-0.4074657977634179,2,3,1,1,1,1,0,0,0,1,0,1,0,1,Stable Mid-Risk
0,0.960669833267178,1,1,1,0,1,0.1213871788203363,0,-0.5269168441938072,3,4,0,1,1,1,0,0,0,1,0,1,0,1,Stable Mid-Risk
0,0.1050466464646622,1,0,1,1,1,0.1396694226736012,0,-0.4433632087966407,2,3,1,1,0,1,0,0,0,1,0,0,1,1,Stable Mid-Risk
0,1.2866215234776603,0,0,1,1,1,-0.6963277280711512,0,-0.5883470396302307,3,3,1,0,0,1,0,0,1,0,0,0,1,2,Vulnerable High-Risk
1,-0.0986731599168891,0,0,0,1,1,-0.674721439880929,0,-0.4995313606755471,2,2,1,0,0,1,0,0,1,0,0,0,1,2,Vulnerable High-Risk
1,-0.3023929662984406,0,0,0,0,1,-1.5323248788159036,0,-0.5831391150709729,2,0,0,1,0,0,0,1,0,0,1,0,0,3,Loyal Low-Risk
0,0.3495104141225239,0,0,0,0,0,0.181219976885567,1,-0.471850727167786,2,0,0,0,1,0,1,0,1,0,0,0,0,0,Critical Churn-Risk
1,-0.9542963467194052,0,0,0,1,0,-0.3140626293210656,1,-0.0209975339807439,0,1,1,0,0,1,0,0,1,0,0,0,1,2,Vulnerable High-Risk
0,-1.2802480369298874,0,1,0,0,1,-0.3738954273862965,0,2.458333723436939,0,2,0,0,0,1,0,0,1,0,0,0,0,2,Vulnerable High-Risk
1,1.5310852911355222,1,1,1,1,1,1.6554336403261145,0,-0.4786834256654615,3,6,1,1,0,0,1,0,0,0,1,0,1,1,Stable Mid-Risk
1,1.0014137945434884,0,0,0,0,1,-1.485788258098502,0,-0.6266416953667944,3,0,0,1,1,0,0,1,0,0,1,0,0,3,Loyal Low-Risk
0,-0.9542963467194052,1,0,0,1,1,0.6881367382715502,0,0.3309414368815119,0,1,1,0,0,0,1,0,1,0,0,0,1,0,Critical Churn-Risk
1,1.490341329859212,1,0,1,1,1,1.4609770466141143,0,-0.4857470775927349,3,5,1,1,1,0,1,0,0,1,0,0,0,1,Stable Mid-Risk
0,0.4309983366751445,1,0,0,1,1,1.269844497239072,1,-0.3938416691004592,2,4,1,0,0,0,1,0,1,0,0,0,1,0,Critical Churn-Risk
0,1.6125732136881423,1,0,0,1,1,1.0986562138857725,0,-0.5106291592919825,3,3,1,1,0,0,1,0,0,0,1,0,1,1,Stable Mid-Risk
1,0.4717422979514547,0,0,0,0,0,-1.504070501951767,0,-0.6163820358208711,2,0,0,1,1,0,0,1,0,0,1,0,0,3,Loyal Low-Risk
0,1.6125732136881423,1,1,0,0,1,0.6399380953856697,0,-0.5326958023229424,3,2,0,1,1,0,1,0,0,0,1,0,0,1,Stable Mid-Risk
0,0.0235587239120416,0,1,1,1,1,1.2947748297662514,1,-0.3108982919517603,2,5,1,1,0,0,1,0,0,1,0,0,1,1,Stable Mid-Risk
0,0.8791819107145575,1,0,0,0,0,0.8177744674128837,0,-0.477356208545234,3,2,1,0,1,0,1,0,1,0,0,1,0,0,Critical Churn-Risk
1,-0.22090504374582,0,0,0,0,0,-1.499084435446331,0,-0.58496701962687,2,0,0,1,1,0,0,1,0,0,1,1,0,3,Loyal Low-Risk
0,0.8791819107145575,1,0,0,0,1,0.5003282332334644,0,-0.497624667292314,3,1,0,0,1,0,1,0,1,0,0,0,0,0,Critical Churn-Risk
0,-1.1987601143772668,0,0,0,0,0,0.3208298390377723,0,1.5055304565503176,0,1,0,0,1,0,1,0,1,0,0,1,0,0,Critical Churn-Risk
0,0.8384379494382472,1,1,0,0,0,0.3091956838584216,0,-0.5069158514067404,3,4,1,1,1,1,0,0,0,1,0,0,0,1,Stable Mid-Risk
0,-1.2802480369298874,0,0,0,0,1,0.1513035778529514,1,3.3804955376365475,0,0,0,0,0,0,1,0,1,0,0,0,1,0,Critical Churn-Risk
0,-0.7098325790615434,0,0,0,0,0,-1.5290008344789463,0,-0.5299374719440725,1,0,0,1,0,0,0,1,0,1,0,0,0,3,Loyal Low-Risk
0,0.960669833267178,0,0,0,0,1,0.3008855730160285,1,-0.5158582748030058,3,1,0,0,0,0,1,0,1,0,0,0,1,0,Critical Churn-Risk
1,-1.1172721918246462,1,1,1,0,0,-0.0132366168264328,0,0.5858005036750747,0,3,0,0,1,1,0,0,1,0,0,1,0,2,Vulnerable High-Risk
1,0.6347181430566958,0,0,0,0,1,-0.299104429804758,0,-0.5341659328590925,2,2,0,1,1,1,0,0,0,1,0,1,0,3,Loyal Low-Risk
1,-0.3023929662984406,0,0,0,0,0,-1.487450280266981,0,-0.5770781683856298,2,0,0,0,1,0,0,1,1,0,0,1,0,2,Vulnerable High-Risk
0,-1.1987601143772668,1,0,0,0,1,0.3440981493964733,1,1.5259580916749926,0,0,0,0,1,0,1,0,1,0,0,1,0,0,Critical Churn-Risk
0,1.0421577558197987,0,1,0,1,0,1.1418687902662172,0,-0.4709297995379292,3,4,1,1,1,0,1,0,0,1,0,0,0,1,Stable Mid-Risk
0,-0.9135523854430948,0,0,0,0,1,-0.2675260086036639,0,-0.0648771554043962,0,1,1,0,1,1,0,0,1,0,0,0,0,2,Vulnerable High-Risk
0,-1.2802480369298874,0,0,0,0,1,0.1596136886953446,1,3.395086705582744,0,0,0,0,0,0,1,0,1,0,0,0,1,0,Critical Churn-Risk
0,1.5718292524118322,1,0,1,1,1,1.3080710071140806,0,-0.4982422126831681,3,4,1,1,1,0,1,0,0,0,1,1,0,1,Stable Mid-Risk
1,1.3273654847539706,1,0,1,1,1,1.5291199555217383,0,-0.4711306435548568,3,5,1,1,1,0,1,0,0,0,1,1,0,1,Stable Mid-Risk
1,-1.1172721918246462,1,0,0,0,1,0.5103003662443366,1,0.892215030545198,0,1,0,0,0,0,1,0,1,0,0,0,1,0,Critical Churn-Risk
0,-0.1801610824695097,0,0,1,0,1,-0.96557531936469,0,-0.5231953460654851,2,2,0,0,0,1,0,0,1,0,0,0,0,2,Vulnerable High-Risk
1,1.4088534073065913,1,0,1,0,1,0.1695858217062168,0,-0.547103551880774,3,3,1,1,1,1,0,0,0,0,1,0,0,1,Stable Mid-Risk
0,0.1050466464646622,0,1,1,0,1,0.8111263787389692,0,-0.3778650771270483,2,3,1,1,0,0,1,0,0,1,0,0,1,1,Stable Mid-Risk
1,1.6125732136881423,0,1,1,0,0,-0.3040904963101938,0,-0.5781083140678165,3,5,1,1,1,1,0,0,0,0,1,1,0,1,Stable Mid-Risk
1,1.1643896396487294,0,1,1,0,1,-0.4686306909895784,0,-0.5716399712999756,3,4,1,1,1,1,0,0,0,1,0,0,0,1,Stable Mid-Risk
0,1.4495973685829016,0,0,0,0,1,-1.4891123024354591,0,-0.633259858299312,3,0,0,1,1,0,0,1,0,0,1,1,0,3,Loyal Low-Risk
1,-1.2802480369298874,0,1,0,0,0,-1.1400876470549464,1,1.113028038797636,0,1,0,0,1,1,0,0,1,0,0,0,0,2,Vulnerable High-Risk
0,-1.1987601143772668,0,0,0,0,1,-1.5190287014680746,0,-0.1097118350936176,0,0,0,0,0,0,0,1,1,0,0,0,0,2,Vulnerable High-Risk
1,1.5310852911355222,1,0,0,1,0,1.1136144134020802,1,-0.5054818524286167,3,3,1,1,1,0,1,0,0,0,1,0,0,1,Stable Mid-Risk
1,0.6347181430566958,0,0,0,0,0,-0.6398189743428778,0,-0.5585838057486456,2,3,1,0,1,1,0,0,1,0,0,1,0,2,Vulnerable High-Risk
1,1.4495973685829016,1,0,0,1,1,1.205025632668405,0,-0.4961451728454901,3,3,1,1,1,0,1,0,0,1,0,1,0,1,Stable Mid-Risk
0,0.5939741817803856,0,1,1,1,1,1.2931128075977727,0,-0.4149104313015578,2,5,1,1,0,0,1,0,0,1,0,0,1,1,Stable Mid-Risk
1,-0.0171852373642686,0,0,1,0,1,-0.9489550976799036,0,-0.5388690353535622,2,2,0,1,0,1,0,0,0,1,0,0,0,3,Loyal Low-Risk
1,-1.1172721918246462,0,1,0,0,1,-0.5118432673700231,0,0.2939771447511476,0,1,0,0,0,1,0,0,1,0,0,0,0,2,Vulnerable High-Risk
0,0.6754621043330061,0,0,0,0,1,-1.4924363467724169,0,-0.6206361718976289,3,0,0,1,1,0,0,1,0,0,1,1,0,3,Loyal Low-Risk
0,0.6347181430566958,1,0,0,1,1,1.4161024480651918,1,-0.4112427873858303,2,4,1,0,1,0,1,0,1,0,0,0,0,0,Critical Churn-Risk
0,-0.791320501614164,1,0,0,0,1,0.5717951864780458,1,0.0166059902691677,1,1,1,0,0,0,1,0,1,0,0,0,1,0,Critical Churn-Risk
0,-0.7098325790615434,0,0,0,0,1,-1.495760391109374,0,-0.5226418879709742,1,0,0,0,0,0,0,1,1,0,0,0,0,2,Vulnerable High-Risk
0,-0.8320644628904743,0,0,0,0,1,-0.6564391960276642,0,-0.2625823792683825,0,0,0,0,0,1,0,0,1,0,0,0,1,2,Vulnerable High-Risk
0,1.4088534073065913,1,1,1,0,1,-0.0082505503209972,0,-0.5562874046469093,3,3,0,1,1,1,0,0,0,0,1,0,0,1,Stable Mid-Risk
0,-0.9542963467194052,0,0,1,1,0,0.7130670707987297,0,0.3396961376492297,0,2,1,0,0,0,1,0,1,0,0,0,1,0,Critical Churn-Risk
1,-0.791320501614164,0,0,0,0,1,-1.4974224132778524,0,-0.5024226981026736,1,0,0,1,1,0,0,1,0,0,1,0,0,3,Loyal Low-Risk
0,0.227278530293593,0,0,0,1,1,0.8078023344020117,0,-0.4004127964832218,2,2,1,1,0,0,1,0,0,1,0,0,0,0,Critical Churn-Risk
0,0.3902543753988342,1,0,0,1,1,1.0222031941357554,0,-0.407710990683144,2,3,1,0,0,0,1,0,1,0,0,0,1,0,Critical Churn-Risk
0,-0.3431369275747509,1,0,0,0,1,0.3524082602388664,1,-0.3150387504324926,1,0,0,0,1,0,1,0,1,0,0,1,0,0,Critical Churn-Risk
0,-0.22090504374582,0,1,0,1,1,1.2116737213423197,1,-0.2449928064804952,2,4,1,0,0,0,1,0,1,0,0,0,1,0,Critical Churn-Risk
1,-0.9542963467194052,1,0,0,1,1,1.2565483198912426,0,0.5305486143854778,0,4,1,0,1,0,1,0,1,0,0,1,0,0,Critical Churn-Risk
0,0.6754621043330061,0,0,1,1,1,-0.2824842081199717,0,-0.5356572097789815,3,4,1,1,1,1,0,0,0,1,0,1,0,1,Stable Mid-Risk
0,1.1643896396487294,1,1,1,0,1,0.9773285955868324,0,-0.4897411576664863,3,4,0,0,1,0,1,0,1,0,0,1,0,1,Stable Mid-Risk
1,0.7162060656093164,0,1,0,1,1,-0.7229200827668095,0,-0.568561151801651,3,3,1,1,1,1,0,0,0,1,0,0,0,1,Stable Mid-Risk
0,-0.3023929662984406,1,0,0,1,1,0.8210985117498408,1,-0.2652761333507571,2,2,1,0,0,0,1,0,1,0,0,0,1,0,Critical Churn-Risk
0,-0.4246248501273714,1,0,0,0,1,0.3191678168692938,1,-0.2895004001350109,1,0,0,0,1,0,1,0,1,0,0,0,0,0,Critical Churn-Risk
0,-1.2802480369298874,0,0,0,0,0,-1.472492080750673,1,0.5293813209497821,0,0,0,0,0,0,0,1,1,0,0,0,0,2,Vulnerable High-Risk
0,-1.1580161531009563,1,0,0,0,1,0.3175057947008148,1,1.0686708882411988,0,0,0,0,0,0,1,0,1,0,0,0,1,0,Critical Churn-Risk
0,-0.5876006952326126,1,0,1,1,0,1.1618130562879607,1,-0.0542653968980716,1,3,1,0,1,0,1,0,1,0,0,0,0,0,Critical Churn-Risk
0,0.960669833267178,1,0,1,1,1,1.5673464653967473,1,-0.43783392410124,3,5,1,1,0,0,1,0,0,1,0,0,1,1,Stable Mid-Risk
0,0.8384379494382472,0,0,1,1,1,0.970680506912918,0,-0.463898926646843,3,4,1,1,0,0,1,0,0,1,0,0,1,1,Stable Mid-Risk
0,0.7569500268856267,1,0,0,1,1,1.131896657255345,0,-0.4451964581027013,3,3,1,1,0,0,1,0,0,1,0,0,1,1,Stable Mid-Risk
1,-0.3431369275747509,1,1,0,0,0,-0.0148986389949118,0,-0.366633120290243,1,3,0,1,0,1,0,0,0,0,1,0,1,3,Loyal Low-Risk
0,1.2051336009250395,0,1,0,1,1,0.2393907527823192,0,-0.5336894865588087,3,4,1,1,1,1,0,0,0,0,1,1,0,1,Stable Mid-Risk
0,-0.3431369275747509,0,0,0,0,1,-0.5018711343591511,0,-0.4350365156220113,1,1,0,0,0,1,0,0,1,0,0,0,0,2,Vulnerable High-Risk
1,1.5310852911355222,1,1,1,1,0,0.5285826100976015,0,-0.5344175770317777,3,5,1,1,0,1,0,0,0,0,1,0,1,1,Stable Mid-Risk
1,-1.2802480369298874,0,0,0,0,0,-1.349502440283254,0,0.7453306065534879,0,0,0,0,0,1,0,0,1,0,0,0,0,2,Vulnerable High-Risk
0,-0.6690886177852331,0,0,0,1,1,-0.8575438784135787,1,-0.3993036036257734,1,2,1,0,0,1,0,0,1,0,0,0,0,2,Vulnerable High-Risk
0,-0.9950403079957154,0,0,1,1,1,0.0216658487116183,0,0.181787275653727,0,3,1,0,0,1,0,0,1,0,0,0,1,2,Vulnerable High-Risk
1,1.6125732136881423,0,1,1,0,1,0.3175057947008148,0,-0.5482064137287621,3,5,1,1,0,1,0,0,0,0,1,0,1,1,Stable Mid-Risk
0,-0.3838808888510611,0,0,1,0,0,0.6116837185215331,0,-0.2624327262638061,1,3,0,0,1,0,1,0,1,0,0,0,0,0,Critical Churn-Risk
1,-0.0579291986405789,0,0,0,0,0,-1.322910085587596,0,-0.5758996509745908,2,0,0,0,1,1,0,0,1,0,0,1,0,2,Vulnerable High-Risk
1,0.1865345690172827,0,1,1,0,1,-0.8176553463700914,0,-0.5436070924410352,2,3,0,1,0,1,0,0,0,1,0,0,1,1,Stable Mid-Risk
0,-0.0986731599168891,1,0,1,1,1,0.974004551249875,1,-0.3127644109642339,2,3,1,0,1,0,1,0,1,0,0,1,0,0,Critical Churn-Risk
0,0.1050466464646622,1,1,0,1,1,1.4476808692662857,0,-0.3157715513115683,2,5,1,1,0,0,1,0,0,1,0,0,1,1,Stable Mid-Risk
1,-0.3838808888510611,1,0,1,1,1,0.1562896443583875,0,-0.329065726551436,1,3,1,0,1,1,0,0,1,0,0,1,0,2,Vulnerable High-Risk
1,-0.506112772679992,1,1,0,1,0,0.3723525262606099,0,-0.2446453977198715,1,3,1,1,1,1,0,0,0,1,0,0,0,1,Stable Mid-Risk
0,0.1457906077409725,0,1,0,1,1,0.9573843295650886,0,-0.371800759878539,2,3,1,0,0,0,1,0,1,0,0,0,1,0,Critical Churn-Risk
0,-0.9950403079957154,1,0,0,1,0,1.025527238472713,1,0.5734790729649534,0,2,1,0,1,0,1,0,1,0,0,0,0,0,Critical Churn-Risk
1,1.5718292524118322,1,0,0,1,0,1.1884054109836186,0,-0.5040786798616467,3,3,1,1,1,0,1,0,0,1,0,0,0,1,Stable Mid-Risk
0,0.7162060656093164,1,0,0,1,1,0.7728998688639604,1,-0.4655646721814415,3,2,1,0,0,0,1,0,1,0,0,0,1,0,Critical Churn-Risk
1,0.4309983366751445,1,0,0,0,1,-1.3411923294408608,0,-0.6022300767684088,2,0,0,1,1,0,0,1,0,1,0,0,0,3,Loyal Low-Risk
1,1.0014137945434884,1,1,1,1,0,0.8227605339183194,0,-0.486868369316679,3,6,1,1,0,1,0,0,0,0,1,0,0,1,Stable Mid-Risk
1,0.3495104141225239,0,0,1,0,1,0.0565683142496695,1,-0.4822729899864977,2,3,1,1,1,1,0,0,0,1,0,0,0,1,Stable Mid-Risk
0,-0.22090504374582,0,0,0,0,1,0.375676570597567,0,-0.3498407704367347,2,1,0,0,0,0,1,0,1,0,0,0,1,0,Critical Churn-Risk
0,-0.791320501614164,0,0,0,0,1,0.5219345214236869,0,0.0040992748867137,1,1,1,0,0,0,1,0,1,0,0,0,1,0,Critical Churn-Risk
0,-1.1987601143772668,0,1,0,0,1,-0.9755474523755616,1,0.3674193567470028,0,2,0,0,0,1,0,0,1,0,0,0,0,2,Vulnerable High-Risk
0,1.4088534073065913,0,0,0,0,0,-1.4708300585821945,0,-0.6318181563683962,3,0,0,1,0,0,0,1,0,1,0,0,1,3,Loyal Low-Risk
0,-1.1987601143772668,0,0,0,0,1,-0.4952230456852367,1,0.789104110392077,0,1,0,0,0,1,0,0,1,0,0,0,0,2,Vulnerable High-Risk
0,1.2866215234776603,1,0,1,1,1,1.3496215613260465,0,-0.4778133304501217,3,4,1,1,1,0,1,0,0,0,1,0,0,1,Stable Mid-Risk
0,-0.2616490050221303,0,0,1,0,0,-0.96557531936469,0,-0.5125361531341641,2,2,0,0,0,1,0,0,1,0,0,0,1,2,Vulnerable High-Risk
0,0.227278530293593,1,0,0,0,1,1.0072449946194475,0,-0.3824544359340571,2,3,1,0,1,0,1,0,1,0,0,1,0,0,Critical Churn-Risk
0,-0.3838808888510611,0,0,0,0,0,-1.5123806127941604,0,-0.5732246035177881,1,0,0,1,1,0,0,1,0,1,0,1,0,3,Loyal Low-Risk
0,0.3087664528462136,1,0,0,1,1,1.3197051622934308,1,-0.3695769773939243,2,4,1,0,1,0,1,0,1,0,0,1,0,0,Critical Churn-Risk
0,1.6125732136881423,0,1,1,1,1,-0.0564491932068774,0,-0.5661955248953056,3,6,1,1,1,1,0,0,0,0,1,0,0,1,Stable Mid-Risk
0,-1.1987601143772668,1,0,0,0,1,0.3407741050595158,1,1.523039858085753,0,0,0,0,1,0,1,0,1,0,0,1,0,0,Critical Churn-Risk
0,-0.3838808888510611,1,0,0,0,1,0.5385547431084732,1,-0.2731329160910167,1,1,0,0,0,0,1,0,1,0,0,0,1,0,Critical Churn-Risk
0,-1.2802480369298874,1,0,0,0,1,0.3208298390377723,1,3.6781553637389535,0,0,0,0,0,0,1,0,1,0,0,0,1,0,Critical Churn-Risk
0,-1.1580161531009563,0,1,1,0,1,-0.1461983903047237,1,0.7429960196820966,0,3,0,0,0,1,0,0,1,0,0,0,0,2,Vulnerable High-Risk
0,1.2051336009250395,1,1,1,1,1,0.6698544944182854,0,-0.5096951214917302,3,5,1,1,0,1,0,0,0,0,1,0,1,1,Stable Mid-Risk
0,0.3087664528462136,1,0,0,1,1,0.9507362408911744,0,-0.4011793118725154,2,3,1,0,1,0,1,0,1,0,0,0,0,0,Critical Churn-Risk
0,0.3495104141225239,1,0,0,1,1,0.8111263787389692,0,-0.4191835590572297,2,2,1,0,0,0,1,0,1,0,0,0,1,0,Critical Churn-Risk
0,0.0643026851883519,0,0,0,1,1,0.6781646052606785,0,-0.382941877148963,2,2,1,0,1,0,1,0,1,0,0,1,0,0,Critical Churn-Risk
0,-1.2802480369298874,0,0,0,0,0,-0.4935610235167579,0,2.248220905011712,0,1,0,0,0,1,0,0,1,0,0,0,1,2,Vulnerable High-Risk
0,0.7569500268856267,0,0,0,0,0,-1.4675060142452372,0,-0.6207394324707866,3,0,0,1,1,0,0,1,0,0,1,0,0,3,Loyal Low-Risk
1,-1.2802480369298874,0,0,0,0,1,0.1945161542333963,1,3.456369610956769,0,0,0,0,0,0,1,0,1,0,0,0,0,0,Critical Churn-Risk
0,0.2680224915699033,0,0,0,0,0,-1.4841262359300234,0,-0.6082920438151468,2,0,0,1,0,0,0,1,0,0,1,0,0,3,Loyal Low-Risk
1,-0.8320644628904743,0,0,0,0,1,-1.5157046571311177,0,-0.4946941893663366,0,0,0,0,0,0,0,1,1,0,0,0,1,2,Vulnerable High-Risk
0,-0.8320644628904743,0,0,1,1,1,-0.1661426563264673,1,-0.1301394702182926,0,2,1,1,0,1,0,0,0,1,0,0,1,2,Vulnerable High-Risk
0,1.6125732136881423,1,0,0,1,1,1.3346633618097383,0,-0.4992760313557639,3,4,1,1,0,0,1,0,0,1,0,0,1,1,Stable Mid-Risk
0,1.24587756220135,1,0,0,1,1,1.286464718923858,0,-0.4783212153344028,3,4,1,0,0,0,1,0,1,0,0,0,1,0,Critical Churn-Risk
0,0.4717422979514547,1,1,0,0,1,0.6648684279128493,0,-0.4471244876449936,2,2,0,0,1,0,1,0,1,0,0,1,0,0,Critical Churn-Risk
0,-0.5876006952326126,1,0,1,0,1,1.005582972450969,0,-0.0831405503073865,1,3,1,0,1,0,1,0,1,0,0,0,0,0,Critical Churn-Risk
0,-0.9542963467194052,0,0,0,0,1,-0.6846935728918008,1,-0.1511507520608153,0,0,0,0,1,1,0,0,1,0,0,0,0,2,Vulnerable High-Risk
0,-0.791320501614164,0,0,1,1,0,0.2842653513312421,0,-0.055516068436317,1,4,1,0,0,1,0,0,1,0,0,0,0,2,Vulnerable High-Risk
0,1.4495973685829016,0,0,1,1,0,-0.023208749837305,0,-0.5586545821918039,3,3,1,1,1,1,0,0,0,0,1,0,0,1,Stable Mid-Risk
0,-1.076528230548336,0,0,0,1,1,-0.6780454842178864,0,0.0733031000029592,0,2,1,0,0,1,0,0,1,0,0,0,1,2,Vulnerable High-Risk
0,-1.2395040756535771,0,0,0,0,1,-1.487450280266981,0,0.1130466622183131,0,0,0,0,0,0,0,1,1,0,0,0,0,2,Vulnerable High-Risk
0,0.9199258719908678,1,1,0,0,0,-0.1594945676525527,0,-0.5420272968137779,3,2,0,1,1,1,0,0,0,1,0,1,0,1,Stable Mid-Risk
0,-1.2802480369298874,1,0,0,0,1,0.3640424154182167,1,3.7540294370591742,0,0,0,0,0,0,1,0,1,0,0,0,1,0,Critical Churn-Risk
0,0.227278530293593,0,0,0,0,1,0.1562896443583875,0,-0.4590767742771599,2,0,0,0,1,0,1,0,1,0,0,1,0,0,Critical Churn-Risk
0,1.4088534073065913,1,1,0,1,1,1.2681824750705932,1,-0.4903696576899753,3,4,1,0,1,0,1,0,1,0,0,1,0,0,Critical Churn-Risk
0,-0.5468567339563023,0,0,0,1,1,0.4621017233584562,0,-0.2077644836920571,1,1,1,0,1,0,1,0,1,0,0,0,0,0,Critical Churn-Risk
0,-0.8320644628904743,0,0,1,1,0,-0.1378882794623305,0,-0.1225071669848975,0,5,1,1,0,1,0,0,0,1,0,0,1,1,Stable Mid-Risk
0,1.6125732136881423,0,0,0,0,1,-1.4508857925604508,0,-0.6332749216452164,3,0,0,1,1,0,0,1,0,0,1,0,0,3,Loyal Low-Risk
1,-0.3431369275747509,1,1,1,1,1,0.6648684279128493,0,-0.271148517250334,1,5,1,1,0,1,0,0,0,1,0,0,0,1,Stable Mid-Risk
1,1.6125732136881423,1,0,0,1,1,1.2764925859129863,0,-0.5020743375372262,3,4,1,1,1,0,1,0,0,1,0,1,0,1,Stable Mid-Risk
1,-0.8728084241667845,0,1,0,0,1,-1.1700040460875616,0,-0.3791620698333768,0,1,0,0,0,1,0,0,1,0,0,0,1,2,Vulnerable High-Risk
0,-1.1580161531009563,1,0,0,0,1,0.3191678168692938,1,1.0698381816768947,0,0,0,0,0,0,1,0,1,0,0,0,0,0,Critical Churn-Risk
0,1.368109446030281,0,1,1,1,1,1.3579316721684396,0,-0.4830279558901815,3,5,1,1,1,0,1,0,0,0,1,0,0,1,Stable Mid-Risk
